cik,ticker,name,MARKET,sic,SEGMENT,FISCAL_QTR,PERIOD,POST_GENAI,REVENUE_USD,LOG_REVENUE,REV_GROWTH_YOY,REV_GROWTH_LAG1,DECLINE_Q,DECLINE_NEXT_Q,OP_MARGIN,SGA_RATIO,AI_INTENSITY,GENAI_MENTION
1002638,OTEX,OPEN TEXT CORP,US,7373.0,Systems integration,2019Q1,pre,0,719146000.0,20.393574954876755,4.850272424144784,0.11247200114378306,0,1,18.89421619532056,,0.42,0.0
1002638,OTEX,OPEN TEXT CORP,US,7373.0,Systems integration,2019Q2,pre,0,747221000.0,20.431871549409024,-0.934545984859533,4.850272424144784,1,0,21.141536439687858,,1.469,0.0
1002638,OTEX,OPEN TEXT CORP,US,7373.0,Systems integration,2019Q3,pre,0,696888000.0,20.36213526714728,4.456372338145294,-0.934545984859533,0,0,19.014963667045492,,0.555,0.0
1002638,OTEX,OPEN TEXT CORP,US,7373.0,Systems integration,2019Q4,pre,0,771557000.0,20.463921109086304,4.940760114848258,4.456372338145294,0,0,23.943791579883275,,0.435,0.0
1002638,OTEX,OPEN TEXT CORP,US,7373.0,Systems integration,2020Q1,pre,0,814679000.0,20.518304728589257,13.28422879359685,4.940760114848258,0,0,11.670486166944281,,0.38,0.0
1002638,OTEX,OPEN TEXT CORP,US,7373.0,Systems integration,2020Q2,pre,0,826612000.0,20.532845977236313,10.624835222778803,13.28422879359685,0,0,11.032866689571408,,1.59,0.0
1002638,OTEX,OPEN TEXT CORP,US,7373.0,Systems integration,2020Q3,pre,0,804013000.0,20.50512599616675,15.371910550906314,10.624835222778803,0,0,22.680727799177376,,0.802,0.0
1002638,OTEX,OPEN TEXT CORP,US,7373.0,Systems integration,2020Q4,pre,0,855644000.0,20.56736495975021,10.89835229283125,15.371910550906314,0,0,27.402751611651578,,0.678,0.0
1002638,OTEX,OPEN TEXT CORP,US,7373.0,Systems integration,2021Q1,pre,0,832931000.0,20.54046136356701,2.2403916143659037,10.89835229283125,0,0,18.296353479459885,,0.66,0.0
1002638,OTEX,OPEN TEXT CORP,US,7373.0,Systems integration,2021Q2,pre,0,893527000.0,20.61068711035006,8.09509177219784,2.2403916143659037,0,0,19.213856995927376,,2.006,0.0
1002638,OTEX,OPEN TEXT CORP,US,7373.0,Systems integration,2021Q3,pre,0,832308000.0,20.539713122588907,3.5192217041266747,8.09509177219784,0,0,21.949686894755306,,0.837,0.0
1002638,OTEX,OPEN TEXT CORP,US,7373.0,Systems integration,2021Q4,pre,0,876799000.0,20.591788333646427,2.4724067486010535,3.5192217041266747,0,0,21.998656476569884,,0.642,0.0
1002638,OTEX,OPEN TEXT CORP,US,7373.0,Systems integration,2022Q1,pre,0,882283000.0,20.59802342418397,5.925100638588311,2.4724067486010535,0,0,14.916869077155514,,0.632,0.0
1002638,OTEX,OPEN TEXT CORP,US,7373.0,Systems integration,2022Q2,pre,0,902454000.0,20.620628277343233,0.999074454381345,5.925100638588311,0,0,15.246317263816216,,1.339,0.0
1002638,OTEX,OPEN TEXT CORP,US,7373.0,Systems integration,2022Q3,pre,0,852036000.0,20.56313933742206,2.3702763880678788,0.999074454381345,0,0,17.176856376960597,,0.711,0.0
1002638,OTEX,OPEN TEXT CORP,US,7373.0,Systems integration,2022Q4,transition,0,897440000.0,20.615056823724302,2.3541313345475987,2.3702763880678788,0,0,20.576640221073276,,0.597,0.0
1002638,OTEX,OPEN TEXT CORP,US,7373.0,Systems integration,2023Q1,post,1,1244674000.0,20.94213948518551,41.07423581775915,2.3541313345475987,0,0,5.141024878803607,,0.753,0.0
1002638,OTEX,OPEN TEXT CORP,US,7373.0,Systems integration,2023Q2,post,1,1490830000.0,21.12259884879057,65.19733969820068,41.07423581775915,0,0,8.135535238759617,,4.973,1.0
1002638,OTEX,OPEN TEXT CORP,US,7373.0,Systems integration,2023Q3,post,1,1425429000.0,21.077738657991354,67.29680436037914,65.19733969820068,0,0,14.935293164373672,,0.957,0.0
1002638,OTEX,OPEN TEXT CORP,US,7373.0,Systems integration,2023Q4,post,1,1534868000.0,21.151710220802578,71.0273667320378,67.29680436037914,0,0,16.53998910655509,,0.972,0.0
1002638,OTEX,OPEN TEXT CORP,US,7373.0,Systems integration,2024Q1,post,1,1447131000.0,21.092848812633424,16.265865600149116,71.0273667320378,0,1,15.690908425014735,,0.934,0.0
1002638,OTEX,OPEN TEXT CORP,US,7373.0,Systems integration,2024Q2,post,1,1362149000.0,21.032329436634413,-8.631500573506033,16.265865600149116,1,1,14.18772836158159,,5.831,1.0
1002638,OTEX,OPEN TEXT CORP,US,7373.0,Systems integration,2024Q3,post,1,1269005000.0,20.96149896578122,-10.973819109896038,-8.631500573506033,1,1,16.252260629390744,,0.886,0.0
1002638,OTEX,OPEN TEXT CORP,US,7373.0,Systems integration,2024Q4,post,1,1334500000.0,21.011822526808853,-13.054412496709814,-10.973819109896038,1,1,22.16553016110903,,0.979,0.0
1002638,OTEX,OPEN TEXT CORP,US,7373.0,Systems integration,2025Q1,post,1,1254363000.0,20.949893710951926,-13.32070144306217,-13.054412496709814,1,1,16.669018457974285,,1.423,0.0
1002638,OTEX,OPEN TEXT CORP,US,7373.0,Systems integration,2025Q2,post,1,1310537000.0,20.99370281382784,-3.7890128025641836,-13.32070144306217,1,0,13.853710349269042,,6.687,1.0
1002638,OTEX,OPEN TEXT CORP,US,7373.0,Systems integration,2025Q3,post,1,1288135000.0,20.976461272800602,1.5074802699752956,-3.7890128025641836,0,1,20.956576756318242,,2.885,1.0
1002638,OTEX,OPEN TEXT CORP,US,7373.0,Systems integration,2025Q4,post,1,1326736000.0,21.005987627515605,-0.581790932933683,1.5074802699752956,1,0,21.99043366577827,,2.437,1.0
1005757,,CSG SYSTEMS INTERNATIONAL INC,US,7374.0,Data processing & managed services,2019Q1,pre,0,244793000.0,19.315923513422366,21.362491571808196,20.498138437847217,0,0,13.110260505815116,18.75788931873052,0.0,0.0
1005757,,CSG SYSTEMS INTERNATIONAL INC,US,7374.0,Data processing & managed services,2019Q2,pre,0,245856000.0,19.320256556649497,15.407472081790145,21.362491571808196,0,0,12.339743589743591,18.454705193283875,0.0,0.0
1005757,,CSG SYSTEMS INTERNATIONAL INC,US,7374.0,Data processing & managed services,2019Q3,pre,0,251414000.0,19.342611540716273,18.00427119757809,15.407472081790145,0,0,13.292815833644905,18.572553636631213,0.0,0.0
1005757,,CSG SYSTEMS INTERNATIONAL INC,US,7374.0,Data processing & managed services,2019Q4,pre,0,254747000.0,19.35578145374654,3.0250700659610863,18.00427119757809,0,0,11.877666861631345,20.94038398882028,0.185,0.0
1005757,,CSG SYSTEMS INTERNATIONAL INC,US,7374.0,Data processing & managed services,2020Q1,pre,0,245617000.0,19.319283970082832,0.33661093250215485,3.0250700659610863,0,1,13.500287032249398,18.07041043575974,0.0,0.0
1005757,,CSG SYSTEMS INTERNATIONAL INC,US,7374.0,Data processing & managed services,2020Q2,pre,0,240321000.0,19.297486087649894,-2.251317844591956,0.33661093250215485,1,1,8.228577610778917,18.724539262070312,0.0,0.0
1005757,,CSG SYSTEMS INTERNATIONAL INC,US,7374.0,Data processing & managed services,2020Q3,pre,0,244108000.0,19.313121308279655,-2.9059638683605526,-2.251317844591956,1,0,11.858275845117735,19.266881871958315,0.0,0.0
1005757,,CSG SYSTEMS INTERNATIONAL INC,US,7374.0,Data processing & managed services,2020Q4,pre,0,260487000.0,19.378063513881738,2.253215935810824,-2.9059638683605526,0,0,9.088745311666226,23.749361772372517,0.184,0.0
1005757,,CSG SYSTEMS INTERNATIONAL INC,US,7374.0,Data processing & managed services,2021Q1,pre,0,253119000.0,19.349370291840437,3.0543488439318125,2.253215935810824,0,0,12.396145686416272,19.285395406903472,0.0,0.0
1005757,,CSG SYSTEMS INTERNATIONAL INC,US,7374.0,Data processing & managed services,2021Q2,pre,0,255134000.0,19.357299455297156,6.163839198405466,3.0543488439318125,0,0,12.607492533335424,19.303581647291228,0.0,0.0
1005757,,CSG SYSTEMS INTERNATIONAL INC,US,7374.0,Data processing & managed services,2021Q3,pre,0,263209000.0,19.38845895135969,7.824815245710914,6.163839198405466,0,0,12.44752269109339,20.86668768925075,0.0,0.0
1005757,,CSG SYSTEMS INTERNATIONAL INC,US,7374.0,Data processing & managed services,2021Q4,pre,0,275025000.0,19.432372560589773,5.5810846606548505,7.824815245710914,0,0,10.137260249068266,22.436505772202526,0.202,0.0
1005757,,CSG SYSTEMS INTERNATIONAL INC,US,7374.0,Data processing & managed services,2022Q1,pre,0,264400000.0,19.392973665941806,4.456797000620261,5.5810846606548505,0,0,6.20839636913767,21.687594553706504,0.0,0.0
1005757,,CSG SYSTEMS INTERNATIONAL INC,US,7374.0,Data processing & managed services,2022Q2,pre,0,262168000.0,19.384496077604833,2.756982605219218,4.456797000620261,0,0,2.7779896860028686,21.91915107869763,0.0,0.0
1005757,,CSG SYSTEMS INTERNATIONAL INC,US,7374.0,Data processing & managed services,2022Q3,pre,0,273308000.0,19.426109922332305,3.836874878898518,2.756982605219218,0,0,7.309335987237842,21.59687971080246,0.0,0.0
1005757,,CSG SYSTEMS INTERNATIONAL INC,US,7374.0,Data processing & managed services,2022Q4,transition,0,289876000.0,19.48496380329685,5.399872738841924,3.836874878898518,0,0,12.098966454621976,22.142226331258883,0.209,0.0
1005757,,CSG SYSTEMS INTERNATIONAL INC,US,7374.0,Data processing & managed services,2023Q1,post,1,298739000.0,19.515080840448437,12.987518910741299,5.399872738841924,0,0,12.784738517568847,19.798887992528595,0.0,0.0
1005757,,CSG SYSTEMS INTERNATIONAL INC,US,7374.0,Data processing & managed services,2023Q2,post,1,286327000.0,19.472645072293073,9.21508345793537,12.987518910741299,0,0,9.850974585002461,21.893150139525787,0.0,0.0
1005757,,CSG SYSTEMS INTERNATIONAL INC,US,7374.0,Data processing & managed services,2023Q3,post,1,286868000.0,19.474532737609916,4.961435450114888,9.21508345793537,0,0,11.40977731918513,20.600764114505626,0.0,0.0
1005757,,CSG SYSTEMS INTERNATIONAL INC,US,7374.0,Data processing & managed services,2023Q4,post,1,297324000.0,19.510333011248964,2.5693744911617378,4.961435450114888,0,1,8.323243330508133,22.42772194642881,3.422,1.0
1005757,,CSG SYSTEMS INTERNATIONAL INC,US,7374.0,Data processing & managed services,2024Q1,post,1,295135000.0,19.502943436743383,-1.2064042525415162,2.5693744911617378,1,0,10.773713724227896,20.913141443746085,0.0,0.0
1005757,,CSG SYSTEMS INTERNATIONAL INC,US,7374.0,Data processing & managed services,2024Q2,post,1,290318000.0,19.486487431895235,1.393860865374205,-1.2064042525415162,0,0,8.755915926673511,21.066210155760235,0.0,0.0
1005757,,CSG SYSTEMS INTERNATIONAL INC,US,7374.0,Data processing & managed services,2024Q3,post,1,295143000.0,19.502970542615532,2.884601977216002,1.393860865374205,0,0,10.781892167525573,21.65492659490484,0.0,0.0
1005757,,CSG SYSTEMS INTERNATIONAL INC,US,7374.0,Data processing & managed services,2024Q4,post,1,316652000.0,19.57331393702867,6.500652486849363,2.884601977216002,0,0,13.356618622336192,22.58599345653904,3.401,0.0
1005757,,CSG SYSTEMS INTERNATIONAL INC,US,7374.0,Data processing & managed services,2025Q1,post,1,299453000.0,19.51746803499157,1.4630592779575449,6.500652486849363,0,0,9.812224288953525,20.800927023606373,0.626,0.0
1005757,,CSG SYSTEMS INTERNATIONAL INC,US,7374.0,Data processing & managed services,2025Q2,post,1,297128000.0,19.50967358035428,2.3457036766580095,1.4630592779575449,0,0,10.048531272717481,22.731280794808974,0.551,0.0
1005757,,CSG SYSTEMS INTERNATIONAL INC,US,7374.0,Data processing & managed services,2025Q3,post,1,303615000.0,19.531271009379882,2.8704729571766907,2.3457036766580095,0,0,10.032113037893385,21.550318660145248,0.445,0.0
1005757,,CSG SYSTEMS INTERNATIONAL INC,US,7374.0,Data processing & managed services,2025Q4,post,1,323093000.0,19.593450765440878,2.0340942106792315,2.8704729571766907,0,0,8.99121924647083,26.684576886531126,6.004,1.0
1008586,,STREAMLINE HEALTH SOLUTIONS INC.,US,7373.0,Systems integration,2019Q1,pre,0,3164000.0,14.967347607869682,-49.48107935494172,-10.409501052737552,1,1,-27.59165613147914,76.51706700379268,0.0,0.0
1008586,,STREAMLINE HEALTH SOLUTIONS INC.,US,7373.0,Systems integration,2019Q2,pre,0,2489000.0,14.727391581349728,-52.76143480736383,-49.48107935494172,1,1,-73.88509441542789,96.50462032944958,0.0,0.0
1008586,,STREAMLINE HEALTH SOLUTIONS INC.,US,7373.0,Systems integration,2019Q3,pre,0,3519000.0,15.073687416303722,-34.45706835537344,-52.76143480736383,1,1,-51.32139812446718,78.48820687695368,0.0,0.0
1008586,,STREAMLINE HEALTH SOLUTIONS INC.,US,7373.0,Systems integration,2019Q4,pre,0,2681000.0,14.801700417218097,-50.933382137628115,-34.45706835537344,1,1,-100.07459903021261,75.3823200298396,0.25,0.0
1008586,,STREAMLINE HEALTH SOLUTIONS INC.,US,7373.0,Systems integration,2020Q1,pre,0,2844000.0,14.860722069905268,-10.11378002528445,-50.933382137628115,1,0,-52.95358649789029,80.55555555555556,0.0,0.0
1008586,,STREAMLINE HEALTH SOLUTIONS INC.,US,7373.0,Systems integration,2020Q2,pre,0,2887000.0,14.875728458645073,15.990357573322619,-10.11378002528445,0,1,-43.57464496016627,79.11326636647038,0.0,0.0
1008586,,STREAMLINE HEALTH SOLUTIONS INC.,US,7373.0,Systems integration,2020Q3,pre,0,2641000.0,14.786668191279269,-24.950269963057686,15.990357573322619,1,0,-70.95797046573267,86.4445285876562,0.0,0.0
1008586,,STREAMLINE HEALTH SOLUTIONS INC.,US,7373.0,Systems integration,2020Q4,pre,0,2974000.0,14.905418406002237,10.928757926146961,-24.950269963057686,0,0,-43.98117014122394,57.39744451916611,0.0,0.0
1008586,,STREAMLINE HEALTH SOLUTIONS INC.,US,7373.0,Systems integration,2021Q1,pre,0,2951000.0,14.897654653925077,3.7623066104078764,10.928757926146961,0,1,-83.19213825821755,86.44527278888512,0.0,0.0
1008586,,STREAMLINE HEALTH SOLUTIONS INC.,US,7373.0,Systems integration,2021Q2,pre,0,2868000.0,14.869125480701648,-0.6581226186352616,3.7623066104078764,1,0,-83.15899581589959,87.69177126917714,0.0,0.0
1008586,,STREAMLINE HEALTH SOLUTIONS INC.,US,7373.0,Systems integration,2021Q3,pre,0,5514000.0,15.522800870565879,108.78455130632337,-0.6581226186352616,0,0,-69.27820094305405,62.36851650344577,0.0,0.0
1008586,,STREAMLINE HEALTH SOLUTIONS INC.,US,7373.0,Systems integration,2021Q4,pre,0,6046000.0,15.614907454321541,103.29522528581036,108.78455130632337,0,0,-34.84948726430698,56.665564009262326,0.0,0.0
1008586,,STREAMLINE HEALTH SOLUTIONS INC.,US,7373.0,Systems integration,2022Q1,pre,0,5935000.0,15.596377586025906,101.11826499491698,103.29522528581036,0,0,-53.52990732940185,75.83824768323505,0.0,0.0
1008586,,STREAMLINE HEALTH SOLUTIONS INC.,US,7373.0,Systems integration,2022Q2,pre,0,5992000.0,15.605935804179193,108.92608089260808,101.11826499491698,0,0,-44.32576769025367,65.65420560747664,0.0,0.0
1008586,,STREAMLINE HEALTH SOLUTIONS INC.,US,7373.0,Systems integration,2022Q3,pre,0,6217000.0,15.642798033251475,12.749365252085601,108.92608089260808,0,0,-50.86054367058067,65.22438475148785,1.755,0.0
1008586,,STREAMLINE HEALTH SOLUTIONS INC.,US,7373.0,Systems integration,2022Q4,transition,0,6745000.0,15.724312047623993,11.56136288455177,12.749365252085601,0,1,-27.22016308376575,56.234247590808,0.0,0.0
1008586,,STREAMLINE HEALTH SOLUTIONS INC.,US,7373.0,Systems integration,2023Q1,post,1,5332000.0,15.489236960280737,-10.160067396798652,11.56136288455177,1,1,-56.18904726181545,72.03675918979745,1.385,0.0
1008586,,STREAMLINE HEALTH SOLUTIONS INC.,US,7373.0,Systems integration,2023Q2,post,1,5770000.0,15.568182638484283,-3.704939919893191,-10.160067396798652,1,1,-45.02599653379549,71.33448873483536,0.0,0.0
1008586,,STREAMLINE HEALTH SOLUTIONS INC.,US,7373.0,Systems integration,2023Q3,post,1,6133000.0,15.62919458460812,-1.3511339874537558,-3.704939919893191,1,1,-211.1038643404533,67.2101744660036,0.0,0.0
1013237,FDS,FACTSET RESEARCH SYSTEMS INC,US,7370.0,IT consulting & application services,2019Q1,pre,0,354895000.0,19.687332529041853,5.865805966631965,6.8356722498868265,0,0,30.62539624395948,22.851547640851518,0.0,0.0
1013237,FDS,FACTSET RESEARCH SYSTEMS INC,US,7370.0,IT consulting & application services,2019Q2,pre,0,364533000.0,19.714127640294368,7.2436608406318115,5.865805966631965,0,0,32.16169729489511,22.895320862583084,0.0,0.0
1013237,FDS,FACTSET RESEARCH SYSTEMS INC,US,7370.0,IT consulting & application services,2019Q3,pre,0,364283000.0,19.713441596053283,5.326417260113167,7.2436608406318115,0,0,30.626738003145903,23.329389513098334,0.0,0.0
1013237,FDS,FACTSET RESEARCH SYSTEMS INC,US,7370.0,IT consulting & application services,2019Q4,pre,0,366658000.0,19.719940091439646,4.270845182573086,5.326417260113167,0,0,30.8696387369156,24.14102515150358,0.0,0.0
1013237,FDS,FACTSET RESEARCH SYSTEMS INC,US,7370.0,IT consulting & application services,2020Q1,pre,0,369780000.0,19.72841879216648,4.194198283999493,4.270845182573086,0,0,28.735193899075124,23.609984314998105,0.0,0.0
1013237,FDS,FACTSET RESEARCH SYSTEMS INC,US,7370.0,IT consulting & application services,2020Q2,pre,0,374083000.0,19.739988255890758,2.619790252185673,4.194198283999493,0,0,32.516847865313316,21.850765739154145,0.0,0.0
1013237,FDS,FACTSET RESEARCH SYSTEMS INC,US,7370.0,IT consulting & application services,2020Q3,pre,0,383590000.0,19.76508483181207,5.3000002745118495,2.619790252185673,0,0,25.69853228707735,26.446205584087178,0.0,0.0
1013237,FDS,FACTSET RESEARCH SYSTEMS INC,US,7370.0,IT consulting & application services,2020Q4,pre,0,388206000.0,19.777046684530283,5.876866180473357,5.3000002745118495,0,0,31.177003961814087,20.372431131924802,0.847,0.0
1013237,FDS,FACTSET RESEARCH SYSTEMS INC,US,7370.0,IT consulting & application services,2021Q1,pre,0,391788000.0,19.786231435134308,5.951646925198767,5.876866180473357,0,0,29.64179607338663,20.4528979958549,0.719,0.0
1013237,FDS,FACTSET RESEARCH SYSTEMS INC,US,7370.0,IT consulting & application services,2021Q2,pre,0,399558000.0,19.80586949410964,6.809986019145484,5.951646925198767,0,0,29.4580511465169,19.170933881939543,0.753,0.0
1013237,FDS,FACTSET RESEARCH SYSTEMS INC,US,7370.0,IT consulting & application services,2021Q3,pre,0,411893000.0,19.836274164845783,7.378450950233321,6.809986019145484,0,0,28.933485152697425,23.109399771299827,0.382,0.0
1013237,FDS,FACTSET RESEARCH SYSTEMS INC,US,7370.0,IT consulting & application services,2021Q4,pre,0,424725000.0,19.86695245863225,9.407118900789786,7.378450950233321,0,0,28.880098887515448,21.481664606510094,0.869,0.0
1013237,FDS,FACTSET RESEARCH SYSTEMS INC,US,7370.0,IT consulting & application services,2022Q1,pre,0,431119000.0,19.88189471204702,10.038847539996121,9.407118900789786,0,0,28.611125930427562,22.746851797299588,0.624,0.0
1013237,FDS,FACTSET RESEARCH SYSTEMS INC,US,7370.0,IT consulting & application services,2022Q2,pre,0,488751000.0,20.00736371529756,22.322916823089514,10.038847539996121,0,0,19.898475911046727,24.528031656201215,0.563,0.0
1013237,FDS,FACTSET RESEARCH SYSTEMS INC,US,7370.0,IT consulting & application services,2022Q3,pre,0,499297000.0,20.028711667041012,21.22007414546982,22.322916823089514,0,0,26.48103233145803,24.8042748103834,0.337,0.0
1013237,FDS,FACTSET RESEARCH SYSTEMS INC,US,7370.0,IT consulting & application services,2022Q4,transition,0,504815000.0,20.039702583488314,18.856907410677497,21.22007414546982,0,0,34.05108802234482,20.917761952398404,0.0,0.0
1013237,FDS,FACTSET RESEARCH SYSTEMS INC,US,7370.0,IT consulting & application services,2023Q1,post,1,515085000.0,20.059842493552686,19.476293088451214,18.856907410677497,0,0,32.85865439684712,20.303833347894038,0.0,0.0
1013237,FDS,FACTSET RESEARCH SYSTEMS INC,US,7370.0,IT consulting & application services,2023Q2,post,1,529811000.0,20.088030897138612,8.401005829144085,19.476293088451214,0,0,32.45666851009133,21.842694847785342,0.0,0.0
1013237,FDS,FACTSET RESEARCH SYSTEMS INC,US,7370.0,IT consulting & application services,2023Q3,post,1,535797000.0,20.099265915954962,7.3102782512212165,8.401005829144085,0,0,21.6692142733162,29.334430763890058,2.712,1.0
1013237,FDS,FACTSET RESEARCH SYSTEMS INC,US,7370.0,IT consulting & application services,2023Q4,post,1,542216000.0,20.11117500399957,7.408852748036409,7.3102782512212165,0,0,34.864334508756656,18.729620667778153,0.807,1.0
1013237,FDS,FACTSET RESEARCH SYSTEMS INC,US,7370.0,IT consulting & application services,2024Q1,post,1,545945000.0,20.118028796034576,5.991244163584651,7.408852748036409,0,0,33.32606764417661,19.93992068798139,0.71,1.0
1013237,FDS,FACTSET RESEARCH SYSTEMS INC,US,7370.0,IT consulting & application services,2024Q2,post,1,552708000.0,20.130340391097146,4.321729824409082,5.991244163584651,0,0,36.6303726379933,18.683102108165613,0.712,1.0
1013237,FDS,FACTSET RESEARCH SYSTEMS INC,US,7370.0,IT consulting & application services,2024Q3,post,1,562187000.0,20.14734509272574,4.925372855764403,4.321729824409082,0,0,22.742966308363588,31.329966719258895,5.615,1.0
1013237,FDS,FACTSET RESEARCH SYSTEMS INC,US,7370.0,IT consulting & application services,2024Q4,post,1,568667000.0,20.158805583514088,4.878314177375806,4.925372855764403,0,0,33.646228812292605,20.84752588069995,2.643,1.0
1013237,FDS,FACTSET RESEARCH SYSTEMS INC,US,7370.0,IT consulting & application services,2025Q1,post,1,570660000.0,20.162304143686622,4.527012794329099,4.878314177375806,0,0,32.50481898153016,20.25093751095223,2.358,1.0
1013237,FDS,FACTSET RESEARCH SYSTEMS INC,US,7370.0,IT consulting & application services,2025Q2,post,1,585520000.0,20.188010899257247,5.936588578417537,4.527012794329099,0,0,33.15941385435169,18.895340893564693,2.302,1.0
1013237,FDS,FACTSET RESEARCH SYSTEMS INC,US,7370.0,IT consulting & application services,2025Q3,post,1,596901000.0,20.207261828459973,6.174813718566954,5.936588578417537,0,0,29.706936326124435,21.931610099497238,12.267,1.0
1013237,FDS,FACTSET RESEARCH SYSTEMS INC,US,7370.0,IT consulting & application services,2025Q4,post,1,607621000.0,20.225061890300616,6.8500546013747945,6.174813718566954,0,0,31.610329465242316,21.005528117033478,4.179,0.0
1013857,PEGA,PEGASYSTEMS INC,US,7374.0,Data processing & managed services,2019Q1,pre,0,212546000.0,19.174668993490602,-9.62488625830208,7.020539367120314,1,0,-16.009710839065423,,2.235,0.0
1013857,PEGA,PEGASYSTEMS INC,US,7374.0,Data processing & managed services,2019Q2,pre,0,205592000.0,19.141404180282414,4.478628308915077,-9.62488625830208,0,0,-25.45721623409471,,1.734,0.0
1013857,PEGA,PEGASYSTEMS INC,US,7374.0,Data processing & managed services,2019Q3,pre,0,216703000.0,19.194038310434756,6.612123209831597,4.478628308915077,0,0,-21.581150237883186,,1.576,0.0
1013857,PEGA,PEGASYSTEMS INC,US,7374.0,Data processing & managed services,2019Q4,pre,0,276542000.0,19.437873266125397,7.873785385224512,6.612123209831597,0,0,-0.6310072249423234,,3.762,0.0
1013857,PEGA,PEGASYSTEMS INC,US,7374.0,Data processing & managed services,2020Q1,pre,0,265591000.0,19.397468089450257,24.956950495422166,7.873785385224512,0,0,-9.15618375622668,,1.459,0.0
1013857,PEGA,PEGASYSTEMS INC,US,7374.0,Data processing & managed services,2020Q2,pre,0,227375000.0,19.24211119480256,10.595256624771391,24.956950495422166,0,0,-22.62649807586586,,1.391,0.0
1013857,PEGA,PEGASYSTEMS INC,US,7374.0,Data processing & managed services,2020Q3,pre,0,225951000.0,19.23582871956968,4.267592049948547,10.595256624771391,0,0,-27.365225203694603,,1.321,0.0
1013857,PEGA,PEGASYSTEMS INC,US,7374.0,Data processing & managed services,2020Q4,pre,0,298600000.0,19.514615443069363,7.976365253740843,4.267592049948547,0,0,-1.9859343603482922,,3.558,0.0
1013857,PEGA,PEGASYSTEMS INC,US,7374.0,Data processing & managed services,2021Q1,pre,0,313499000.0,19.5633067282395,18.038261838691824,7.976365253740843,0,0,0.5106874344096791,,1.816,0.0
1013857,PEGA,PEGASYSTEMS INC,US,7374.0,Data processing & managed services,2021Q2,pre,0,325702000.0,19.601493410847812,43.24442001099506,18.038261838691824,0,0,0.3659787167410701,,1.521,0.0
1013857,PEGA,PEGASYSTEMS INC,US,7374.0,Data processing & managed services,2021Q3,pre,0,256268000.0,19.361734329852343,13.417510876251932,43.24442001099506,0,0,-25.495574944979477,,1.504,0.0
1013857,PEGA,PEGASYSTEMS INC,US,7374.0,Data processing & managed services,2021Q4,pre,0,316184000.0,19.571834880573864,5.88881446751507,13.417510876251932,0,0,-10.180148268097057,,1.988,0.0
1013857,PEGA,PEGASYSTEMS INC,US,7374.0,Data processing & managed services,2022Q1,pre,0,376307000.0,19.74591585756976,20.03451366671026,5.88881446751507,0,1,4.9480875986893675,,0.0,0.0
1013857,PEGA,PEGASYSTEMS INC,US,7374.0,Data processing & managed services,2022Q2,pre,0,274337000.0,19.429867835619028,-15.770550994467335,20.03451366671026,1,0,-30.99837061716065,,0.0,0.0
1013857,PEGA,PEGASYSTEMS INC,US,7374.0,Data processing & managed services,2022Q3,pre,0,270731000.0,19.416636265944366,5.643701125384363,-15.770550994467335,0,0,-28.52314659200461,,0.0,0.0
1013857,PEGA,PEGASYSTEMS INC,US,7374.0,Data processing & managed services,2022Q4,transition,0,396470000.0,19.798110934133785,25.39217670723376,5.643701125384363,0,1,8.635205690216157,,2.716,0.0
1013857,PEGA,PEGASYSTEMS INC,US,7374.0,Data processing & managed services,2023Q1,post,1,325472000.0,19.60078699440746,-13.508916921556068,25.39217670723376,1,0,-6.822706715170583,,0.769,0.0
1013857,PEGA,PEGASYSTEMS INC,US,7374.0,Data processing & managed services,2023Q2,post,1,298268000.0,19.513502969174834,8.723212690960388,-13.508916921556068,0,0,-13.843255059208499,,0.703,0.0
1013857,PEGA,PEGASYSTEMS INC,US,7374.0,Data processing & managed services,2023Q3,post,1,334643000.0,19.62857484991579,23.607196811595273,8.723212690960388,0,0,-3.2321010748768093,,0.678,0.0
1013857,PEGA,PEGASYSTEMS INC,US,7374.0,Data processing & managed services,2023Q4,post,1,474233000.0,19.977209320064166,19.61384215703584,23.607196811595273,0,0,32.74044615199701,,5.178,1.0
1013857,PEGA,PEGASYSTEMS INC,US,7374.0,Data processing & managed services,2024Q1,post,1,330147000.0,19.615048567784832,1.4363754793039034,19.61384215703584,0,0,-6.1827004334432845,,2.261,0.0
1013857,PEGA,PEGASYSTEMS INC,US,7374.0,Data processing & managed services,2024Q2,post,1,351153000.0,19.67673258389035,17.730698566389957,1.4363754793039034,0,1,3.6924075830193677,,2.033,0.0
1013857,PEGA,PEGASYSTEMS INC,US,7374.0,Data processing & managed services,2024Q3,post,1,325050000.0,19.59948957461475,-2.8666369832926435,17.730698566389957,1,0,-3.587448084910014,,1.95,0.0
1013857,PEGA,PEGASYSTEMS INC,US,7374.0,Data processing & managed services,2024Q4,post,1,490830000.0,20.01160839362737,3.4997564488342228,-2.8666369832926435,0,0,29.132082391051895,,10.985,1.0
1013857,PEGA,PEGASYSTEMS INC,US,7374.0,Data processing & managed services,2025Q1,post,1,475633000.0,19.980157106412488,44.06703680481725,3.4997564488342228,0,0,26.698946456616763,,2.768,1.0
1013857,PEGA,PEGASYSTEMS INC,US,7374.0,Data processing & managed services,2025Q2,post,1,384512000.0,19.76748555578578,9.499847644758837,44.06703680481725,0,0,4.493747919440746,,2.41,1.0
1013857,PEGA,PEGASYSTEMS INC,US,7374.0,Data processing & managed services,2025Q3,post,1,381350000.0,19.75922814657452,17.320412244270113,9.499847644758837,0,0,3.794152353481054,,2.341,1.0
1013857,PEGA,PEGASYSTEMS INC,US,7374.0,Data processing & managed services,2025Q4,post,1,504317000.0,20.03871559657198,2.7477945520852436,17.320412244270113,0,1,20.693928620292397,,15.132,1.0
1014052,DTGI,"Digerati Technologies, Inc.",US,7374.0,Data processing & managed services,2021Q1,pre,0,3751000.0,15.137533029064024,139.52745849297574,112.38825031928481,0,0,-15.675819781391628,53.13249800053319,0.0,0.0
1014052,DTGI,"Digerati Technologies, Inc.",US,7374.0,Data processing & managed services,2021Q2,pre,0,3787000.0,15.147084706883932,143.06803594351734,139.52745849297574,0,0,-11.090573012939002,54.132558753630846,0.0,0.0
1014052,DTGI,"Digerati Technologies, Inc.",US,7374.0,Data processing & managed services,2021Q3,pre,0,3777000.0,15.144440601694594,143.36340206185568,143.06803594351734,0,0,-15.356102727032036,47.33915806195393,0.0,0.0
1014052,DTGI,"Digerati Technologies, Inc.",US,7374.0,Data processing & managed services,2021Q4,pre,0,4019000.0,15.206543673431337,20.83583884546001,143.36340206185568,0,0,-32.81910923115203,52.92361283901468,0.0,0.0
1014052,DTGI,"Digerati Technologies, Inc.",US,7374.0,Data processing & managed services,2022Q1,pre,0,8163000.0,15.915122306433494,117.6219674753399,20.83583884546001,0,0,-19.9191473722896,52.62771040058802,0.0,0.0
1014052,DTGI,"Digerati Technologies, Inc.",US,7374.0,Data processing & managed services,2022Q2,pre,0,8195000.0,15.919034770160067,116.39820438341695,117.6219674753399,0,0,-1.8425869432580844,51.53142159853569,0.0,0.0
1014052,DTGI,"Digerati Technologies, Inc.",US,7374.0,Data processing & managed services,2022Q3,pre,0,8130000.0,15.911071481523994,115.25019857029389,116.39820438341695,0,0,-4.920049200492005,50.93480934809348,0.0,0.0
1014052,DTGI,"Digerati Technologies, Inc.",US,7374.0,Data processing & managed services,2022Q4,transition,0,7941000.0,15.887549769877348,97.58646429460065,115.25019857029389,0,1,-19.70784535952651,56.1390253116736,0.0,0.0
1014052,DTGI,"Digerati Technologies, Inc.",US,7374.0,Data processing & managed services,2023Q1,post,1,7837000.0,15.874366666035002,-3.9936297929682714,97.58646429460065,1,1,-13.716983539619754,55.14865382161541,0.0,0.0
1014052,DTGI,"Digerati Technologies, Inc.",US,7374.0,Data processing & managed services,2023Q2,post,1,7715000.0,15.858677043779398,-5.857230018303844,-3.9936297929682714,1,1,-26.117952041477643,63.69410239792612,0.0,0.0
1014052,DTGI,"Digerati Technologies, Inc.",US,7374.0,Data processing & managed services,2023Q3,post,1,7654000.0,15.850738944967784,-5.854858548585486,-5.857230018303844,1,1,-10.43898615103214,54.729553174810555,0.0,0.0
1014052,DTGI,"Digerati Technologies, Inc.",US,7374.0,Data processing & managed services,2023Q4,post,1,7565000.0,15.839042905204593,-4.734920035260043,-5.854858548585486,1,1,-21.771315267680105,55.18836748182419,0.0,0.0
1014052,DTGI,"Digerati Technologies, Inc.",US,7374.0,Data processing & managed services,2024Q1,post,1,7430000.0,15.821036416693943,-5.193313768023478,-4.734920035260043,1,,-15.76043068640646,54.73755047106326,0.0,0.0
1014473,VRSN,VERISIGN INC/CA,US,7371.0,IT consulting & application services,2019Q1,pre,0,306408000.0,19.540428105150433,2.3789794445483947,4.044317954930778,0,0,65.3546904780554,,0.0,0.0
1014473,VRSN,VERISIGN INC/CA,US,7371.0,IT consulting & application services,2019Q2,pre,0,306289000.0,19.540039658654052,1.2686310555063283,2.3789794445483947,0,0,65.78880425762131,,0.0,0.0
1014473,VRSN,VERISIGN INC/CA,US,7371.0,IT consulting & application services,2019Q3,pre,0,308421000.0,19.546976290720412,0.8646824319683952,1.2686310555063283,0,0,65.78880425762131,,0.0,0.0
1014473,VRSN,VERISIGN INC/CA,US,7371.0,IT consulting & application services,2019Q4,pre,0,310543000.0,19.553832936061863,1.0053601863055046,0.8646824319683952,0,0,63.941547547360585,,0.0,0.0
1014473,VRSN,VERISIGN INC/CA,US,7371.0,IT consulting & application services,2020Q1,pre,0,312524000.0,19.56019182419176,1.9960314352105688,1.0053601863055046,0,0,65.78880425762131,,0.0,0.0
1014473,VRSN,VERISIGN INC/CA,US,7371.0,IT consulting & application services,2020Q2,pre,0,314365000.0,19.566065289167227,2.6367254455759106,1.9960314352105688,0,0,65.77704260970528,,0.0,0.0
1014473,VRSN,VERISIGN INC/CA,US,7371.0,IT consulting & application services,2020Q3,pre,0,317879000.0,19.577181365190107,3.06658755402518,2.6367254455759106,0,0,65.0086982782757,,0.0,0.0
1014473,VRSN,VERISIGN INC/CA,US,7371.0,IT consulting & application services,2020Q4,pre,0,320332000.0,19.58486851592689,3.152220465442789,3.06658755402518,0,0,63.842201216238145,,0.0,0.0
1014473,VRSN,VERISIGN INC/CA,US,7371.0,IT consulting & application services,2021Q1,pre,0,323600000.0,19.59501874314861,3.544047817127645,3.152220465442789,0,0,65.01854140914709,14.184177997527811,0.0,0.0
1014473,VRSN,VERISIGN INC/CA,US,7371.0,IT consulting & application services,2021Q2,pre,0,329400000.0,19.612783375707814,4.7826571024128,3.544047817127645,0,0,64.66302367941712,14.814814814814813,0.0,0.0
1014473,VRSN,VERISIGN INC/CA,US,7371.0,IT consulting & application services,2021Q3,pre,0,334300000.0,19.62754935139033,5.165802081924254,4.7826571024128,0,0,65.78880425762131,13.640442716123244,0.0,0.0
1014473,VRSN,VERISIGN INC/CA,US,7371.0,IT consulting & application services,2021Q4,pre,0,340300000.0,19.645338139471136,6.233532709813568,5.165802081924254,0,0,65.26594181604467,14.13458712900382,0.0,0.0
1014473,VRSN,VERISIGN INC/CA,US,7371.0,IT consulting & application services,2022Q1,pre,0,346900000.0,19.664547111939978,7.200247218788627,6.233532709813568,0,0,64.8025367541078,13.98097434419141,0.0,0.0
1014473,VRSN,VERISIGN INC/CA,US,7371.0,IT consulting & application services,2022Q2,pre,0,351900000.0,19.678857602291814,6.830601092896176,7.200247218788627,0,0,65.78880425762131,13.100312588803636,0.0,0.0
1014473,VRSN,VERISIGN INC/CA,US,7371.0,IT consulting & application services,2022Q3,pre,0,356900000.0,19.69296618846039,6.7603948549207304,6.830601092896176,0,0,65.78880425762131,13.757355001400953,0.0,0.0
1014473,VRSN,VERISIGN INC/CA,US,7371.0,IT consulting & application services,2022Q4,transition,0,369200000.0,19.726849060592972,8.492506611813106,6.7603948549207304,0,0,65.78880425762131,14.003250270855904,0.0,0.0
1014473,VRSN,VERISIGN INC/CA,US,7371.0,IT consulting & application services,2023Q1,post,1,364400000.0,19.713762723350076,5.044681464398963,8.492506611813106,0,0,65.78880425762131,13.446761800219539,0.0,0.0
1014473,VRSN,VERISIGN INC/CA,US,7371.0,IT consulting & application services,2023Q2,post,1,372000000.0,19.73440441223742,5.7118499573742545,5.044681464398963,0,0,65.78880425762131,13.655913978494624,0.0,0.0
1014473,VRSN,VERISIGN INC/CA,US,7371.0,IT consulting & application services,2023Q3,post,1,376300000.0,19.745897255563666,5.4356962734659575,5.7118499573742545,0,0,65.78880425762131,13.739038001594473,0.57,0.0
1014473,VRSN,VERISIGN INC/CA,US,7371.0,IT consulting & application services,2023Q4,post,1,380400000.0,19.75673388863551,3.0335861321776814,5.4356962734659575,0,0,65.78880425762131,13.853838065194532,0.286,0.0
1014473,VRSN,VERISIGN INC/CA,US,7371.0,IT consulting & application services,2024Q1,post,1,384300000.0,19.76693405553507,5.461031833150384,3.0335861321776814,0,0,65.78880425762131,13.400988810824877,0.0,0.0
1014473,VRSN,VERISIGN INC/CA,US,7371.0,IT consulting & application services,2024Q2,post,1,387100000.0,19.774193615547876,4.059139784946236,5.461031833150384,0,0,65.78880425762131,12.916559028674762,0.0,0.0
1014473,VRSN,VERISIGN INC/CA,US,7371.0,IT consulting & application services,2024Q3,post,1,390600000.0,19.783194576406853,3.800159447249535,4.059139784946236,0,0,65.78880425762131,13.13364055299539,0.0,0.0
1014473,VRSN,VERISIGN INC/CA,US,7371.0,IT consulting & application services,2024Q4,post,1,395400000.0,19.795408468700792,3.943217665615142,3.800159447249535,0,0,65.78880425762131,14.744562468386443,0.569,0.0
1014473,VRSN,VERISIGN INC/CA,US,7371.0,IT consulting & application services,2025Q1,post,1,402300000.0,19.812708636920018,4.683840749414521,3.943217665615142,0,0,65.78880425762131,13.845389013174248,3.399,0.0
1014473,VRSN,VERISIGN INC/CA,US,7371.0,IT consulting & application services,2025Q2,post,1,409900000.0,19.831423785474566,5.889950917075691,4.683840749414521,0,0,65.78880425762131,13.271529641375945,1.917,0.0
1014473,VRSN,VERISIGN INC/CA,US,7371.0,IT consulting & application services,2025Q3,post,1,419100000.0,19.8536201128953,7.296466973886329,5.889950917075691,0,0,65.78880425762131,14.459556191839656,1.944,0.0
1014473,VRSN,VERISIGN INC/CA,US,7371.0,IT consulting & application services,2025Q4,post,1,425300000.0,19.86830536022386,7.561962569549823,7.296466973886329,0,0,65.78880425762131,15.283329414530918,7.174,0.0
1023364,,"AutoWeb, Inc.",US,7370.0,IT consulting & application services,2019Q1,pre,0,31604000.0,17.26879425282476,-2.3030078209527343,-3.2051859187899523,1,1,-17.181369446905457,,0.0,0.0
1023364,,"AutoWeb, Inc.",US,7370.0,IT consulting & application services,2019Q2,pre,0,27142000.0,17.116592901623452,-7.339888024033867,-2.3030078209527343,1,1,-18.35163215680495,,0.0,0.0
1023364,,"AutoWeb, Inc.",US,7370.0,IT consulting & application services,2019Q3,pre,0,28552000.0,17.167237544152133,-9.916390597886101,-7.339888024033867,1,1,-6.500420285794341,,0.0,0.0
1023364,,"AutoWeb, Inc.",US,7370.0,IT consulting & application services,2019Q4,pre,0,26687000.0,17.09968711341461,-17.25730939757542,-9.916390597886101,1,1,-11.507475549893206,,0.0,0.0
1023364,,"AutoWeb, Inc.",US,7370.0,IT consulting & application services,2020Q1,pre,0,24472000.0,17.013040164812878,-22.566763700797367,-17.25730939757542,1,1,-13.47254004576659,,0.0,0.0
1023364,,"AutoWeb, Inc.",US,7370.0,IT consulting & application services,2020Q2,pre,0,17033000.0,16.650663196842714,-37.244860364011494,-22.566763700797367,1,1,-7.233018258674338,,0.0,0.0
1023364,,"AutoWeb, Inc.",US,7370.0,IT consulting & application services,2020Q3,pre,0,17813000.0,16.695439085774623,-37.61207621182404,-37.244860364011494,1,1,-1.4989052938864873,,0.0,0.0
1023364,,"AutoWeb, Inc.",US,7370.0,IT consulting & application services,2020Q4,pre,0,17252000.0,16.66343863674987,-35.35429235208154,-37.61207621182404,1,1,-4.219800602828657,,0.0,0.0
1023364,,"AutoWeb, Inc.",US,7370.0,IT consulting & application services,2021Q1,pre,0,17880000.0,16.699193327709644,-26.93690748610657,-35.35429235208154,1,0,-6.118568232662192,,0.0,0.0
1023364,,"AutoWeb, Inc.",US,7370.0,IT consulting & application services,2021Q2,pre,0,18736000.0,16.745957364819635,9.998238713086362,-26.93690748610657,0,1,-0.5444064901793338,,0.0,0.0
1023364,,"AutoWeb, Inc.",US,7370.0,IT consulting & application services,2021Q3,pre,0,17159000.0,16.65803337526776,-3.6714758883961154,9.998238713086362,1,0,-16.702605046914158,,0.0,0.0
1023364,,"AutoWeb, Inc.",US,7370.0,IT consulting & application services,2021Q4,pre,0,17810000.0,16.695270655265844,3.234407604915372,-3.6714758883961154,0,0,-13.492419988770354,,0.0,0.0
1023364,,"AutoWeb, Inc.",US,7370.0,IT consulting & application services,2022Q1,pre,0,19064000.0,16.763312297760717,6.621923937360179,3.234407604915372,0,1,-20.488879563575324,,0.0,0.0
1023364,,"AutoWeb, Inc.",US,7370.0,IT consulting & application services,2022Q2,pre,0,17195000.0,16.660129201848502,-8.224807856532877,6.621923937360179,1,,-24.431520790927593,,0.0,0.0
1023459,SLP,"Simulations Plus, Inc.",US,7373.0,Systems integration,2019Q1,pre,0,8472000.0,15.952277166263379,15.155634089982332,6.606309237515914,0,0,32.22573182247403,33.16443578847969,4.981,0.0
1023459,SLP,"Simulations Plus, Inc.",US,7373.0,Systems integration,2019Q2,pre,0,9937000.0,16.1117757222135,16.18145679878405,15.155634089982332,0,0,39.06644862634598,31.070192210928855,4.921,0.0
1023459,SLP,"Simulations Plus, Inc.",US,7373.0,Systems integration,2019Q3,pre,0,8026000.0,15.898196829808999,20.00598086124402,16.18145679878405,0,0,24.284301021679543,39.617655120857215,2.62,0.0
1023459,SLP,"Simulations Plus, Inc.",US,7373.0,Systems integration,2019Q4,pre,0,9401000.0,16.056326624560686,24.747876857749468,20.00598086124402,0,0,28.91181789171365,37.37900223380491,5.465,0.0
1023459,SLP,"Simulations Plus, Inc.",US,7373.0,Systems integration,2020Q1,pre,0,10350000.0,16.15249707767565,22.1671388101983,24.747876857749468,0,0,27.304347826086957,39.710144927536234,5.269,0.0
1023459,SLP,"Simulations Plus, Inc.",US,7373.0,Systems integration,2020Q2,pre,0,12298000.0,16.32494720549555,23.75968602193821,22.1671388101983,0,0,31.362823223288338,40.84403968124899,4.748,0.0
1023459,SLP,"Simulations Plus, Inc.",US,7373.0,Systems integration,2020Q3,pre,0,9540000.0,16.07100404342447,18.86369299775729,23.75968602193821,0,0,23.10272536687631,38.920335429769395,1.592,0.0
1023459,SLP,"Simulations Plus, Inc.",US,7373.0,Systems integration,2020Q4,pre,0,10701000.0,16.18584775300914,13.828316136581215,18.86369299775729,0,0,28.511354079058034,41.19241192411924,2.621,0.0
1023459,SLP,"Simulations Plus, Inc.",US,7373.0,Systems integration,2021Q1,pre,0,13147000.0,16.39170415367874,27.024154589371978,13.828316136581215,0,0,26.515554879440177,41.515174564539436,2.741,0.0
1023459,SLP,"Simulations Plus, Inc.",US,7373.0,Systems integration,2021Q2,pre,0,12777000.0,16.36315723757346,3.8949422670352902,27.024154589371978,0,0,35.548250763089925,39.86851373561869,2.825,0.0
1023459,SLP,"Simulations Plus, Inc.",US,7373.0,Systems integration,2021Q3,pre,0,9841000.0,16.102067889881123,3.1551362683438153,3.8949422670352902,0,0,1.7681129966466824,56.96575551265115,3.186,0.0
1023459,SLP,"Simulations Plus, Inc.",US,7373.0,Systems integration,2021Q4,pre,0,12417000.0,16.334577059398978,16.035884496776003,3.1551362683438153,0,0,30.530724007409198,40.170733671579285,2.0,0.0
1023459,SLP,"Simulations Plus, Inc.",US,7373.0,Systems integration,2022Q1,pre,0,14796000.0,16.50986743193448,12.542785426333003,16.035884496776003,0,0,37.03703703703704,37.739929710732625,1.659,0.0
1023459,SLP,"Simulations Plus, Inc.",US,7373.0,Systems integration,2022Q2,pre,0,14959000.0,16.520823683356596,17.07756124285826,12.542785426333003,0,0,33.063707467076675,45.450899124273015,1.087,0.0
1023459,SLP,"Simulations Plus, Inc.",US,7373.0,Systems integration,2022Q3,pre,0,11734000.0,16.27800116846794,19.235850015242352,17.07756124285826,0,1,5.914436679734106,23.137889892619736,1.671,0.0
1023459,SLP,"Simulations Plus, Inc.",US,7373.0,Systems integration,2022Q4,transition,0,11964000.0,16.297412698731975,-3.6482242087460737,19.235850015242352,1,0,7.3386827148111,48.177866934135736,2.933,0.0
1023459,SLP,"Simulations Plus, Inc.",US,7373.0,Systems integration,2023Q1,post,1,15750000.0,16.572350923235916,6.447688564476886,-3.6482242087460737,0,0,25.612698412698414,38.406349206349205,0.572,0.0
1023459,SLP,"Simulations Plus, Inc.",US,7373.0,Systems integration,2023Q2,post,1,16234000.0,16.602618366303258,8.52329701183234,6.447688564476886,0,0,25.237156584945176,40.33509917457189,0.529,0.0
1023459,SLP,"Simulations Plus, Inc.",US,7373.0,Systems integration,2023Q3,post,1,15629000.0,16.56463872082433,33.19413669677859,8.52329701183234,0,0,-1.817134813487747,59.49836841768508,2.656,1.0
1023459,SLP,"Simulations Plus, Inc.",US,7373.0,Systems integration,2023Q4,post,1,14500000.0,16.489659207390805,21.196924105650282,33.19413669677859,0,0,6.620689655172414,39.186206896551724,0.549,0.0
1023459,SLP,"Simulations Plus, Inc.",US,7373.0,Systems integration,2024Q1,post,1,18305000.0,16.722684804536474,16.22222222222222,21.196924105650282,0,0,24.26659382682327,30.144769188746245,2.806,0.0
1023459,SLP,"Simulations Plus, Inc.",US,7373.0,Systems integration,2024Q2,post,1,18544000.0,16.73565684456167,14.229395096710606,16.22222222222222,0,0,10.138050043140638,41.40422778257118,2.61,0.0
1023459,SLP,"Simulations Plus, Inc.",US,7373.0,Systems integration,2024Q3,post,1,18664000.0,16.7421070926834,19.419028728645465,14.229395096710606,0,0,-6.166952421774539,18.608015430775826,3.532,1.0
1023459,SLP,"Simulations Plus, Inc.",US,7373.0,Systems integration,2024Q4,post,1,18924000.0,16.755941515733177,30.510344827586206,19.419028728645465,0,0,0.6658211794546607,28.49820333967449,0.0,0.0
1023459,SLP,"Simulations Plus, Inc.",US,7373.0,Systems integration,2025Q1,post,1,22432000.0,16.925999068816452,22.545752526632068,30.510344827586206,0,0,12.08987161198288,20.305813124108415,17.469,0.0
1023459,SLP,"Simulations Plus, Inc.",US,7373.0,Systems integration,2025Q2,post,1,20363000.0,16.82923008653265,9.809102674719586,22.545752526632068,0,1,-364.5140696361047,30.157638854785638,15.807,0.0
1023459,SLP,"Simulations Plus, Inc.",US,7373.0,Systems integration,2025Q3,post,1,17460000.0,16.675423108375732,-6.450921560222889,9.809102674719586,1,1,3.774341351660939,27.789232531500573,10.446,1.0
1023459,SLP,"Simulations Plus, Inc.",US,7373.0,Systems integration,2025Q4,post,1,18421000.0,16.729001876134355,-2.658000422743606,-6.450921560222889,1,0,3.8705824873785355,21.817490907116877,0.616,0.0
1023731,EGHT,8X8 INC /DE/,US,7374.0,Data processing & managed services,2019Q1,pre,0,93767000.0,18.356323539709226,18.177808025811657,18.970559047304004,0,0,-29.2480296906161,,2.099,0.0
1023731,EGHT,8X8 INC /DE/,US,7374.0,Data processing & managed services,2019Q2,pre,0,96675000.0,18.386865395457637,16.161009312105737,18.177808025811657,0,0,-33.672614429790535,,0.0,0.0
1023731,EGHT,8X8 INC /DE/,US,7374.0,Data processing & managed services,2019Q3,pre,0,109517000.0,18.511590346312172,27.81797810508625,16.161009312105737,0,0,-34.64667585854251,,0.0,0.0
1023731,EGHT,8X8 INC /DE/,US,7374.0,Data processing & managed services,2019Q4,pre,0,118567000.0,18.590988759604507,31.870050716255893,27.81797810508625,0,0,-36.40810680880852,,0.0,0.0
1023731,EGHT,8X8 INC /DE/,US,7374.0,Data processing & managed services,2020Q1,pre,0,121478000.0,18.615243734390884,29.553041048556526,31.870050716255893,0,0,-37.993710795370355,,2.242,0.0
1023731,EGHT,8X8 INC /DE/,US,7374.0,Data processing & managed services,2020Q2,pre,0,121807000.0,18.61794838285303,25.99637962244634,29.553041048556526,0,0,-30.99986043495037,,0.0,0.0
1023731,EGHT,8X8 INC /DE/,US,7374.0,Data processing & managed services,2020Q3,pre,0,129133000.0,18.676353438954422,17.911374489805233,25.99637962244634,0,0,-25.630938644653188,,0.0,0.0
1023731,EGHT,8X8 INC /DE/,US,7374.0,Data processing & managed services,2020Q4,pre,0,136685000.0,18.733189566339167,15.280811692966845,17.911374489805233,0,0,-25.79288144273329,,0.0,0.0
1023731,EGHT,8X8 INC /DE/,US,7374.0,Data processing & managed services,2021Q1,pre,0,144719000.0,18.79030448913247,19.1318592666985,15.280811692966845,0,0,-27.66464666007919,,2.083,0.0
1023731,EGHT,8X8 INC /DE/,US,7374.0,Data processing & managed services,2021Q2,pre,0,148327000.0,18.814929853921665,21.772147741919596,19.1318592666985,0,0,-26.176623271555417,,0.0,0.0
1023731,EGHT,8X8 INC /DE/,US,7374.0,Data processing & managed services,2021Q3,pre,0,151557000.0,18.836472349777832,17.36504224326857,21.772147741919596,0,0,-24.51684844645909,,0.0,0.0
1023731,EGHT,8X8 INC /DE/,US,7374.0,Data processing & managed services,2021Q4,pre,0,156874000.0,18.870953493328013,14.770457621538574,17.36504224326857,0,0,-23.979754452618025,,0.0,0.0
1023731,EGHT,8X8 INC /DE/,US,7374.0,Data processing & managed services,2022Q1,pre,0,181372000.0,19.016060728714812,25.327013039061907,14.770457621538574,0,0,-22.351300090421898,,1.348,0.0
1023731,EGHT,8X8 INC /DE/,US,7374.0,Data processing & managed services,2022Q2,pre,0,187620000.0,19.049929198662078,26.490793988956835,25.327013039061907,0,0,-14.259673808762392,,0.0,0.0
1023731,EGHT,8X8 INC /DE/,US,7374.0,Data processing & managed services,2022Q3,pre,0,187389000.0,19.04869722807355,23.642589916665017,26.490793988956835,0,0,-13.335894849751053,,0.0,0.0
1023731,EGHT,8X8 INC /DE/,US,7374.0,Data processing & managed services,2022Q4,transition,0,184400000.0,19.032617869086767,17.546566033887068,23.642589916665017,0,0,-9.80531453362256,,0.0,0.0
1023731,EGHT,8X8 INC /DE/,US,7374.0,Data processing & managed services,2023Q1,post,1,184529000.0,19.033317190664942,1.7406214851244957,17.546566033887068,0,1,1.9146042085525852,,4.345,1.0
1023731,EGHT,8X8 INC /DE/,US,7374.0,Data processing & managed services,2023Q2,post,1,183287000.0,19.026563788309033,-2.3094552819528835,1.7406214851244957,1,1,-0.7692853284739234,,8.562,1.0
1023731,EGHT,8X8 INC /DE/,US,7374.0,Data processing & managed services,2023Q3,post,1,184999000.0,19.035860977622583,-1.2754217163227297,-2.3094552819528835,1,1,-1.3962237633716938,,7.702,1.0
1023731,EGHT,8X8 INC /DE/,US,7374.0,Data processing & managed services,2023Q4,post,1,181006000.0,19.01404073785195,-1.8405639913232101,-1.2754217163227297,1,1,-5.188225804669458,,7.003,1.0
1023731,EGHT,8X8 INC /DE/,US,7374.0,Data processing & managed services,2024Q1,post,1,179413000.0,19.005200968731714,-2.772463948756022,-1.8405639913232101,1,1,-7.925289694726692,,5.878,1.0
1023731,EGHT,8X8 INC /DE/,US,7374.0,Data processing & managed services,2024Q2,post,1,178147000.0,18.998119610132537,-2.8043450981247986,-2.772463948756022,1,1,-0.7712731620515642,,3.846,0.0
1023731,EGHT,8X8 INC /DE/,US,7374.0,Data processing & managed services,2024Q3,post,1,180998000.0,19.013996539445294,-2.162714393050773,-2.8043450981247986,1,1,3.9608172465994103,,3.304,0.0
1023731,EGHT,8X8 INC /DE/,US,7374.0,Data processing & managed services,2024Q4,post,1,178882000.0,19.00223692854829,-1.1734417643614024,-2.162714393050773,1,1,5.019510068089579,,3.065,0.0
1023731,EGHT,8X8 INC /DE/,US,7374.0,Data processing & managed services,2025Q1,post,1,177043000.0,18.99190319888659,-1.320974511323037,-1.1734417643614024,1,0,0.2366656687923273,,6.617,0.0
1023731,EGHT,8X8 INC /DE/,US,7374.0,Data processing & managed services,2025Q2,post,1,181361000.0,19.016000078043362,1.804128051552931,-1.320974511323037,0,0,0.3115333506101091,,1.172,0.0
1023731,EGHT,8X8 INC /DE/,US,7374.0,Data processing & managed services,2025Q3,post,1,184095000.0,19.030962486681855,1.711068630592603,1.804128051552931,0,0,2.9055650615171515,,1.04,0.0
1023731,EGHT,8X8 INC /DE/,US,7374.0,Data processing & managed services,2025Q4,post,1,185050000.0,19.03613661679644,3.448083093883118,1.711068630592603,0,0,5.238584166441503,,2.076,0.0
1034760,WYY,WIDEPOINT CORP,US,7373.0,Systems integration,2019Q1,pre,0,21916902.0,16.902768677938976,9.149989349897524,24.252508916138492,0,0,2.2137024657955764,,0.0,0.0
1034760,WYY,WIDEPOINT CORP,US,7373.0,Systems integration,2019Q2,pre,0,22093153.0,16.910778299479635,25.92753855973363,9.149989349897524,0,0,-0.7522104246505693,,0.0,0.0
1034760,WYY,WIDEPOINT CORP,US,7373.0,Systems integration,2019Q3,pre,0,29616940.0,17.20385705289194,39.08349440884816,25.92753855973363,0,0,0.9750365837929239,,0.0,0.0
1034760,WYY,WIDEPOINT CORP,US,7373.0,Systems integration,2019Q4,pre,0,28093252.0,17.15103996311643,13.459592362521086,39.08349440884816,0,0,0.9877496560383966,,0.0,0.0
1034760,WYY,WIDEPOINT CORP,US,7373.0,Systems integration,2020Q1,pre,0,39665356.0,17.495988719844988,80.98066962201136,13.459592362521086,0,0,1.8650557428502597,,0.0,0.0
1034760,WYY,WIDEPOINT CORP,US,7373.0,Systems integration,2020Q2,pre,0,54783790.0,17.818904905240224,147.96727746374634,80.98066962201136,0,0,1.128027104367916,,0.0,0.0
1034760,WYY,WIDEPOINT CORP,US,7373.0,Systems integration,2020Q3,pre,0,57506561.0,17.867409603606,94.1678005897976,147.96727746374634,0,1,1.9977129218351277,,0.0,0.0
1034760,WYY,WIDEPOINT CORP,US,7373.0,Systems integration,2020Q4,pre,0,-131304864.0,,-68.87975818666524,94.1678005897976,1,1,-0.5450552083127705,,0.0,0.0
1034760,WYY,WIDEPOINT CORP,US,7373.0,Systems integration,2021Q4,pre,0,24452552.0,17.01224514471645,118.62273129501129,-61.30653335364637,0,0,-3.3277549108166706,,0.249,0.0
1034760,WYY,WIDEPOINT CORP,US,7373.0,Systems integration,2022Q1,pre,0,22436427.0,16.926196401342256,8.646542903841747,118.62273129501129,0,0,-3.0665934464520577,,0.0,0.0
1034760,WYY,WIDEPOINT CORP,US,7373.0,Systems integration,2022Q2,pre,0,23057354.0,16.953495322075867,15.382422027861098,8.646542903841747,0,0,-76.38076337813958,,0.0,0.0
1034760,WYY,WIDEPOINT CORP,US,7373.0,Systems integration,2022Q3,pre,0,25271572.0,17.04519068558149,13.573554997864843,15.382422027861098,0,1,-2.3568854363313845,,0.0,0.0
1034760,WYY,WIDEPOINT CORP,US,7373.0,Systems integration,2022Q4,transition,0,23338012.0,16.965594005530935,-4.557970063819924,13.573554997864843,1,0,-3.165076785460561,,0.251,0.0
1034760,WYY,WIDEPOINT CORP,US,7373.0,Systems integration,2023Q1,post,1,25273681.0,17.045274135554575,12.645747916992308,-4.557970063819924,0,0,-3.515123103753664,,0.0,0.0
1034760,WYY,WIDEPOINT CORP,US,7373.0,Systems integration,2023Q2,post,1,26762857.0,17.102525551352056,16.070807604376462,12.645747916992308,0,0,-2.715449998481104,,0.0,0.0
1034760,WYY,WIDEPOINT CORP,US,7373.0,Systems integration,2023Q3,post,1,25733657.0,17.063310303968002,1.8284774686750789,16.070807604376462,0,0,-3.2359528224068583,,0.0,0.0
1034760,WYY,WIDEPOINT CORP,US,7373.0,Systems integration,2023Q4,post,1,28256165.0,17.1568222218365,21.073573018987222,1.8284774686750789,0,0,-4.4377005867569075,,1.032,0.0
1034760,WYY,WIDEPOINT CORP,US,7373.0,Systems integration,2024Q1,post,1,34207279.0,17.34794901564372,35.347435144093176,21.073573018987222,0,0,-1.9031592661900996,,1.034,0.0
1034760,WYY,WIDEPOINT CORP,US,7373.0,Systems integration,2024Q2,post,1,36040771.0,17.400161383372367,34.66712840112698,35.347435144093176,0,0,-1.2807300931492283,,0.842,0.0
1034760,WYY,WIDEPOINT CORP,US,7373.0,Systems integration,2024Q3,post,1,34620433.0,17.359954614855383,34.53366927211317,34.66712840112698,0,0,-1.302655573371945,,0.846,0.0
1034760,WYY,WIDEPOINT CORP,US,7373.0,Systems integration,2024Q4,post,1,37703266.0,17.4452572799657,33.433769232307355,34.53366927211317,0,1,-0.8402269447957108,,1.036,0.0
1034760,WYY,WIDEPOINT CORP,US,7373.0,Systems integration,2025Q1,post,1,33510039.0,17.32735562354451,-2.038279630484494,33.433769232307355,1,0,-2.436377349486224,,0.962,0.0
1034760,WYY,WIDEPOINT CORP,US,7373.0,Systems integration,2025Q2,post,1,37283809.0,17.434069715309167,3.4489772707692627,-2.038279630484494,0,0,-1.8998219843900606,,1.567,0.0
1034760,WYY,WIDEPOINT CORP,US,7373.0,Systems integration,2025Q3,post,1,36125207.0,17.40250143448426,4.346490986984478,3.4489772707692627,0,0,-1.2751096485066509,,1.454,0.0
1034760,WYY,WIDEPOINT CORP,US,7373.0,Systems integration,2025Q4,post,1,43626309.0,17.591170943767363,15.709628444389937,4.346490986984478,0,0,-1.832259061842706,,1.327,0.0
1044777,OSPN,OneSpan Inc.,US,7373.0,Systems integration,2025Q1,post,1,63366000.0,17.964437997956665,-2.2778094782783027,,1,1,27.11548780102894,,0.0,0.0
1044777,OSPN,OneSpan Inc.,US,7373.0,Systems integration,2025Q2,post,1,59843000.0,17.907235024063684,-1.7743418029019762,-2.2778094782783027,1,0,17.555938037865747,,0.0,0.0
1044777,OSPN,OneSpan Inc.,US,7373.0,Systems integration,2025Q3,post,1,57056000.0,17.859543799645003,1.4473169517442481,-1.7743418029019762,0,0,14.419167134043748,,0.0,0.0
1044777,OSPN,OneSpan Inc.,US,7373.0,Systems integration,2025Q4,post,1,62915000.0,17.957295167008205,2.8527055746280854,1.4473169517442481,0,0,19.917348803941827,,3.56,1.0
1046327,,REALNETWORKS INC,US,7371.0,IT consulting & application services,2019Q1,pre,0,39472000.0,17.491102117751275,100.87531806615777,-12.234296315928969,0,0,-27.62464531820024,,1.366,0.0
1046327,,REALNETWORKS INC,US,7371.0,IT consulting & application services,2019Q2,pre,0,44248000.0,17.60532073065665,181.40422284406003,100.87531806615777,0,0,-21.22355812692099,,0.685,0.0
1046327,,REALNETWORKS INC,US,7371.0,IT consulting & application services,2019Q3,pre,0,17691000.0,16.68856659365075,0.637123840946584,181.40422284406003,0,0,-28.8790910632525,,0.671,0.0
1046327,,REALNETWORKS INC,US,7371.0,IT consulting & application services,2019Q4,pre,0,43400000.0,17.585969999070635,162.12478105937066,0.637123840946584,0,1,-13.555299539170507,,2.457,0.0
1046327,,REALNETWORKS INC,US,7371.0,IT consulting & application services,2020Q1,pre,0,16822000.0,16.63819811150452,-57.38244831779489,162.12478105937066,1,1,-28.742123409820476,,1.173,0.0
1046327,,REALNETWORKS INC,US,7371.0,IT consulting & application services,2020Q2,pre,0,17085000.0,16.65371144353153,-61.388085337190375,-57.38244831779489,1,1,-16.312554872695348,,1.066,0.0
1046327,,REALNETWORKS INC,US,7371.0,IT consulting & application services,2020Q3,pre,0,16554000.0,16.622138322427478,-6.426996778022723,-61.388085337190375,1,1,-17.216382747372236,,1.038,0.0
1046327,,REALNETWORKS INC,US,7371.0,IT consulting & application services,2020Q4,pre,0,17601000.0,16.683466276576105,-59.444700460829495,-6.426996778022723,1,1,30.95278677347878,,4.051,0.0
1046327,,REALNETWORKS INC,US,7371.0,IT consulting & application services,2021Q1,pre,0,15888000.0,16.581074665267092,-5.552253002021162,-59.444700460829495,1,1,-38.9916918429003,,10.538,0.0
1046327,,REALNETWORKS INC,US,7371.0,IT consulting & application services,2021Q2,pre,0,14561000.0,16.493857279693042,-14.773192859233244,-5.552253002021162,1,1,-39.104457111462125,,10.446,0.0
1046327,,REALNETWORKS INC,US,7371.0,IT consulting & application services,2021Q3,pre,0,14332000.0,16.478005357406982,-13.422737706898635,-14.773192859233244,1,1,-45.06698297516048,,10.211,0.0
1046327,,REALNETWORKS INC,US,7371.0,IT consulting & application services,2021Q4,pre,0,13402000.0,16.410914507515255,-23.85659905687177,-13.422737706898635,1,1,-18.840471571407253,,9.621,0.0
1046327,,REALNETWORKS INC,US,7371.0,IT consulting & application services,2022Q1,pre,0,13276000.0,16.401468451822,-16.440080563947635,-23.85659905687177,1,1,-37.338053630611626,,12.368,0.0
1046327,,REALNETWORKS INC,US,7371.0,IT consulting & application services,2022Q2,pre,0,11856000.0,16.288344626518004,-18.57702080901037,-16.440080563947635,1,1,-41.48954116059379,,9.613,0.0
1046327,,REALNETWORKS INC,US,7371.0,IT consulting & application services,2022Q3,pre,0,11708000.0,16.275782926793912,-18.30867987719788,-18.57702080901037,1,,-58.190980526135974,,9.116,0.0
1052054,,"Symbolic Logic, Inc.",US,7371.0,IT consulting & application services,2019Q1,pre,0,6697000.0,15.717170222892188,-17.90880117675901,-24.509162303664922,1,1,-9.929819322084516,,0.0,0.0
1052054,,"Symbolic Logic, Inc.",US,7371.0,IT consulting & application services,2019Q2,pre,0,6256000.0,15.649051561207283,-23.116627749784932,-17.90880117675901,1,1,-111.7806905370844,,0.0,0.0
1052054,,"Symbolic Logic, Inc.",US,7371.0,IT consulting & application services,2019Q3,pre,0,6113000.0,15.625928209010862,-17.61455525606469,-23.116627749784932,1,1,-4.92393260265009,,0.0,0.0
1052054,,"Symbolic Logic, Inc.",US,7371.0,IT consulting & application services,2019Q4,pre,0,6684000.0,15.715227168697421,-3.424360641525791,-17.61455525606469,1,1,0.9724715739078396,,0.248,0.0
1052054,,"Symbolic Logic, Inc.",US,7371.0,IT consulting & application services,2020Q1,pre,0,6285000.0,15.653676400006486,-6.152008361953113,-3.424360641525791,1,0,-2.768496420047733,,0.0,0.0
1052054,,"Symbolic Logic, Inc.",US,7371.0,IT consulting & application services,2020Q2,pre,0,6329000.0,15.660652803757442,1.1668797953964194,-6.152008361953113,0,0,4.645283615105072,,0.0,0.0
1052054,,"Symbolic Logic, Inc.",US,7371.0,IT consulting & application services,2020Q3,pre,0,6774000.0,15.728602312359854,10.813021429739898,1.1668797953964194,0,0,5.772069678181281,,0.0,0.0
1052054,,"Symbolic Logic, Inc.",US,7371.0,IT consulting & application services,2020Q4,pre,0,6964000.0,15.756264579870217,4.189108318372233,10.813021429739898,0,1,-48.319931074095344,,0.222,0.0
1052054,,"Symbolic Logic, Inc.",US,7371.0,IT consulting & application services,2021Q1,pre,0,0.0,,-68.87975818666524,4.189108318372233,1,1,-468.9965058226251,,0.0,0.0
1052054,,"Symbolic Logic, Inc.",US,7371.0,IT consulting & application services,2021Q2,pre,0,0.0,,-68.87975818666524,-65.52412935323383,1,1,-468.9965058226251,,0.0,0.0
1056386,,Internap Corp,US,7370.0,IT consulting & application services,2019Q1,pre,0,73873000.0,18.117857960566024,0.06908509658367425,10.166345398729208,0,1,-2.807521015797382,24.670718665818363,0.0,0.0
1056386,,Internap Corp,US,7370.0,IT consulting & application services,2019Q2,pre,0,73022000.0,18.106271323572905,-11.222690965679064,0.06908509658367425,1,1,0.807975678562625,20.96902303415409,0.0,0.0
1056386,,Internap Corp,US,7370.0,IT consulting & application services,2019Q3,pre,0,72960000.0,18.10542190373035,-12.020065599073895,-11.222690965679064,1,1,-5.394736842105264,21.643366228070178,0.0,0.0
1056386,,Internap Corp,US,7370.0,IT consulting & application services,2019Q4,pre,0,71650000.0,18.087303712238455,-7.134988011146394,-12.020065599073895,1,,-87.93719469644104,24.734124214933708,0.12,0.0
1058290,CTSH,COGNIZANT TECHNOLOGY SOLUTIONS CORP,US,7371.0,IT consulting & application services,2019Q1,pre,0,4110000000.0,22.136688865454555,5.061349693251533,7.863113897596656,0,0,13.114355231143552,21.19221411192214,0.836,0.0
1058290,CTSH,COGNIZANT TECHNOLOGY SOLUTIONS CORP,US,7371.0,IT consulting & application services,2019Q2,pre,0,4141000000.0,22.14420314150984,3.3699450823764354,5.061349693251533,0,0,14.948080173871045,17.362955807775897,1.376,0.0
1058290,CTSH,COGNIZANT TECHNOLOGY SOLUTIONS CORP,US,7371.0,IT consulting & application services,2019Q3,pre,0,4248000000.0,22.16971412088605,4.168710152035311,3.3699450823764354,0,0,15.748587570621469,16.619585687382298,1.33,0.0
1058290,CTSH,COGNIZANT TECHNOLOGY SOLUTIONS CORP,US,7371.0,IT consulting & application services,2019Q4,pre,0,4284000000.0,22.178152989531913,3.7539355776217005,4.168710152035311,0,0,14.612511671335202,15.779645191409896,2.059,0.0
1058290,CTSH,COGNIZANT TECHNOLOGY SOLUTIONS CORP,US,7371.0,IT consulting & application services,2020Q1,pre,0,4225000000.0,22.16428509775555,2.798053527980535,3.7539355776217005,0,1,13.70414201183432,16.828402366863905,1.905,0.0
1058290,CTSH,COGNIZANT TECHNOLOGY SOLUTIONS CORP,US,7371.0,IT consulting & application services,2020Q2,pre,0,4000000000.0,22.1095601980663,-3.4049746438058444,2.798053527980535,1,1,11.675,17.775,0.968,0.0
1058290,CTSH,COGNIZANT TECHNOLOGY SOLUTIONS CORP,US,7371.0,IT consulting & application services,2020Q3,pre,0,4243000000.0,22.1685364031666,-0.11770244821092278,-3.4049746438058444,1,1,14.211642705632807,18.948856940843744,0.938,0.0
1058290,CTSH,COGNIZANT TECHNOLOGY SOLUTIONS CORP,US,7371.0,IT consulting & application services,2020Q4,pre,0,4184000000.0,22.154533563709034,-2.3342670401493932,-0.11770244821092278,1,0,11.11376673040153,20.889101338432123,3.899,0.0
1058290,CTSH,COGNIZANT TECHNOLOGY SOLUTIONS CORP,US,7371.0,IT consulting & application services,2021Q1,pre,0,4401000000.0,22.205097624775366,4.165680473372781,-2.3342670401493932,0,0,15.20109066121336,18.791183821858667,2.992,0.0
1058290,CTSH,COGNIZANT TECHNOLOGY SOLUTIONS CORP,US,7371.0,IT consulting & application services,2021Q2,pre,0,4585000000.0,22.246055942654838,14.625,4.165680473372781,0,0,15.179934569247546,19.214830970556164,2.399,0.0
1058290,CTSH,COGNIZANT TECHNOLOGY SOLUTIONS CORP,US,7371.0,IT consulting & application services,2021Q3,pre,0,4744000000.0,22.280146498641834,11.807683242988452,14.625,0,0,15.366779089376054,19.477234401349072,2.301,0.0
1058290,CTSH,COGNIZANT TECHNOLOGY SOLUTIONS CORP,US,7371.0,IT consulting & application services,2021Q4,pre,0,4777000000.0,22.287078571354236,14.17304015296367,11.807683242988452,0,0,15.323424743562905,18.233200753611055,2.327,0.0
1058290,CTSH,COGNIZANT TECHNOLOGY SOLUTIONS CORP,US,7371.0,IT consulting & application services,2022Q1,pre,0,4826000000.0,22.297283804149252,9.656896159963644,14.17304015296367,0,0,15.002072109407377,17.861583091587235,0.0,0.0
1058290,CTSH,COGNIZANT TECHNOLOGY SOLUTIONS CORP,US,7371.0,IT consulting & application services,2022Q2,pre,0,4906000000.0,22.31372478278271,7.001090512540895,9.656896159963644,0,0,15.491235222176927,17.998369343660823,0.0,0.0
1058290,CTSH,COGNIZANT TECHNOLOGY SOLUTIONS CORP,US,7371.0,IT consulting & application services,2022Q3,pre,0,4857000000.0,22.303686800310018,2.381956155143339,7.001090512540895,0,0,16.429894996911674,17.253448630842083,0.0,0.0
1058290,CTSH,COGNIZANT TECHNOLOGY SOLUTIONS CORP,US,7371.0,IT consulting & application services,2022Q4,transition,0,4839000000.0,22.29997392475759,1.297885702323634,2.381956155143339,0,1,14.176482744368672,17.772266997313494,1.548,0.0
1058290,CTSH,COGNIZANT TECHNOLOGY SOLUTIONS CORP,US,7371.0,IT consulting & application services,2023Q1,post,1,4812000000.0,22.294378635058845,-0.29009531703273933,1.297885702323634,1,1,14.588528678304238,17.352452202826267,0.0,0.0
1058290,CTSH,COGNIZANT TECHNOLOGY SOLUTIONS CORP,US,7371.0,IT consulting & application services,2023Q2,post,1,4886000000.0,22.30963980978196,-0.40766408479412963,-0.29009531703273933,1,0,11.809250920998773,16.987310683585754,0.0,0.0
1058290,CTSH,COGNIZANT TECHNOLOGY SOLUTIONS CORP,US,7371.0,IT consulting & application services,2023Q3,post,1,4897000000.0,22.311888609666592,0.8235536339304097,-0.40766408479412963,0,1,14.008576679599754,16.356953236675515,0.0,0.0
1058290,CTSH,COGNIZANT TECHNOLOGY SOLUTIONS CORP,US,7371.0,IT consulting & application services,2023Q4,post,1,4758000000.0,22.28309324882718,-1.6738995660260385,0.8235536339304097,1,1,15.216477511559479,16.51954602774275,6.6,1.0
1058290,CTSH,COGNIZANT TECHNOLOGY SOLUTIONS CORP,US,7371.0,IT consulting & application services,2024Q1,post,1,4760000000.0,22.283513505189738,-1.0806317539484622,-1.6738995660260385,1,1,14.600840336134455,16.071428571428573,4.915,1.0
1058290,CTSH,COGNIZANT TECHNOLOGY SOLUTIONS CORP,US,7371.0,IT consulting & application services,2024Q2,post,1,4850000000.0,22.302244541895803,-0.7367990176013098,-1.0806317539484622,1,0,14.597938144329897,16.103092783505154,3.936,1.0
1058290,CTSH,COGNIZANT TECHNOLOGY SOLUTIONS CORP,US,7371.0,IT consulting & application services,2024Q3,post,1,5044000000.0,22.341465255049084,3.0018378599142332,-0.7367990176013098,0,0,14.631245043616179,16.514670896114193,3.733,1.0
1058290,CTSH,COGNIZANT TECHNOLOGY SOLUTIONS CORP,US,7371.0,IT consulting & application services,2024Q4,post,1,5082000000.0,22.348970721844385,6.809583858764187,3.0018378599142332,0,0,14.777646595828415,16.60763478945297,16.006,1.0
1058290,CTSH,COGNIZANT TECHNOLOGY SOLUTIONS CORP,US,7371.0,IT consulting & application services,2025Q1,post,1,5115000000.0,22.355443236350002,7.457983193277311,6.809583858764187,0,0,16.676441837732163,15.464320625610947,6.094,1.0
1058290,CTSH,COGNIZANT TECHNOLOGY SOLUTIONS CORP,US,7371.0,IT consulting & application services,2025Q2,post,1,5245000000.0,22.38054107879467,8.144329896907216,7.457983193277311,0,0,15.5767397521449,15.44327931363203,5.078,1.0
1058290,CTSH,COGNIZANT TECHNOLOGY SOLUTIONS CORP,US,7371.0,IT consulting & application services,2025Q3,post,1,5415000000.0,22.412438717399365,7.355273592386995,8.144329896907216,0,0,15.992613111726687,15.38319482917821,4.79,1.0
1058290,CTSH,COGNIZANT TECHNOLOGY SOLUTIONS CORP,US,7371.0,IT consulting & application services,2025Q4,post,1,5333000000.0,22.397179768564875,4.939000393545848,7.355273592386995,0,0,15.99474967185449,15.113444590286893,18.251010000000004,1.0
1078075,NTCT,NETSCOUT SYSTEMS INC,US,7373.0,Systems integration,2019Q1,pre,0,235002000.0,19.275104582710515,-0.09437812468115497,-8.528169433041823,1,1,12.43861754368048,,0.0,0.0
1078075,NTCT,NETSCOUT SYSTEMS INC,US,7373.0,Systems integration,2019Q2,pre,0,186024000.0,19.041386255611595,-9.305693015001633,-0.09437812468115497,1,1,-13.142390229217735,,0.0,0.0
1078075,NTCT,NETSCOUT SYSTEMS INC,US,7373.0,Systems integration,2019Q3,pre,0,216421000.0,19.192736142742145,-3.2958440014834873,-9.305693015001633,1,0,-3.3707449831578264,,0.0,0.0
1078075,NTCT,NETSCOUT SYSTEMS INC,US,7373.0,Systems integration,2019Q4,pre,0,260024000.0,19.376284492412015,5.697375695099346,-3.2958440014834873,0,1,14.159846783373842,,0.0,0.0
1078075,NTCT,NETSCOUT SYSTEMS INC,US,7373.0,Systems integration,2020Q1,pre,0,229351000.0,19.250764139146195,-2.4046603858690565,5.697375695099346,1,1,5.477194344040357,,0.0,0.0
1078075,NTCT,NETSCOUT SYSTEMS INC,US,7373.0,Systems integration,2020Q2,pre,0,183815000.0,19.029440375002046,-1.1874811852234122,-2.4046603858690565,1,1,-7.88129369202731,,0.0,0.0
1078075,NTCT,NETSCOUT SYSTEMS INC,US,7373.0,Systems integration,2020Q3,pre,0,205339000.0,19.14017282985148,-5.120575175237153,-1.1874811852234122,1,1,1.8403712884547019,,0.0,0.0
1078075,NTCT,NETSCOUT SYSTEMS INC,US,7373.0,Systems integration,2020Q4,pre,0,228739000.0,19.248092173531973,-12.031581700150754,-5.120575175237153,1,1,13.889192485758878,,0.0,0.0
1078075,NTCT,NETSCOUT SYSTEMS INC,US,7373.0,Systems integration,2021Q1,pre,0,213389000.0,19.178627349111615,-6.959638283678728,-12.031581700150754,1,0,7.529910164066564,,0.0,0.0
1078075,NTCT,NETSCOUT SYSTEMS INC,US,7373.0,Systems integration,2021Q2,pre,0,190272000.0,19.063965185339907,3.5127709925740556,-6.959638283678728,0,0,-5.606184830137908,,0.0,0.0
1078075,NTCT,NETSCOUT SYSTEMS INC,US,7373.0,Systems integration,2021Q3,pre,0,211918000.0,19.171709965359963,3.2039700203078807,3.5127709925740556,0,0,5.740427901358072,,0.0,0.0
1078075,NTCT,NETSCOUT SYSTEMS INC,US,7373.0,Systems integration,2021Q4,pre,0,262194000.0,19.384595245736854,14.625839931100511,3.2039700203078807,0,1,21.150369573674453,,0.0,0.0
1078075,NTCT,NETSCOUT SYSTEMS INC,US,7373.0,Systems integration,2022Q1,pre,0,191191000.0,19.06878348634399,-10.40259807206557,14.625839931100511,1,0,-4.3511462359629896,,0.0,0.0
1078075,NTCT,NETSCOUT SYSTEMS INC,US,7373.0,Systems integration,2022Q2,pre,0,208812000.0,19.156944883585716,9.743945509586277,-10.40259807206557,0,0,-4.37091738022719,,0.0,0.0
1078075,NTCT,NETSCOUT SYSTEMS INC,US,7373.0,Systems integration,2022Q3,pre,0,228081000.0,19.245211386985595,7.6270066723921515,9.743945509586277,0,0,9.383946931134114,,0.0,0.0
1078075,NTCT,NETSCOUT SYSTEMS INC,US,7373.0,Systems integration,2022Q4,transition,0,269544000.0,19.412242200293118,2.8032678093320214,7.6270066723921515,0,0,23.651055115305848,,0.0,0.0
1078075,NTCT,NETSCOUT SYSTEMS INC,US,7373.0,Systems integration,2023Q1,post,1,208093000.0,19.15349565312391,8.840374285400463,2.8032678093320214,0,0,0.7871480539950888,,0.0,0.0
1078075,NTCT,NETSCOUT SYSTEMS INC,US,7373.0,Systems integration,2023Q2,post,1,211138000.0,19.16802250609297,1.113920655901002,8.840374285400463,0,1,-2.2236641438301015,,0.0,0.0
1078075,NTCT,NETSCOUT SYSTEMS INC,US,7373.0,Systems integration,2023Q3,post,1,196802000.0,19.097708705132415,-13.713987574589728,1.113920655901002,1,1,13.359620329061697,,0.0,0.0
1078075,NTCT,NETSCOUT SYSTEMS INC,US,7373.0,Systems integration,2023Q4,post,1,218072000.0,19.200335841453864,-19.09595464933369,-13.713987574589728,1,1,-61.652573461975855,,0.0,0.0
1078075,NTCT,NETSCOUT SYSTEMS INC,US,7373.0,Systems integration,2024Q1,post,1,203443000.0,19.130896425331976,-2.2345778089604167,-19.09595464933369,1,1,-18.1751153885855,,1.994,0.0
1078075,NTCT,NETSCOUT SYSTEMS INC,US,7373.0,Systems integration,2024Q2,post,1,174565000.0,18.9778077230852,-17.3218463753564,-2.2345778089604167,1,1,-265.4163205682697,,0.432,0.0
1078075,NTCT,NETSCOUT SYSTEMS INC,US,7373.0,Systems integration,2024Q3,post,1,191108000.0,19.06834927123328,-2.893263279844717,-17.3218463753564,1,0,7.390062163802666,,0.372,0.0
1078075,NTCT,NETSCOUT SYSTEMS INC,US,7373.0,Systems integration,2024Q4,post,1,252019000.0,19.345015039458897,15.566876994754026,-2.893263279844717,0,0,24.487439439089908,,0.354,0.0
1078075,NTCT,NETSCOUT SYSTEMS INC,US,7373.0,Systems integration,2025Q1,post,1,204987000.0,19.138457120457744,0.7589349350923846,15.566876994754026,0,0,9.701102996775406,,2.633,0.0
1078075,NTCT,NETSCOUT SYSTEMS INC,US,7373.0,Systems integration,2025Q2,post,1,186747000.0,19.04526531759114,6.978489387907083,0.7589349350923846,0,0,-3.51491590226349,,0.434,0.0
1078075,NTCT,NETSCOUT SYSTEMS INC,US,7373.0,Systems integration,2025Q3,post,1,219017000.0,19.204659910338844,14.603784247650541,6.978489387907083,0,1,14.832638562303382,,5.91,0.0
1078075,NTCT,NETSCOUT SYSTEMS INC,US,7373.0,Systems integration,2025Q4,post,1,250683000.0,19.33969975069768,-0.530118760887076,14.603784247650541,1,1,25.655908059182313,,0.418,0.0
1084384,,PARETEUM Corp,US,7373.0,Systems integration,2019Q1,pre,0,13069000.0,16.385753571579173,258.0437098796668,117.42809738508547,0,0,-110.06963042313873,,0.0,0.0
1084384,,PARETEUM Corp,US,7373.0,Systems integration,2019Q2,pre,0,16876000.0,16.641403052226366,335.1227269891085,258.0437098796668,0,0,-83.21284664612467,,0.0,0.0
1084384,,PARETEUM Corp,US,7373.0,Systems integration,2019Q3,pre,0,16083000.0,16.593273371477785,302.075,335.1227269891085,0,0,-82.5467885344774,,0.0,0.0
1084384,,PARETEUM Corp,US,7373.0,Systems integration,2019Q4,pre,0,16021000.0,16.58941091962885,83.53578289049211,302.075,0,0,-468.9965058226251,,0.0,0.0
1084384,,PARETEUM Corp,US,7373.0,Systems integration,2020Q1,pre,0,20055000.0,16.81398905718629,53.45474022495983,83.53578289049211,0,1,-44.85664422837198,,0.0,0.0
1084384,,PARETEUM Corp,US,7373.0,Systems integration,2020Q2,pre,0,16105000.0,16.594640340747436,-4.568618155961128,53.45474022495983,1,0,-61.452964917727414,,0.0,0.0
1084384,,PARETEUM Corp,US,7373.0,Systems integration,2020Q3,pre,0,16531000.0,16.62074796403515,2.7855499595846545,-4.568618155961128,0,0,-57.159276510797895,,0.0,0.0
1084384,,PARETEUM Corp,US,7373.0,Systems integration,2020Q4,pre,0,16946000.0,16.645542375740547,5.773672055427252,2.7855499595846545,0,1,-47.562846689484246,,0.0,0.0
1084384,,PARETEUM Corp,US,7373.0,Systems integration,2021Q1,pre,0,15466000.0,16.554154624151117,-22.88207429568686,5.773672055427252,1,,-65.76361050045261,,0.0,0.0
1085869,,PERFICIENT INC,US,7371.0,IT consulting & application services,2019Q1,pre,0,133815000.0,18.71196880699813,10.643945031502703,-1.330556346364195,0,0,7.869072973881853,24.304450173747338,0.0,0.0
1085869,,PERFICIENT INC,US,7371.0,IT consulting & application services,2019Q2,pre,0,141869000.0,18.770414654556763,16.4789241202647,10.643945031502703,0,0,9.431940734057475,23.3743805905448,0.0,0.0
1085869,,PERFICIENT INC,US,7371.0,IT consulting & application services,2019Q3,pre,0,144684000.0,18.79006261188745,16.743724431749413,16.4789241202647,0,0,10.925879848497415,23.868568742915595,0.0,0.0
1085869,,PERFICIENT INC,US,7371.0,IT consulting & application services,2019Q4,pre,0,145159000.0,18.79334025133529,10.21776434678289,16.743724431749413,0,0,10.755791924717034,23.401235886166205,2.765,0.0
1085869,,PERFICIENT INC,US,7371.0,IT consulting & application services,2020Q1,pre,0,145562000.0,18.796112670652313,8.778537533161455,10.21776434678289,0,0,8.54343853478243,22.822577321004108,0.562,0.0
1085869,,PERFICIENT INC,US,7371.0,IT consulting & application services,2020Q2,pre,0,146339000.0,18.801436405995144,3.15079404239122,8.778537533161455,0,0,8.021785033381395,23.14898967465952,0.496,0.0
1085869,,PERFICIENT INC,US,7371.0,IT consulting & application services,2020Q3,pre,0,157678000.0,18.876065536811502,8.980951591053607,3.15079404239122,0,0,9.93480384073872,21.92189144966324,0.427,0.0
1085869,,PERFICIENT INC,US,7371.0,IT consulting & application services,2020Q4,pre,0,162554000.0,18.9065208122244,11.983411293822636,8.980951591053607,0,0,9.482387391266903,20.308328309361812,1.308,0.0
1085869,,PERFICIENT INC,US,7371.0,IT consulting & application services,2021Q1,pre,0,169341000.0,18.94742499144029,16.33599428422253,11.983411293822636,0,0,11.932136930808252,20.06543010847934,0.0,0.0
1085869,,PERFICIENT INC,US,7371.0,IT consulting & application services,2021Q2,pre,0,184136000.0,19.031185172985666,25.828384777810427,16.33599428422253,0,0,14.171047486640308,20.32410826780206,0.0,0.0
1085869,,PERFICIENT INC,US,7371.0,IT consulting & application services,2021Q3,pre,0,192820000.0,19.07726766920051,22.28719288676924,25.828384777810427,0,0,14.528575873872004,20.3900010372368,0.0,0.0
1085869,,PERFICIENT INC,US,7371.0,IT consulting & application services,2021Q4,pre,0,214730000.0,19.184891982943316,32.097641399165816,22.28719288676924,0,0,14.724537791645323,19.41973641317003,2.062,0.0
1085869,,PERFICIENT INC,US,7371.0,IT consulting & application services,2022Q1,pre,0,222100000.0,19.218638288864657,31.155479181060702,32.097641399165816,0,0,15.39846915803692,19.023412877082396,0.0,0.0
1085869,,PERFICIENT INC,US,7371.0,IT consulting & application services,2022Q2,pre,0,222700000.0,19.221336132227595,20.943215883911893,31.155479181060702,0,0,17.736865738661876,18.347552761562643,0.0,0.0
1085869,,PERFICIENT INC,US,7371.0,IT consulting & application services,2022Q3,pre,0,227600000.0,19.24310026021645,18.037547972202052,20.943215883911893,0,0,14.586994727592268,19.452108963093146,0.0,0.0
1085869,,PERFICIENT INC,US,7371.0,IT consulting & application services,2022Q4,transition,0,232700000.0,19.26526062827252,8.368649001071113,18.037547972202052,0,0,16.072195960464118,18.79845294370434,2.077,0.0
1085869,,PERFICIENT INC,US,7371.0,IT consulting & application services,2023Q1,post,1,231408000.0,19.25969294429565,4.190904997748762,8.368649001071113,0,0,16.032721427089815,18.97946484131923,0.0,0.0
1085869,,PERFICIENT INC,US,7371.0,IT consulting & application services,2023Q2,post,1,231105000.0,19.258382710666123,3.7741356084418505,4.190904997748762,0,1,15.484303671491315,19.115553536271392,0.0,0.0
1085869,,PERFICIENT INC,US,7371.0,IT consulting & application services,2023Q3,post,1,223200000.0,19.22357878847143,-1.9332161687170473,3.7741356084418505,1,1,14.42652329749104,18.866039426523297,0.0,0.0
1085869,,PERFICIENT INC,US,7371.0,IT consulting & application services,2023Q4,post,1,220800000.0,19.212767872367213,-5.113880532874946,-1.9332161687170473,1,1,14.673913043478262,18.274003623188406,2.241,0.0
1085869,,PERFICIENT INC,US,7371.0,IT consulting & application services,2024Q1,post,1,215304000.0,19.187561540889366,-6.959137108483716,-5.113880532874946,1,1,7.292479470887675,22.835618474343256,0.0,0.0
1085869,,PERFICIENT INC,US,7371.0,IT consulting & application services,2024Q2,post,1,222817000.0,19.221861364722383,-3.586248674844768,-6.959137108483716,1,,10.501891686900013,19.638537454503023,0.0,0.0
1087423,,RED HAT INC,US,7370.0,IT consulting & application services,2019Q1,pre,0,878997000.0,20.594292042674343,13.810770497661629,13.211217442224237,0,0,17.811437354166166,,0.0,0.0
1087423,,RED HAT INC,US,7370.0,IT consulting & application services,2019Q2,pre,0,934111000.0,20.65510583281485,14.82194879107101,13.810770497661629,0,,14.14371525439696,,0.0,0.0
1095565,HSTM,HEALTHSTREAM INC,US,7370.0,IT consulting & application services,2019Q1,pre,0,65187000.0,17.99277062051368,18.828612052936673,8.24331903960629,0,0,8.236304784696335,,0.0,0.0
1095565,HSTM,HEALTHSTREAM INC,US,7370.0,IT consulting & application services,2019Q2,pre,0,63781000.0,17.970965898319477,11.880788661240528,18.828612052936673,0,0,3.555917906586601,,0.0,0.0
1095565,HSTM,HEALTHSTREAM INC,US,7370.0,IT consulting & application services,2019Q3,pre,0,62450000.0,17.94987679453586,4.213600333750522,11.880788661240528,0,0,6.001601281024819,,0.0,0.0
1095565,HSTM,HEALTHSTREAM INC,US,7370.0,IT consulting & application services,2019Q4,pre,0,62694000.0,17.953776307244304,4.795653990806519,4.213600333750522,0,1,5.3194883082910644,,0.0,0.0
1095565,HSTM,HEALTHSTREAM INC,US,7370.0,IT consulting & application services,2020Q1,pre,0,61572000.0,17.935717779712103,-5.545584242256892,4.795653990806519,1,1,11.765088027025271,,0.0,0.0
1095565,HSTM,HEALTHSTREAM INC,US,7370.0,IT consulting & application services,2020Q2,pre,0,60553000.0,17.919029572565915,-5.0610683432370145,-5.545584242256892,1,1,7.107822898948029,,0.0,0.0
1095565,HSTM,HEALTHSTREAM INC,US,7370.0,IT consulting & application services,2020Q3,pre,0,60883000.0,17.924464547570373,-2.5092073658927143,-5.0610683432370145,1,1,5.147578141681586,,0.0,0.0
1095565,HSTM,HEALTHSTREAM INC,US,7370.0,IT consulting & application services,2020Q4,pre,0,61818000.0,17.939705142155262,-1.3972628959709064,-2.5092073658927143,1,0,1.8376524636837168,,0.0,0.0
1095565,HSTM,HEALTHSTREAM INC,US,7370.0,IT consulting & application services,2021Q1,pre,0,63468000.0,17.966046399836117,3.0793217696355484,-1.3972628959709064,0,0,5.199470599357156,,0.0,0.0
1095565,HSTM,HEALTHSTREAM INC,US,7370.0,IT consulting & application services,2021Q2,pre,0,64816000.0,17.98706304442461,7.040113619473849,3.0793217696355484,0,0,5.293446062700568,,0.0,0.0
1095565,HSTM,HEALTHSTREAM INC,US,7370.0,IT consulting & application services,2021Q3,pre,0,64091000.0,17.97581450641688,5.269122743623015,7.040113619473849,0,0,2.785102432478819,,0.0,0.0
1095565,HSTM,HEALTHSTREAM INC,US,7370.0,IT consulting & application services,2021Q4,pre,0,64337000.0,17.97964545139556,4.074864926073312,5.269122743623015,0,0,-0.7165394718435737,,0.415,0.0
1095565,HSTM,HEALTHSTREAM INC,US,7370.0,IT consulting & application services,2022Q1,pre,0,65367000.0,17.995528101924524,2.992058990357345,4.074864926073312,0,0,6.172839506172839,,0.0,0.0
1095565,HSTM,HEALTHSTREAM INC,US,7370.0,IT consulting & application services,2022Q2,pre,0,65638000.0,17.999665354495885,1.2682053813873118,2.992058990357345,0,0,4.49891830951583,,0.0,0.0
1095565,HSTM,HEALTHSTREAM INC,US,7370.0,IT consulting & application services,2022Q3,pre,0,67285000.0,18.02444788715778,4.983539030441091,1.2682053813873118,0,0,3.5401649699041395,,0.0,0.0
1095565,HSTM,HEALTHSTREAM INC,US,7370.0,IT consulting & application services,2022Q4,transition,0,68536000.0,18.04286971262602,6.5265710244493835,4.983539030441091,0,0,4.49252947356134,,0.424,0.0
1095565,HSTM,HEALTHSTREAM INC,US,7370.0,IT consulting & application services,2023Q1,post,1,68946000.0,18.048834147467826,5.475239799899032,6.5265710244493835,0,0,4.193136657674121,,0.0,0.0
1095565,HSTM,HEALTHSTREAM INC,US,7370.0,IT consulting & application services,2023Q2,post,1,69198000.0,18.05248251843613,5.423687498095616,5.475239799899032,0,0,5.792074915459985,,0.0,0.0
1095565,HSTM,HEALTHSTREAM INC,US,7370.0,IT consulting & application services,2023Q3,post,1,70339000.0,18.068836968247126,4.538901686854426,5.423687498095616,0,0,6.913660984660004,,0.0,0.0
1095565,HSTM,HEALTHSTREAM INC,US,7370.0,IT consulting & application services,2023Q4,post,1,70580000.0,18.072257376211397,2.9823742266837865,4.538901686854426,0,0,6.031453669594787,,2.448,0.0
1095565,HSTM,HEALTHSTREAM INC,US,7370.0,IT consulting & application services,2024Q1,post,1,72760000.0,18.102676911614196,5.531865517941577,2.9823742266837865,0,0,7.820230896096756,,0.0,0.0
1095565,HSTM,HEALTHSTREAM INC,US,7370.0,IT consulting & application services,2024Q2,post,1,71556000.0,18.085990917893245,3.4076129367900805,5.531865517941577,0,0,6.1644027055732575,,0.0,0.0
1095565,HSTM,HEALTHSTREAM INC,US,7370.0,IT consulting & application services,2024Q3,post,1,73095000.0,18.107270522927852,3.918167730561992,3.4076129367900805,0,0,8.889800943977017,,0.0,0.0
1095565,HSTM,HEALTHSTREAM INC,US,7370.0,IT consulting & application services,2024Q4,post,1,74235000.0,18.122746295036233,5.178520827429867,3.918167730561992,0,0,6.315080487640601,,2.977,0.0
1095565,HSTM,HEALTHSTREAM INC,US,7370.0,IT consulting & application services,2025Q1,post,1,73485000.0,18.112591861722922,0.9964266080263882,5.178520827429867,0,0,5.9576784377764165,,0.0,0.0
1095565,HSTM,HEALTHSTREAM INC,US,7370.0,IT consulting & application services,2025Q2,post,1,74396000.0,18.124912734917153,3.968919447705294,0.9964266080263882,0,0,7.911715683638905,,0.0,0.0
1095565,HSTM,HEALTHSTREAM INC,US,7370.0,IT consulting & application services,2025Q3,post,1,76474000.0,18.152461371747066,4.622751214173336,3.968919447705294,0,0,9.894866229045165,,0.0,0.0
1095565,HSTM,HEALTHSTREAM INC,US,7370.0,IT consulting & application services,2025Q4,post,1,79709000.0,18.193893060848055,7.373880245167373,4.622751214173336,0,0,3.0172251565067936,,15.897,1.0
1104855,,"Support.com, Inc.",US,7374.0,Data processing & managed services,2019Q1,pre,0,18064000.0,16.70943156537158,9.333010531412663,7.672477289467223,0,1,6.504650132860938,,0.0,0.0
1104855,,"Support.com, Inc.",US,7374.0,Data processing & managed services,2019Q2,pre,0,16696000.0,16.630679727739174,-4.419509961071674,9.333010531412663,1,1,3.1684235745088642,,0.0,0.0
1104855,,"Support.com, Inc.",US,7374.0,Data processing & managed services,2019Q3,pre,0,15249000.0,16.54002448509715,-15.363268024643393,-4.419509961071674,1,1,8.780903665814153,,0.0,0.0
1104855,,"Support.com, Inc.",US,7374.0,Data processing & managed services,2019Q4,pre,0,13324000.0,16.405077478295706,-24.045148785771293,-15.363268024643393,1,1,-0.6904833383368358,,0.0,0.0
1104855,,"Support.com, Inc.",US,7374.0,Data processing & managed services,2020Q1,pre,0,11949000.0,16.29615815083189,-33.85186005314438,-24.045148785771293,1,1,2.753368482718219,,0.0,0.0
1104855,,"Support.com, Inc.",US,7374.0,Data processing & managed services,2020Q2,pre,0,11034000.0,16.216491972814513,-33.91231432678486,-33.85186005314438,1,1,4.2867500453144824,,0.0,0.0
1104855,,"Support.com, Inc.",US,7374.0,Data processing & managed services,2020Q3,pre,0,10338000.0,16.151336984738123,-32.205390517410976,-33.91231432678486,1,1,-6.345521377442445,,0.0,0.0
1104855,,"Support.com, Inc.",US,7374.0,Data processing & managed services,2020Q4,pre,0,10543000.0,16.170972690559086,-20.872110477334132,-32.205390517410976,1,1,-0.8915868348667363,,0.0,0.0
1104855,,"Support.com, Inc.",US,7374.0,Data processing & managed services,2021Q1,pre,0,9631000.0,16.080497620543003,-19.39911289647669,-20.872110477334132,1,1,-20.963555186377324,,0.0,0.0
1104855,,"Support.com, Inc.",US,7374.0,Data processing & managed services,2021Q2,pre,0,8512000.0,15.956987490563563,-22.85662497734276,-19.39911289647669,1,,-9.974154135338347,,1.736,0.0
1118417,,"MODEL N, INC.",US,7370.0,IT consulting & application services,2019Q1,pre,0,34843000.0,17.36636281416343,-11.191823418463578,-10.213223436660098,1,1,-13.629710415291449,,0.0,0.0
1118417,,"MODEL N, INC.",US,7370.0,IT consulting & application services,2019Q2,pre,0,34712000.0,17.362596006460322,-12.381048539768281,-11.191823418463578,1,1,-6.018091726204195,,0.0,0.0
1118417,,"MODEL N, INC.",US,7370.0,IT consulting & application services,2019Q3,pre,0,36603000.0,17.415640762225582,-0.30233698316718416,-12.381048539768281,1,0,-13.83219954648526,,0.0,0.0
1118417,,"MODEL N, INC.",US,7370.0,IT consulting & application services,2019Q4,pre,0,38388000.0,17.463255468719655,9.43923368589104,-0.30233698316718416,0,0,-6.403042617484631,,0.0,0.0
1118417,,"MODEL N, INC.",US,7370.0,IT consulting & application services,2020Q1,pre,0,39952000.0,17.50318929150169,14.662916511207417,9.43923368589104,0,0,-10.33990788946736,,0.0,0.0
1118417,,"MODEL N, INC.",US,7370.0,IT consulting & application services,2020Q2,pre,0,41256000.0,17.535307114712932,18.852270108319892,14.662916511207417,0,0,-0.9210781462090362,,0.0,0.0
1118417,,"MODEL N, INC.",US,7370.0,IT consulting & application services,2020Q3,pre,0,41460000.0,17.540239664971907,13.26940414720105,18.852270108319892,0,0,0.8755426917510853,,0.167,0.0
1118417,,"MODEL N, INC.",US,7370.0,IT consulting & application services,2020Q4,pre,0,42734000.0,17.57050541428507,11.321246222777951,13.26940414720105,0,0,-3.0935554827537795,,0.0,0.0
1118417,,"MODEL N, INC.",US,7370.0,IT consulting & application services,2021Q1,pre,0,48192000.0,17.690703590141702,20.624749699639565,11.321246222777951,0,0,-14.112300796812749,,0.0,0.0
1118417,,"MODEL N, INC.",US,7370.0,IT consulting & application services,2021Q2,pre,0,51038000.0,17.74808101128008,23.71049059530735,20.624749699639565,0,0,-7.611975390885223,,0.0,0.0
1118417,,"MODEL N, INC.",US,7370.0,IT consulting & application services,2021Q3,pre,0,51481000.0,17.756723365522962,24.170284611673903,23.71049059530735,0,0,-4.673568889493211,,0.173,0.0
1118417,,"MODEL N, INC.",US,7370.0,IT consulting & application services,2021Q4,pre,0,51542000.0,17.757907567247404,20.611222913839097,24.170284611673903,0,0,-3.9074929183966476,,0.0,0.0
1118417,,"MODEL N, INC.",US,7370.0,IT consulting & application services,2022Q1,pre,0,53280000.0,17.79107158419641,10.557768924302788,20.611222913839097,0,0,-7.400525525525525,,0.0,0.0
1118417,,"MODEL N, INC.",US,7370.0,IT consulting & application services,2022Q2,pre,0,56172000.0,17.84392897007021,10.059171597633137,10.557768924302788,0,0,-3.710033468632059,,0.0,0.0
1118417,,"MODEL N, INC.",US,7370.0,IT consulting & application services,2022Q3,pre,0,58170000.0,17.878880315886946,12.993143101338358,10.059171597633137,0,0,-8.447653429602887,,0.175,0.0
1118417,,"MODEL N, INC.",US,7370.0,IT consulting & application services,2022Q4,transition,0,59154000.0,17.895654770785235,14.76853827946141,12.993143101338358,0,0,-5.999594279338676,,0.0,0.0
1118417,,"MODEL N, INC.",US,7370.0,IT consulting & application services,2023Q1,post,1,62604000.0,17.95233973179253,17.5,14.76853827946141,0,0,-4.986901795412433,,0.0,0.0
1118417,,"MODEL N, INC.",US,7370.0,IT consulting & application services,2023Q2,post,1,63736000.0,17.97026011004234,13.46578366445916,17.5,0,0,4.595519015940756,,3.871,0.0
1118417,,"MODEL N, INC.",US,7370.0,IT consulting & application services,2023Q3,post,1,63969000.0,17.97390914897648,9.969056214543578,13.46578366445916,0,0,-0.5862214510153355,,2.882,0.0
1118417,,"MODEL N, INC.",US,7370.0,IT consulting & application services,2023Q4,post,1,63491000.0,17.966408721534485,7.3317104506880355,9.969056214543578,0,0,-4.200595359972279,,4.02,0.0
1118417,,"MODEL N, INC.",US,7370.0,IT consulting & application services,2024Q1,post,1,65111000.0,17.99160406371897,4.004536451344962,7.3317104506880355,0,,-4.031576845694276,,3.575,0.0
1124804,,Veradigm Inc.,US,7373.0,Systems integration,2019Q1,pre,0,399118000.0,19.80476767048025,-7.97838246618802,1.3599565547156236,1,1,-3.8269383991701704,24.05078197425323,0.0,0.0
1124804,,Veradigm Inc.,US,7373.0,Systems integration,2019Q2,pre,0,410883000.0,19.83381906040103,-6.927178660094595,-7.97838246618802,1,1,-3.30897116697454,24.450269298072687,0.0,0.0
1124804,,Veradigm Inc.,US,7373.0,Systems integration,2019Q3,pre,0,408280000.0,19.827463771499573,-5.584718914043892,-6.927178660094595,1,1,-3.849564024688939,23.5328695992946,0.0,0.0
1124804,,Veradigm Inc.,US,7373.0,Systems integration,2019Q4,pre,0,414330000.0,19.84217331572222,-6.333503637424098,-5.584718914043892,1,1,-13.299061134844207,26.132551347959353,0.0,0.0
1124804,,Veradigm Inc.,US,7373.0,Systems integration,2020Q1,pre,0,381364000.0,19.759264857582846,-4.448308520287234,-6.333503637424098,1,1,-7.07355702163812,24.340262845994904,0.0,0.0
1124804,,Veradigm Inc.,US,7373.0,Systems integration,2020Q2,pre,0,369304000.0,19.727130711066597,-10.119425724597999,-4.448308520287234,1,1,-6.678779542057492,29.757868856010223,0.0,0.0
1124804,,Veradigm Inc.,US,7373.0,Systems integration,2020Q3,pre,0,365618000.0,19.717099630467978,-10.449201528362888,-10.119425724597999,1,1,-3.0526396402802924,25.55727562647353,0.0,0.0
1124804,,Veradigm Inc.,US,7373.0,Systems integration,2020Q4,pre,0,386414000.0,19.772419891530337,-6.737624598749789,-10.449201528362888,1,1,-17.61789169129483,24.268530643299673,0.0,0.0
1124804,,Veradigm Inc.,US,7373.0,Systems integration,2021Q1,pre,0,134764000.0,18.71903565846045,-64.6626320260958,-6.737624598749789,1,1,7.681576682199993,22.969042177436112,0.0,0.0
1124804,,Veradigm Inc.,US,7373.0,Systems integration,2021Q2,pre,0,141023000.0,18.764433555607106,-61.81384442085653,-64.6626320260958,1,1,11.761911177609326,19.816625656807755,0.0,0.0
1124804,,Veradigm Inc.,US,7373.0,Systems integration,2021Q3,pre,0,144418000.0,18.78822243039398,-60.50030359555601,-61.81384442085653,1,1,10.164245454167762,19.544655098394937,0.0,0.0
1124804,,Veradigm Inc.,US,7373.0,Systems integration,2021Q4,pre,0,157222000.0,18.87316937727683,-59.312550787497344,-60.50030359555601,1,0,22.357558102555622,15.668290697230667,0.0,0.0
1124804,,Veradigm Inc.,US,7373.0,Systems integration,2022Q1,pre,0,136924000.0,18.734936585339177,1.6028019352349294,-59.312550787497344,0,0,-2.6058251292687915,32.61882504162894,0.0,0.0
1124804,,Veradigm Inc.,US,7373.0,Systems integration,2022Q2,pre,0,148483000.0,18.81598103153943,5.289917247541181,1.6028019352349294,0,0,-3.0441195288349507,28.531885805109003,0.0,0.0
1124804,,Veradigm Inc.,US,7373.0,Systems integration,2022Q3,pre,0,146398000.0,18.801839498195985,1.3710202329349526,5.289917247541181,0,1,-6.5253623683383655,26.313201000013663,0.0,0.0
1124804,,Veradigm Inc.,US,7373.0,Systems integration,2022Q4,transition,0,156212000.0,18.86672461700287,-0.6424037348462683,1.3710202329349526,1,0,-6.0571530996338305,27.943435843597165,2.233,1.0
1124804,,Veradigm Inc.,US,7373.0,Systems integration,2023Q1,post,1,149475000.0,18.82263971273124,9.16639887820981,-0.6424037348462683,0,0,2.5542732898478007,31.652784746613143,,
1124804,,Veradigm Inc.,US,7373.0,Systems integration,2023Q2,post,1,173197000.0,18.969940232926433,16.644329653899774,9.16639887820981,0,0,19.64121780400353,22.737691761404644,,
1124804,,Veradigm Inc.,US,7373.0,Systems integration,2023Q3,post,1,148806000.0,18.818154002130978,1.6448312135411685,16.644329653899774,0,1,0.8346437643643401,34.711637971587166,,
1124804,,Veradigm Inc.,US,7373.0,Systems integration,2023Q4,post,1,154506000.0,18.855743488499474,-1.0921056000819398,1.6448312135411685,1,1,-2.8536108630085564,40.50328142596404,,
1124804,,Veradigm Inc.,US,7373.0,Systems integration,2024Q1,post,1,146356000.0,18.801552567870264,-2.086636561297876,-1.0921056000819398,1,1,-92.96988165842193,52.934625160567386,,
1124804,,Veradigm Inc.,US,7373.0,Systems integration,2024Q2,post,1,152821000.0,18.844777859808406,-11.764637955622788,-2.086636561297876,1,1,-15.806073772583613,45.18227206993804,,
1124804,,Veradigm Inc.,US,7373.0,Systems integration,2024Q3,post,1,145181000.0,18.79349179779835,-2.436057685846001,-11.764637955622788,1,1,-15.878110772070725,45.227681308160165,,
1124804,,Veradigm Inc.,US,7373.0,Systems integration,2024Q4,post,1,150052000.0,18.82649245865219,-2.8827359455296233,-2.436057685846001,1,,-7.588702583104524,38.13544637858875,3.35,0.0
1131554,,SYNCHRONOSS TECHNOLOGIES INC,US,7371.0,IT consulting & application services,2019Q1,pre,0,88105000.0,18.29403984298497,5.251526120249913,-22.734074290177773,0,0,-23.084955450882468,33.1944838544918,0.0,0.0
1131554,,SYNCHRONOSS TECHNOLOGIES INC,US,7371.0,IT consulting & application services,2019Q2,pre,0,77846000.0,18.17024307406361,1.4385864324620155,5.251526120249913,0,1,-23.492536546514913,29.64827993731213,0.0,0.0
1131554,,SYNCHRONOSS TECHNOLOGIES INC,US,7371.0,IT consulting & application services,2019Q3,pre,0,52210000.0,17.770784605386734,-37.312393439473624,1.4385864324620155,1,0,-97.62880674200345,58.48687990806359,0.0,0.0
1131554,,SYNCHRONOSS TECHNOLOGIES INC,US,7371.0,IT consulting & application services,2019Q4,pre,0,90588000.0,18.321832311909763,10.335923607220288,-37.312393439473624,0,1,-20.078818386541265,33.01651432860865,1.308,0.0
1131554,,SYNCHRONOSS TECHNOLOGIES INC,US,7371.0,IT consulting & application services,2020Q1,pre,0,77122000.0,18.160899141540252,-12.465807842914705,10.335923607220288,1,1,-22.41513446228054,34.15886517465833,0.0,0.0
1131554,,SYNCHRONOSS TECHNOLOGIES INC,US,7371.0,IT consulting & application services,2020Q2,pre,0,76535000.0,18.153258710507945,-1.68409423734039,-12.465807842914705,1,0,-14.970928333442215,32.19442085320441,0.0,0.0
1131554,,SYNCHRONOSS TECHNOLOGIES INC,US,7371.0,IT consulting & application services,2020Q3,pre,0,68636000.0,18.04432773638765,31.46140586094618,-1.68409423734039,0,1,-24.765429220817065,33.89620607261495,0.0,0.0
1131554,,SYNCHRONOSS TECHNOLOGIES INC,US,7371.0,IT consulting & application services,2020Q4,pre,0,69377000.0,18.05506595844416,-23.414801077405397,31.46140586094618,1,1,-3.430531732418525,21.682978508727675,0.962,0.0
1131554,,SYNCHRONOSS TECHNOLOGIES INC,US,7371.0,IT consulting & application services,2021Q1,pre,0,65499000.0,17.997545433313363,-15.070926583854153,-23.414801077405397,1,1,-13.806317653704635,27.371410250538176,0.487,0.0
1131554,,SYNCHRONOSS TECHNOLOGIES INC,US,7371.0,IT consulting & application services,2021Q2,pre,0,71532000.0,18.085655459990065,-6.5368785522963355,-15.070926583854153,1,0,-5.700945031594252,30.628250293574904,0.393,0.0
1131554,,SYNCHRONOSS TECHNOLOGIES INC,US,7371.0,IT consulting & application services,2021Q3,pre,0,69753000.0,18.060470988493503,1.6274258406667055,-6.5368785522963355,0,1,-15.071753186242887,40.07426203890872,0.387,0.0
1131554,,SYNCHRONOSS TECHNOLOGIES INC,US,7371.0,IT consulting & application services,2021Q4,pre,0,-17442000.0,,-68.87975818666524,1.6274258406667055,1,1,12.206169017314528,4.5345106624057285,0.267,0.0
1131554,,SYNCHRONOSS TECHNOLOGIES INC,US,7371.0,IT consulting & application services,2022Q1,pre,0,46879000.0,17.6630803719475,-28.42791492999893,-65.52412935323383,1,1,-2.9437488001023913,38.17700889524094,0.536,0.0
1131554,,SYNCHRONOSS TECHNOLOGIES INC,US,7371.0,IT consulting & application services,2022Q2,pre,0,46055000.0,17.645346892404472,-35.61622770228709,-28.42791492999893,1,1,10.626424926718055,33.19509282379764,0.0,0.0
1131554,,SYNCHRONOSS TECHNOLOGIES INC,US,7371.0,IT consulting & application services,2022Q3,pre,0,39570000.0,17.493581813361608,-43.2712571502301,-35.61622770228709,1,0,3.2347738185494057,38.761688147586554,0.0,0.0
1131554,,SYNCHRONOSS TECHNOLOGIES INC,US,7371.0,IT consulting & application services,2022Q4,transition,0,41252000.0,17.535210154418095,336.50957459007,-43.2712571502301,0,1,-10.879472510423737,30.61669737224862,0.0,0.0
1131554,,SYNCHRONOSS TECHNOLOGIES INC,US,7371.0,IT consulting & application services,2023Q1,post,1,41985000.0,17.552822969599802,-10.439642483841379,336.50957459007,1,1,-4.6659521257592,38.02786709539121,0.0,0.0
1131554,,SYNCHRONOSS TECHNOLOGIES INC,US,7371.0,IT consulting & application services,2023Q2,post,1,41019000.0,17.52954593195933,-10.934751927043752,-10.439642483841379,1,0,-12.394256320241839,42.06830980765011,0.0,0.0
1131554,,SYNCHRONOSS TECHNOLOGIES INC,US,7371.0,IT consulting & application services,2023Q3,post,1,39790000.0,17.49912618240311,0.5559767500631791,-10.934751927043752,0,0,-9.517466700175923,50.98014576526766,0.0,0.0
1131554,,SYNCHRONOSS TECHNOLOGIES INC,US,7371.0,IT consulting & application services,2023Q4,post,1,41402000.0,17.538839746807437,0.36361873363715697,0.5559767500631791,0,0,0.44442297473552006,28.281242452055455,1.86,1.0
1131554,,SYNCHRONOSS TECHNOLOGIES INC,US,7371.0,IT consulting & application services,2024Q1,post,1,42965000.0,17.57589638872946,2.3341669643920446,0.36361873363715697,0,0,10.650529500756429,30.855347375770975,0.0,0.0
1131554,,SYNCHRONOSS TECHNOLOGIES INC,US,7371.0,IT consulting & application services,2024Q2,post,1,43458000.0,17.587305512405518,5.9460250127989465,2.3341669643920446,0,0,9.887707671775047,29.4261125684569,0.0,0.0
1131554,,SYNCHRONOSS TECHNOLOGIES INC,US,7371.0,IT consulting & application services,2024Q3,post,1,42964000.0,17.575873113700073,7.976878612716763,5.9460250127989465,0,0,12.836328088632342,32.0151754957639,0.0,0.0
1131554,,SYNCHRONOSS TECHNOLOGIES INC,US,7371.0,IT consulting & application services,2024Q4,post,1,44207000.0,17.60439370554928,6.775035022462683,7.976878612716763,0,1,16.49964937679553,26.891668740244757,3.178,1.0
1131554,,SYNCHRONOSS TECHNOLOGIES INC,US,7371.0,IT consulting & application services,2025Q1,post,1,42213000.0,17.5582387884385,-1.7502618410333994,6.775035022462683,1,1,19.493994740956577,26.95615094875986,0.0,0.0
1131554,,SYNCHRONOSS TECHNOLOGIES INC,US,7371.0,IT consulting & application services,2025Q2,post,1,42486000.0,17.564685167861967,-2.23664227530029,-1.7502618410333994,1,1,16.14649531610413,27.893894459351316,0.0,0.0
1131554,,SYNCHRONOSS TECHNOLOGIES INC,US,7371.0,IT consulting & application services,2025Q3,post,1,42003000.0,17.553251602268173,-2.2367563541569684,-2.23664227530029,1,,13.972811465847679,28.98364402542676,0.0,0.0
1131903,FCCN,SPECTRAL CAPITAL Corp,US,7374.0,Data processing & managed services,2025Q4,post,1,18700622.0,16.744067343303733,502.513410715471,544.2709220099438,0,0,-4.325904239976617,,8.111,0.0
1144879,APLD,Applied Digital Corp.,US,7374.0,Data processing & managed services,2022Q3,pre,0,6924000.0,15.750504195278237,502.513410715471,,0,0,-60.3264009243212,72.32813402657423,1.549,0.0
1144879,APLD,Applied Digital Corp.,US,7374.0,Data processing & managed services,2022Q4,transition,0,12340000.0,16.328356576441514,502.513410715471,544.2709220099438,0,0,-216.35332252836307,168.54553583996469,5.88,0.0
1144879,APLD,Applied Digital Corp.,US,7374.0,Data processing & managed services,2023Q1,post,1,14090000.0,16.460975883874863,502.513410715471,544.2709220099438,0,0,-49.602555003548616,74.84740951029099,4.307,0.0
1144879,APLD,Applied Digital Corp.,US,7374.0,Data processing & managed services,2023Q2,post,1,22038000.0,16.908278794029858,192.94164562009837,544.2709220099438,0,0,-22.901352209819404,50.52636355386151,11.828,0.0
1144879,APLD,Applied Digital Corp.,US,7374.0,Data processing & managed services,2023Q3,post,1,36323000.0,17.40796170740519,424.59560947429236,192.94164562009837,0,0,-20.28466811662032,44.517248024667566,5.18,0.0
1144879,APLD,Applied Digital Corp.,US,7374.0,Data processing & managed services,2023Q4,post,1,42203000.0,17.558001866526855,242.00162074554297,424.59560947429236,0,0,-18.747482406463995,48.02028291827595,4.19,0.0
1144879,APLD,Applied Digital Corp.,US,7374.0,Data processing & managed services,2024Q1,post,1,43348000.0,17.58477112402502,207.65081618168915,242.00162074554297,0,0,-127.93208452523761,69.25348343637539,17.933,1.0
1144879,APLD,Applied Digital Corp.,US,7374.0,Data processing & managed services,2024Q2,post,1,43701000.0,17.592881543099196,98.29839368363736,207.65081618168915,0,1,-63.16102606347681,71.668840529965,14.837,1.0
1144879,APLD,Applied Digital Corp.,US,7374.0,Data processing & managed services,2024Q3,post,1,34849000.0,17.366535000354524,-4.058034853949288,98.29839368363736,1,1,65.78880425762131,31.54466412235645,5.101,0.0
1144879,APLD,Applied Digital Corp.,US,7374.0,Data processing & managed services,2024Q4,post,1,36163000.0,17.403547054648648,-14.311778783498804,-4.058034853949288,1,0,-35.40911981859912,71.82479329701629,3.812,0.0
1144879,APLD,Applied Digital Corp.,US,7374.0,Data processing & managed services,2025Q1,post,1,52921000.0,17.78431079347996,22.08406385531051,-14.311778783498804,0,0,-35.794864042629584,42.937586213412445,3.925,0.0
1144879,APLD,Applied Digital Corp.,US,7374.0,Data processing & managed services,2025Q2,post,1,104636000.0,18.465998218642824,139.43616850872976,22.08406385531051,0,0,-62.808211323062814,46.05202798272105,8.422,1.0
1144879,APLD,Applied Digital Corp.,US,7374.0,Data processing & managed services,2025Q3,post,1,64216000.0,17.97776295879355,84.26927601939798,139.43616850872976,0,0,-34.71564719073128,45.3967858477638,10.819,0.0
1144879,APLD,Applied Digital Corp.,US,7374.0,Data processing & managed services,2025Q4,post,1,126589000.0,18.65645617606368,250.0511572601831,84.26927601939798,0,0,-24.454731453759806,45.022079327587704,8.933,0.0
1166388,,VERINT SYSTEMS INC,US,7373.0,Systems integration,2019Q1,pre,0,315259000.0,19.568905081172613,9.008080717271712,3.607744461630654,0,0,4.589242495852616,38.609841431965464,1.957,0.0
1166388,,VERINT SYSTEMS INC,US,7373.0,Systems integration,2019Q2,pre,0,324305000.0,19.597194988981695,5.86889173987275,9.008080717271712,0,0,4.710072308475047,38.934028152510756,2.111,0.0
1166388,,VERINT SYSTEMS INC,US,7373.0,Systems integration,2019Q3,pre,0,324867000.0,19.59892642576702,6.870121026504772,5.86889173987275,0,0,9.178217547488664,35.801112455250916,1.908,0.0
1166388,,VERINT SYSTEMS INC,US,7373.0,Systems integration,2019Q4,pre,0,339203000.0,19.642109306182533,2.7171971050479966,6.870121026504772,0,1,-18.140464559570525,4.5345106624057285,3.883,0.0
1166388,,VERINT SYSTEMS INC,US,7373.0,Systems integration,2020Q1,pre,0,185865000.0,19.04053116170084,-41.04371326433186,2.7171971050479966,1,1,-1.098108842439405,41.334839803082886,2.799,0.0
1166388,,VERINT SYSTEMS INC,US,7373.0,Systems integration,2020Q2,pre,0,204080000.0,19.13402263179783,-37.07158384853764,-41.04371326433186,1,1,10.570854566836536,38.09241473931792,2.275,0.0
1166388,,VERINT SYSTEMS INC,US,7373.0,Systems integration,2020Q3,pre,0,215222000.0,19.187180611509994,-33.75073491613491,-37.07158384853764,1,1,9.319214578435291,37.24851548633504,2.246,0.0
1166388,,VERINT SYSTEMS INC,US,7373.0,Systems integration,2020Q4,pre,0,225080000.0,19.231966452529353,-33.644454795505936,-33.75073491613491,1,0,7.922960725075528,41.14625910787276,3.42,0.0
1166388,,VERINT SYSTEMS INC,US,7373.0,Systems integration,2021Q1,pre,0,200904000.0,19.11833773999014,8.09135662981196,-33.644454795505936,0,0,2.2110062517421256,43.625811332775854,0.937,0.0
1166388,,VERINT SYSTEMS INC,US,7373.0,Systems integration,2021Q2,pre,0,214617000.0,19.184365602171543,5.163171305370443,8.09135662981196,0,0,5.375622620761636,42.57631035752061,0.867,0.0
1166388,,VERINT SYSTEMS INC,US,7373.0,Systems integration,2021Q3,pre,0,224820000.0,19.230810639997927,4.459581269572813,5.163171305370443,0,0,10.97233342229339,39.93327995729917,0.811,0.0
1166388,,VERINT SYSTEMS INC,US,7373.0,Systems integration,2021Q4,pre,0,234168000.0,19.271549364438034,4.037675493157988,4.459581269572813,0,0,2.6459635817020257,46.124150182774756,2.872,0.0
1166388,,VERINT SYSTEMS INC,US,7373.0,Systems integration,2022Q1,pre,0,217906000.0,19.199574335102525,8.46274837733445,4.037675493157988,0,0,0.22853891127366846,47.21393628445293,1.067,0.0
1166388,,VERINT SYSTEMS INC,US,7373.0,Systems integration,2022Q2,pre,0,222899000.0,19.2222293120293,3.8589673697796543,8.46274837733445,0,0,0.6774368660245224,47.422823790147106,0.929,0.0
1166388,,VERINT SYSTEMS INC,US,7373.0,Systems integration,2022Q3,pre,0,225193000.0,19.23246837026536,0.16591050618272396,3.8589673697796543,0,0,9.626409346649318,41.634065002020485,1.361,0.0
1166388,,VERINT SYSTEMS INC,US,7373.0,Systems integration,2022Q4,transition,0,236247000.0,19.2803884258448,0.8878241262683202,0.16591050618272396,0,1,14.252032830046518,38.34757690044741,3.671,0.0
1166388,,VERINT SYSTEMS INC,US,7373.0,Systems integration,2023Q1,post,1,216566000.0,19.19340590883406,-0.6149440584472203,0.8878241262683202,1,1,4.050497307980015,46.76588199440355,1.891,0.0
1166388,,VERINT SYSTEMS INC,US,7373.0,Systems integration,2023Q2,post,1,210165000.0,19.16340349445558,-5.712901358911435,-0.6149440584472203,1,1,-3.574334451502391,51.56615040563367,2.188,0.0
1166388,,VERINT SYSTEMS INC,US,7373.0,Systems integration,2023Q3,post,1,218547000.0,19.202511652343418,-2.951246264315498,-5.712901358911435,1,0,12.225287924336643,40.21057255418743,3.233,0.0
1166388,,VERINT SYSTEMS INC,US,7373.0,Systems integration,2023Q4,post,1,265109000.0,19.39565162013602,12.21687471163655,-2.951246264315498,0,0,15.166214651332094,40.88242949126586,8.511,1.0
1166388,,VERINT SYSTEMS INC,US,7373.0,Systems integration,2024Q1,post,1,221277000.0,19.214925868305087,2.1753183786928694,12.21687471163655,0,0,11.04723943292796,42.15349991187516,3.409,0.0
1166388,,VERINT SYSTEMS INC,US,7373.0,Systems integration,2024Q2,post,1,210170000.0,19.163427285003596,0.0023790831013727307,2.1753183786928694,0,0,6.599419517533425,44.33458628729124,3.108,0.0
1166388,,VERINT SYSTEMS INC,US,7373.0,Systems integration,2024Q3,post,1,224193000.0,19.228017845991808,2.5834259907479855,0.0023790831013727307,0,1,9.700570490604079,42.814450049733935,3.28,0.0
1166388,,VERINT SYSTEMS INC,US,7373.0,Systems integration,2024Q4,post,1,253546000.0,19.35105582409979,-4.361602208902753,2.5834259907479855,1,1,18.27045191010704,38.31375766133167,11.508,1.0
1166388,,VERINT SYSTEMS INC,US,7373.0,Systems integration,2025Q1,post,1,208097000.0,19.153514875113867,-5.956335272079792,-4.361602208902753,1,1,2.437324901368112,43.090481842602244,5.018,0.0
1166388,,VERINT SYSTEMS INC,US,7373.0,Systems integration,2025Q2,post,1,208007000.0,19.153082290945466,-1.0291668649188752,-5.956335272079792,1,,1.610041969741403,45.45039349637272,4.017,0.0
1169445,,"TruBridge, Inc.",US,7371.0,IT consulting & application services,2019Q1,pre,0,69141000.0,18.051658455760737,-2.4561948026297227,-7.346724398554995,1,1,8.747342387295527,,0.0,0.0
1169445,,"TruBridge, Inc.",US,7371.0,IT consulting & application services,2019Q2,pre,0,66156000.0,18.007526147359822,-2.575657168102496,-2.4561948026297227,1,1,5.465868553116875,,0.0,0.0
1169445,,"TruBridge, Inc.",US,7371.0,IT consulting & application services,2019Q3,pre,0,68699000.0,18.04524520104588,-0.8629522201538306,-2.575657168102496,1,1,8.743940959839298,,0.0,0.0
1169445,,"TruBridge, Inc.",US,7371.0,IT consulting & application services,2019Q4,pre,0,70638000.0,18.07307880128839,-2.335227508399353,-0.8629522201538306,1,0,12.6164387440188,,0.0,0.0
1169445,,"TruBridge, Inc.",US,7371.0,IT consulting & application services,2020Q1,pre,0,69757000.0,18.060528332053117,0.890933020928248,-2.335227508399353,0,1,8.790515647175194,,0.0,0.0
1169445,,"TruBridge, Inc.",US,7371.0,IT consulting & application services,2020Q2,pre,0,59549000.0,17.902310061013335,-9.987000423242035,0.890933020928248,1,1,4.609649196460058,,0.0,0.0
1169445,,"TruBridge, Inc.",US,7371.0,IT consulting & application services,2020Q3,pre,0,68333000.0,18.039903370373896,-0.5327588465625409,-9.987000423242035,1,1,9.079068678383798,,0.0,0.0
1169445,,"TruBridge, Inc.",US,7371.0,IT consulting & application services,2020Q4,pre,0,66849000.0,18.017946902537215,-5.363968402276395,-0.5327588465625409,1,1,8.935062603778665,,0.0,0.0
1169445,,"TruBridge, Inc.",US,7371.0,IT consulting & application services,2021Q1,pre,0,68005000.0,18.03509178984899,-2.5115758991929122,-5.363968402276395,1,0,7.225939269171384,,0.0,0.0
1169445,,"TruBridge, Inc.",US,7371.0,IT consulting & application services,2021Q2,pre,0,68533000.0,18.042825939052115,15.086735293623738,-2.5115758991929122,0,0,11.290910948010447,,0.0,0.0
1169445,,"TruBridge, Inc.",US,7371.0,IT consulting & application services,2021Q3,pre,0,70091000.0,18.065304955745255,2.5726954765633003,15.086735293623738,0,0,6.464453353497595,,0.0,0.0
1169445,,"TruBridge, Inc.",US,7371.0,IT consulting & application services,2021Q4,pre,0,74000000.0,18.119575651168443,10.697243040284821,2.5726954765633003,0,0,10.167567567567568,,0.0,0.0
1169445,,"TruBridge, Inc.",US,7371.0,IT consulting & application services,2022Q1,pre,0,77871000.0,18.170564169386726,14.507756782589516,10.697243040284821,0,0,11.53959753952049,,0.0,0.0
1169445,,"TruBridge, Inc.",US,7371.0,IT consulting & application services,2022Q2,pre,0,82726000.0,18.23104449994307,20.709731078458553,14.507756782589516,0,0,5.546019389309286,,0.0,0.0
1169445,,"TruBridge, Inc.",US,7371.0,IT consulting & application services,2022Q3,pre,0,82827000.0,18.232264653157213,18.170663851279052,20.709731078458553,0,0,5.967860721745325,,0.0,0.0
1169445,,"TruBridge, Inc.",US,7371.0,IT consulting & application services,2022Q4,transition,0,83224000.0,18.23704632573287,12.464864864864865,18.170663851279052,0,0,5.1259252138806115,,0.167,0.0
1169445,,"TruBridge, Inc.",US,7371.0,IT consulting & application services,2023Q1,post,1,86233000.0,18.272563492999424,10.738272270806847,12.464864864864865,0,0,7.299989563160275,,0.0,0.0
1169445,,"TruBridge, Inc.",US,7371.0,IT consulting & application services,2023Q2,post,1,84622000.0,18.25370483805134,2.2919033919203153,10.738272270806847,0,1,-2.252369360213656,,0.0,0.0
1169445,,"TruBridge, Inc.",US,7371.0,IT consulting & application services,2023Q3,post,1,82712000.0,18.230875252248666,-0.1388436137974332,2.2919033919203153,1,0,-6.302592126898153,,0.0,0.0
1169445,,"TruBridge, Inc.",US,7371.0,IT consulting & application services,2023Q4,post,1,83397000.0,18.239122895458973,0.20787272902047485,-0.1388436137974332,0,1,-53.79570008513495,,4.032,1.0
1169445,,"TruBridge, Inc.",US,7371.0,IT consulting & application services,2024Q1,post,1,84117000.0,18.247719244824733,-2.453816984217179,0.20787272902047485,1,0,-0.6990263561467955,,0.0,0.0
1169445,,"TruBridge, Inc.",US,7371.0,IT consulting & application services,2024Q2,post,1,85600000.0,18.26519584111197,1.1557278249155065,-2.453816984217179,0,0,-2.510514018691589,,0.369,0.0
1169445,,"TruBridge, Inc.",US,7371.0,IT consulting & application services,2024Q3,post,1,84700000.0,18.254626159622283,2.4035206499661474,1.1557278249155065,0,0,3.322314049586777,,0.357,0.0
1169445,,"TruBridge, Inc.",US,7371.0,IT consulting & application services,2024Q4,post,1,87788000.0,18.290435375004886,5.265177404462991,2.4035206499661474,0,0,7.169544812502848,,5.557,1.0
1169445,,"TruBridge, Inc.",US,7371.0,IT consulting & application services,2025Q1,post,1,87208000.0,18.28380662779033,3.6746436511050087,5.265177404462991,0,0,9.356939730299972,,2.743,1.0
1169445,,"TruBridge, Inc.",US,7371.0,IT consulting & application services,2025Q2,post,1,85729000.0,18.266701716058737,0.15070093457943926,3.6746436511050087,0,0,4.23077371717855,,2.352,1.0
1169445,,"TruBridge, Inc.",US,7371.0,IT consulting & application services,2025Q3,post,1,86106000.0,18.271089653381125,1.6599763872491144,0.15070093457943926,0,0,4.724409448818897,,3.38,1.0
1169445,,"TruBridge, Inc.",US,7371.0,IT consulting & application services,2025Q4,post,1,87793000.0,18.290492328775525,0.005695539253656536,1.6599763872491144,0,1,5.669016892007336,,8.314,1.0
1207074,,VIRTUSA CORP,US,7371.0,IT consulting & application services,2019Q1,pre,0,327631000.0,19.60739853306091,16.45334309610046,19.283648397135806,0,0,7.03230158318352,22.655670556205,0.776,0.0
1207074,,VIRTUSA CORP,US,7371.0,IT consulting & application services,2019Q2,pre,0,319024000.0,19.58077689302882,6.330345864260694,16.45334309610046,0,0,4.209087717538492,22.21180851597372,0.0,0.0
1207074,,VIRTUSA CORP,US,7371.0,IT consulting & application services,2019Q3,pre,0,328501000.0,19.610050440024338,7.521929824561403,6.330345864260694,0,0,5.8553855239405666,21.51652506385064,0.0,0.0
1207074,,VIRTUSA CORP,US,7371.0,IT consulting & application services,2019Q4,pre,0,335107000.0,19.62996044177614,6.491017887956375,7.521929824561403,0,0,9.074713449733965,20.372597409185722,0.0,0.0
1207074,,VIRTUSA CORP,US,7371.0,IT consulting & application services,2020Q1,pre,0,329651000.0,19.613545077039383,0.6165472742200829,6.491017887956375,0,1,5.199134842606271,19.14600592748088,0.998,0.0
1207074,,VIRTUSA CORP,US,7371.0,IT consulting & application services,2020Q2,pre,0,301064000.0,19.522833424696465,-5.62967049500978,0.6165472742200829,1,1,2.376571094518109,20.41061036855951,0.0,0.0
1207074,,VIRTUSA CORP,US,7371.0,IT consulting & application services,2020Q3,pre,0,317188000.0,19.575005215987918,-3.443825132952411,-5.62967049500978,1,0,4.012131606492049,22.476260135944614,0.0,0.0
1207074,,VIRTUSA CORP,US,7371.0,IT consulting & application services,2020Q4,pre,0,346100000.0,19.662238308605573,3.2804447534668033,-3.443825132952411,0,,11.97659635943369,20.949725512857555,0.0,0.0
1210677,FA,FIRST ADVANTAGE CORP,US,7374.0,Data processing & managed services,2022Q1,pre,0,189881000.0,19.061908118117618,43.77299916710835,,0,0,9.004587083489133,15.033099678219516,0.0,0.0
1210677,FA,FIRST ADVANTAGE CORP,US,7374.0,Data processing & managed services,2022Q2,pre,0,201561000.0,19.12160262306621,15.292347820118287,43.77299916710835,0,0,11.301789532697297,15.44743278709671,0.0,0.0
1210677,FA,FIRST ADVANTAGE CORP,US,7374.0,Data processing & managed services,2022Q3,pre,0,205986000.0,19.143318763279343,6.802096781720045,15.292347820118287,0,0,12.456186342761159,13.609662792616975,0.0,0.0
1210677,FA,FIRST ADVANTAGE CORP,US,7374.0,Data processing & managed services,2022Q4,transition,0,212595000.0,19.174899505251254,0.029642594997459207,6.802096781720045,0,1,13.519603001011312,13.605682165620076,1.1,0.0
1210677,FA,FIRST ADVANTAGE CORP,US,7374.0,Data processing & managed services,2023Q1,post,1,175520000.0,18.983263554491195,-7.563157977891416,0.029642594997459207,1,1,6.430606198723793,16.34115770282589,0.0,0.0
1210677,FA,FIRST ADVANTAGE CORP,US,7374.0,Data processing & managed services,2023Q2,post,1,185315000.0,19.037567637790445,-8.06009098982442,-7.563157977891416,1,1,9.517308366834849,16.178938564066588,0.481,0.0
1210677,FA,FIRST ADVANTAGE CORP,US,7374.0,Data processing & managed services,2023Q3,post,1,200364000.0,19.115646270319093,-2.7293117007951997,-8.06009098982442,1,1,11.584416362220757,15.08105248447825,0.457,0.0
1210677,FA,FIRST ADVANTAGE CORP,US,7374.0,Data processing & managed services,2023Q4,post,1,202562000.0,19.126556570489036,-4.719301959124157,-2.7293117007951997,1,1,14.504694858858027,13.749370563086858,4.383,0.0
1210677,FA,FIRST ADVANTAGE CORP,US,7374.0,Data processing & managed services,2024Q1,post,1,169416000.0,18.947867786725556,-3.477666362807657,-4.719301959124157,1,1,-0.4285309533928318,24.001274968125795,0.519,0.0
1210677,FA,FIRST ADVANTAGE CORP,US,7374.0,Data processing & managed services,2024Q2,post,1,184546000.0,19.033409312862393,-0.41496910665623393,-3.477666362807657,1,1,5.366141774950419,20.937869149155226,0.458,0.0
1210677,FA,FIRST ADVANTAGE CORP,US,7374.0,Data processing & managed services,2024Q3,post,1,199119000.0,19.10941319391377,-0.6213691082230342,-0.41496910665623393,1,0,4.576660188128707,23.12687387943893,0.424,0.0
1210677,FA,FIRST ADVANTAGE CORP,US,7374.0,Data processing & managed services,2024Q4,post,1,307124000.0,19.542762132797062,51.6197509898204,-0.6213691082230342,0,0,-26.267566194761727,45.1250960524088,4.089,0.0
1210677,FA,FIRST ADVANTAGE CORP,US,7374.0,Data processing & managed services,2025Q1,post,1,354588000.0,19.686467110084216,109.30018416206262,51.6197509898204,0,0,2.148126840163796,18.49611379967737,1.579,0.0
1210677,FA,FIRST ADVANTAGE CORP,US,7374.0,Data processing & managed services,2025Q2,post,1,390633000.0,19.783279058245228,111.67242855439837,109.30018416206262,0,0,9.660474153489336,14.712786682128751,1.304,0.0
1210677,FA,FIRST ADVANTAGE CORP,US,7374.0,Data processing & managed services,2025Q3,post,1,409151000.0,19.829594839026086,105.48064222901883,111.67242855439837,0,0,10.324550104973468,14.043470503554921,1.306,0.0
1210677,FA,FIRST ADVANTAGE CORP,US,7374.0,Data processing & managed services,2025Q4,post,1,420017000.0,19.855805744613026,36.75811724254699,105.48064222901883,0,0,10.683139015801741,13.252320739398643,3.947,1.0
1212458,,PROOFPOINT INC,US,7374.0,Data processing & managed services,2019Q1,pre,0,202937000.0,19.128406144011553,24.914287121216784,35.094167534491795,0,0,-13.986606680891114,,0.304,0.0
1212458,,PROOFPOINT INC,US,7374.0,Data processing & managed services,2019Q2,pre,0,214439000.0,19.183535873603653,24.76450909090909,24.914287121216784,0,0,-13.659828669225279,,0.273,0.0
1212458,,PROOFPOINT INC,US,7374.0,Data processing & managed services,2019Q3,pre,0,227385000.0,19.242155174044367,23.45870050331471,24.76450909090909,0,0,-10.75092904105372,,0.25,0.0
1212458,,PROOFPOINT INC,US,7374.0,Data processing & managed services,2019Q4,pre,0,243429000.0,19.31033587686005,22.64723220088775,23.45870050331471,0,0,-9.369877869933328,,1.128,0.0
1212458,,PROOFPOINT INC,US,7374.0,Data processing & managed services,2020Q1,pre,0,249774000.0,19.3360670669721,23.079576420268356,22.64723220088775,0,0,-16.722717336472172,,0.262,0.0
1212458,,PROOFPOINT INC,US,7374.0,Data processing & managed services,2020Q2,pre,0,258438000.0,19.37016637788416,20.518189321905066,23.079576420268356,0,0,-4.190560211733568,,0.248,0.0
1212458,,PROOFPOINT INC,US,7374.0,Data processing & managed services,2020Q3,pre,0,266669000.0,19.40151874692581,17.27642544582976,20.518189321905066,0,0,-7.916180733418583,,0.241,0.0
1212458,,PROOFPOINT INC,US,7374.0,Data processing & managed services,2020Q4,pre,0,275129000.0,19.43275063655119,13.022277542938598,17.27642544582976,0,0,-7.809791043474153,,1.234,0.0
1212458,,PROOFPOINT INC,US,7374.0,Data processing & managed services,2021Q1,pre,0,287831000.0,19.477884060306902,15.236573862771946,13.022277542938598,0,0,-14.613436356751011,,0.245,0.0
1212458,,PROOFPOINT INC,US,7374.0,Data processing & managed services,2021Q2,pre,0,308653000.0,19.54772822650423,19.430192154404537,15.236573862771946,0,,-15.343443932182744,,0.236,0.0
1286139,LZ,"LEGALZOOM.COM, INC.",US,7374.0,Data processing & managed services,2022Q1,pre,0,155427000.0,18.86168672597962,15.445807831719055,,0,0,-16.133618997986193,,0.0,0.0
1286139,LZ,"LEGALZOOM.COM, INC.",US,7374.0,Data processing & managed services,2022Q2,pre,0,162649000.0,18.907105062693816,8.121277387789833,15.445807831719055,0,0,-7.002194910512823,,0.0,0.0
1286139,LZ,"LEGALZOOM.COM, INC.",US,7374.0,Data processing & managed services,2022Q3,pre,0,155277000.0,18.86072117670022,5.002738725579697,8.121277387789833,0,0,-6.570837921907301,,0.0,0.0
1286139,LZ,"LEGALZOOM.COM, INC.",US,7374.0,Data processing & managed services,2022Q4,transition,0,146626000.0,18.80339568503401,3.15822058999416,5.002738725579697,0,0,3.361613902036474,,0.0,0.0
1286139,LZ,"LEGALZOOM.COM, INC.",US,7374.0,Data processing & managed services,2023Q1,post,1,165936000.0,18.927112729811654,6.761373506533613,3.15822058999416,0,0,-0.4797030180310481,,1.606,1.0
1286139,LZ,"LEGALZOOM.COM, INC.",US,7374.0,Data processing & managed services,2023Q2,post,1,168854000.0,18.94454499418064,3.8149635103812503,6.761373506533613,0,0,2.8101199853127556,,4.52,1.0
1286139,LZ,"LEGALZOOM.COM, INC.",US,7374.0,Data processing & managed services,2023Q3,post,1,167274000.0,18.935143744435642,7.726192546223845,3.8149635103812503,0,0,6.131257696952306,,5.556,1.0
1286139,LZ,"LEGALZOOM.COM, INC.",US,7374.0,Data processing & managed services,2023Q4,post,1,158663000.0,18.882293014016863,8.209321675555495,7.726192546223845,0,0,4.319847727573537,,3.872,1.0
1286139,LZ,"LEGALZOOM.COM, INC.",US,7374.0,Data processing & managed services,2024Q1,post,1,174214000.0,18.97579498654719,4.98867033072992,8.209321675555495,0,0,2.901603774667937,,6.995,1.0
1286139,LZ,"LEGALZOOM.COM, INC.",US,7374.0,Data processing & managed services,2024Q2,post,1,177362000.0,18.993703399708526,5.038672462600827,4.98867033072992,0,0,0.646136150922971,,7.271,1.0
1286139,LZ,"LEGALZOOM.COM, INC.",US,7374.0,Data processing & managed services,2024Q3,post,1,168599000.0,18.94303367231634,0.7921135382665567,5.038672462600827,0,0,9.649523425405844,,7.328,1.0
1286139,LZ,"LEGALZOOM.COM, INC.",US,7374.0,Data processing & managed services,2024Q4,post,1,161706000.0,18.901290429610324,1.9179014641094647,0.7921135382665567,0,0,8.107924257603305,,6.796,1.0
1286139,LZ,"LEGALZOOM.COM, INC.",US,7374.0,Data processing & managed services,2025Q1,post,1,183110000.0,19.025597623117896,5.106363438070419,1.9179014641094647,0,0,4.896510294358582,,10.602,1.0
1286139,LZ,"LEGALZOOM.COM, INC.",US,7374.0,Data processing & managed services,2025Q2,post,1,192509000.0,19.075653463845967,8.540160801073512,5.106363438070419,0,0,-1.6103143229667185,,9.851,1.0
1286139,LZ,"LEGALZOOM.COM, INC.",US,7374.0,Data processing & managed services,2025Q3,post,1,190158000.0,19.06336586350192,12.787145831232689,8.540160801073512,0,0,3.4145289706454633,,8.569,1.0
1286139,LZ,"LEGALZOOM.COM, INC.",US,7374.0,Data processing & managed services,2025Q4,post,1,190266000.0,19.063933651038468,17.661682312344627,12.787145831232689,0,0,6.631242576182818,,6.81,1.0
1288847,FIVN,"Five9, Inc.",US,7374.0,Data processing & managed services,2019Q1,pre,0,74538000.0,18.12681962042387,26.539343009931244,30.561521939245168,0,0,-0.4319944189540906,,0.0,0.0
1288847,FIVN,"Five9, Inc.",US,7374.0,Data processing & managed services,2019Q2,pre,0,77436000.0,18.164962346705977,26.695026178010473,26.539343009931244,0,0,0.10976806653236221,,0.0,0.0
1288847,FIVN,"Five9, Inc.",US,7374.0,Data processing & managed services,2019Q3,pre,0,83769000.0,18.243573568610966,28.27545020213157,26.695026178010473,0,0,0.5634542611228498,,0.0,0.0
1288847,FIVN,"Five9, Inc.",US,7374.0,Data processing & managed services,2019Q4,pre,0,92263000.0,18.340153752365637,27.549595631437064,28.27545020213157,0,0,3.286257763133651,,2.283,0.0
1288847,FIVN,"Five9, Inc.",US,7374.0,Data processing & managed services,2020Q1,pre,0,95088000.0,18.37031333658858,27.569830153747084,27.549595631437064,0,0,-5.212014134275619,,0.0,0.0
1288847,FIVN,"Five9, Inc.",US,7374.0,Data processing & managed services,2020Q2,pre,0,99792000.0,18.418598577748043,28.870292887029287,27.569830153747084,0,0,-8.246151996151996,,0.0,0.0
1288847,FIVN,"Five9, Inc.",US,7374.0,Data processing & managed services,2020Q3,pre,0,112143000.0,18.53528540057591,33.87171865487233,28.870292887029287,0,0,-1.5917177175570476,,0.372,0.0
1288847,FIVN,"Five9, Inc.",US,7374.0,Data processing & managed services,2020Q4,pre,0,127885000.0,18.66664198054702,38.609193284415205,33.87171865487233,0,0,2.083903507057122,,1.992,0.0
1288847,FIVN,"Five9, Inc.",US,7374.0,Data processing & managed services,2021Q1,pre,0,137882000.0,18.741908804874722,45.00462729261316,38.609193284415205,0,0,-8.040208294048535,,0.425,0.0
1288847,FIVN,"Five9, Inc.",US,7374.0,Data processing & managed services,2021Q2,pre,0,143782000.0,18.783808821563746,44.08168991502325,45.00462729261316,0,0,-9.871889388101431,,0.319,0.0
1288847,FIVN,"Five9, Inc.",US,7374.0,Data processing & managed services,2021Q3,pre,0,154328000.0,18.85459076554986,37.61714953229359,44.08168991502325,0,0,-12.305608833134622,,0.356,0.0
1288847,FIVN,"Five9, Inc.",US,7374.0,Data processing & managed services,2021Q4,pre,0,173599000.0,18.97225859980527,35.74617820698284,37.61714953229359,0,0,-6.900385370883473,,2.789,0.0
1288847,FIVN,"Five9, Inc.",US,7374.0,Data processing & managed services,2022Q1,pre,0,182777000.0,19.023777388499322,32.56045024006034,35.74617820698284,0,0,-16.872473013562974,,0.0,0.0
1288847,FIVN,"Five9, Inc.",US,7374.0,Data processing & managed services,2022Q2,pre,0,189382000.0,19.05927669724114,31.714679167072372,32.56045024006034,0,0,-11.490532363160174,,0.0,0.0
1288847,FIVN,"Five9, Inc.",US,7374.0,Data processing & managed services,2022Q3,pre,0,198342000.0,19.10550337136608,28.519776061375772,31.714679167072372,0,0,-10.956327958778273,,0.0,0.0
1288847,FIVN,"Five9, Inc.",US,7374.0,Data processing & managed services,2022Q4,transition,0,208345000.0,19.154705917464625,20.015092252835558,28.519776061375772,0,0,-6.360123833065348,,3.024,0.0
1288847,FIVN,"Five9, Inc.",US,7374.0,Data processing & managed services,2023Q1,post,1,218439000.0,19.202017357321616,19.511207646476308,20.015092252835558,0,0,-13.274644179839681,,0.0,0.0
1288847,FIVN,"Five9, Inc.",US,7374.0,Data processing & managed services,2023Q2,post,1,222882000.0,19.22215304139413,17.689115121817277,19.511207646476308,0,0,-11.325723925664702,,12.705,1.0
1288847,FIVN,"Five9, Inc.",US,7374.0,Data processing & managed services,2023Q3,post,1,230105000.0,19.254046284452254,16.014258200481997,17.689115121817277,0,0,-11.185328437017883,,12.714,1.0
1288847,FIVN,"Five9, Inc.",US,7374.0,Data processing & managed services,2023Q4,post,1,239062000.0,19.292233490479674,14.743334373275097,16.014258200481997,0,0,-7.779571826555454,,10.808,1.0
1288847,FIVN,"Five9, Inc.",US,7374.0,Data processing & managed services,2024Q1,post,1,247010000.0,19.324939379602682,13.07962405980617,14.743334373275097,0,0,-8.378203311606818,,1.656,0.0
1288847,FIVN,"Five9, Inc.",US,7374.0,Data processing & managed services,2024Q2,post,1,252086000.0,19.34528085709766,13.102897497330426,13.07962405980617,0,0,-7.681902207976643,,1.575,0.0
1288847,FIVN,"Five9, Inc.",US,7374.0,Data processing & managed services,2024Q3,post,1,264182000.0,19.39214881752714,14.809326177179983,13.102897497330426,0,0,-5.838020758416547,,1.513,0.0
1288847,FIVN,"Five9, Inc.",US,7374.0,Data processing & managed services,2024Q4,post,1,278660000.0,19.44550295864972,16.56390392450494,14.809326177179983,0,0,1.5000358860259815,,18.251010000000004,1.0
1288847,FIVN,"Five9, Inc.",US,7374.0,Data processing & managed services,2025Q1,post,1,279705000.0,19.44924603430844,13.236306222420144,16.56390392450494,0,0,-1.9406160061493358,,5.866,0.0
1288847,FIVN,"Five9, Inc.",US,7374.0,Data processing & managed services,2025Q2,post,1,283269000.0,19.46190753417524,12.369984846441294,13.236306222420144,0,0,-0.5510663009365656,,5.945,0.0
1288847,FIVN,"Five9, Inc.",US,7374.0,Data processing & managed services,2025Q3,post,1,285832000.0,19.470914783602346,8.19510791802621,12.369984846441294,0,0,5.612737552128523,,5.72,0.0
1288847,FIVN,"Five9, Inc.",US,7374.0,Data processing & managed services,2025Q4,post,1,300282000.0,19.52023259109714,7.759276537716213,8.19510791802621,0,0,6.592469745106266,,18.251010000000004,1.0
1313275,,BRIGHTCOVE INC,US,7374.0,Data processing & managed services,2019Q1,pre,0,41836000.0,17.549267770856297,1.5584793902024567,1.90269569337423,0,0,-11.361028779041973,,0.0,0.0
1313275,,BRIGHTCOVE INC,US,7374.0,Data processing & managed services,2019Q2,pre,0,47582000.0,17.677965096423925,14.231526384020743,1.5584793902024567,0,0,-14.88377958051364,,0.0,0.0
1313275,,BRIGHTCOVE INC,US,7374.0,Data processing & managed services,2019Q3,pre,0,47434000.0,17.674849829106975,15.352253106685149,14.231526384020743,0,0,-4.971117763629464,,0.0,0.0
1313275,,BRIGHTCOVE INC,US,7374.0,Data processing & managed services,2019Q4,pre,0,47603000.0,17.678406342425728,16.49128817541112,15.352253106685149,0,0,-14.43186353801231,,0.0,0.0
1313275,,BRIGHTCOVE INC,US,7374.0,Data processing & managed services,2020Q1,pre,0,46653000.0,17.658247791871585,11.5140070752462,16.49128817541112,0,0,-15.126572782029024,,0.0,0.0
1313275,,BRIGHTCOVE INC,US,7374.0,Data processing & managed services,2020Q2,pre,0,47926000.0,17.68516871261465,0.7229624647976125,11.5140070752462,0,0,-2.4057922630722364,,0.0,0.0
1313275,,BRIGHTCOVE INC,US,7374.0,Data processing & managed services,2020Q3,pre,0,49084000.0,17.709043674078575,3.478517519079142,0.7229624647976125,0,0,2.57517724716812,,0.0,0.0
1313275,,BRIGHTCOVE INC,US,7374.0,Data processing & managed services,2020Q4,pre,0,53690000.0,17.798737322398754,12.787009222107852,3.478517519079142,0,0,3.0229092940957347,,0.0,0.0
1313275,,BRIGHTCOVE INC,US,7374.0,Data processing & managed services,2021Q1,pre,0,54817000.0,17.81951092278839,17.499410541658627,12.787009222107852,0,0,11.168068299979932,,0.0,0.0
1313275,,BRIGHTCOVE INC,US,7374.0,Data processing & managed services,2021Q2,pre,0,51472000.0,17.756548528460943,7.398906647748612,17.499410541658627,0,0,1.14625427416848,,0.0,0.0
1313275,,BRIGHTCOVE INC,US,7374.0,Data processing & managed services,2021Q3,pre,0,52163000.0,17.76988398926615,6.272919892429305,7.398906647748612,0,1,-0.44667676322297417,,0.0,0.0
1313275,,BRIGHTCOVE INC,US,7374.0,Data processing & managed services,2021Q4,pre,0,52641000.0,17.779005841761382,-1.9538089029614454,6.272919892429305,1,1,2.0801276571493705,,0.989,0.0
1313275,,BRIGHTCOVE INC,US,7374.0,Data processing & managed services,2022Q1,pre,0,53379000.0,17.792927968157084,-2.6232738019227613,-1.9538089029614454,1,0,-3.668109181513329,,0.0,0.0
1313275,,BRIGHTCOVE INC,US,7374.0,Data processing & managed services,2022Q2,pre,0,54447000.0,17.812738309406647,5.779841467205471,-2.6232738019227613,0,0,1.2911638841442137,,0.0,0.0
1313275,,BRIGHTCOVE INC,US,7374.0,Data processing & managed services,2022Q3,pre,0,53944000.0,17.803457029396554,3.414297490558442,5.779841467205471,0,1,-1.5219486875278065,,0.0,0.0
1313275,,BRIGHTCOVE INC,US,7374.0,Data processing & managed services,2022Q4,transition,0,49238000.0,17.71217624107138,-6.464542846830418,3.414297490558442,1,1,-12.096348348836266,,0.573,0.0
1313275,,BRIGHTCOVE INC,US,7374.0,Data processing & managed services,2023Q1,post,1,49063000.0,17.708615744537774,-8.085576724929279,-6.464542846830418,1,1,-21.898375557956097,,0.0,0.0
1313275,,BRIGHTCOVE INC,US,7374.0,Data processing & managed services,2023Q2,post,1,50988000.0,17.74710086888495,-6.352967105625654,-8.085576724929279,1,1,-12.43822075782537,,0.0,0.0
1313275,,BRIGHTCOVE INC,US,7374.0,Data processing & managed services,2023Q3,post,1,50980000.0,17.746943956912244,-5.494586979089426,-6.352967105625654,1,0,-4.4939191839937225,,0.0,0.0
1313275,,BRIGHTCOVE INC,US,7374.0,Data processing & managed services,2023Q4,post,1,50156000.0,17.730648706292566,1.8644136642430642,-5.494586979089426,0,0,-4.5139165802695596,,4.665,1.0
1313275,,BRIGHTCOVE INC,US,7374.0,Data processing & managed services,2024Q1,post,1,50481000.0,17.737107585826692,2.8901616289260748,1.8644136642430642,0,1,3.9856579703254686,,0.0,0.0
1313275,,BRIGHTCOVE INC,US,7374.0,Data processing & managed services,2024Q2,post,1,49247000.0,17.712359010021473,-3.414528908762846,2.8901616289260748,1,1,-10.228034194976344,,0.0,0.0
1313275,,BRIGHTCOVE INC,US,7374.0,Data processing & managed services,2024Q3,post,1,49950000.0,17.726533063058838,-2.0204001569242838,-3.414528908762846,1,,-5.613613613613613,,0.0,0.0
1326801,META,"Meta Platforms, Inc.",US,7370.0,IT consulting & application services,2019Q1,pre,0,15077000000.0,23.43643624074319,25.99866287815477,30.388529139685478,0,0,22.000397957153282,,0.284,0.0
1326801,META,"Meta Platforms, Inc.",US,7370.0,IT consulting & application services,2019Q2,pre,0,16886000000.0,23.54975071319372,27.62451817700854,25.99866287815477,0,0,27.395475541869,,0.255,0.0
1326801,META,"Meta Platforms, Inc.",US,7370.0,IT consulting & application services,2019Q3,pre,0,17652000000.0,23.59411492835371,28.593283310264443,27.62451817700854,0,0,40.70360299116248,,0.247,0.0
1326801,META,"Meta Platforms, Inc.",US,7370.0,IT consulting & application services,2019Q4,pre,0,21082000000.0,23.77168543277941,24.64230814709708,28.593283310264443,0,0,42.01688644341144,,1.865,0.0
1326801,META,"Meta Platforms, Inc.",US,7370.0,IT consulting & application services,2020Q1,pre,0,17737000000.0,23.59891869016986,17.64276712873914,24.64230814709708,0,0,33.224333314540225,,1.951,0.0
1326801,META,"Meta Platforms, Inc.",US,7370.0,IT consulting & application services,2020Q2,pre,0,18687000000.0,23.65109393188653,10.665640175293142,17.64276712873914,0,0,31.90988387649168,,1.869,0.0
1326801,META,"Meta Platforms, Inc.",US,7370.0,IT consulting & application services,2020Q3,pre,0,21470000000.0,23.7899224488371,21.62927713573533,10.665640175293142,0,0,37.447601304145316,,1.971,0.0
1326801,META,"Meta Platforms, Inc.",US,7370.0,IT consulting & application services,2020Q4,pre,0,28071000000.0,24.058002851908295,33.1515036524049,21.62927713573533,0,0,45.509600655480746,,1.801,0.0
1326801,META,"Meta Platforms, Inc.",US,7370.0,IT consulting & application services,2021Q1,pre,0,26171000000.0,23.987917764451197,47.55031854315837,33.1515036524049,0,0,43.47560276642085,,2.099,0.0
1326801,META,"Meta Platforms, Inc.",US,7370.0,IT consulting & application services,2021Q2,pre,0,29077000000.0,24.09321332060361,55.60014983678493,47.55031854315837,0,0,42.53189806376174,,2.03,0.0
1326801,META,"Meta Platforms, Inc.",US,7370.0,IT consulting & application services,2021Q3,pre,0,29010000000.0,24.090906435079724,35.11877037727061,55.60014983678493,0,0,35.92899000344708,,1.964,0.0
1326801,META,"Meta Platforms, Inc.",US,7370.0,IT consulting & application services,2021Q4,pre,0,33671000000.0,24.239902769708056,19.949413985964163,35.11877037727061,0,0,37.376377297971544,,1.788,0.0
1326801,META,"Meta Platforms, Inc.",US,7370.0,IT consulting & application services,2022Q1,pre,0,27908000000.0,24.0521792230234,6.637117420045088,19.949413985964163,0,1,30.5432134155081,,2.184,0.0
1326801,META,"Meta Platforms, Inc.",US,7370.0,IT consulting & application services,2022Q2,pre,0,28822000000.0,24.084404821362583,-0.8769818069264367,6.637117420045088,1,1,28.99868156269516,,2.291,0.0
1326801,META,"Meta Platforms, Inc.",US,7370.0,IT consulting & application services,2022Q3,pre,0,27714000000.0,24.045203537622935,-4.467425025853154,-0.8769818069264367,1,1,20.4373240961247,,2.549,0.0
1326801,META,"Meta Platforms, Inc.",US,7370.0,IT consulting & application services,2022Q4,transition,0,32165000000.0,24.194144741809374,-4.472691633750111,-4.467425025853154,1,0,19.891186071817195,,4.222,1.0
1326801,META,"Meta Platforms, Inc.",US,7370.0,IT consulting & application services,2023Q1,post,1,28645000000.0,24.078244744806952,2.640819836605991,-4.472691633750111,0,0,25.229533950078547,,6.102,1.0
1326801,META,"Meta Platforms, Inc.",US,7370.0,IT consulting & application services,2023Q2,post,1,31999000000.0,24.188970489257848,11.022829782804802,2.640819836605991,0,0,29.350917216163,,9.017,1.0
1326801,META,"Meta Platforms, Inc.",US,7370.0,IT consulting & application services,2023Q3,post,1,34146000000.0,24.253911285795454,23.208486685429747,11.022829782804802,0,0,40.26240262402624,,10.719,1.0
1326801,META,"Meta Platforms, Inc.",US,7370.0,IT consulting & application services,2023Q4,post,1,40112000000.0,24.41494137836235,24.706979636250583,23.208486685429747,0,0,40.84563222975668,,10.596,1.0
1326801,META,"Meta Platforms, Inc.",US,7370.0,IT consulting & application services,2024Q1,post,1,36455000000.0,24.319344460204803,27.26479315761913,24.706979636250583,0,0,37.90426553284872,,12.932,1.0
1326801,META,"Meta Platforms, Inc.",US,7370.0,IT consulting & application services,2024Q2,post,1,39071000000.0,24.388646340771587,22.100690646582706,27.26479315761913,0,0,38.000051188861306,,12.623,1.0
1326801,META,"Meta Platforms, Inc.",US,7370.0,IT consulting & application services,2024Q3,post,1,40589000000.0,24.42676293088373,18.868974404029753,22.100690646582706,0,0,42.74557146024785,,13.111,1.0
1326801,META,"Meta Platforms, Inc.",US,7370.0,IT consulting & application services,2024Q4,post,1,48386000000.0,24.602476352628006,20.627243717590744,18.868974404029753,0,0,48.28876121192081,,13.316,1.0
1326801,META,"Meta Platforms, Inc.",US,7370.0,IT consulting & application services,2025Q1,post,1,42314000000.0,24.468383837507538,16.071869428061994,20.627243717590744,0,0,41.487450961856595,,15.925,1.0
1326801,META,"Meta Platforms, Inc.",US,7370.0,IT consulting & application services,2025Q2,post,1,47516000000.0,24.584332333373705,21.61449668552123,16.071869428061994,0,0,43.019193534809325,,16.272,1.0
1326801,META,"Meta Platforms, Inc.",US,7370.0,IT consulting & application services,2025Q3,post,1,51242000000.0,24.65982534521946,26.246027248761976,21.61449668552123,0,0,40.07454822216151,,17.302,1.0
1326801,META,"Meta Platforms, Inc.",US,7370.0,IT consulting & application services,2025Q4,post,1,59894000000.0,24.815842170105864,23.783739098086222,26.246027248761976,0,0,41.314655892076004,,18.251010000000004,1.0
1327318,,"TrueCar, Inc.",US,7370.0,IT consulting & application services,2019Q1,pre,0,85582000.0,18.26498553862612,5.577281306670286,-12.679681955420833,0,0,-17.836694632048793,,0.0,0.0
1327318,,"TrueCar, Inc.",US,7370.0,IT consulting & application services,2019Q2,pre,0,88075000.0,18.293699282191575,0.2561183836084235,5.577281306670286,0,1,-28.02611410729492,,0.0,0.0
1327318,,"TrueCar, Inc.",US,7370.0,IT consulting & application services,2019Q3,pre,0,85785000.0,18.267354723999663,-8.335648494432927,0.2561183836084235,1,0,-10.726817042606516,,0.0,0.0
1327318,,"TrueCar, Inc.",US,7370.0,IT consulting & application services,2019Q4,pre,0,75604000.0,18.141019749802982,4.149217544633017,-8.335648494432927,0,1,-15.48198508015449,,0.0,0.0
1327318,,"TrueCar, Inc.",US,7370.0,IT consulting & application services,2020Q1,pre,0,78917000.0,18.183907225218267,-7.787852585824122,4.149217544633017,1,1,-13.454642219040258,,0.0,0.0
1327318,,"TrueCar, Inc.",US,7370.0,IT consulting & application services,2020Q2,pre,0,58554000.0,17.885459963351654,-33.51802441101334,-7.787852585824122,1,1,-18.557229224305768,,0.0,0.0
1327318,,"TrueCar, Inc.",US,7370.0,IT consulting & application services,2020Q3,pre,0,77247000.0,18.162518638036577,-9.952788949116979,-33.51802441101334,1,1,12.602431162375238,,0.0,0.0
1327318,,"TrueCar, Inc.",US,7370.0,IT consulting & application services,2020Q4,pre,0,63960000.0,17.973768445930027,-15.40130151843818,-9.952788949116979,1,1,-10.580050031269543,,0.0,0.0
1327318,,"TrueCar, Inc.",US,7370.0,IT consulting & application services,2021Q1,pre,0,65105000.0,17.991511909144965,-17.501932410000382,-15.40130151843818,1,0,-13.263190231165042,,0.0,0.0
1327318,,"TrueCar, Inc.",US,7370.0,IT consulting & application services,2021Q2,pre,0,65766000.0,18.001613545425915,12.316835741366944,-17.501932410000382,0,1,-10.157224097558009,,0.0,0.0
1327318,,"TrueCar, Inc.",US,7370.0,IT consulting & application services,2021Q3,pre,0,54966000.0,17.8222253702254,-28.84383859567362,12.316835741366944,1,1,-12.420405341483827,,0.0,0.0
1327318,,"TrueCar, Inc.",US,7370.0,IT consulting & application services,2021Q4,pre,0,45861000.0,17.641125640651282,-28.29737335834897,-28.84383859567362,1,1,-24.71817012276226,,0.0,0.0
1327318,,"TrueCar, Inc.",US,7370.0,IT consulting & application services,2022Q1,pre,0,43533000.0,17.58902982914134,-33.1341678826511,-28.29737335834897,1,1,-32.46502653159672,,0.0,0.0
1327318,,"TrueCar, Inc.",US,7370.0,IT consulting & application services,2022Q2,pre,0,42275000.0,17.55970645274892,-35.71906456223581,-33.1341678826511,1,1,-33.040804257835596,,0.0,0.0
1327318,,"TrueCar, Inc.",US,7370.0,IT consulting & application services,2022Q3,pre,0,39052000.0,17.4804046493277,-28.952443328603138,-35.71906456223581,1,1,-200.04865307794736,,0.0,0.0
1327318,,"TrueCar, Inc.",US,7370.0,IT consulting & application services,2022Q4,transition,0,36664000.0,17.417305905171098,-20.054076448398423,-28.952443328603138,1,1,-53.106589570150554,,0.0,0.0
1327318,,"TrueCar, Inc.",US,7370.0,IT consulting & application services,2023Q1,post,1,36980000.0,17.425887783923255,-15.052948338042405,-20.054076448398423,1,1,-57.239048134126556,,0.903,0.0
1327318,,"TrueCar, Inc.",US,7370.0,IT consulting & application services,2023Q2,post,1,39293000.0,17.48655694392642,-7.053814311058545,-15.052948338042405,1,0,-56.36372890845698,,1.046,0.0
1327318,,"TrueCar, Inc.",US,7370.0,IT consulting & application services,2023Q3,post,1,41146000.0,17.532637275016313,5.362081327460821,-7.053814311058545,0,0,-23.282943664025666,,1.025,0.0
1327318,,"TrueCar, Inc.",US,7370.0,IT consulting & application services,2023Q4,post,1,41287000.0,17.53605823840501,12.609098843552257,5.362081327460821,0,0,-8.65405575604912,,0.669,0.0
1327318,,"TrueCar, Inc.",US,7370.0,IT consulting & application services,2024Q1,post,1,41052000.0,17.53035011374774,11.011357490535424,12.609098843552257,0,0,-18.232972814966384,,1.269,0.0
1327318,,"TrueCar, Inc.",US,7370.0,IT consulting & application services,2024Q2,post,1,41795000.0,17.548287273115392,6.367546382307281,11.011357490535424,0,0,-36.34166766359612,,1.001,0.0
1327318,,"TrueCar, Inc.",US,7370.0,IT consulting & application services,2024Q3,post,1,46544000.0,17.65590865971712,13.119136732610704,6.367546382307281,0,0,-15.873152286008937,,0.992,0.0
1327318,,"TrueCar, Inc.",US,7370.0,IT consulting & application services,2024Q4,post,1,46207000.0,17.648641859726222,11.916583912611719,13.119136732610704,0,0,-15.40459237777826,,1.72,0.0
1327318,,"TrueCar, Inc.",US,7370.0,IT consulting & application services,2025Q1,post,1,44810000.0,17.617941886762324,9.154243398616389,11.916583912611719,0,0,-24.98995759875028,,2.701,0.0
1327318,,"TrueCar, Inc.",US,7370.0,IT consulting & application services,2025Q2,post,1,46998000.0,17.66561560557743,12.448857518841967,9.154243398616389,0,1,-18.253968253968253,,3.776,0.0
1327318,,"TrueCar, Inc.",US,7370.0,IT consulting & application services,2025Q3,post,1,43207000.0,17.581513077124793,-7.16955998624957,12.448857518841967,1,,-17.006503575809475,,3.402,0.0
1327811,WDAY,"Workday, Inc.",US,7374.0,Data processing & managed services,2019Q1,pre,0,825055000.0,20.5309606087435,33.36528498665628,35.3914297486609,0,0,-14.95488179575907,,0.303,0.0
1327811,WDAY,"Workday, Inc.",US,7374.0,Data processing & managed services,2019Q2,pre,0,887752000.0,20.604202982671445,32.16101947239922,33.36528498665628,0,0,-13.798560859339096,,0.796,0.0
1327811,WDAY,"Workday, Inc.",US,7374.0,Data processing & managed services,2019Q3,pre,0,938100000.0,20.65936711109618,26.226303134196012,32.16101947239922,0,0,-11.752478413815158,,2.341,0.0
1327811,WDAY,"Workday, Inc.",US,7374.0,Data processing & managed services,2019Q4,pre,0,976299000.0,20.69927944992005,23.797151508696114,26.226303134196012,0,0,-14.964370546318289,,3.17,0.0
1327811,WDAY,"Workday, Inc.",US,7374.0,Data processing & managed services,2020Q1,pre,0,1018385000.0,20.74148387611235,23.43237723545703,23.797151508696114,0,0,-14.184910421893488,,3.073,0.0
1327811,WDAY,"Workday, Inc.",US,7374.0,Data processing & managed services,2020Q2,pre,0,1061967000.0,20.783388685837043,19.62428696302571,23.43237723545703,0,0,-1.5776384765251652,,2.824,0.0
1327811,WDAY,"Workday, Inc.",US,7374.0,Data processing & managed services,2020Q3,pre,0,1105960000.0,20.823979573027255,17.893614753224604,19.62428696302571,0,0,-1.2728308437918188,,2.698,0.0
1327811,WDAY,"Workday, Inc.",US,7374.0,Data processing & managed services,2020Q4,pre,0,1131684000.0,20.846972625813784,15.915718442813114,17.893614753224604,0,0,-6.478045107998345,,2.01,0.0
1327811,WDAY,"Workday, Inc.",US,7374.0,Data processing & managed services,2021Q1,pre,0,1175033000.0,20.88456206925454,15.38200189515753,15.915718442813114,0,0,-3.2605892770671123,,2.61,0.0
1327811,WDAY,"Workday, Inc.",US,7374.0,Data processing & managed services,2021Q2,pre,0,1260361000.0,20.954664024810743,18.6817481145836,15.38200189515753,0,0,-0.08886342881126914,,2.427,0.0
1327811,WDAY,"Workday, Inc.",US,7374.0,Data processing & managed services,2021Q3,pre,0,1327263000.0,21.006384764068354,20.010036529350067,18.6817481145836,0,0,1.8040885642107103,,2.38,0.0
1327811,WDAY,"Workday, Inc.",US,7374.0,Data processing & managed services,2021Q4,pre,0,1376343000.0,21.04269581864996,21.619020857412494,20.010036529350067,0,0,-7.302830762389899,,2.014,0.0
1327811,WDAY,"Workday, Inc.",US,7374.0,Data processing & managed services,2022Q1,pre,0,1434657000.0,21.08419163319687,22.09503903294631,21.619020857412494,0,0,-5.077380865252112,,5.116,0.0
1327811,WDAY,"Workday, Inc.",US,7374.0,Data processing & managed services,2022Q2,pre,0,1535798000.0,21.152315952606973,21.853818072758518,22.09503903294631,0,0,-2.218911601655947,,4.716,0.0
1327811,WDAY,"Workday, Inc.",US,7374.0,Data processing & managed services,2022Q3,pre,0,1599103000.0,21.19270868398319,20.481245992693236,21.853818072758518,0,0,-1.6459852804978792,,5.907,0.0
1327811,WDAY,"Workday, Inc.",US,7374.0,Data processing & managed services,2022Q4,transition,0,1646442000.0,21.22188243292276,19.624395953624933,20.481245992693236,0,0,-5.390897462528288,,5.122,0.0
1327811,WDAY,"Workday, Inc.",US,7374.0,Data processing & managed services,2023Q1,post,1,1684000000.0,21.244437752766547,17.379973052792412,19.624395953624933,0,0,-1.187648456057007,,3.851,1.0
1327811,WDAY,"Workday, Inc.",US,7374.0,Data processing & managed services,2023Q2,post,1,1787000000.0,21.3038040731237,16.35644791828092,17.379973052792412,0,0,2.0145495243424736,,3.965,1.0
1327811,WDAY,"Workday, Inc.",US,7374.0,Data processing & managed services,2023Q3,post,1,1866000000.0,21.347062939371565,16.69041956646945,16.35644791828092,0,0,4.715969989281887,,4.336,1.0
1327811,WDAY,"Workday, Inc.",US,7374.0,Data processing & managed services,2023Q4,post,1,1922000000.0,21.37663214749451,16.73657499019097,16.69041956646945,0,0,4.1103017689906345,,7.286,1.0
1327811,WDAY,"Workday, Inc.",US,7374.0,Data processing & managed services,2024Q1,post,1,1990000000.0,21.41140047568281,18.171021377672208,16.73657499019097,0,0,3.2160804020100504,,5.309,1.0
1327811,WDAY,"Workday, Inc.",US,7374.0,Data processing & managed services,2024Q2,post,1,2085000000.0,21.458034692197177,16.67599328483492,18.171021377672208,0,0,5.323741007194244,,9.531,1.0
1327811,WDAY,"Workday, Inc.",US,7374.0,Data processing & managed services,2024Q3,post,1,2160000000.0,21.493374058642484,15.755627009646304,16.67599328483492,0,0,7.638888888888889,,8.885,1.0
1327811,WDAY,"Workday, Inc.",US,7374.0,Data processing & managed services,2024Q4,post,1,2211000000.0,21.516710738821722,15.036420395421434,15.755627009646304,0,0,3.3921302578018993,,11.723,1.0
1327811,WDAY,"Workday, Inc.",US,7374.0,Data processing & managed services,2025Q1,post,1,2240000000.0,21.52974170281336,12.562814070351758,15.036420395421434,0,0,1.7410714285714286,,13.097,1.0
1327811,WDAY,"Workday, Inc.",US,7374.0,Data processing & managed services,2025Q2,post,1,2348000000.0,21.57682973891226,12.613908872901677,12.562814070351758,0,0,10.562180579216355,,13.053,1.0
1327811,WDAY,"Workday, Inc.",US,7374.0,Data processing & managed services,2025Q3,post,1,2432000000.0,21.61197980105033,12.592592592592592,12.613908872901677,0,0,10.649671052631579,,15.817,1.0
1327811,WDAY,"Workday, Inc.",US,7374.0,Data processing & managed services,2025Q4,post,1,2532000000.0,21.65227534122834,14.518317503392131,12.592592592592592,0,0,6.911532385466035,,,
1336920,LDOS,"Leidos Holdings, Inc.",US,7373.0,Systems integration,2019Q1,pre,0,2559000000.0,21.662882394124065,4.748260335652886,5.206677265500795,0,0,7.502930832356388,6.486908948808129,0.0,0.0
1336920,LDOS,"Leidos Holdings, Inc.",US,7373.0,Systems integration,2019Q2,pre,0,2716000000.0,21.722426046642862,7.394226967180703,4.748260335652886,0,0,7.731958762886598,6.443298969072164,0.0,0.0
1336920,LDOS,"Leidos Holdings, Inc.",US,7373.0,Systems integration,2019Q3,pre,0,2777000000.0,21.744637045271073,7.844660194174757,7.394226967180703,0,0,8.966510622974432,6.373784659704718,0.0,0.0
1336920,LDOS,"Leidos Holdings, Inc.",US,7373.0,Systems integration,2019Q4,pre,0,2924000000.0,21.79621837883394,10.464676992822062,7.844660194174757,0,0,8.926128590971272,5.848153214774282,0.0,0.0
1336920,LDOS,"Leidos Holdings, Inc.",US,7373.0,Systems integration,2020Q1,pre,0,2864000000.0,21.77548508604481,11.91871824931614,10.464676992822062,0,0,6.70391061452514,6.878491620111732,0.0,0.0
1336920,LDOS,"Leidos Holdings, Inc.",US,7373.0,Systems integration,2020Q2,pre,0,2892000000.0,21.78521414124293,6.480117820324007,11.91871824931614,0,0,8.609958506224066,6.742738589211618,0.0,0.0
1336920,LDOS,"Leidos Holdings, Inc.",US,7373.0,Systems integration,2020Q3,pre,0,3218000000.0,21.892025885516603,15.88044652502701,6.480117820324007,0,0,8.017402113113734,6.215040397762586,0.0,0.0
1336920,LDOS,"Leidos Holdings, Inc.",US,7373.0,Systems integration,2020Q4,pre,0,3223000000.0,21.893578439779713,10.225718194254446,15.88044652502701,0,0,9.27707105181508,5.522804840210983,0.284,0.0
1336920,LDOS,"Leidos Holdings, Inc.",US,7373.0,Systems integration,2021Q1,pre,0,3291000000.0,21.914457306907615,14.90921787709497,10.225718194254446,0,0,9.358857490124581,4.831358249772106,0.0,0.0
1336920,LDOS,"Leidos Holdings, Inc.",US,7373.0,Systems integration,2021Q2,pre,0,3417000000.0,21.952028810079565,18.153526970954356,14.90921787709497,0,0,7.872402692420252,6.5554580040971615,0.0,0.0
1336920,LDOS,"Leidos Holdings, Inc.",US,7373.0,Systems integration,2021Q3,pre,0,3449000000.0,21.961350170901117,7.178371659415786,18.153526970954356,0,0,8.843142939982604,6.755581327921137,0.0,0.0
1336920,LDOS,"Leidos Holdings, Inc.",US,7373.0,Systems integration,2021Q4,pre,0,3460000000.0,21.964534426016044,7.353397455786534,7.178371659415786,0,0,7.803468208092486,6.791907514450866,0.305,0.0
1336920,LDOS,"Leidos Holdings, Inc.",US,7373.0,Systems integration,2022Q1,pre,0,3478000000.0,21.969723252878502,5.6821634761470685,7.353397455786534,0,0,7.791834387579069,6.785508913168488,0.0,0.0
1336920,LDOS,"Leidos Holdings, Inc.",US,7373.0,Systems integration,2022Q2,pre,0,3567000000.0,21.994990743323164,4.389815627743634,5.6821634761470685,0,0,7.597420801794224,7.3451079338379595,0.0,0.0
1336920,LDOS,"Leidos Holdings, Inc.",US,7373.0,Systems integration,2022Q3,pre,0,3579000000.0,21.9983492687303,3.7692084662220933,4.389815627743634,0,0,7.851355127130484,6.482257613858619,0.0,0.0
1336920,LDOS,"Leidos Holdings, Inc.",US,7373.0,Systems integration,2022Q4,transition,0,3663000000.0,22.02154832074309,5.867052023121387,3.7692084662220933,0,0,7.234507234507234,6.033306033306033,0.15,0.0
1336920,LDOS,"Leidos Holdings, Inc.",US,7373.0,Systems integration,2023Q1,post,1,3679000000.0,22.02590681306905,5.779183438757906,5.867052023121387,0,0,7.203044305517804,6.333242729002446,0.0,0.0
1336920,LDOS,"Leidos Holdings, Inc.",US,7373.0,Systems integration,2023Q2,post,1,3813000000.0,22.06168211782184,6.896551724137931,5.779183438757906,0,0,8.68082874377131,6.215578284815106,0.0,0.0
1336920,LDOS,"Leidos Holdings, Inc.",US,7373.0,Systems integration,2023Q3,post,1,3897000000.0,22.083472863302983,8.885163453478626,6.896551724137931,0,0,-8.622016936104696,6.13292276109828,0.0,0.0
1336920,LDOS,"Leidos Holdings, Inc.",US,7373.0,Systems integration,2023Q4,post,1,3950000000.0,22.096981415859442,7.835107835107835,8.885163453478626,0,0,9.139240506329115,5.898734177215189,4.178,1.0
1336920,LDOS,"Leidos Holdings, Inc.",US,7373.0,Systems integration,2024Q1,post,1,3951000000.0,22.097234548375663,7.3933134003805385,7.835107835107835,0,0,10.503669956972917,5.720070868134649,0.0,0.0
1336920,LDOS,"Leidos Holdings, Inc.",US,7373.0,Systems integration,2024Q2,post,1,4107000000.0,22.135958671920832,7.710464201416207,7.3933134003805385,0,0,11.565619673727783,5.6245434623813,0.0,0.0
1336920,LDOS,"Leidos Holdings, Inc.",US,7373.0,Systems integration,2024Q3,post,1,4169000000.0,22.15094203584507,6.979727995894278,7.710464201416207,0,0,12.37706884144879,5.924682177980331,0.0,0.0
1336920,LDOS,"Leidos Holdings, Inc.",US,7373.0,Systems integration,2024Q4,post,1,4349000000.0,22.193211770561913,10.10126582278481,6.979727995894278,0,0,9.68038629570016,6.4152678776730285,5.479,1.0
1336920,LDOS,"Leidos Holdings, Inc.",US,7373.0,Systems integration,2025Q1,post,1,4228000000.0,22.1649949049544,7.0108833206783086,10.10126582278481,0,0,12.535477767265846,5.4399243140964995,0.75,0.0
1336920,LDOS,"Leidos Holdings, Inc.",US,7373.0,Systems integration,2025Q2,post,1,4233000000.0,22.166176798485196,3.0679327976625275,7.0108833206783086,0,0,13.4892511221356,5.126387904559413,1.214,0.0
1336920,LDOS,"Leidos Holdings, Inc.",US,7373.0,Systems integration,2025Q3,post,1,4449000000.0,22.215945188770316,6.716238906212521,3.0679327976625275,0,1,12.02517419644864,6.42841087884918,1.168,0.0
1336920,LDOS,"Leidos Holdings, Inc.",US,7373.0,Systems integration,2025Q4,post,1,4197000000.0,22.157635821297866,-3.495056334789607,6.716238906212521,1,0,11.26995472956874,6.337860376459376,,
1340127,,Carbonite Inc,US,7374.0,Data processing & managed services,2019Q1,pre,0,81215000.0,18.212610517135634,26.846905944460065,24.758477598392012,0,0,-2.9859016191590224,,0.0,0.0
1340127,,Carbonite Inc,US,7374.0,Data processing & managed services,2019Q2,pre,0,121510000.0,18.615507121884793,56.3151259423161,26.846905944460065,0,0,-3.9708665953419473,,0.0,0.0
1340127,,Carbonite Inc,US,7374.0,Data processing & managed services,2019Q3,pre,0,125596000.0,18.648580964357485,61.679668391648,56.3151259423161,0,,-5.494601738908882,,0.0,0.0
1352010,EPAM,"EPAM Systems, Inc.",US,7371.0,IT consulting & application services,2019Q1,pre,0,521333000.0,20.071899551015026,22.912992634646397,26.454994653102826,0,0,12.402437597466495,19.52418128144583,0.0,0.0
1352010,EPAM,"EPAM Systems, Inc.",US,7371.0,IT consulting & application services,2019Q2,pre,0,551587000.0,20.12831013580294,23.77217842821785,22.912992634646397,0,0,13.213146792799686,20.261898848232462,0.0,0.0
1352010,EPAM,"EPAM Systems, Inc.",US,7371.0,IT consulting & application services,2019Q3,pre,0,588103000.0,20.192412660590442,25.61311102852285,23.77217842821785,0,0,13.69913093454718,20.21516639092132,0.0,0.0
1352010,EPAM,"EPAM Systems, Inc.",US,7371.0,IT consulting & application services,2019Q4,pre,0,632775000.0,20.265625466684074,25.319103006153316,25.61311102852285,0,0,13.39259610446051,19.754099008336297,0.368,0.0
1352010,EPAM,"EPAM Systems, Inc.",US,7371.0,IT consulting & application services,2020Q1,pre,0,651359000.0,20.29457150746844,24.941064540322596,25.319103006153316,0,0,13.434833939501873,19.207226736715082,0.0,0.0
1352010,EPAM,"EPAM Systems, Inc.",US,7371.0,IT consulting & application services,2020Q2,pre,0,632383000.0,20.26500578121784,14.647915922601513,24.941064540322596,0,0,13.192321741729302,18.057253278472064,0.0,0.0
1352010,EPAM,"EPAM Systems, Inc.",US,7371.0,IT consulting & application services,2020Q3,pre,0,652243000.0,20.295927749842267,10.906252816258377,14.647915922601513,0,0,14.779154394911098,17.866040724085963,0.0,0.0
1352010,EPAM,"EPAM Systems, Inc.",US,7371.0,IT consulting & application services,2020Q4,pre,0,723493000.0,20.39960142879896,14.336533522974202,10.906252816258377,0,0,15.479486325368732,17.82035209739417,0.358,0.0
1352010,EPAM,"EPAM Systems, Inc.",US,7371.0,IT consulting & application services,2021Q1,pre,0,780775000.0,20.475797574107933,19.868613161098565,14.336533522974202,0,0,13.736479779706062,17.468412794979347,0.0,0.0
1352010,EPAM,"EPAM Systems, Inc.",US,7371.0,IT consulting & application services,2021Q2,pre,0,881366000.0,20.5969835346338,39.37218426175277,19.868613161098565,0,0,14.213618405974362,17.23574542244652,0.0,0.0
1352010,EPAM,"EPAM Systems, Inc.",US,7371.0,IT consulting & application services,2021Q3,pre,0,988539000.0,20.711738653514423,51.55992475197127,39.37218426175277,0,0,14.579495599060834,17.14631390364973,0.0,0.0
1352010,EPAM,"EPAM Systems, Inc.",US,7371.0,IT consulting & application services,2021Q4,pre,0,1107464000.0,20.825338553711905,53.07183345243147,51.55992475197127,0,0,14.95913185439888,17.241102193841066,0.357,0.0
1352010,EPAM,"EPAM Systems, Inc.",US,7371.0,IT consulting & application services,2022Q1,pre,0,1171614000.0,20.881648122317266,50.057827158912616,53.07183345243147,0,0,11.031107514932392,20.252147891711775,0.0,0.0
1352010,EPAM,"EPAM Systems, Inc.",US,7371.0,IT consulting & application services,2022Q2,pre,0,1194861000.0,20.90129569757279,35.569218690078806,50.057827158912616,0,0,7.78500595466753,19.46058997657468,0.0,0.0
1352010,EPAM,"EPAM Systems, Inc.",US,7371.0,IT consulting & application services,2022Q3,pre,0,1226920000.0,20.927772800875594,24.1144760095454,35.569218690078806,0,0,14.68938480096502,16.13968310892316,0.0,0.0
1352010,EPAM,"EPAM Systems, Inc.",US,7371.0,IT consulting & application services,2022Q4,transition,0,1231303000.0,20.931338795209413,11.18221450087768,24.1144760095454,0,0,13.845251737387143,16.645131214656345,0.342,0.0
1352010,EPAM,"EPAM Systems, Inc.",US,7371.0,IT consulting & application services,2023Q1,post,1,1210941000.0,20.914663580264445,3.3566515934428915,11.18221450087768,0,1,9.94028610807628,17.49771458725074,0.0,0.0
1352010,EPAM,"EPAM Systems, Inc.",US,7371.0,IT consulting & application services,2023Q2,post,1,1170206000.0,20.880445638633926,-2.063419929180047,3.3566515934428915,1,1,12.335093137447595,16.610494220675676,0.0,0.0
1352010,EPAM,"EPAM Systems, Inc.",US,7371.0,IT consulting & application services,2023Q3,post,1,1152136000.0,20.864883447807657,-6.095262934828677,-2.063419929180047,1,1,9.897095481783401,16.910243235173624,0.0,0.0
1352010,EPAM,"EPAM Systems, Inc.",US,7371.0,IT consulting & application services,2023Q4,post,1,1157257000.0,20.86931838668,-6.0136294640718,-6.095262934828677,1,1,10.584857123352894,18.489583558362575,7.052,1.0
1352010,EPAM,"EPAM Systems, Inc.",US,7371.0,IT consulting & application services,2024Q1,post,1,1165465000.0,20.876385985959146,-3.7554265649606378,-6.0136294640718,1,1,9.483939886654683,17.02779577250282,0.0,0.0
1352010,EPAM,"EPAM Systems, Inc.",US,7371.0,IT consulting & application services,2024Q2,post,1,1146597000.0,20.860064262003945,-2.017508028500965,-3.7554265649606378,1,0,10.514679525587455,16.924691064079184,0.0,0.0
1352010,EPAM,"EPAM Systems, Inc.",US,7371.0,IT consulting & application services,2024Q3,post,1,1167527000.0,20.878153673578247,1.3358665990820529,-2.017508028500965,0,0,15.158450297080925,17.714365492189902,0.0,0.0
1352010,EPAM,"EPAM Systems, Inc.",US,7371.0,IT consulting & application services,2024Q4,post,1,1248351000.0,20.94508931735028,7.8715445229538465,1.3358665990820529,0,0,10.935385961159962,17.380448287380712,7.804,1.0
1352010,EPAM,"EPAM Systems, Inc.",US,7371.0,IT consulting & application services,2025Q1,post,1,1301692000.0,20.986930793608476,11.688639298477433,7.8715445229538465,0,0,7.630837402396266,16.81788011296067,3.127,1.0
1352010,EPAM,"EPAM Systems, Inc.",US,7371.0,IT consulting & application services,2025Q2,post,1,1353443000.0,21.025917553091585,18.03999138319741,11.688639298477433,0,0,9.344759993586727,17.11789857422884,2.691,1.0
1352010,EPAM,"EPAM Systems, Inc.",US,7371.0,IT consulting & application services,2025Q3,post,1,1394373000.0,21.05571068881566,19.429614903980806,18.03999138319741,0,0,10.394851305927467,16.84972385437756,2.58,1.0
1352010,EPAM,"EPAM Systems, Inc.",US,7371.0,IT consulting & application services,2025Q4,post,1,1407548000.0,21.06511502041616,12.752583207767687,19.429614903980806,0,0,10.603830206856179,17.27550321552089,9.977,1.0
1355839,IPM,INTELLIGENT PROTECTION MANAGEMENT CORP.,US,7370.0,IT consulting & application services,2019Q1,pre,0,4873175.0,15.399256233349911,19.722145516759515,,0,1,-2.1594135240372037,,0.0,0.0
1355839,IPM,INTELLIGENT PROTECTION MANAGEMENT CORP.,US,7370.0,IT consulting & application services,2019Q2,pre,0,4872874.0,15.399194464729604,-16.347765390701056,19.722145516759515,1,1,8.681673279465056,,0.0,0.0
1355839,IPM,INTELLIGENT PROTECTION MANAGEMENT CORP.,US,7370.0,IT consulting & application services,2019Q3,pre,0,2958439.0,14.90017232232962,-44.230210223547495,-16.347765390701056,1,1,-36.75069859476569,,0.0,0.0
1355839,IPM,INTELLIGENT PROTECTION MANAGEMENT CORP.,US,7370.0,IT consulting & application services,2019Q4,pre,0,2579129.0,14.762962302999913,-49.73932598721038,-44.230210223547495,1,1,-304.20738939386126,,0.0,0.0
1355839,IPM,INTELLIGENT PROTECTION MANAGEMENT CORP.,US,7370.0,IT consulting & application services,2020Q1,pre,0,2720742.0,14.816415195188277,-44.16900685897798,-49.73932598721038,1,1,-13.364074947201903,,0.0,0.0
1355839,IPM,INTELLIGENT PROTECTION MANAGEMENT CORP.,US,7370.0,IT consulting & application services,2020Q2,pre,0,3380475.0,15.033526790129807,-30.626669189476274,-44.16900685897798,1,0,15.69785311235847,,0.0,0.0
1355839,IPM,INTELLIGENT PROTECTION MANAGEMENT CORP.,US,7370.0,IT consulting & application services,2020Q3,pre,0,3309255.0,15.012233646491246,11.85814546117057,-30.626669189476274,0,0,16.43245987389911,,0.0,0.0
1355839,IPM,INTELLIGENT PROTECTION MANAGEMENT CORP.,US,7370.0,IT consulting & application services,2020Q4,pre,0,3422200.0,15.045794177080007,32.688205979615596,11.85814546117057,0,0,15.540967798492197,,0.0,0.0
1355839,IPM,INTELLIGENT PROTECTION MANAGEMENT CORP.,US,7370.0,IT consulting & application services,2021Q1,pre,0,3372002.0,15.031017191223517,23.936852520378633,32.688205979615596,0,0,12.12520040023701,,0.0,0.0
1355839,IPM,INTELLIGENT PROTECTION MANAGEMENT CORP.,US,7370.0,IT consulting & application services,2021Q2,pre,0,3415803.0,15.043923162438404,1.0450602356177756,23.936852520378633,0,0,16.89239689759626,,0.0,0.0
1355839,IPM,INTELLIGENT PROTECTION MANAGEMENT CORP.,US,7370.0,IT consulting & application services,2021Q3,pre,0,3377647.0,15.032689871185442,2.06668872601235,1.0450602356177756,0,1,-13.516569375070869,,0.0,0.0
1355839,IPM,INTELLIGENT PROTECTION MANAGEMENT CORP.,US,7370.0,IT consulting & application services,2021Q4,pre,0,3108397.0,14.949617717190005,-9.169627724855356,2.06668872601235,1,1,-0.3165940515320276,,0.0,0.0
1355839,IPM,INTELLIGENT PROTECTION MANAGEMENT CORP.,US,7370.0,IT consulting & application services,2022Q1,pre,0,2926701.0,14.88938640808167,-13.205834397488495,-9.169627724855356,1,1,-24.36757290888273,,0.0,0.0
1355839,IPM,INTELLIGENT PROTECTION MANAGEMENT CORP.,US,7370.0,IT consulting & application services,2022Q2,pre,0,2644468.0,14.787980468828836,-22.581366665466362,-13.205834397488495,1,1,-40.97557618394323,,0.0,0.0
1355839,IPM,INTELLIGENT PROTECTION MANAGEMENT CORP.,US,7370.0,IT consulting & application services,2022Q3,pre,0,2623467.0,14.78000728341344,-22.328561865701182,-22.581366665466362,1,1,-40.419909989338535,,0.0,0.0
1355839,IPM,INTELLIGENT PROTECTION MANAGEMENT CORP.,US,7370.0,IT consulting & application services,2022Q4,transition,0,2794909.0,14.843310105901773,-10.085198254920462,-22.328561865701182,1,1,-28.68268698551545,,0.0,0.0
1355839,IPM,INTELLIGENT PROTECTION MANAGEMENT CORP.,US,7370.0,IT consulting & application services,2023Q1,post,1,2564017.0,14.757085727265927,-12.392246423532844,-10.085198254920462,1,0,-35.45292406407602,,0.0,0.0
1355839,IPM,INTELLIGENT PROTECTION MANAGEMENT CORP.,US,7370.0,IT consulting & application services,2023Q2,post,1,2956002.0,14.899348237639988,11.780592542621049,-12.392246423532844,0,0,-9.394377946970266,,0.0,0.0
1355839,IPM,INTELLIGENT PROTECTION MANAGEMENT CORP.,US,7370.0,IT consulting & application services,2023Q3,post,1,2767939.0,14.833613557904613,5.506911274279417,11.780592542621049,0,1,-14.068807152180737,,0.0,0.0
1355839,IPM,INTELLIGENT PROTECTION MANAGEMENT CORP.,US,7370.0,IT consulting & application services,2025Q2,post,1,5722599.0,15.559933630790274,502.513410715471,544.2709220099438,0,0,-19.741012781080762,,1.195,0.0
1355839,IPM,INTELLIGENT PROTECTION MANAGEMENT CORP.,US,7370.0,IT consulting & application services,2025Q3,post,1,6238019.0,15.646173221993275,502.513410715471,544.2709220099438,0,0,-23.016313352043333,,1.855,0.0
1355839,IPM,INTELLIGENT PROTECTION MANAGEMENT CORP.,US,7370.0,IT consulting & application services,2025Q4,post,1,6133803.0,15.629325507066262,502.513410715471,544.2709220099438,0,0,-13.365134159020107,,6.758,1.0
1356093,CREX,"CREATIVE REALITIES, INC.",US,7373.0,Systems integration,2019Q1,pre,0,9484000.0,16.06511672616743,133.25135268076733,26.426499032882013,0,0,0.36904259805989037,,0.0,0.0
1356093,CREX,"CREATIVE REALITIES, INC.",US,7373.0,Systems integration,2019Q2,pre,0,9314000.0,16.04702920252446,29.739518038724057,133.25135268076733,0,0,5.314580201846683,,0.0,0.0
1356093,CREX,"CREATIVE REALITIES, INC.",US,7373.0,Systems integration,2019Q3,pre,0,6723000.0,15.721045041451173,12.031328111981336,29.739518038724057,0,0,1.2791908374237693,,0.0,0.0
1356093,CREX,"CREATIVE REALITIES, INC.",US,7373.0,Systems integration,2019Q4,pre,0,6077000.0,15.620021711117491,16.21724995218971,12.031328111981336,0,1,-11.9466842191871,,0.0,0.0
1356093,CREX,"CREATIVE REALITIES, INC.",US,7373.0,Systems integration,2020Q1,pre,0,3704000.0,15.124923874748207,-60.94474905103332,16.21724995218971,1,1,-350.99892008639307,,0.0,0.0
1356093,CREX,"CREATIVE REALITIES, INC.",US,7373.0,Systems integration,2020Q2,pre,0,3656000.0,15.111880211556178,-60.74726218595663,-60.94474905103332,1,1,-44.967177242888404,,0.0,0.0
1356093,CREX,"CREATIVE REALITIES, INC.",US,7373.0,Systems integration,2020Q3,pre,0,5107000.0,15.446122705629781,-24.036888293916405,-60.74726218595663,1,1,-8.263168200509105,,0.0,0.0
1356093,CREX,"CREATIVE REALITIES, INC.",US,7373.0,Systems integration,2020Q4,pre,0,4990000.0,15.422946467727702,-17.887115352970216,-24.036888293916405,1,0,-20.34068136272545,,0.0,0.0
1356093,CREX,"CREATIVE REALITIES, INC.",US,7373.0,Systems integration,2021Q1,pre,0,5004000.0,15.425748150568939,35.097192224622034,-17.887115352970216,0,1,-4.256594724220624,,0.0,0.0
1356093,CREX,"CREATIVE REALITIES, INC.",US,7373.0,Systems integration,2021Q2,pre,0,3277000.0,15.002438927680952,-10.366520787746172,35.097192224622034,1,1,-12.541959108941105,,0.0,0.0
1356093,CREX,"CREATIVE REALITIES, INC.",US,7373.0,Systems integration,2021Q3,pre,0,4753000.0,15.374286555596147,-6.931662424123752,-10.366520787746172,1,0,-8.499894803282137,,0.0,0.0
1356093,CREX,"CREATIVE REALITIES, INC.",US,7373.0,Systems integration,2021Q4,pre,0,5403000.0,15.502464912826202,8.276553106212425,-6.931662424123752,0,0,-28.151027207107166,,0.0,0.0
1356093,CREX,"CREATIVE REALITIES, INC.",US,7373.0,Systems integration,2022Q1,pre,0,10757000.0,16.191067263414144,114.96802557953639,8.276553106212425,0,0,-9.426420005577764,,0.0,0.0
1356093,CREX,"CREATIVE REALITIES, INC.",US,7373.0,Systems integration,2022Q2,pre,0,10923000.0,16.20638121582568,233.32316142813548,114.96802557953639,0,0,0.274649821477616,,0.0,0.0
1356093,CREX,"CREATIVE REALITIES, INC.",US,7373.0,Systems integration,2022Q3,pre,0,11180000.0,16.229637025691225,135.21986114033243,233.32316142813548,0,,-2.5402504472271916,,0.0,0.0
1365038,,LEAF GROUP LTD.,US,7374.0,Data processing & managed services,2019Q1,pre,0,34038000.0,17.342988105536758,0.8622988710107564,14.576987942708989,0,0,-30.424819319583996,,0.0,0.0
1365038,,LEAF GROUP LTD.,US,7374.0,Data processing & managed services,2019Q2,pre,0,35789000.0,17.39315114158628,4.277264648465954,0.8622988710107564,0,1,-19.019810556316187,,0.0,0.0
1365038,,LEAF GROUP LTD.,US,7374.0,Data processing & managed services,2019Q3,pre,0,40030000.0,17.505139730968757,-3.439791586260131,4.277264648465954,1,1,-11.296527604296777,,0.0,0.0
1365038,,LEAF GROUP LTD.,US,7374.0,Data processing & managed services,2019Q4,pre,0,45099000.0,17.62437063127808,-0.9205149611142844,-3.439791586260131,1,1,-11.87831215769751,,0.0,0.0
1365038,,LEAF GROUP LTD.,US,7374.0,Data processing & managed services,2020Q1,pre,0,32865000.0,17.307918819679813,-3.4461484223514893,-0.9205149611142844,1,0,-32.15578883310513,,0.0,0.0
1365038,,LEAF GROUP LTD.,US,7374.0,Data processing & managed services,2020Q2,pre,0,50968000.0,17.74670854277846,42.4124731062617,-3.4461484223514893,0,0,-5.742819023701146,,0.0,0.0
1365038,,LEAF GROUP LTD.,US,7374.0,Data processing & managed services,2020Q3,pre,0,63255000.0,17.96268473383091,58.018985760679485,42.4124731062617,0,0,-2.74444707928227,,0.0,0.0
1365038,,LEAF GROUP LTD.,US,7374.0,Data processing & managed services,2020Q4,pre,0,64973000.0,17.98948235694844,44.06749595334708,58.018985760679485,0,0,-3.977036615209395,,0.0,0.0
1365038,,LEAF GROUP LTD.,US,7374.0,Data processing & managed services,2021Q1,pre,0,51877000.0,17.764386089988808,57.84877529286475,44.06749595334708,0,,-11.806773714748347,,0.0,0.0
1366246,,GLU MOBILE INC,US,7371.0,IT consulting & application services,2019Q1,pre,0,95885000.0,18.378660114689755,17.732647373009343,19.23402982097442,0,0,0.0803045314699901,,0.0,0.0
1366246,,GLU MOBILE INC,US,7371.0,IT consulting & application services,2019Q2,pre,0,95540000.0,18.37505556592609,5.92839799097491,17.732647373009343,0,0,2.0420766171237177,,0.0,0.0
1366246,,GLU MOBILE INC,US,7371.0,IT consulting & application services,2019Q3,pre,0,107077000.0,18.48905875978765,7.848114015208743,5.92839799097491,0,0,-5.330743296879816,,0.0,0.0
1366246,,GLU MOBILE INC,US,7371.0,IT consulting & application services,2019Q4,pre,0,112879000.0,18.54182700650432,18.024884985361773,7.848114015208743,0,0,9.674961684635761,,0.0,0.0
1366246,,GLU MOBILE INC,US,7371.0,IT consulting & application services,2020Q1,pre,0,107274000.0,18.49089686696201,11.877770245606717,18.024884985361773,0,0,-8.882860711822063,,0.0,0.0
1366246,,GLU MOBILE INC,US,7371.0,IT consulting & application services,2020Q2,pre,0,133316000.0,18.708232807953415,39.53945991207871,11.877770245606717,0,0,-11.391730925020251,,0.0,0.0
1366246,,GLU MOBILE INC,US,7371.0,IT consulting & application services,2020Q3,pre,0,158531000.0,18.881460715753846,48.05327007667379,39.53945991207871,0,0,12.857422207643932,,0.0,0.0
1366246,,GLU MOBILE INC,US,7371.0,IT consulting & application services,2020Q4,pre,0,141401000.0,18.767110383537524,25.267764597489347,48.05327007667379,0,,17.57271872193266,,0.0,0.0
1372414,,"AEROHIVE NETWORKS, INC",US,7373.0,Systems integration,2019Q1,pre,0,33017000.0,17.312533138300918,-7.688651550311739,6.68402048870602,1,1,-26.931580700851075,,1.258,0.0
1372414,,"AEROHIVE NETWORKS, INC",US,7373.0,Systems integration,2019Q2,pre,0,38037000.0,17.454069928178196,-6.023471278567016,-7.688651550311739,1,,-16.086967952257012,,0.774,0.0
1376321,CNET,ZW Data Action Technologies Inc.,US,7370.0,IT consulting & application services,2019Q1,pre,0,8567000.0,15.96342817094618,3.7167070217917675,-39.24149615534993,0,1,-8.614450799579783,,0.0,0.0
1376321,CNET,ZW Data Action Technologies Inc.,US,7370.0,IT consulting & application services,2019Q2,pre,0,15453000.0,16.553313717215833,-31.380994671403194,3.7167070217917675,1,1,-7.907849608490261,,0.0,0.0
1376321,CNET,ZW Data Action Technologies Inc.,US,7370.0,IT consulting & application services,2019Q3,pre,0,15508000.0,16.556866577772958,-9.001290928294802,-31.380994671403194,1,0,-1.77327830797008,,0.0,0.0
1376321,CNET,ZW Data Action Technologies Inc.,US,7370.0,IT consulting & application services,2019Q4,pre,0,18552000.0,16.736088157917504,98.97039897039896,-9.001290928294802,0,1,2.9484691677447175,,0.319,0.0
1376321,CNET,ZW Data Action Technologies Inc.,US,7370.0,IT consulting & application services,2020Q1,pre,0,4384000.0,15.293472107609988,-48.826893895179175,98.97039897039896,1,1,-51.91605839416058,,0.0,0.0
1376321,CNET,ZW Data Action Technologies Inc.,US,7370.0,IT consulting & application services,2020Q2,pre,0,10416000.0,16.158853643430486,-32.59561250242671,-48.826893895179175,1,1,-9.7926267281106,,0.0,0.0
1376321,CNET,ZW Data Action Technologies Inc.,US,7370.0,IT consulting & application services,2020Q3,pre,0,12304000.0,16.325434970727564,-20.660304359040495,-32.59561250242671,1,1,-11.410923276983095,,0.0,0.0
1376321,CNET,ZW Data Action Technologies Inc.,US,7370.0,IT consulting & application services,2020Q4,pre,0,11304000.0,16.2406672033465,-39.06856403622251,-20.660304359040495,1,0,-8.855272469922152,,0.0,0.0
1376321,CNET,ZW Data Action Technologies Inc.,US,7370.0,IT consulting & application services,2021Q1,pre,0,8396000.0,15.94326595992266,91.51459854014598,-39.06856403622251,0,0,-21.61743687470224,,0.0,0.0
1376321,CNET,ZW Data Action Technologies Inc.,US,7370.0,IT consulting & application services,2021Q2,pre,0,14551000.0,16.493170277742415,39.69854070660522,91.51459854014598,0,1,-56.896433234829225,,0.0,0.0
1376321,CNET,ZW Data Action Technologies Inc.,US,7370.0,IT consulting & application services,2021Q3,pre,0,11900000.0,16.292048958081757,-3.283485045513654,39.69854070660522,1,0,-13.22689075630252,,0.0,0.0
1376321,CNET,ZW Data Action Technologies Inc.,US,7370.0,IT consulting & application services,2021Q4,pre,0,12481000.0,16.33971804590059,10.412243453644727,-3.283485045513654,0,1,-15.39940709879016,,0.0,0.0
1376321,CNET,ZW Data Action Technologies Inc.,US,7370.0,IT consulting & application services,2022Q1,pre,0,7652000.0,15.850477609542281,-8.861362553596951,10.412243453644727,1,1,-20.269210663878727,,0.0,0.0
1376321,CNET,ZW Data Action Technologies Inc.,US,7370.0,IT consulting & application services,2022Q2,pre,0,6945000.0,15.753532534170581,-52.27132155865576,-8.861362553596951,1,1,-39.06407487401008,,0.0,0.0
1376321,CNET,ZW Data Action Technologies Inc.,US,7370.0,IT consulting & application services,2022Q3,pre,0,7216000.0,15.791811340724596,-39.36134453781512,-52.27132155865576,1,1,-25.374168514412414,,0.0,0.0
1376321,CNET,ZW Data Action Technologies Inc.,US,7370.0,IT consulting & application services,2022Q4,transition,0,4422000.0,15.302102640399529,-64.57014662286676,-39.36134453781512,1,1,-113.61374943464494,,0.0,0.0
1376321,CNET,ZW Data Action Technologies Inc.,US,7370.0,IT consulting & application services,2023Q1,post,1,6316000.0,15.65859665435767,-17.4594877156299,-64.57014662286676,1,0,-20.7726409119696,,0.0,0.0
1376321,CNET,ZW Data Action Technologies Inc.,US,7370.0,IT consulting & application services,2023Q2,post,1,9820000.0,16.09993168033065,41.3966882649388,-17.4594877156299,0,0,-13.604887983706721,,0.0,0.0
1376321,CNET,ZW Data Action Technologies Inc.,US,7370.0,IT consulting & application services,2023Q3,post,1,9181000.0,16.032646689125837,27.23115299334812,41.3966882649388,0,0,-17.49264785971027,,0.0,0.0
1376321,CNET,ZW Data Action Technologies Inc.,US,7370.0,IT consulting & application services,2023Q4,post,1,5268000.0,15.477161341845308,19.131614654002714,27.23115299334812,0,1,-33.37129840546697,,0.0,0.0
1376321,CNET,ZW Data Action Technologies Inc.,US,7370.0,IT consulting & application services,2024Q1,post,1,3531000.0,15.077091674910523,-44.09436352121595,19.131614654002714,1,1,-26.111583120928916,,0.0,0.0
1376321,CNET,ZW Data Action Technologies Inc.,US,7370.0,IT consulting & application services,2024Q2,post,1,6420000.0,15.674928675666145,-34.623217922606926,-44.09436352121595,1,1,-4.688473520249222,,0.0,0.0
1376321,CNET,ZW Data Action Technologies Inc.,US,7370.0,IT consulting & application services,2024Q3,post,1,3239000.0,14.990775198153466,-64.7206186689903,-34.623217922606926,1,1,-61.500463105896884,,0.0,0.0
1376321,CNET,ZW Data Action Technologies Inc.,US,7370.0,IT consulting & application services,2024Q4,post,1,2249000.0,14.625996230941453,-57.30827638572513,-64.7206186689903,1,1,-24.099599822143176,,0.746,0.0
1376321,CNET,ZW Data Action Technologies Inc.,US,7370.0,IT consulting & application services,2025Q1,post,1,1652000.0,14.31749723306306,-53.21438685924667,-57.30827638572513,1,1,-35.04842615012107,,0.97,0.0
1384905,RNG,"RingCentral, Inc.",US,7374.0,Data processing & managed services,2019Q1,pre,0,201489000.0,19.121245347290174,34.019541980670866,33.60059496405425,0,0,-3.7039242837077957,,0.0,0.0
1384905,RNG,"RingCentral, Inc.",US,7374.0,Data processing & managed services,2019Q2,pre,0,215152000.0,19.18685531304579,33.77437325905292,34.019541980670866,0,0,-3.33717557819588,,0.0,0.0
1384905,RNG,"RingCentral, Inc.",US,7374.0,Data processing & managed services,2019Q3,pre,0,233352000.0,19.26805860113974,34.2453617143679,33.77437325905292,0,0,-4.569491583530461,,0.0,0.0
1384905,RNG,"RingCentral, Inc.",US,7374.0,Data processing & managed services,2019Q4,pre,0,252865000.0,19.348366307440394,34.05770209517346,34.2453617143679,0,0,-8.055286417653688,,0.0,0.0
1384905,RNG,"RingCentral, Inc.",US,7374.0,Data processing & managed services,2020Q1,pre,0,267512000.0,19.40467498310725,32.76754562283797,34.05770209517346,0,0,-9.528544513890965,,0.0,0.0
1384905,RNG,"RingCentral, Inc.",US,7374.0,Data processing & managed services,2020Q2,pre,0,277985000.0,19.443077713364655,29.204004610693836,32.76754562283797,0,0,-10.553087396801985,,0.0,0.0
1384905,RNG,"RingCentral, Inc.",US,7374.0,Data processing & managed services,2020Q3,pre,0,303624000.0,19.53130065174475,30.114162295587782,29.204004610693836,0,0,-9.77195478618291,,0.0,0.0
1384905,RNG,"RingCentral, Inc.",US,7374.0,Data processing & managed services,2020Q4,pre,0,334536000.0,19.62825505505997,32.298261918414966,30.114162295587782,0,0,-8.59190042327283,,0.0,0.0
1384905,RNG,"RingCentral, Inc.",US,7374.0,Data processing & managed services,2021Q1,pre,0,352356000.0,19.6801525861151,31.715960405514522,32.298261918414966,0,0,-11.922884809681118,,0.0,0.0
1384905,RNG,"RingCentral, Inc.",US,7374.0,Data processing & managed services,2021Q2,pre,0,379273000.0,19.753766820365886,36.436498372214324,31.715960405514522,0,0,-19.347804879334937,,0.0,0.0
1384905,RNG,"RingCentral, Inc.",US,7374.0,Data processing & managed services,2021Q3,pre,0,414629000.0,19.842894702456586,36.56002160567017,36.436498372214324,0,0,-20.050454743879467,,0.0,0.0
1384905,RNG,"RingCentral, Inc.",US,7374.0,Data processing & managed services,2021Q4,pre,0,448496000.0,19.92141032080574,34.06509314393668,36.56002160567017,0,0,-23.023393742642074,,0.149,0.0
1384905,RNG,"RingCentral, Inc.",US,7374.0,Data processing & managed services,2022Q1,pre,0,467656000.0,19.963243540870515,32.7225873832147,34.06509314393668,0,0,-22.140633286005098,,0.0,0.0
1384905,RNG,"RingCentral, Inc.",US,7374.0,Data processing & managed services,2022Q2,pre,0,486896000.0,20.003561105879914,28.376130122629345,32.7225873832147,0,0,-22.132857940915514,,0.0,0.0
1384905,RNG,"RingCentral, Inc.",US,7374.0,Data processing & managed services,2022Q3,pre,0,509032000.0,20.048021440908016,22.76806494480608,28.376130122629345,0,0,-35.86395354319571,,0.0,0.0
1384905,RNG,"RingCentral, Inc.",US,7374.0,Data processing & managed services,2022Q4,transition,0,524746000.0,20.0784248939585,17.00126645499625,22.76806494480608,0,0,-48.71118598331383,,0.101,0.0
1384905,RNG,"RingCentral, Inc.",US,7374.0,Data processing & managed services,2023Q1,post,1,533689000.0,20.095323830261712,14.119994183759003,17.00126645499625,0,0,-10.217748538943091,,1.857,1.0
1384905,RNG,"RingCentral, Inc.",US,7374.0,Data processing & managed services,2023Q2,post,1,539305000.0,20.10579183154206,10.763900299037166,14.119994183759003,0,0,-8.355568741250313,,2.995,1.0
1384905,RNG,"RingCentral, Inc.",US,7374.0,Data processing & managed services,2023Q3,post,1,558164000.0,20.140163383973476,9.652045450973612,10.763900299037166,0,0,-9.705928723457621,,7.899,1.0
1384905,RNG,"RingCentral, Inc.",US,7374.0,Data processing & managed services,2023Q4,post,1,571271000.0,20.163374260984966,8.866194311152444,9.652045450973612,0,0,-7.884699205806001,,5.006,1.0
1384905,RNG,"RingCentral, Inc.",US,7374.0,Data processing & managed services,2024Q1,post,1,584211000.0,20.185772776908742,9.46656198647527,8.866194311152444,0,0,-1.865593081951555,,10.959,1.0
1384905,RNG,"RingCentral, Inc.",US,7374.0,Data processing & managed services,2024Q2,post,1,592907000.0,20.200548114983345,9.939088271015475,9.46656198647527,0,0,-0.903851700182322,,11.927,1.0
1384905,RNG,"RingCentral, Inc.",US,7374.0,Data processing & managed services,2024Q3,post,1,608765000.0,20.22694287271458,9.065615123870403,9.939088271015475,0,0,0.5406026956214631,,11.981,1.0
1384905,RNG,"RingCentral, Inc.",US,7374.0,Data processing & managed services,2024Q4,post,1,614512000.0,20.236339014851296,7.569262224058285,9.065615123870403,0,0,2.544620772255058,,9.739,1.0
1384905,RNG,"RingCentral, Inc.",US,7374.0,Data processing & managed services,2025Q1,post,1,612056000.0,20.232334339558406,4.766257396728237,7.569262224058285,0,0,1.6893878991464835,,10.88,1.0
1384905,RNG,"RingCentral, Inc.",US,7374.0,Data processing & managed services,2025Q2,post,1,620398000.0,20.245871765534833,4.636646219390225,4.766257396728237,0,0,5.957949574305527,,12.965,1.0
1384905,RNG,"RingCentral, Inc.",US,7374.0,Data processing & managed services,2025Q3,post,1,638655000.0,20.27487496043674,4.909940617479651,4.636646219390225,0,0,4.823731122436996,,16.282,1.0
1384905,RNG,"RingCentral, Inc.",US,7374.0,Data processing & managed services,2025Q4,post,1,644033000.0,20.283260524991814,4.803974535891895,4.909940617479651,0,0,6.589879711132815,,15.393,1.0
1385292,,Monotype Imaging Holdings Inc.,US,7371.0,IT consulting & application services,2019Q1,pre,0,51356000.0,17.75429233269311,-9.39787943475116,9.81604528116156,1,0,6.811278136926552,,0.0,0.0
1385292,,Monotype Imaging Holdings Inc.,US,7371.0,IT consulting & application services,2019Q2,pre,0,63236000.0,17.962384317198214,4.200240578707136,-9.39787943475116,0,,21.538364222911,,0.0,0.0
1389002,,MARIN SOFTWARE INC,US,7374.0,Data processing & managed services,2019Q1,pre,0,13448000.0,16.41434095407059,-12.686664069601349,-10.552792222473434,1,1,-38.02052349791791,,0.0,0.0
1389002,,MARIN SOFTWARE INC,US,7374.0,Data processing & managed services,2019Q2,pre,0,12476000.0,16.33931735670983,-12.455266297101957,-12.686664069601349,1,1,-35.8848990060917,,0.0,0.0
1389002,,MARIN SOFTWARE INC,US,7374.0,Data processing & managed services,2019Q3,pre,0,11728000.0,16.27748970310857,-10.834030259256442,-12.455266297101957,1,1,-34.73738062755798,,0.0,0.0
1389002,,MARIN SOFTWARE INC,US,7374.0,Data processing & managed services,2019Q4,pre,0,11384000.0,16.247719418751824,-28.06319115323855,-10.834030259256442,1,1,-54.28671820098384,,0.0,0.0
1389002,,MARIN SOFTWARE INC,US,7374.0,Data processing & managed services,2020Q1,pre,0,8660000.0,15.974225280538619,-35.60380725758477,-28.06319115323855,1,1,-50.98152424942263,,0.0,0.0
1389002,,MARIN SOFTWARE INC,US,7374.0,Data processing & managed services,2020Q2,pre,0,7275000.0,15.79995437102183,-41.68804103879449,-35.60380725758477,1,1,-62.39175257731959,,0.0,0.0
1389002,,MARIN SOFTWARE INC,US,7374.0,Data processing & managed services,2020Q3,pre,0,6796000.0,15.73184476177396,-42.05320600272851,-41.68804103879449,1,1,-62.610359034726315,,0.0,0.0
1389002,,MARIN SOFTWARE INC,US,7374.0,Data processing & managed services,2020Q4,pre,0,7252000.0,15.796787850856878,-36.29655657062544,-42.05320600272851,1,1,-42.55377826806398,,0.0,0.0
1389002,,MARIN SOFTWARE INC,US,7374.0,Data processing & managed services,2021Q1,pre,0,6308000.0,15.657329227065066,-27.15935334872979,-36.29655657062544,1,1,-38.79201014584655,,0.0,0.0
1389002,,MARIN SOFTWARE INC,US,7374.0,Data processing & managed services,2021Q2,pre,0,6094000.0,15.62281523852779,-16.233676975945016,-27.15935334872979,1,1,-49.409255004922876,,0.0,0.0
1389002,,MARIN SOFTWARE INC,US,7374.0,Data processing & managed services,2021Q3,pre,0,6155000.0,15.632775317600691,-9.432018834608593,-16.233676975945016,1,1,-53.20877335499594,,0.0,0.0
1389002,,MARIN SOFTWARE INC,US,7374.0,Data processing & managed services,2021Q4,pre,0,5863000.0,15.584171975946353,-19.153337010479866,-9.432018834608593,1,1,-90.89203479447382,,0.0,0.0
1389002,,MARIN SOFTWARE INC,US,7374.0,Data processing & managed services,2022Q1,pre,0,5161000.0,15.456640917130864,-18.18325935320228,-19.153337010479866,1,1,-103.46832009300525,,0.0,0.0
1389002,,MARIN SOFTWARE INC,US,7374.0,Data processing & managed services,2022Q2,pre,0,4720000.0,15.367319357561739,-22.546767312110273,-18.18325935320228,1,1,-118.5593220338983,,0.0,0.0
1389002,,MARIN SOFTWARE INC,US,7374.0,Data processing & managed services,2022Q3,pre,0,4977000.0,15.42033785784069,-19.138911454102356,-22.546767312110273,1,1,-116.95800683142454,,0.0,0.0
1389002,,MARIN SOFTWARE INC,US,7374.0,Data processing & managed services,2022Q4,transition,0,5161000.0,15.456640917130864,-11.973392461197339,-19.138911454102356,1,1,-101.60821546211976,,0.0,0.0
1389002,,MARIN SOFTWARE INC,US,7374.0,Data processing & managed services,2023Q1,post,1,4583000.0,15.337864363491262,-11.199379965123038,-11.973392461197339,1,1,-130.04582151429196,,0.0,0.0
1389002,,MARIN SOFTWARE INC,US,7374.0,Data processing & managed services,2023Q2,post,1,4360000.0,15.287982615325218,-7.627118644067797,-11.199379965123038,1,1,-137.3394495412844,,0.0,0.0
1389002,,MARIN SOFTWARE INC,US,7374.0,Data processing & managed services,2023Q3,post,1,4438000.0,15.305714382474676,-10.829817158931084,-7.627118644067797,1,1,-115.14195583596214,,0.0,0.0
1389002,,MARIN SOFTWARE INC,US,7374.0,Data processing & managed services,2023Q4,post,1,4350000.0,15.285686403064867,-15.714008913001356,-10.829817158931084,1,1,-132.13793103448276,,0.0,0.0
1389002,,MARIN SOFTWARE INC,US,7374.0,Data processing & managed services,2024Q1,post,1,4031000.0,15.209525042099303,-12.044512328169322,-15.714008913001356,1,1,-62.68915901761349,,0.0,0.0
1389002,,MARIN SOFTWARE INC,US,7374.0,Data processing & managed services,2024Q2,post,1,4045000.0,15.21299210847473,-7.224770642201834,-12.044512328169322,1,1,-51.59456118665019,,0.0,0.0
1389002,,MARIN SOFTWARE INC,US,7374.0,Data processing & managed services,2024Q3,post,1,4282000.0,15.269930748131765,-3.515096890491212,-7.224770642201834,1,,-49.78981784212985,,0.0,0.0
1392972,,"PROS Holdings, Inc.",US,7371.0,IT consulting & application services,2019Q1,pre,0,56131000.0,17.843198802544467,17.159256940096014,13.527101674434663,0,0,-24.24685111613903,,4.425,0.0
1392972,,"PROS Holdings, Inc.",US,7371.0,IT consulting & application services,2019Q2,pre,0,63878000.0,17.97248557211714,34.68983258128453,17.159256940096014,0,0,-19.01280566079088,,3.56,0.0
1392972,,"PROS Holdings, Inc.",US,7371.0,IT consulting & application services,2019Q3,pre,0,64150000.0,17.976734649025918,30.718288334182375,34.68983258128453,0,0,-19.504286827747467,,3.334,0.0
1392972,,"PROS Holdings, Inc.",US,7371.0,IT consulting & application services,2019Q4,pre,0,66175000.0,18.007813306077438,25.776899245433636,30.718288334182375,0,0,-22.774461654703437,,6.054,0.0
1392972,,"PROS Holdings, Inc.",US,7371.0,IT consulting & application services,2020Q1,pre,0,66311000.0,18.009866353912983,18.13614580178511,25.776899245433636,0,1,-32.199785857550026,,3.875,0.0
1392972,,"PROS Holdings, Inc.",US,7371.0,IT consulting & application services,2020Q2,pre,0,63747000.0,17.97043268207198,-0.20507843075863366,18.13614580178511,1,1,-23.748568560089105,,3.376,0.0
1392972,,"PROS Holdings, Inc.",US,7371.0,IT consulting & application services,2020Q3,pre,0,61508000.0,17.93467780561772,-4.1184723304754485,-0.20507843075863366,1,1,-26.277882551863176,,3.04,0.0
1392972,,"PROS Holdings, Inc.",US,7371.0,IT consulting & application services,2020Q4,pre,0,60858000.0,17.924053839586186,-8.034756327918398,-4.1184723304754485,1,1,-22.06119162640902,,6.243,0.0
1392972,,"PROS Holdings, Inc.",US,7371.0,IT consulting & application services,2021Q1,pre,0,61378000.0,17.932562022721445,-7.4391880683446185,-8.034756327918398,1,1,-33.54622177327381,,2.703,0.0
1392972,,"PROS Holdings, Inc.",US,7371.0,IT consulting & application services,2021Q2,pre,0,62401000.0,17.949091858852274,-2.111471912403721,-7.4391880683446185,1,0,-26.130991490520984,,2.407,0.0
1392972,,"PROS Holdings, Inc.",US,7371.0,IT consulting & application services,2021Q3,pre,0,62671000.0,17.953409378671605,1.8908109514209535,-2.111471912403721,0,0,-25.223787716806818,,2.214,0.0
1392972,,"PROS Holdings, Inc.",US,7371.0,IT consulting & application services,2021Q4,pre,0,64973000.0,17.98948235694844,6.7616418548095565,1.8908109514209535,0,0,-33.304603450664125,,5.664,0.0
1392972,,"PROS Holdings, Inc.",US,7371.0,IT consulting & application services,2022Q1,pre,0,66492000.0,18.01259219763749,8.331975626445958,6.7616418548095565,0,0,-39.85893039764182,,2.559,0.0
1392972,,"PROS Holdings, Inc.",US,7371.0,IT consulting & application services,2022Q2,pre,0,68362000.0,18.040327672659057,9.552731526738354,8.331975626445958,0,0,-30.041543547584915,,2.291,0.0
1392972,,"PROS Holdings, Inc.",US,7371.0,IT consulting & application services,2022Q3,pre,0,70348000.0,18.068964911838393,12.249684862216974,9.552731526738354,0,0,-23.00136464433957,,2.217,0.0
1392972,,"PROS Holdings, Inc.",US,7371.0,IT consulting & application services,2022Q4,transition,0,70935000.0,18.077274522728224,9.176119311098455,12.249684862216974,0,0,-20.967082540353847,,6.536,0.0
1392972,,"PROS Holdings, Inc.",US,7371.0,IT consulting & application services,2023Q1,post,1,73182000.0,18.10846004705343,10.061360765204837,9.176119311098455,0,0,-25.683911344319643,,3.86,0.0
1392972,,"PROS Holdings, Inc.",US,7371.0,IT consulting & application services,2023Q2,post,1,75792000.0,18.14350330414567,10.868611216757849,10.061360765204837,0,0,-17.620593202448806,,10.189,1.0
1392972,,"PROS Holdings, Inc.",US,7371.0,IT consulting & application services,2023Q3,post,1,77250000.0,18.16255747374213,9.811224199692955,10.868611216757849,0,0,-10.151456310679611,,10.058,1.0
1392972,,"PROS Holdings, Inc.",US,7371.0,IT consulting & application services,2023Q4,post,1,77484000.0,18.165582021396606,9.23239585536054,9.811224199692955,0,0,-13.691858964431367,,10.613,1.0
1392972,,"PROS Holdings, Inc.",US,7371.0,IT consulting & application services,2024Q1,post,1,80688000.0,18.206100423298643,10.256620480446012,9.23239585536054,0,0,-12.767697798929209,,15.557,1.0
1392972,,"PROS Holdings, Inc.",US,7371.0,IT consulting & application services,2024Q2,post,1,82013000.0,18.222388329248297,8.207990289212582,10.256620480446012,0,0,-8.759586894760586,,16.388,1.0
1392972,,"PROS Holdings, Inc.",US,7371.0,IT consulting & application services,2024Q3,post,1,82702000.0,18.23075434349835,7.057605177993527,8.207990289212582,0,0,0.03748397862204058,,15.412,1.0
1392972,,"PROS Holdings, Inc.",US,7371.0,IT consulting & application services,2024Q4,post,1,84969000.0,18.25779704205087,9.660058850859532,7.057605177993527,0,0,-1.8442020030834776,,13.348,1.0
1392972,,"PROS Holdings, Inc.",US,7371.0,IT consulting & application services,2025Q1,post,1,86322000.0,18.273595048247223,6.982450922070196,9.660058850859532,0,0,-4.431083617154376,,12.698,1.0
1392972,,"PROS Holdings, Inc.",US,7371.0,IT consulting & application services,2025Q2,post,1,88715000.0,18.300939542339815,8.171875190518577,6.982450922070196,0,0,-8.565631516654456,,9.975,1.0
1392972,,"PROS Holdings, Inc.",US,7371.0,IT consulting & application services,2025Q3,post,1,91676000.0,18.333771179961435,10.851007230780391,8.171875190518577,0,,-3.1262271477813166,,8.023,1.0
1408278,,"Synacor, Inc.",US,7370.0,IT consulting & application services,2019Q1,pre,0,31824000.0,17.27573128007589,-3.3145982075041776,212.76683622451196,1,1,-6.658496732026144,,0.0,0.0
1408278,,"Synacor, Inc.",US,7370.0,IT consulting & application services,2019Q2,pre,0,31849000.0,17.276516542315292,-11.340923642234781,-3.3145982075041776,1,1,-6.128920845238469,,0.0,0.0
1408278,,"Synacor, Inc.",US,7370.0,IT consulting & application services,2019Q3,pre,0,31366000.0,17.26123506167651,-11.999551104003592,-11.340923642234781,1,1,-11.282917809092648,,0.0,0.0
1408278,,"Synacor, Inc.",US,7370.0,IT consulting & application services,2019Q4,pre,0,26806000.0,17.104136301020578,-68.87975818666524,-11.999551104003592,1,1,-0.7349100947549057,,0.0,0.0
1408278,,"Synacor, Inc.",US,7370.0,IT consulting & application services,2020Q1,pre,0,20583000.0,16.83997605034114,-35.32239819004525,-65.52412935323383,1,1,-20.90074333187582,,0.0,0.0
1408278,,"Synacor, Inc.",US,7370.0,IT consulting & application services,2020Q2,pre,0,18176000.0,16.715612600503015,-42.93070426073032,-35.32239819004525,1,1,-17.082966549295776,,0.0,0.0
1408278,,"Synacor, Inc.",US,7370.0,IT consulting & application services,2020Q3,pre,0,18529000.0,16.73484763026455,-40.92648090288848,-42.93070426073032,1,1,-19.418209293539856,,0.0,0.0
1408278,,"Synacor, Inc.",US,7370.0,IT consulting & application services,2020Q4,pre,0,24074000.0,16.996642977921816,-10.191748116093411,-40.92648090288848,1,,1.4538506272326992,,0.0,0.0
1418091,,"TWITTER, INC.",US,7370.0,IT consulting & application services,2019Q1,pre,0,786890000.0,20.483599025329408,18.35228187122013,24.232598829897753,0,0,11.90229892361067,,0.0,0.0
1418091,,"TWITTER, INC.",US,7370.0,IT consulting & application services,2019Q2,pre,0,841381000.0,20.5505551474538,18.41413795966735,18.35228187122013,0,0,8.995449148483267,,0.0,0.0
1418091,,"TWITTER, INC.",US,7370.0,IT consulting & application services,2019Q3,pre,0,823717000.0,20.52933758228051,8.653877862212788,18.41413795966735,0,0,5.359243526599548,,0.0,0.0
1418091,,"TWITTER, INC.",US,7370.0,IT consulting & application services,2019Q4,pre,0,1007341000.0,20.730580022953625,10.838589140394966,8.653877862212788,0,0,15.176985747626674,,0.162,0.0
1418091,,"TWITTER, INC.",US,7370.0,IT consulting & application services,2020Q1,pre,0,807637000.0,20.509623258113276,2.63658198731716,10.838589140394966,0,1,-0.9215773918233068,,0.254,0.0
1418091,,"TWITTER, INC.",US,7370.0,IT consulting & application services,2020Q2,pre,0,683438000.0,20.342646500430888,-18.771876236805916,2.63658198731716,1,0,-40.08117780983791,,0.231,0.0
1418091,,"TWITTER, INC.",US,7370.0,IT consulting & application services,2020Q3,pre,0,936233000.0,20.65737493508746,13.659545693484535,-18.771876236805916,0,0,5.992845798001139,,0.227,0.0
1418091,,"TWITTER, INC.",US,7370.0,IT consulting & application services,2020Q4,pre,0,1289041000.0,20.977164368000402,27.9647110561369,13.659545693484535,0,0,19.543521113758214,,0.313,0.0
1418091,,"TWITTER, INC.",US,7370.0,IT consulting & application services,2021Q1,pre,0,1036018000.0,20.75865035515014,28.277679204890315,27.9647110561369,0,0,5.036785075162787,,0.0,0.0
1418091,,"TWITTER, INC.",US,7370.0,IT consulting & application services,2021Q2,pre,0,1190427000.0,20.897577903237494,74.18214966097875,28.277679204890315,0,0,2.5412730054005834,,0.0,0.0
1418091,,"TWITTER, INC.",US,7370.0,IT consulting & application services,2021Q3,pre,0,1283817000.0,20.973103508692276,37.125800949122706,74.18214966097875,0,0,-57.8390845424231,,0.0,0.0
1418091,,"TWITTER, INC.",US,7370.0,IT consulting & application services,2021Q4,pre,0,1567220000.0,21.172569186126243,21.58030660002281,37.125800949122706,0,0,10.679738645499674,,0.154,0.0
1418091,,"TWITTER, INC.",US,7370.0,IT consulting & application services,2022Q1,pre,0,1200984000.0,20.906407057724042,15.923082417486956,21.58030660002281,0,1,-10.644021902040327,,0.0,0.0
1418091,,"TWITTER, INC.",US,7370.0,IT consulting & application services,2022Q2,pre,0,1176660000.0,20.88594575348508,-1.1564757855794603,15.923082417486956,1,,-29.215066374313736,,0.0,0.0
1419951,DTST,Data Storage Corp,US,7374.0,Data processing & managed services,2021Q2,pre,0,3528249.0,15.076312271849586,75.91768152072297,22.6796937166164,0,0,-2.703493999431446,45.41377323425869,0.0,0.0
1419951,DTST,Data Storage Corp,US,7374.0,Data processing & managed services,2021Q3,pre,0,3860258.0,15.1662445785856,41.73720007695889,75.91768152072297,0,0,-8.591860958516245,48.552661506044416,0.0,0.0
1419951,DTST,Data Storage Corp,US,7374.0,Data processing & managed services,2021Q4,pre,0,14876227.0,16.515274993389028,496.7040984875651,41.73720007695889,0,0,-2.5235094893348964,17.404991198373082,0.0,0.0
1419951,DTST,Data Storage Corp,US,7374.0,Data processing & managed services,2022Q1,pre,0,8657199.0,15.973901787111716,236.2422519828593,496.7040984875651,0,0,2.149009165666632,28.414109459653176,0.0,0.0
1419951,DTST,Data Storage Corp,US,7374.0,Data processing & managed services,2022Q2,pre,0,4827749.0,15.389890871447122,36.83130073869503,236.2422519828593,0,0,-21.45186089831928,53.7352708270459,0.0,0.0
1419951,DTST,Data Storage Corp,US,7374.0,Data processing & managed services,2022Q3,pre,0,4419285.0,15.301488476262678,14.481596825911636,36.83130073869503,0,0,-5.051133837261005,46.96517649348254,0.0,0.0
1419951,DTST,Data Storage Corp,US,7374.0,Data processing & managed services,2022Q4,transition,0,23870837.0,16.988168062635317,60.46297895292939,14.481596825911636,0,1,-12.581012555194441,11.34318415395321,0.0,0.0
1419951,DTST,Data Storage Corp,US,7374.0,Data processing & managed services,2023Q1,post,1,6879723.0,15.744088947471099,-20.531767838535306,60.46297895292939,1,0,-0.5961577232106583,30.971581268606307,0.0,0.0
1419951,DTST,Data Storage Corp,US,7374.0,Data processing & managed services,2023Q2,post,1,5904391.0,15.591206869356844,22.301117974443162,-20.531767838535306,0,0,1.8078748511065748,41.86731535902687,0.0,0.0
1419951,DTST,Data Storage Corp,US,7374.0,Data processing & managed services,2023Q3,post,1,5986625.0,15.605038372235084,35.465918129290145,22.301117974443162,0,1,0.23620988453427433,38.68979600359134,0.0,0.0
1419951,DTST,Data Storage Corp,US,7374.0,Data processing & managed services,2023Q4,post,1,6188837.0,15.638257743325068,-68.87975818666524,35.465918129290145,1,0,-4.011771517007153,45.65888550627525,0.0,0.0
1419951,DTST,Data Storage Corp,US,7374.0,Data processing & managed services,2024Q1,post,1,8235747.0,15.923994627862454,19.710444737382595,-65.52412935323383,0,1,2.595939384733407,33.42352551626465,0.0,0.0
1419951,DTST,Data Storage Corp,US,7374.0,Data processing & managed services,2024Q2,post,1,4910492.0,15.40688469841664,-16.833217854305378,19.710444737382595,1,1,-7.9174551144773275,56.9531321912346,0.0,0.0
1419951,DTST,Data Storage Corp,US,7374.0,Data processing & managed services,2024Q3,post,1,325299.0,12.692500038371259,-68.87975818666524,-16.833217854305378,1,1,-258.1108457142506,168.54553583996469,0.0,0.0
1422930,PUBM,"PubMatic, Inc.",US,7370.0,IT consulting & application services,2021Q1,pre,0,43608000.0,17.590751177726254,53.83095809228165,,0,0,15.23115024766098,,1.934,0.0
1422930,PUBM,"PubMatic, Inc.",US,7370.0,IT consulting & application services,2021Q2,pre,0,49658000.0,17.720670063371017,88.37676871135389,53.83095809228165,0,0,20.405574127028878,,1.848,0.0
1422930,PUBM,"PubMatic, Inc.",US,7370.0,IT consulting & application services,2021Q3,pre,0,58086000.0,17.877435228930263,53.67886340185729,88.37676871135389,0,0,24.184829390903143,,1.83,0.0
1422930,PUBM,"PubMatic, Inc.",US,7370.0,IT consulting & application services,2021Q4,pre,0,75556000.0,18.140384661133847,34.3408840368408,53.67886340185729,0,0,37.013605802318814,,4.339,0.0
1422930,PUBM,"PubMatic, Inc.",US,7370.0,IT consulting & application services,2022Q1,pre,0,54552000.0,17.814664933182627,25.09631260319207,34.3408840368408,0,0,8.39749230092389,,2.268,0.0
1422930,PUBM,"PubMatic, Inc.",US,7370.0,IT consulting & application services,2022Q2,pre,0,63032000.0,17.959153091907663,26.93221635990173,25.09631260319207,0,0,15.538139357786521,,2.163,0.0
1422930,PUBM,"PubMatic, Inc.",US,7370.0,IT consulting & application services,2022Q3,pre,0,64500000.0,17.982175781766,11.04224770168371,26.93221635990173,0,1,14.91782945736434,,2.007,0.0
1422930,PUBM,"PubMatic, Inc.",US,7370.0,IT consulting & application services,2022Q4,transition,0,74296000.0,18.123567672437982,-1.6676372491926519,11.04224770168371,1,0,22.239420695595992,,4.357,0.0
1422930,PUBM,"PubMatic, Inc.",US,7370.0,IT consulting & application services,2023Q1,post,1,55407000.0,17.83021649752616,1.5673119225692917,-1.6676372491926519,0,0,-19.261104192611043,,2.152,0.0
1422930,PUBM,"PubMatic, Inc.",US,7370.0,IT consulting & application services,2023Q2,post,1,63330000.0,17.963869708492613,0.47277573296103564,1.5673119225692917,0,1,-11.264803410705827,,5.021,0.0
1422930,PUBM,"PubMatic, Inc.",US,7370.0,IT consulting & application services,2023Q3,post,1,63677000.0,17.9693339878379,-1.2759689922480622,0.47277573296103564,1,0,-0.8967130989211175,,4.948,0.0
1422930,PUBM,"PubMatic, Inc.",US,7370.0,IT consulting & application services,2023Q4,post,1,84600000.0,18.25344482457645,13.868848928609884,-1.2759689922480622,0,0,24.128841607565015,,5.715,0.0
1422930,PUBM,"PubMatic, Inc.",US,7370.0,IT consulting & application services,2024Q1,post,1,66701000.0,18.015730503277215,20.383706029924017,13.868848928609884,0,0,-8.283234134420773,,1.194,0.0
1422930,PUBM,"PubMatic, Inc.",US,7370.0,IT consulting & application services,2024Q2,post,1,67267000.0,18.024180332604782,6.216642981209537,20.383706029924017,0,0,-5.9241530022150535,,1.039,0.0
1422930,PUBM,"PubMatic, Inc.",US,7370.0,IT consulting & application services,2024Q3,post,1,71786000.0,18.089200028933774,12.734582345273804,6.216642981209537,0,0,-1.901484969214053,,1.014,0.0
1422930,PUBM,"PubMatic, Inc.",US,7370.0,IT consulting & application services,2024Q4,post,1,85502000.0,18.26405032544627,1.066193853427896,12.734582345273804,0,1,17.311875745596595,,6.594,0.0
1422930,PUBM,"PubMatic, Inc.",US,7370.0,IT consulting & application services,2025Q1,post,1,63825000.0,17.971655521091822,-4.311779433591701,1.066193853427896,1,0,-18.64943204073639,,1.029,0.0
1422930,PUBM,"PubMatic, Inc.",US,7370.0,IT consulting & application services,2025Q2,post,1,71095000.0,18.079527568812612,5.690754753445225,-4.311779433591701,0,1,-7.681271538082847,,0.936,0.0
1422930,PUBM,"PubMatic, Inc.",US,7370.0,IT consulting & application services,2025Q3,post,1,67960000.0,18.034429854768007,-5.3297300309252496,5.690754753445225,1,1,-12.38816951147734,,0.913,0.0
1422930,PUBM,"PubMatic, Inc.",US,7370.0,IT consulting & application services,2025Q4,post,1,80046000.0,18.198112027388998,-6.381137283338402,-5.3297300309252496,1,1,10.648876895784925,,16.616,1.0
1433714,,"CASTLIGHT HEALTH, INC.",US,7374.0,Data processing & managed services,2019Q1,pre,0,35490000.0,17.38476152462268,-2.7111488801776362,13.193342833328852,1,1,-30.58044519582981,,0.341,0.0
1433714,,"CASTLIGHT HEALTH, INC.",US,7374.0,Data processing & managed services,2019Q2,pre,0,35910000.0,17.396526366202266,-4.959771331780647,-2.7111488801776362,1,1,-24.057365636313005,,0.323,0.0
1433714,,"CASTLIGHT HEALTH, INC.",US,7374.0,Data processing & managed services,2019Q3,pre,0,35461000.0,17.383944059002324,-11.438275767338478,-4.959771331780647,1,1,-27.083274583345084,,0.309,0.0
1433714,,"CASTLIGHT HEALTH, INC.",US,7374.0,Data processing & managed services,2019Q4,pre,0,36447000.0,17.41136970850499,-13.427553444180523,-11.438275767338478,1,0,-33.58849836749253,,0.191,0.0
1433714,,"CASTLIGHT HEALTH, INC.",US,7374.0,Data processing & managed services,2020Q1,pre,0,39045000.0,17.480225385078914,10.016906170752325,-13.427553444180523,0,1,-144.95582020745294,,0.0,0.0
1433714,,"CASTLIGHT HEALTH, INC.",US,7374.0,Data processing & managed services,2020Q2,pre,0,35500000.0,17.385043254445645,-1.1417432470064048,10.016906170752325,1,1,-12.188732394366198,,0.0,0.0
1433714,,"CASTLIGHT HEALTH, INC.",US,7374.0,Data processing & managed services,2020Q3,pre,0,35078000.0,17.37308471130022,-1.0800597839880433,-1.1417432470064048,1,0,-1.3968869376817379,,0.0,0.0
1433714,,"CASTLIGHT HEALTH, INC.",US,7374.0,Data processing & managed services,2020Q4,pre,0,37086000.0,17.428750097869464,1.7532307185776606,-1.0800597839880433,0,1,-3.696812813460605,,0.553,0.0
1433714,,"CASTLIGHT HEALTH, INC.",US,7374.0,Data processing & managed services,2021Q1,pre,0,35059000.0,17.372542914517787,-10.20873351261365,1.7532307185776606,1,0,-8.810861690293505,,0.0,0.0
1433714,,"CASTLIGHT HEALTH, INC.",US,7374.0,Data processing & managed services,2021Q2,pre,0,35603000.0,17.38794046193469,0.29014084507042254,-10.20873351261365,0,1,-6.867398814706625,,0.0,0.0
1433714,,"CASTLIGHT HEALTH, INC.",US,7374.0,Data processing & managed services,2021Q3,pre,0,34776000.0,17.364438051650765,-0.8609384799589486,0.29014084507042254,1,,-5.420404876926616,,0.0,0.0
1437491,,"RiskOn International, Inc.",US,7374.0,Data processing & managed services,2020Q4,pre,0,4465000.0,15.311779772292736,502.513410715471,544.2709220099438,0,0,-94.87122060470324,56.61814109742441,0.0,0.0
1437491,,"RiskOn International, Inc.",US,7374.0,Data processing & managed services,2021Q1,pre,0,5028532.0,15.430638650573181,502.513410715471,544.2709220099438,0,0,-171.1040319520687,31.2299693031684,0.16,0.0
1437491,,"RiskOn International, Inc.",US,7374.0,Data processing & managed services,2021Q2,pre,0,5156213.0,15.455712953281807,122.92317336792044,544.2709220099438,0,0,-38.15307862572784,35.998318921270325,0.0,0.0
1437491,,"RiskOn International, Inc.",US,7374.0,Data processing & managed services,2021Q3,pre,0,6111000.0,15.625600983877053,86.42464917632702,122.92317336792044,0,1,-68.17846506300114,42.56933398789069,0.0,0.0
1437491,,"RiskOn International, Inc.",US,7374.0,Data processing & managed services,2021Q4,pre,0,17455.0,9.767381419539136,-68.87975818666524,86.42464917632702,1,1,-468.9965058226251,168.54553583996469,0.0,0.0
1438231,,Old Digimarc CORP,US,7373.0,Systems integration,2019Q1,pre,0,5660000.0,15.548934450179365,0.8373418849100303,7.595718402634829,0,0,-153.21554770318022,,0.77,0.0
1438231,,Old Digimarc CORP,US,7373.0,Systems integration,2019Q2,pre,0,6180000.0,15.636828829433874,13.644722324383965,0.8373418849100303,0,0,-131.90938511326863,,0.672,0.0
1438231,,Old Digimarc CORP,US,7373.0,Systems integration,2019Q3,pre,0,5828000.0,15.578184446297232,18.5999185999186,13.644722324383965,0,0,-137.81743308167466,,0.69,0.0
1438231,,Old Digimarc CORP,US,7373.0,Systems integration,2019Q4,pre,0,5319000.0,15.486795873724455,1.7600918308781326,18.5999185999186,0,0,-166.85467193081408,,0.598,0.0
1438231,,Old Digimarc CORP,US,7373.0,Systems integration,2020Q1,pre,0,6189000.0,15.6382840807215,9.346289752650176,1.7600918308781326,0,0,-146.30796574567782,,0.0,0.0
1438231,,Old Digimarc CORP,US,7373.0,Systems integration,2020Q2,pre,0,6497000.0,15.686851089862667,5.1294498381877025,9.346289752650176,0,1,-116.02277974449746,,0.0,0.0
1438231,,Old Digimarc CORP,US,7373.0,Systems integration,2020Q3,pre,0,5751000.0,15.564884310695891,-1.3212079615648593,5.1294498381877025,1,0,-145.81811858807163,,0.0,0.0
1438231,,Old Digimarc CORP,US,7373.0,Systems integration,2020Q4,pre,0,5553000.0,15.529848880223744,4.39932318104907,-1.3212079615648593,0,0,-141.07689537187107,,0.795,0.0
1438231,,Old Digimarc CORP,US,7373.0,Systems integration,2021Q1,pre,0,6700000.0,15.717618084361195,8.256584262401034,4.39932318104907,0,1,-122.77611940298507,,0.0,0.0
1438231,,Old Digimarc CORP,US,7373.0,Systems integration,2021Q2,pre,0,6278000.0,15.652562016384035,-3.3707865168539324,8.256584262401034,1,0,-245.87448231920993,,0.0,0.0
1438231,,Old Digimarc CORP,US,7373.0,Systems integration,2021Q3,pre,0,6417000.0,15.674461276732652,11.580594679186229,-3.3707865168539324,0,0,-123.98316970546985,,0.0,0.0
1438231,,Old Digimarc CORP,US,7373.0,Systems integration,2021Q4,pre,0,7125000.0,15.779120284118989,28.30902215018909,11.580594679186229,0,0,-115.76140350877193,,1.09,0.0
1438231,,Old Digimarc CORP,US,7373.0,Systems integration,2022Q1,pre,0,7411000.0,15.818475940933496,10.611940298507463,28.30902215018909,0,0,-243.09809742274996,,0.0,0.0
1438231,,Old Digimarc CORP,US,7373.0,Systems integration,2022Q2,pre,0,7747000.0,15.86281622961404,23.399171710735903,10.611940298507463,0,0,-192.96501871692269,,0.0,0.0
1438231,,Old Digimarc CORP,US,7373.0,Systems integration,2022Q3,pre,0,7821000.0,15.872322981583748,21.87938288920056,23.399171710735903,0,0,-198.52959979542257,,0.0,0.0
1438231,,Old Digimarc CORP,US,7373.0,Systems integration,2022Q4,transition,0,7218000.0,15.792088464184872,1.3052631578947367,21.87938288920056,0,0,-184.4970906068163,,1.019,0.0
1438231,,Old Digimarc CORP,US,7373.0,Systems integration,2023Q1,post,1,7843000.0,15.875131972194804,5.829172851167184,1.3052631578947367,0,0,-188.28254494453654,,0.0,0.0
1438231,,Old Digimarc CORP,US,7373.0,Systems integration,2023Q2,post,1,8730000.0,15.982275927815785,12.688782754614689,5.829172851167184,0,0,-129.0721649484536,,0.0,0.0
1438231,,Old Digimarc CORP,US,7373.0,Systems integration,2023Q3,post,1,8994000.0,16.01206824631279,14.998082086689681,12.688782754614689,0,0,-124.03824772070269,,0.0,0.0
1438231,,Old Digimarc CORP,US,7373.0,Systems integration,2023Q4,post,1,9284000.0,16.043803046376464,28.622887226378495,14.998082086689681,0,0,-118.65575183110728,,3.194,1.0
1438231,,Old Digimarc CORP,US,7373.0,Systems integration,2024Q1,post,1,9938000.0,16.111876351144403,26.71171745505546,28.622887226378495,0,0,-109.24733346749849,,0.0,0.0
1438231,,Old Digimarc CORP,US,7373.0,Systems integration,2024Q2,post,1,10379000.0,16.155295091947426,18.88888888888889,26.71171745505546,0,0,-96.17496868677136,,0.0,0.0
1438231,,Old Digimarc CORP,US,7373.0,Systems integration,2024Q3,post,1,9443000.0,16.060784284245205,4.9922170335779406,18.88888888888889,0,1,-120.39606057397015,,0.0,0.0
1438231,,Old Digimarc CORP,US,7373.0,Systems integration,2024Q4,post,1,8658000.0,15.973994306984062,-6.742783283067643,4.9922170335779406,1,1,-105.0935550935551,,3.52,1.0
1438231,,Old Digimarc CORP,US,7373.0,Systems integration,2025Q1,post,1,9368000.0,16.05281018425969,-5.735560474944657,-6.742783283067643,1,1,-128.9389410760034,,0.0,0.0
1438231,,Old Digimarc CORP,US,7373.0,Systems integration,2025Q2,post,1,8010000.0,15.896201319044541,-22.824934964832835,-5.735560474944657,1,1,-105.19350811485644,,0.0,0.0
1438231,,Old Digimarc CORP,US,7373.0,Systems integration,2025Q3,post,1,7627000.0,15.847205141146375,-19.2311765328815,-22.824934964832835,1,0,-109.66303920283205,,0.0,0.0
1438231,,Old Digimarc CORP,US,7373.0,Systems integration,2025Q4,post,1,8908000.0,16.002460307359396,2.8875028875028876,-19.2311765328815,0,1,-48.192635832959134,,3.323,0.0
1439404,,ZYNGA INC,US,7374.0,Data processing & managed services,2019Q1,pre,0,265403000.0,19.396759983491034,27.455434323254828,6.6015089163237315,0,0,-53.36601319502794,,0.0,0.0
1439404,,ZYNGA INC,US,7374.0,Data processing & managed services,2019Q2,pre,0,306500000.0,19.54072831334054,41.21495542399042,27.455434323254828,0,0,-19.978466557911908,,0.0,0.0
1439404,,ZYNGA INC,US,7374.0,Data processing & managed services,2019Q3,pre,0,345293000.0,19.659903889927687,48.04002692470942,41.21495542399042,0,0,-21.33347620716319,,0.0,0.0
1439404,,ZYNGA INC,US,7374.0,Data processing & managed services,2019Q4,pre,0,404504000.0,19.818172183165473,62.66044716101013,48.04002692470942,0,0,1.0709412020647509,,0.152,0.0
1439404,,ZYNGA INC,US,7374.0,Data processing & managed services,2020Q1,pre,0,403800000.0,19.81643026384301,52.14598177111789,62.66044716101013,0,0,-22.68449727587915,,0.0,0.0
1439404,,ZYNGA INC,US,7374.0,Data processing & managed services,2020Q2,pre,0,451700000.0,19.928528800624832,47.37357259380098,52.14598177111789,0,0,-28.625193712641135,,0.0,0.0
1439404,,ZYNGA INC,US,7374.0,Data processing & managed services,2020Q3,pre,0,503300000.0,20.03669697174659,45.760267367134574,47.37357259380098,0,,-24.160540433141268,,0.0,0.0
1439404,,ZYNGA INC,US,7374.0,Data processing & managed services,2022Q1,pre,0,691200000.0,20.35393977545412,1.602234308393356,,0,,2.170138888888889,,0.0,0.0
1442145,VRSK,"Verisk Analytics, Inc.",US,7374.0,Data processing & managed services,2019Q1,pre,0,625000000.0,20.253262207700676,7.5361321403991735,7.645099070664562,0,0,32.384,17.824,0.548,0.0
1442145,VRSK,"Verisk Analytics, Inc.",US,7374.0,Data processing & managed services,2019Q2,pre,0,652600000.0,20.296474942123496,8.531515050723433,7.5361321403991735,0,0,33.4508121360711,17.20809071406681,0.412,0.0
1442145,VRSK,"Verisk Analytics, Inc.",US,7374.0,Data processing & managed services,2019Q3,pre,0,652700000.0,20.296628163605448,9.019542341740436,8.531515050723433,0,0,10.648077217711046,39.06848475563046,0.373,0.0
1442145,VRSK,"Verisk Analytics, Inc.",US,7374.0,Data processing & managed services,2019Q4,pre,0,676800000.0,20.332886366256286,10.245968398762013,9.019542341740436,0,0,30.54078014184397,18.439716312056735,0.32,0.0
1442145,VRSK,"Verisk Analytics, Inc.",US,7374.0,Data processing & managed services,2020Q1,pre,0,689800000.0,20.351912258467014,10.367999999999999,10.245968398762013,0,0,36.57581907799362,16.251087271672947,0.47,0.0
1442145,VRSK,"Verisk Analytics, Inc.",US,7374.0,Data processing & managed services,2020Q2,pre,0,678800000.0,20.335837091324347,4.014710389212381,10.367999999999999,0,0,38.25869180907484,14.201532115497937,0.38,0.0
1442145,VRSK,"Verisk Analytics, Inc.",US,7374.0,Data processing & managed services,2020Q3,pre,0,702700000.0,20.370440616162426,7.660487206986365,4.014710389212381,0,1,39.19168919880461,13.718514301978086,0.356,0.0
1442145,VRSK,"Verisk Analytics, Inc.",US,7374.0,Data processing & managed services,2020Q4,pre,0,198100000.0,19.104282511668778,-68.87975818666524,7.660487206986365,1,0,65.78880425762131,4.5345106624057285,0.654,0.0
1442145,VRSK,"Verisk Analytics, Inc.",US,7374.0,Data processing & managed services,2021Q1,pre,0,726100000.0,20.403198304350475,5.262394897071615,-65.52412935323383,0,0,34.48560804296929,16.49910480650048,0.448,0.0
1442145,VRSK,"Verisk Analytics, Inc.",US,7374.0,Data processing & managed services,2021Q2,pre,0,747500000.0,20.432244863229116,10.120801414260459,5.262394897071615,0,0,35.77257525083612,14.903010033444817,0.363,0.0
1442145,VRSK,"Verisk Analytics, Inc.",US,7374.0,Data processing & managed services,2021Q3,pre,0,759000000.0,20.447512335359903,8.011953892130354,10.120801414260459,0,,38.06324110671937,15.164690382081686,0.356,0.0
1442145,VRSK,"Verisk Analytics, Inc.",US,7374.0,Data processing & managed services,2023Q1,post,1,651600000.0,20.294941434692163,1.2430080795525171,,0,0,45.135052179251076,12.124002455494168,0.465,0.0
1442145,VRSK,"Verisk Analytics, Inc.",US,7374.0,Data processing & managed services,2023Q2,post,1,675000000.0,20.330223248836806,10.150130548302872,1.2430080795525171,0,0,45.33333333333333,12.85925925925926,0.386,0.0
1442145,VRSK,"Verisk Analytics, Inc.",US,7374.0,Data processing & managed services,2023Q3,post,1,677600000.0,20.334067701302118,11.063760039337813,10.150130548302872,0,0,41.48465171192444,16.469893742621014,0.384,0.0
1442145,VRSK,"Verisk Analytics, Inc.",US,7374.0,Data processing & managed services,2023Q4,post,1,677200000.0,20.333477208223254,7.406819984139572,11.063760039337813,0,0,36.99054932073243,16.893089190785588,4.652,1.0
1442145,VRSK,"Verisk Analytics, Inc.",US,7374.0,Data processing & managed services,2024Q1,post,1,704000000.0,20.372288914122315,8.041743400859422,7.406819984139572,0,0,43.66477272727273,13.196022727272727,0.496,0.0
1442145,VRSK,"Verisk Analytics, Inc.",US,7374.0,Data processing & managed services,2024Q2,post,1,716800000.0,20.390307419624996,6.192592592592592,8.041743400859422,0,0,44.461495535714285,14.16015625,0.408,0.0
1442145,VRSK,"Verisk Analytics, Inc.",US,7374.0,Data processing & managed services,2024Q3,post,1,725300000.0,20.40209592033364,7.039551357733176,6.192592592592592,0,0,42.947745760375014,15.717634082448642,0.408,0.0
1442145,VRSK,"Verisk Analytics, Inc.",US,7374.0,Data processing & managed services,2024Q4,post,1,735600000.0,20.41619705069444,8.623744831659776,7.039551357733176,0,0,42.99891245241979,13.635127786840675,4.908,1.0
1442145,VRSK,"Verisk Analytics, Inc.",US,7374.0,Data processing & managed services,2025Q1,post,1,753000000.0,20.439575785764166,6.9602272727272725,8.623744831659776,0,0,43.83798140770253,14.46215139442231,0.0,0.0
1442145,VRSK,"Verisk Analytics, Inc.",US,7374.0,Data processing & managed services,2025Q2,post,1,772600000.0,20.465272008196454,7.7845982142857135,6.9602272727272725,0,0,45.858141340926736,13.78462334972819,0.0,0.0
1442145,VRSK,"Verisk Analytics, Inc.",US,7374.0,Data processing & managed services,2025Q3,post,1,768300000.0,20.45969083983786,5.928581276713085,7.7845982142857135,0,0,45.02147598594299,14.395418456332163,0.0,0.0
1442145,VRSK,"Verisk Analytics, Inc.",US,7374.0,Data processing & managed services,2025Q4,post,1,778800000.0,20.47326483146232,5.872756933115824,5.928581276713085,0,0,40.26707755521315,16.974833076527993,3.792,1.0
1448558,,"GROW CAPITAL, INC.",US,7371.0,IT consulting & application services,2020Q4,pre,0,8916163.0,16.00337625506148,502.513410715471,544.2709220099438,0,0,-8.488752392705248,,0.0,0.0
1448558,,"GROW CAPITAL, INC.",US,7371.0,IT consulting & application services,2021Q1,pre,0,8071476.0,15.903846923150287,502.513410715471,544.2709220099438,0,,-12.296313586263528,,0.0,0.0
1454938,TEAD,Teads Holding Co.,US,7370.0,IT consulting & application services,2022Q1,pre,0,254216000.0,19.353694857303736,11.486510191909623,,0,0,0.02910910406898071,,0.0,0.0
1454938,TEAD,Teads Holding Co.,US,7370.0,IT consulting & application services,2022Q2,pre,0,250883000.0,19.340497252962987,1.5091866171966353,11.486510191909623,0,1,-1.1475468644746756,,0.0,0.0
1454938,TEAD,Teads Holding Co.,US,7370.0,IT consulting & application services,2022Q3,pre,0,229017000.0,19.249306794571034,-8.679580834503,1.5091866171966353,1,1,-3.088417017077335,,0.0,0.0
1454938,TEAD,Teads Holding Co.,US,7370.0,IT consulting & application services,2022Q4,transition,0,257966000.0,19.36833835125602,-10.94456086084462,-8.679580834503,1,1,-1.4226681035485296,,1.815,0.0
1454938,TEAD,Teads Holding Co.,US,7370.0,IT consulting & application services,2023Q1,post,1,231774000.0,19.261273316918835,-8.827925858325205,-10.94456086084462,1,1,-4.016843994580928,,0.0,0.0
1454938,TEAD,Teads Holding Co.,US,7370.0,IT consulting & application services,2023Q2,post,1,225800000.0,19.235160209679837,-9.99788746148603,-8.827925858325205,1,0,-3.391939769707706,,3.152,0.0
1454938,TEAD,Teads Holding Co.,US,7370.0,IT consulting & application services,2023Q3,post,1,230015000.0,19.25365508215221,0.4357755101149697,-9.99788746148603,0,1,1.1390561485120536,,2.986,0.0
1454938,TEAD,Teads Holding Co.,US,7370.0,IT consulting & application services,2023Q4,post,1,248229000.0,19.329862265166422,-3.7745284262267123,0.4357755101149697,1,1,2.3002952918474473,,13.526,1.0
1454938,TEAD,Teads Holding Co.,US,7370.0,IT consulting & application services,2024Q1,post,1,216964000.0,19.195241999124523,-6.38984528031617,-3.7745284262267123,1,1,-3.0405965966704156,,9.937,1.0
1454938,TEAD,Teads Holding Co.,US,7370.0,IT consulting & application services,2024Q2,post,1,214148000.0,19.182177922733853,-5.160318866253322,-6.38984528031617,1,1,-2.6276220184171697,,6.99,1.0
1454938,TEAD,Teads Holding Co.,US,7370.0,IT consulting & application services,2024Q3,post,1,224177000.0,19.227946476364014,-2.5380953416081558,-5.160318866253322,1,1,-1.3154783943045005,,7.331,1.0
1454938,TEAD,Teads Holding Co.,US,7370.0,IT consulting & application services,2024Q4,post,1,234586000.0,19.273332816358632,-5.4961346176313,-2.5380953416081558,1,0,1.0806271474001006,,11.264,1.0
1454938,TEAD,Teads Holding Co.,US,7370.0,IT consulting & application services,2025Q1,post,1,286357000.0,19.472749842113874,31.98364705665456,-5.4961346176313,0,0,-15.517692949709627,,7.776,1.0
1454938,TEAD,Teads Holding Co.,US,7370.0,IT consulting & application services,2025Q2,post,1,343096000.0,19.65352084935209,60.214431141080006,31.98364705665456,0,0,-0.6584163033086949,,7.26,1.0
1454938,TEAD,Teads Holding Co.,US,7370.0,IT consulting & application services,2025Q3,post,1,318772000.0,19.57998667166301,42.19656789055077,60.214431141080006,0,0,-1.9700601056554528,,7.212,1.0
1454938,TEAD,Teads Holding Co.,US,7370.0,IT consulting & application services,2025Q4,post,1,352236000.0,19.679811963453584,50.152182994722615,42.19656789055077,0,1,-98.24208769120703,,15.646,1.0
1462223,NIXX,"Nixxy, Inc.",US,7371.0,IT consulting & application services,2021Q2,pre,0,4380894.0,15.292763371114141,136.36888466365315,36.80833228496712,0,0,-55.99067222352333,,1.851,0.0
1462223,NIXX,"Nixxy, Inc.",US,7371.0,IT consulting & application services,2021Q3,pre,0,6257882.0,15.649352347168698,214.12436808761512,136.36888466365315,0,0,-104.7540046296814,78.02579211305039,1.608,0.0
1462223,NIXX,"Nixxy, Inc.",US,7371.0,IT consulting & application services,2021Q4,pre,0,8380791.0,15.941452859411791,257.5136038577111,214.12436808761512,0,0,-71.74777416594686,,5.318,0.0
1462223,NIXX,"Nixxy, Inc.",US,7371.0,IT consulting & application services,2022Q1,pre,0,6868653.0,15.742478575105327,117.05025524996483,257.5136038577111,0,0,-60.06617309099761,,0.914,0.0
1462223,NIXX,"Nixxy, Inc.",US,7371.0,IT consulting & application services,2022Q2,pre,0,7112450.0,15.777357327515036,62.351565684994895,117.05025524996483,0,1,-32.80412516080957,,0.842,0.0
1462223,NIXX,"Nixxy, Inc.",US,7371.0,IT consulting & application services,2022Q3,pre,0,5784424.0,15.570679345804825,-7.565786635158668,62.351565684994895,1,1,-98.89138486390348,64.26494669132138,0.514,0.0
1462223,NIXX,"Nixxy, Inc.",US,7371.0,IT consulting & application services,2022Q4,transition,0,1485991.0,14.21159244771391,-68.87975818666524,-7.565786635158668,1,1,-381.8653006646743,,3.492,1.0
1462223,NIXX,"Nixxy, Inc.",US,7371.0,IT consulting & application services,2023Q1,post,1,2251796.0,14.627238677992898,-67.2163377593831,-65.52412935323383,1,1,-124.49617993814715,,1.119,1.0
1462223,NIXX,"Nixxy, Inc.",US,7371.0,IT consulting & application services,2023Q2,post,1,575353.0,13.262739044455444,-68.87975818666524,-65.52412935323383,1,1,-163.2124973711791,,2.593,1.0
1462223,NIXX,"Nixxy, Inc.",US,7371.0,IT consulting & application services,2025Q2,post,1,13363000.0,16.408000251763198,502.513410715471,467.0457455842773,0,0,-16.69535283993115,,10.525,1.0
1462223,NIXX,"Nixxy, Inc.",US,7371.0,IT consulting & application services,2025Q3,post,1,31914932.0,17.27858454601046,502.513410715471,544.2709220099438,0,0,-6.775665384466431,,13.091,1.0
1462223,NIXX,"Nixxy, Inc.",US,7371.0,IT consulting & application services,2025Q4,post,1,51366068.0,17.754488356784687,502.513410715471,544.2709220099438,0,0,-6.883047773872822,,8.568,1.0
1463172,,"Zendesk, Inc.",US,7374.0,Data processing & managed services,2019Q1,pre,0,181484000.0,19.01667805351339,39.82787712553259,41.281702155582536,0,0,-24.197174406559256,,0.0,0.0
1463172,,"Zendesk, Inc.",US,7374.0,Data processing & managed services,2019Q2,pre,0,194583000.0,19.086369365215706,37.14424662747917,39.82787712553259,0,0,-26.395933868837464,,0.0,0.0
1463172,,"Zendesk, Inc.",US,7374.0,Data processing & managed services,2019Q3,pre,0,210477000.0,19.164886941459045,35.94246518717545,37.14424662747917,0,0,-16.83224295291172,,0.0,0.0
1463172,,"Zendesk, Inc.",US,7374.0,Data processing & managed services,2019Q4,pre,0,229872000.0,19.25303319023264,33.456413829138725,35.94246518717545,0,0,-14.05129811373286,,0.803,0.0
1463172,,"Zendesk, Inc.",US,7374.0,Data processing & managed services,2020Q1,pre,0,237475000.0,19.28557291274052,30.851755526657996,33.456413829138725,0,0,-17.384566796504895,,0.0,0.0
1463172,,"Zendesk, Inc.",US,7374.0,Data processing & managed services,2020Q2,pre,0,246664000.0,19.32353764462513,26.76544199647451,30.851755526657996,0,0,-12.769597509162262,,0.0,0.0
1463172,,"Zendesk, Inc.",US,7374.0,Data processing & managed services,2020Q3,pre,0,261926000.0,19.383572579082813,24.444001007235943,26.76544199647451,0,0,-10.81450486015134,,0.0,0.0
1463172,,"Zendesk, Inc.",US,7374.0,Data processing & managed services,2020Q4,pre,0,283499000.0,19.462719153789,23.32907009118118,24.444001007235943,0,0,-19.32669956507783,,0.885,0.0
1463172,,"Zendesk, Inc.",US,7374.0,Data processing & managed services,2021Q1,pre,0,298048000.0,19.512765105324185,25.50710601115907,23.32907009118118,0,0,-12.508052394245222,,0.0,0.0
1463172,,"Zendesk, Inc.",US,7374.0,Data processing & managed services,2021Q2,pre,0,318216000.0,19.5782409554448,29.00788116628288,25.50710601115907,0,0,-13.330882168087085,,0.0,0.0
1463172,,"Zendesk, Inc.",US,7374.0,Data processing & managed services,2021Q3,pre,0,346974000.0,19.664760407150002,32.47023968601819,29.00788116628288,0,0,-11.213520321407367,,0.0,0.0
1463172,,"Zendesk, Inc.",US,7374.0,Data processing & managed services,2021Q4,pre,0,375365000.0,19.743409443886275,32.40434710528079,32.47023968601819,0,0,-12.807534000239768,,1.347,0.0
1463172,,"Zendesk, Inc.",US,7374.0,Data processing & managed services,2022Q1,pre,0,388327000.0,19.777358326150097,30.29008750268413,32.40434710528079,0,0,-15.612100111503965,,0.437,0.0
1463172,,"Zendesk, Inc.",US,7374.0,Data processing & managed services,2022Q2,pre,0,407208000.0,19.824834669373022,27.965909947959876,30.29008750268413,0,0,-22.71345356672757,,0.397,0.0
1463172,,"Zendesk, Inc.",US,7374.0,Data processing & managed services,2022Q3,pre,0,416861000.0,19.848263390861838,20.141855009309054,27.965909947959876,0,,-13.296278615653659,,0.394,0.0
1467373,ACN,Accenture plc,US,7389.0,Systems integration,2019Q1,pre,0,10454129000.0,23.070262856935255,5.498818375338245,7.2967438404672125,0,0,13.263907495306402,,0.0,0.0
1467373,ACN,Accenture plc,US,7389.0,Systems integration,2019Q2,pre,0,11099688000.0,23.130182836761552,3.783937834104847,5.498818375338245,0,0,15.477399004368412,,0.0,0.0
1467373,ACN,Accenture plc,US,7389.0,Systems integration,2019Q3,pre,0,11055650000.0,23.12620744645182,5.25193909703049,3.783937834104847,0,0,14.214388118292456,,1.491,0.0
1467373,ACN,Accenture plc,US,7389.0,Systems integration,2019Q4,pre,0,11358958000.0,23.153272520680275,7.103943540483441,5.25193909703049,0,0,15.55831969798638,,0.0,0.0
1467373,ACN,Accenture plc,US,7389.0,Systems integration,2020Q1,pre,0,11141505000.0,23.133943161063804,6.575162789745563,7.103943540483441,0,1,13.363948586838134,,0.0,0.0
1467373,ACN,Accenture plc,US,7389.0,Systems integration,2020Q2,pre,0,10991305000.0,23.120370342625407,-0.9764508696100287,6.575162789745563,1,1,15.58261735071495,,0.0,0.0
1467373,ACN,Accenture plc,US,7389.0,Systems integration,2020Q3,pre,0,10835271000.0,23.106072483158638,-1.9933608607363655,-0.9764508696100287,1,0,14.256247028800665,,1.164,0.0
1467373,ACN,Accenture plc,US,7389.0,Systems integration,2020Q4,pre,0,11762185000.0,23.188155561478062,3.5498590627767093,-1.9933608607363655,0,0,16.07413078437382,,0.739,0.0
1467373,ACN,Accenture plc,US,7389.0,Systems integration,2021Q1,pre,0,12088125000.0,23.21548940269727,8.496338690329539,3.5498590627767093,0,0,13.678837702290473,,0.585,0.0
1467373,ACN,Accenture plc,US,7389.0,Systems integration,2021Q2,pre,0,13263795000.0,23.308303979852003,20.67534291878899,8.496338690329539,0,0,15.973226365455739,,0.612,0.0
1467373,ACN,Accenture plc,US,7389.0,Systems integration,2021Q3,pre,0,13419284000.0,23.31995861386244,23.84816217333189,20.67534291878899,0,0,14.596076810059314,,1.553,0.0
1467373,ACN,Accenture plc,US,7389.0,Systems integration,2021Q4,pre,0,14965153000.0,23.428990202054475,27.231062936010613,23.84816217333189,0,0,16.266415719237887,,0.778,0.0
1467373,ACN,Accenture plc,US,7389.0,Systems integration,2022Q1,pre,0,15046693000.0,23.434424069776927,24.474995088154696,27.231062936010613,0,0,13.701216606200445,,0.594,0.0
1467373,ACN,Accenture plc,US,7389.0,Systems integration,2022Q2,pre,0,16158803000.0,23.505730815513733,21.826392823471714,24.474995088154696,0,0,16.10959673188664,,0.607,0.0
1467373,ACN,Accenture plc,US,7389.0,Systems integration,2022Q3,pre,0,15423656000.0,23.459168271661323,14.936504809049426,21.826392823471714,0,0,14.705910194055157,,2.274,0.0
1467373,ACN,Accenture plc,US,7389.0,Systems integration,2022Q4,transition,0,15747802000.0,23.479966636923717,5.229809544880697,14.936504809049426,0,0,16.46642496521102,,0.755,0.0
1467373,ACN,Accenture plc,US,7389.0,Systems integration,2023Q1,post,1,15814158000.0,23.48417145169232,5.1005559826335265,5.229809544880697,0,0,12.29645612494829,,0.552,0.0
1467373,ACN,Accenture plc,US,7389.0,Systems integration,2023Q2,post,1,16564585000.0,23.53053281956223,2.511213237762723,5.1005559826335265,0,0,14.242964734703586,,0.552,0.0
1467373,ACN,Accenture plc,US,7389.0,Systems integration,2023Q3,post,1,15985200000.0,23.494929131109693,3.64079696798217,2.511213237762723,0,0,11.96681930785977,,8.95,1.0
1467373,ACN,Accenture plc,US,7389.0,Systems integration,2023Q4,post,1,16224303000.0,23.509776140216292,3.025825445354215,3.64079696798217,0,1,15.80891949564798,,1.355,0.0
1467373,ACN,Accenture plc,US,7389.0,Systems integration,2024Q1,post,1,15799514000.0,23.483245017012578,-0.09260056716266525,3.025825445354215,1,1,12.952468031611605,,1.152,0.0
1467373,ACN,Accenture plc,US,7389.0,Systems integration,2024Q2,post,1,16466828000.0,23.52461376999503,-0.5901566504684542,-0.09260056716266525,1,0,15.976756422062586,,1.112,0.0
1467373,ACN,Accenture plc,US,7389.0,Systems integration,2024Q3,post,1,16405819000.0,23.520901925917045,2.631302705002127,-0.5901566504684542,0,0,14.346543747678798,,15.118,1.0
1467373,ACN,Accenture plc,US,7389.0,Systems integration,2024Q4,post,1,17689545000.0,23.596239624041136,9.031155298320057,2.631302705002127,0,0,16.66790751260137,,3.313,0.0
1467373,ACN,Accenture plc,US,7389.0,Systems integration,2025Q1,post,1,16659301000.0,23.536234516022184,5.441857262191736,9.031155298320057,0,0,13.474238805097524,,2.471,0.0
1467373,ACN,Accenture plc,US,7389.0,Systems integration,2025Q2,post,1,17727871000.0,23.59840387086026,7.65808083985574,5.441857262191736,0,0,16.825381908521333,,2.808,0.0
1467373,ACN,Accenture plc,US,7389.0,Systems integration,2025Q3,post,1,17596260000.0,23.590952216409192,7.256211957476795,7.65808083985574,0,0,11.648446885872339,,13.418,1.0
1467373,ACN,Accenture plc,US,7389.0,Systems integration,2025Q4,post,1,18742125000.0,23.654039501138126,5.950294368792414,7.256211957476795,0,0,15.332829121564389,,3.87,0.0
1475115,,"Eventbrite, Inc.",US,7370.0,IT consulting & application services,2019Q1,pre,0,81326000.0,18.21397632658993,9.12433244773636,,0,0,-13.453262179376829,,0.0,0.0
1475115,,"Eventbrite, Inc.",US,7370.0,IT consulting & application services,2019Q2,pre,0,80758000.0,18.20696758636724,19.567084184655474,9.12433244773636,0,0,-18.981401223408206,,0.0,0.0
1475115,,"Eventbrite, Inc.",US,7370.0,IT consulting & application services,2019Q3,pre,0,82052000.0,18.222863750584164,11.441299505622862,19.567084184655474,0,0,-28.886559742602252,,0.0,0.0
1475115,,"Eventbrite, Inc.",US,7370.0,IT consulting & application services,2019Q4,pre,0,82665000.0,18.230306853967583,8.891523414344991,11.441299505622862,0,1,-24.168632432105486,,0.0,0.0
1475115,,"Eventbrite, Inc.",US,7370.0,IT consulting & application services,2020Q1,pre,0,49086000.0,17.70908441972389,-39.64291862381034,8.891523414344991,1,1,-279.3342297192682,,0.0,0.0
1475115,,"Eventbrite, Inc.",US,7370.0,IT consulting & application services,2020Q2,pre,0,8394000.0,15.943027722875673,-68.87975818666524,-39.64291862381034,1,1,-430.61710745770785,,0.0,0.0
1475115,,"Eventbrite, Inc.",US,7370.0,IT consulting & application services,2020Q3,pre,0,21868000.0,16.900534938997026,-68.87975818666524,-65.52412935323383,1,1,-53.672032193158955,,0.0,0.0
1475115,,"Eventbrite, Inc.",US,7370.0,IT consulting & application services,2020Q4,pre,0,26658000.0,17.0985998511461,-67.75176918889494,-65.52412935323383,1,1,-49.82744391927376,,0.0,0.0
1475115,,"Eventbrite, Inc.",US,7370.0,IT consulting & application services,2021Q1,pre,0,27818000.0,17.14119385114921,-43.32803650735444,-65.52412935323383,1,0,-92.9002803939895,,0.0,0.0
1475115,,"Eventbrite, Inc.",US,7370.0,IT consulting & application services,2021Q2,pre,0,46311000.0,17.650890071832087,451.7155110793424,-43.32803650735444,0,0,-39.36213858478547,,0.0,0.0
1475115,,"Eventbrite, Inc.",US,7370.0,IT consulting & application services,2021Q3,pre,0,53367000.0,17.79270313537552,144.04152185842327,451.7155110793424,0,0,-21.03921899301066,,0.0,0.0
1475115,,"Eventbrite, Inc.",US,7370.0,IT consulting & application services,2021Q4,pre,0,59638000.0,17.90380351275794,123.7152074424188,144.04152185842327,0,0,-20.92290150575137,,0.0,0.0
1475115,,"Eventbrite, Inc.",US,7370.0,IT consulting & application services,2022Q1,pre,0,55875000.0,17.83862761089801,100.8591559421957,123.7152074424188,0,0,-26.09574944071588,,0.0,0.0
1475115,,"Eventbrite, Inc.",US,7370.0,IT consulting & application services,2022Q2,pre,0,66041000.0,18.005786319239533,42.603269201701536,100.8591559421957,0,0,-20.139004557774715,,0.0,0.0
1475115,,"Eventbrite, Inc.",US,7370.0,IT consulting & application services,2022Q3,pre,0,67472000.0,18.02722325496848,26.430190941967886,42.603269201701536,0,0,-19.679274365662796,,0.0,0.0
1475115,,"Eventbrite, Inc.",US,7370.0,IT consulting & application services,2022Q4,transition,0,71539000.0,18.08575331350343,19.955397565310708,26.430190941967886,0,0,-7.804134807587469,,0.0,0.0
1475115,,"Eventbrite, Inc.",US,7370.0,IT consulting & application services,2023Q1,post,1,77914000.0,18.171116212280356,39.443400447427294,19.955397565310708,0,0,-17.741355853890187,,7.012,1.0
1475115,,"Eventbrite, Inc.",US,7370.0,IT consulting & application services,2023Q2,post,1,78912000.0,18.18384386550615,19.489408094971306,39.443400447427294,0,0,-8.467660178426602,,5.686,1.0
1475115,,"Eventbrite, Inc.",US,7370.0,IT consulting & application services,2023Q3,post,1,81544000.0,18.216653309830384,20.85605880958027,19.489408094971306,0,0,-14.181300892769547,,5.594,1.0
1475115,,"Eventbrite, Inc.",US,7370.0,IT consulting & application services,2023Q4,post,1,87764000.0,18.29016195174398,22.679936817679867,20.85605880958027,0,0,-10.327697005605943,,4.765,1.0
1475115,,"Eventbrite, Inc.",US,7370.0,IT consulting & application services,2024Q1,post,1,86252000.0,18.272783802012693,10.70154272659599,22.679936817679867,0,0,-8.776608078653249,,0.0,0.0
1475115,,"Eventbrite, Inc.",US,7370.0,IT consulting & application services,2024Q2,post,1,84551000.0,18.252865460560034,7.145934712084347,10.70154272659599,0,1,-7.633262764485341,,0.0,0.0
1475115,,"Eventbrite, Inc.",US,7370.0,IT consulting & application services,2024Q3,post,1,77801000.0,18.169664842536452,-4.590159913666242,7.145934712084347,1,1,-11.506278839603604,,0.0,0.0
1475115,,"Eventbrite, Inc.",US,7370.0,IT consulting & application services,2024Q4,post,1,76464000.0,18.152330599800077,-12.875438676450482,-4.590159913666242,1,1,-10.223111529608705,,5.367,1.0
1475115,,"Eventbrite, Inc.",US,7370.0,IT consulting & application services,2025Q1,post,1,73833000.0,18.117316344098477,-14.398506701293885,-12.875438676450482,1,1,-13.1702626196958,,0.0,0.0
1475115,,"Eventbrite, Inc.",US,7370.0,IT consulting & application services,2025Q2,post,1,72758000.0,18.102649423605836,-13.94779482206006,-14.398506701293885,1,1,-8.713818411721048,,4.846,0.0
1475115,,"Eventbrite, Inc.",US,7370.0,IT consulting & application services,2025Q3,post,1,71743000.0,18.088600846869014,-7.786532306782689,-13.94779482206006,1,1,-1.2572655171933151,,4.37,0.0
1475115,,"Eventbrite, Inc.",US,7370.0,IT consulting & application services,2025Q4,post,1,73509000.0,18.11291840566639,-3.8645637162586315,-7.786532306782689,1,,-12.417527105524494,,6.942,1.0
1487101,,KEYW HOLDING CORP,US,7373.0,Systems integration,2019Q1,pre,0,113761000.0,18.549610314416576,-9.528240365192218,-0.4807768092183042,1,,1.0618753351324268,,0.0,0.0
1494259,CARG,"CarGurus, Inc.",US,7374.0,Data processing & managed services,2019Q1,pre,0,135270000.0,18.722783339065376,37.225462845549075,39.17679393357396,0,0,5.4964145782509055,,0.0,0.0
1494259,CARG,"CarGurus, Inc.",US,7374.0,Data processing & managed services,2019Q2,pre,0,145031000.0,18.792458070637807,31.492529194168416,37.225462845549075,0,0,2.4463735339341244,,0.0,0.0
1494259,CARG,"CarGurus, Inc.",US,7374.0,Data processing & managed services,2019Q3,pre,0,150462000.0,18.829221118577458,26.30598111227702,31.492529194168416,0,0,6.449468968909093,,0.0,0.0
1494259,CARG,"CarGurus, Inc.",US,7374.0,Data processing & managed services,2019Q4,pre,0,158153000.0,18.87907347686893,25.428662066777697,26.30598111227702,0,0,8.621398266235861,,0.0,0.0
1494259,CARG,"CarGurus, Inc.",US,7374.0,Data processing & managed services,2020Q1,pre,0,157689000.0,18.876135296805444,16.57351962741184,25.428662066777697,0,1,7.621964753407022,,0.0,0.0
1494259,CARG,"CarGurus, Inc.",US,7374.0,Data processing & managed services,2020Q2,pre,0,94737000.0,18.366615189347367,-34.67810330205266,16.57351962741184,1,1,9.19281801196998,,0.0,0.0
1494259,CARG,"CarGurus, Inc.",US,7374.0,Data processing & managed services,2020Q3,pre,0,147472000.0,18.80914888521558,-1.9872127181613963,-34.67810330205266,1,1,29.542557231203208,,0.0,0.0
1494259,CARG,"CarGurus, Inc.",US,7374.0,Data processing & managed services,2020Q4,pre,0,151553000.0,18.836445956719206,-4.1731740782659825,-1.9872127181613963,1,0,22.078744729566555,,0.0,0.0
1494259,CARG,"CarGurus, Inc.",US,7374.0,Data processing & managed services,2021Q1,pre,0,171368000.0,18.95932384891479,8.674669761365726,-4.1731740782659825,0,0,15.050067690584006,,0.0,0.0
1494259,CARG,"CarGurus, Inc.",US,7374.0,Data processing & managed services,2021Q2,pre,0,217748000.0,19.1988489888097,129.8447280365644,8.674669761365726,0,0,17.670426364421257,,0.0,0.0
1494259,CARG,"CarGurus, Inc.",US,7374.0,Data processing & managed services,2021Q3,pre,0,222915000.0,19.222301090842915,51.157507865899966,129.8447280365644,0,0,17.978153107686786,,0.0,0.0
1494259,CARG,"CarGurus, Inc.",US,7374.0,Data processing & managed services,2021Q4,pre,0,339342000.0,19.642519006355535,123.90978733512368,51.157507865899966,0,0,12.943873732105073,,0.0,0.0
1494259,CARG,"CarGurus, Inc.",US,7374.0,Data processing & managed services,2022Q1,pre,0,430608000.0,19.880708721449313,151.27678446384388,123.90978733512368,0,0,6.191013636532531,,0.0,0.0
1494259,CARG,"CarGurus, Inc.",US,7374.0,Data processing & managed services,2022Q2,pre,0,511229000.0,20.05232818868303,134.78011279093263,151.27678446384388,0,0,4.604981329306436,,0.0,0.0
1494259,CARG,"CarGurus, Inc.",US,7374.0,Data processing & managed services,2022Q3,pre,0,426454000.0,19.871015064448564,91.30789762914115,134.78011279093263,0,1,6.719599300276231,,0.0,0.0
1494259,CARG,"CarGurus, Inc.",US,7374.0,Data processing & managed services,2022Q4,transition,0,286744000.0,19.474100389604885,-15.49999705312045,91.30789762914115,1,1,10.330120246631141,,0.0,0.0
1494259,CARG,"CarGurus, Inc.",US,7374.0,Data processing & managed services,2023Q1,post,1,231963000.0,19.262088434153235,-46.131284137777286,-15.49999705312045,1,1,6.0608803990291555,,0.0,0.0
1494259,CARG,"CarGurus, Inc.",US,7374.0,Data processing & managed services,2023Q2,post,1,239737000.0,19.29505304710858,-53.10575104307463,-46.131284137777286,1,1,7.398941339884956,,0.0,0.0
1494259,CARG,"CarGurus, Inc.",US,7374.0,Data processing & managed services,2023Q3,post,1,219419000.0,19.20649370187354,-48.54802628184986,-53.10575104307463,1,1,10.52552422534056,,0.0,0.0
1494259,CARG,"CarGurus, Inc.",US,7374.0,Data processing & managed services,2023Q4,post,1,7302000.0,15.80365884119772,-68.87975818666524,-48.54802628184986,1,1,65.78880425762131,,1.276,1.0
1494259,CARG,"CarGurus, Inc.",US,7374.0,Data processing & managed services,2024Q1,post,1,187395000.0,19.048729246516178,-19.213409035061627,-65.52412935323383,1,1,14.025987886549801,,0.0,0.0
1494259,CARG,"CarGurus, Inc.",US,7374.0,Data processing & managed services,2024Q2,post,1,195851000.0,19.09286472401151,-18.30589354167275,-19.213409035061627,1,1,-47.78326380769054,,0.0,0.0
1494259,CARG,"CarGurus, Inc.",US,7374.0,Data processing & managed services,2024Q3,post,1,204554000.0,19.13634255726948,-6.774709573920217,-18.30589354167275,1,0,13.411617470203465,,0.0,0.0
1494259,CARG,"CarGurus, Inc.",US,7374.0,Data processing & managed services,2024Q4,post,1,210244000.0,19.16377931895472,502.513410715471,-6.774709573920217,0,0,65.78880425762131,,1.819,1.0
1494259,CARG,"CarGurus, Inc.",US,7374.0,Data processing & managed services,2025Q1,post,1,212235000.0,19.1732047092803,13.255423036900666,544.2709220099438,0,0,23.866939948641836,,0.0,0.0
1494259,CARG,"CarGurus, Inc.",US,7374.0,Data processing & managed services,2025Q2,post,1,221998000.0,19.218178930786962,13.350455192978336,13.255423036900666,0,0,27.274570041171543,,0.0,0.0
1494259,CARG,"CarGurus, Inc.",US,7374.0,Data processing & managed services,2025Q3,post,1,231653000.0,19.260751120315057,13.247846534411451,13.350455192978336,0,0,23.60168009911376,,0.0,0.0
1494259,CARG,"CarGurus, Inc.",US,7374.0,Data processing & managed services,2025Q4,post,1,241094000.0,19.300697456902295,14.673427065695096,13.247846534411451,0,0,32.58811915684339,,5.637,1.0
1505611,,"DecisionPoint Systems, Inc.",US,7370.0,IT consulting & application services,2021Q1,pre,0,16072000.0,16.592589185476907,-12.112429594794117,,1,1,2.047038327526132,,0.0,0.0
1505611,,"DecisionPoint Systems, Inc.",US,7370.0,IT consulting & application services,2021Q2,pre,0,15169000.0,16.53476442957381,-3.0920590302178494,-12.112429594794117,1,0,0.7383479464697739,,0.0,0.0
1505611,,"DecisionPoint Systems, Inc.",US,7370.0,IT consulting & application services,2021Q3,pre,0,18219000.0,16.71797556354782,63.85466318913572,-3.0920590302178494,0,1,4.819144848784236,,0.0,0.0
1505611,,"DecisionPoint Systems, Inc.",US,7370.0,IT consulting & application services,2021Q4,pre,0,16483000.0,16.617840104713494,-9.933883394350035,63.85466318913572,1,0,-5.587575077352424,,0.0,0.0
1505611,,"DecisionPoint Systems, Inc.",US,7370.0,IT consulting & application services,2022Q1,pre,0,19721000.0,16.797194615792208,22.70408163265306,-9.933883394350035,0,0,1.2068353531768166,,0.0,0.0
1505611,,"DecisionPoint Systems, Inc.",US,7370.0,IT consulting & application services,2022Q2,pre,0,27506000.0,17.12991472065679,81.33034478212143,22.70408163265306,0,0,7.209336144841126,,0.0,0.0
1505611,,"DecisionPoint Systems, Inc.",US,7370.0,IT consulting & application services,2022Q3,pre,0,25713000.0,17.06250725854913,41.13288325374609,81.33034478212143,0,0,5.938630264846576,,0.0,0.0
1505611,,"DecisionPoint Systems, Inc.",US,7370.0,IT consulting & application services,2022Q4,transition,0,24475000.0,17.01316274638085,48.48631923800279,41.13288325374609,0,0,2.8559754851889685,,0.0,0.0
1505611,,"DecisionPoint Systems, Inc.",US,7370.0,IT consulting & application services,2023Q1,post,1,27039000.0,17.112790826206655,37.10765174179808,48.48631923800279,0,0,4.3936536114501274,,0.0,0.0
1505611,,"DecisionPoint Systems, Inc.",US,7370.0,IT consulting & application services,2023Q2,post,1,30912000.0,17.24665501599438,12.382752853922781,37.10765174179808,0,0,4.354296066252588,,0.0,0.0
1505611,,"DecisionPoint Systems, Inc.",US,7370.0,IT consulting & application services,2023Q3,post,1,27140000.0,17.116519212370996,5.549721930540971,12.382752853922781,0,1,5.585851142225497,,0.0,0.0
1505611,,"DecisionPoint Systems, Inc.",US,7370.0,IT consulting & application services,2023Q4,post,1,-58052000.0,,-68.87975818666524,5.549721930540971,1,1,-1.2488803142010612,,0.0,0.0
1505611,,"DecisionPoint Systems, Inc.",US,7370.0,IT consulting & application services,2024Q1,post,1,25618000.0,17.058805787373217,-5.255371870261475,-65.52412935323383,1,,-3.505347802326489,,0.0,0.0
1506293,PINS,"PINTEREST, INC.",US,7370.0,IT consulting & application services,2019Q1,pre,0,201911000.0,19.12333756421599,53.70930046666007,,0,0,-22.200870680646425,,0.818,0.0
1506293,PINS,"PINTEREST, INC.",US,7370.0,IT consulting & application services,2019Q2,pre,0,261249000.0,19.380984533484774,62.07317981041243,53.70930046666007,0,0,-446.75501150243633,,0.822,0.0
1506293,PINS,"PINTEREST, INC.",US,7370.0,IT consulting & application services,2019Q3,pre,0,279703000.0,19.449238883892285,47.059627649226854,62.07317981041243,0,0,-47.804278109280204,,0.802,0.0
1506293,PINS,"PINTEREST, INC.",US,7370.0,IT consulting & application services,2019Q4,pre,0,399898000.0,19.806720072554228,46.38412205692866,47.059627649226854,0,0,-10.79950387348774,,2.429,0.0
1506293,PINS,"PINTEREST, INC.",US,7370.0,IT consulting & application services,2020Q1,pre,0,271940000.0,19.421092011691815,34.68310295130033,46.38412205692866,0,0,-53.72140913436787,,0.87,0.0
1506293,PINS,"PINTEREST, INC.",US,7370.0,IT consulting & application services,2020Q2,pre,0,272485000.0,19.423094124680933,4.300877706708925,34.68310295130033,0,0,-38.36174468319357,,0.818,0.0
1506293,PINS,"PINTEREST, INC.",US,7370.0,IT consulting & application services,2020Q3,pre,0,442616000.0,19.908213134950422,58.24499558460224,4.300877706708925,0,0,-21.922614636615034,,0.812,0.0
1506293,PINS,"PINTEREST, INC.",US,7370.0,IT consulting & application services,2020Q4,pre,0,705617000.0,20.374583155337145,76.44924455736214,58.24499558460224,0,0,29.073704290004347,,2.629,0.0
1506293,PINS,"PINTEREST, INC.",US,7370.0,IT consulting & application services,2021Q1,pre,0,485230000.0,20.000133563295886,78.43274251673164,76.44924455736214,0,0,-4.721060115821363,,0.845,0.0
1506293,PINS,"PINTEREST, INC.",US,7370.0,IT consulting & application services,2021Q2,pre,0,613210000.0,20.234218012721982,125.04358038057141,78.43274251673164,0,0,11.610704326413464,,0.795,0.0
1506293,PINS,"PINTEREST, INC.",US,7370.0,IT consulting & application services,2021Q3,pre,0,632932000.0,20.26587354937747,42.997993746272165,125.04358038057141,0,0,15.55443554757857,,0.788,0.0
1506293,PINS,"PINTEREST, INC.",US,7370.0,IT consulting & application services,2021Q4,pre,0,846655000.0,20.55680384968625,19.98789711699123,42.997993746272165,0,0,21.19493772551984,,1.586,0.0
1506293,PINS,"PINTEREST, INC.",US,7370.0,IT consulting & application services,2022Q1,pre,0,574885000.0,20.169680578758957,18.476804814211818,19.98789711699123,0,0,-0.6375188081094479,,0.847,0.0
1506293,PINS,"PINTEREST, INC.",US,7370.0,IT consulting & application services,2022Q2,pre,0,665930000.0,20.31669511787563,8.597380995091404,18.476804814211818,0,0,-5.181475530461159,,1.06,0.0
1506293,PINS,"PINTEREST, INC.",US,7370.0,IT consulting & application services,2022Q3,pre,0,684550000.0,20.34427224604404,8.155378460877314,8.597380995091404,0,0,-10.13439485793587,,1.041,0.0
1506293,PINS,"PINTEREST, INC.",US,7370.0,IT consulting & application services,2022Q4,transition,0,877209000.0,20.592255834373294,3.6087898848999886,8.155378460877314,0,0,0.668939785159523,,1.634,0.0
1506293,PINS,"PINTEREST, INC.",US,7370.0,IT consulting & application services,2023Q1,post,1,602581000.0,20.216732654126883,4.817659184010716,3.6087898848999886,0,0,-40.44037233168653,,0.861,0.0
1506293,PINS,"PINTEREST, INC.",US,7370.0,IT consulting & application services,2023Q2,post,1,708025000.0,20.377989961769046,6.321234964635923,4.817659184010716,0,0,-10.34469121853042,,9.234,1.0
1506293,PINS,"PINTEREST, INC.",US,7370.0,IT consulting & application services,2023Q3,post,1,763203000.0,20.453034608908236,11.489737783945658,6.321234964635923,0,0,-0.6550026663941311,,8.792,1.0
1506293,PINS,"PINTEREST, INC.",US,7370.0,IT consulting & application services,2023Q4,post,1,981262000.0,20.704350056285477,11.86182540306814,11.489737783945658,0,0,19.99975541700382,,10.921,1.0
1506293,PINS,"PINTEREST, INC.",US,7370.0,IT consulting & application services,2024Q1,post,1,739983000.0,20.422137770925634,22.802245673195802,11.86182540306814,0,0,-7.353682449461677,,12.925,1.0
1506293,PINS,"PINTEREST, INC.",US,7370.0,IT consulting & application services,2024Q2,post,1,853680000.0,20.565066974272582,20.57201370008121,22.802245673195802,0,0,-2.511596851279168,,13.311,1.0
1506293,PINS,"PINTEREST, INC.",US,7370.0,IT consulting & application services,2024Q3,post,1,898373000.0,20.616095907508576,17.71088426015097,20.57201370008121,0,0,-0.6585237980215345,,12.728,1.0
1506293,PINS,"PINTEREST, INC.",US,7370.0,IT consulting & application services,2024Q4,post,1,1154130000.0,20.866612650334044,17.616905576696134,17.71088426015097,0,0,22.665557606162217,,13.145,1.0
1506293,PINS,"PINTEREST, INC.",US,7370.0,IT consulting & application services,2025Q1,post,1,854988000.0,20.566597991714822,15.541573252358502,17.616905576696134,0,0,-4.149414962549182,,16.423,1.0
1506293,PINS,"PINTEREST, INC.",US,7370.0,IT consulting & application services,2025Q2,post,1,998227000.0,20.72149126332161,16.93222284696842,15.541573252358502,0,0,-0.43376907256565894,,15.817,1.0
1506293,PINS,"PINTEREST, INC.",US,7370.0,IT consulting & application services,2025Q3,post,1,1049205000.0,20.771298571481285,16.789462728732943,16.93222284696842,0,0,5.577175099241806,,15.542,1.0
1506293,PINS,"PINTEREST, INC.",US,7370.0,IT consulting & application services,2025Q4,post,1,1319347000.0,21.00040275417208,14.315285106530458,16.789462728732943,0,0,22.827504818671663,,16.738,1.0
1514056,,Titan Environmental Solutions Inc.,US,7371.0,IT consulting & application services,2025Q1,post,1,1750172.0,14.375224626784258,47.37272878841208,157.9252681044897,0,,-114.02376452142991,,0.0,0.0
1516513,DOCS,"Doximity, Inc.",US,7371.0,IT consulting & application services,2021Q2,pre,0,72669000.0,18.10142544166148,99.70594701549962,,0,0,34.230552229974265,,0.0,0.0
1516513,DOCS,"Doximity, Inc.",US,7371.0,IT consulting & application services,2021Q3,pre,0,79350000.0,18.189379004936693,75.89164985702568,99.70594701549962,0,0,31.444234404536864,,0.0,0.0
1516513,DOCS,"Doximity, Inc.",US,7371.0,IT consulting & application services,2021Q4,pre,0,97876000.0,18.399211929336712,66.71379175254219,75.89164985702568,0,0,36.56565450161429,,0.0,0.0
1516513,DOCS,"Doximity, Inc.",US,7371.0,IT consulting & application services,2022Q1,pre,0,93653000.0,18.35510702051107,40.43666681662093,66.71379175254219,0,0,29.81324677266078,,0.943,0.0
1516513,DOCS,"Doximity, Inc.",US,7371.0,IT consulting & application services,2022Q2,pre,0,90639000.0,18.322395141966503,24.728563761714074,40.43666681662093,0,0,23.92127009344763,,0.0,0.0
1516513,DOCS,"Doximity, Inc.",US,7371.0,IT consulting & application services,2022Q3,pre,0,102185000.0,18.442295453924775,28.777567737870196,24.728563761714074,0,0,31.414591182658903,,0.0,0.0
1516513,DOCS,"Doximity, Inc.",US,7371.0,IT consulting & application services,2022Q4,transition,0,115262000.0,18.56271835589582,17.763292329069436,28.777567737870196,0,0,33.3882806128646,,0.0,0.0
1516513,DOCS,"Doximity, Inc.",US,7371.0,IT consulting & application services,2023Q1,post,1,110966000.0,18.524734406048943,18.486327186528996,17.763292329069436,0,0,29.595551790638574,,2.688,0.0
1516513,DOCS,"Doximity, Inc.",US,7371.0,IT consulting & application services,2023Q2,post,1,108469000.0,18.501974975834973,19.671443859707193,18.486327186528996,0,0,27.36542237874416,,0.0,0.0
1516513,DOCS,"Doximity, Inc.",US,7371.0,IT consulting & application services,2023Q3,post,1,113612000.0,18.548299692475286,11.182658902970104,19.671443859707193,0,0,29.743336971446677,,0.0,0.0
1516513,DOCS,"Doximity, Inc.",US,7371.0,IT consulting & application services,2023Q4,post,1,135284000.0,18.722886830420244,17.370859433291113,11.182658902970104,0,0,43.28006268294846,,0.0,0.0
1516513,DOCS,"Doximity, Inc.",US,7371.0,IT consulting & application services,2024Q1,post,1,118057000.0,18.586678116645892,6.390245660833048,17.370859433291113,0,0,35.450672132952725,,5.121,1.0
1516513,DOCS,"Doximity, Inc.",US,7371.0,IT consulting & application services,2024Q2,post,1,126676000.0,18.657143203512575,16.785441001576487,6.390245660833048,0,0,36.3549527929521,,0.0,0.0
1516513,DOCS,"Doximity, Inc.",US,7371.0,IT consulting & application services,2024Q3,post,1,136832000.0,18.734264453926798,20.437981903320072,16.785441001576487,0,0,38.8374064546305,,0.0,0.0
1516513,DOCS,"Doximity, Inc.",US,7371.0,IT consulting & application services,2024Q4,post,1,168603000.0,18.94305739696803,24.628928772064693,20.437981903320072,0,0,47.40425733824428,,0.0,0.0
1516513,DOCS,"Doximity, Inc.",US,7371.0,IT consulting & application services,2025Q1,post,1,138288000.0,18.744849024974556,17.136637387024912,24.628928772064693,0,0,35.20189748929769,,5.494,1.0
1516513,DOCS,"Doximity, Inc.",US,7371.0,IT consulting & application services,2025Q2,post,1,145913000.0,18.798521111648398,15.185986295746629,17.136637387024912,0,0,37.36267501867551,,2.622,0.0
1516513,DOCS,"Doximity, Inc.",US,7371.0,IT consulting & application services,2025Q3,post,1,168525000.0,18.942594664703776,23.161979653882135,15.185986295746629,0,0,37.78727191811304,,3.882,0.0
1516513,DOCS,"Doximity, Inc.",US,7371.0,IT consulting & application services,2025Q4,post,1,185053000.0,19.036152828499667,9.756647271993973,23.161979653882135,0,0,38.85157225227368,,3.752,0.0
1526520,TRIP,"TripAdvisor, Inc.",US,7370.0,IT consulting & application services,2019Q1,pre,0,376000000.0,19.745099701354167,-0.5291005291005291,7.78816199376947,1,1,8.24468085106383,,0.687,0.0
1526520,TRIP,"TripAdvisor, Inc.",US,7370.0,IT consulting & application services,2019Q2,pre,0,422000000.0,19.860515872000285,-2.5404157043879905,-0.5291005291005291,1,1,15.639810426540285,,0.641,0.0
1526520,TRIP,"TripAdvisor, Inc.",US,7370.0,IT consulting & application services,2019Q3,pre,0,428000000.0,19.87463375354607,-6.550218340611353,-2.5404157043879905,1,1,15.887850467289718,,0.636,0.0
1526520,TRIP,"TripAdvisor, Inc.",US,7370.0,IT consulting & application services,2019Q4,pre,0,335000000.0,19.62964108978934,-3.1791907514450863,-6.550218340611353,1,1,6.865671641791045,,0.4,0.0
1526520,TRIP,"TripAdvisor, Inc.",US,7370.0,IT consulting & application services,2020Q1,pre,0,278000000.0,19.44313167165491,-26.063829787234045,-3.1791907514450863,1,1,-9.712230215827338,,0.617,0.0
1526520,TRIP,"TripAdvisor, Inc.",US,7370.0,IT consulting & application services,2020Q2,pre,0,59000000.0,17.893048001869992,-68.87975818666524,-26.063829787234045,1,1,-277.96610169491527,,0.572,0.0
1526520,TRIP,"TripAdvisor, Inc.",US,7370.0,IT consulting & application services,2020Q3,pre,0,151000000.0,18.8327903947792,-64.7196261682243,-65.52412935323383,1,1,-30.4635761589404,,0.216,0.0
1526520,TRIP,"TripAdvisor, Inc.",US,7370.0,IT consulting & application services,2020Q4,pre,0,116000000.0,18.56910074907064,-65.3731343283582,-64.7196261682243,1,1,-79.3103448275862,,0.271,0.0
1526520,TRIP,"TripAdvisor, Inc.",US,7370.0,IT consulting & application services,2021Q1,pre,0,123000000.0,18.627694913336693,-55.75539568345324,-65.3731343283582,1,0,-68.29268292682927,,0.313,0.0
1526520,TRIP,"TripAdvisor, Inc.",US,7370.0,IT consulting & application services,2021Q2,pre,0,235000000.0,19.275096072108433,298.3050847457627,-55.75539568345324,0,0,-14.893617021276595,,0.277,0.0
1526520,TRIP,"TripAdvisor, Inc.",US,7370.0,IT consulting & application services,2021Q3,pre,0,303000000.0,19.529243363473643,100.66225165562915,298.3050847457627,0,0,5.2805280528052805,,0.273,0.0
1526520,TRIP,"TripAdvisor, Inc.",US,7370.0,IT consulting & application services,2021Q4,pre,0,241000000.0,19.30030749145493,107.75862068965519,100.66225165562915,0,0,-11.618257261410788,,0.399,0.0
1526520,TRIP,"TripAdvisor, Inc.",US,7370.0,IT consulting & application services,2022Q1,pre,0,262000000.0,19.38385506172537,113.00813008130082,107.75862068965519,0,0,-7.633587786259542,,0.335,0.0
1526520,TRIP,"TripAdvisor, Inc.",US,7370.0,IT consulting & application services,2022Q2,pre,0,417000000.0,19.848596779763074,77.4468085106383,113.00813008130082,0,0,15.107913669064748,,0.283,0.0
1526520,TRIP,"TripAdvisor, Inc.",US,7370.0,IT consulting & application services,2022Q3,pre,0,459000000.0,19.944560768024818,51.48514851485149,77.4468085106383,0,0,15.250544662309368,,0.272,0.0
1526520,TRIP,"TripAdvisor, Inc.",US,7370.0,IT consulting & application services,2022Q4,transition,0,354000000.0,19.684807471098047,46.88796680497925,51.48514851485149,0,0,-3.389830508474576,,0.278,0.0
1526520,TRIP,"TripAdvisor, Inc.",US,7370.0,IT consulting & application services,2023Q1,post,1,371000000.0,19.73171262057171,41.603053435114504,46.88796680497925,0,0,-3.7735849056603774,,0.0,0.0
1526520,TRIP,"TripAdvisor, Inc.",US,7370.0,IT consulting & application services,2023Q2,post,1,494000000.0,20.018046075152196,18.465227817745802,41.603053435114504,0,0,8.906882591093117,,0.684,1.0
1526520,TRIP,"TripAdvisor, Inc.",US,7370.0,IT consulting & application services,2023Q3,post,1,533000000.0,20.09403198213012,16.122004357298476,18.465227817745802,0,0,12.007504690431519,,0.644,1.0
1526520,TRIP,"TripAdvisor, Inc.",US,7370.0,IT consulting & application services,2023Q4,post,1,390000000.0,19.781657297087968,10.16949152542373,16.122004357298476,0,0,8.205128205128204,,1.623,1.0
1526520,TRIP,"TripAdvisor, Inc.",US,7370.0,IT consulting & application services,2024Q1,post,1,395000000.0,19.794396322865396,6.46900269541779,10.16949152542373,0,0,-3.79746835443038,,0.0,0.0
1526520,TRIP,"TripAdvisor, Inc.",US,7370.0,IT consulting & application services,2024Q2,post,1,497000000.0,20.024100584060903,0.6072874493927125,6.46900269541779,0,1,7.2434607645875255,,0.0,0.0
1526520,TRIP,"TripAdvisor, Inc.",US,7370.0,IT consulting & application services,2024Q3,post,1,532000000.0,20.092154047305918,-0.18761726078799248,0.6072874493927125,1,0,13.157894736842104,,0.0,0.0
1526520,TRIP,"TripAdvisor, Inc.",US,7370.0,IT consulting & application services,2024Q4,post,1,411000000.0,19.83410377246051,5.384615384615385,-0.18761726078799248,0,0,0.24330900243309003,,2.954,1.0
1526520,TRIP,"TripAdvisor, Inc.",US,7370.0,IT consulting & application services,2025Q1,post,1,398200000.0,19.80246494959437,0.8101265822784811,5.384615384615385,0,1,-3.89251632345555,,0.0,0.0
1526520,TRIP,"TripAdvisor, Inc.",US,7370.0,IT consulting & application services,2025Q2,post,1,476000000.0,19.980928412195695,-4.225352112676056,0.8101265822784811,1,0,12.163865546218487,4.5345106624057285,0.0,0.0
1526520,TRIP,"TripAdvisor, Inc.",US,7370.0,IT consulting & application services,2025Q3,post,1,553000000.0,20.130868559486608,3.9473684210526314,-4.225352112676056,0,0,12.658227848101266,,0.0,0.0
1526520,TRIP,"TripAdvisor, Inc.",US,7370.0,IT consulting & application services,2025Q4,post,1,463800000.0,19.954963982785706,12.846715328467154,3.9473684210526314,0,1,-6.985769728331177,,5.429,1.0
1529113,XTIA,"XTI Aerospace, Inc.",US,7371.0,IT consulting & application services,2021Q1,pre,0,2954000.0,14.898670742073461,63.74722838137472,101.93413486670151,0,0,-420.4468517264726,,0.96,0.0
1529113,XTIA,"XTI Aerospace, Inc.",US,7371.0,IT consulting & application services,2021Q2,pre,0,3453000.0,15.05475397637213,220.910780669145,63.74722838137472,0,0,-384.9695916594266,,0.78,0.0
1529113,XTIA,"XTI Aerospace, Inc.",US,7371.0,IT consulting & application services,2021Q3,pre,0,4450000.0,15.308414654142423,74.23649177760376,220.910780669145,0,0,-279.91011235955057,,0.711,0.0
1529113,XTIA,"XTI Aerospace, Inc.",US,7371.0,IT consulting & application services,2021Q4,pre,0,5138000.0,15.452174456651965,33.005436189490034,74.23649177760376,0,1,-468.9965058226251,,1.085,0.0
1529113,XTIA,"XTI Aerospace, Inc.",US,7371.0,IT consulting & application services,2022Q1,pre,0,2649000.0,14.789692768254207,-10.32498307379824,33.005436189490034,1,1,-348.69762174405435,,0.277,0.0
1529113,XTIA,"XTI Aerospace, Inc.",US,7371.0,IT consulting & application services,2022Q2,pre,0,2576000.0,14.761748366206382,-25.39820445988995,-10.32498307379824,1,1,-363.85869565217394,,0.247,0.0
1529113,XTIA,"XTI Aerospace, Inc.",US,7371.0,IT consulting & application services,2022Q3,pre,0,2435000.0,14.705457314498828,-45.28089887640449,-25.39820445988995,1,1,-224.35318275154006,,0.217,0.0
1529113,XTIA,"XTI Aerospace, Inc.",US,7371.0,IT consulting & application services,2025Q4,post,1,18922000.0,16.755835824246528,502.513410715471,170.58823529411765,0,0,-45.86724447732798,,0.114,0.0
1540184,,"Medallia, Inc.",US,7370.0,IT consulting & application services,2019Q1,pre,0,93619000.0,18.354743912300833,32.4809668015736,,0,0,-2.1843856482124355,,,
1540184,,"Medallia, Inc.",US,7370.0,IT consulting & application services,2019Q2,pre,0,95670000.0,18.37641532765435,26.839551348341423,32.4809668015736,0,0,-40.19232779345667,,0.892,0.0
1540184,,"Medallia, Inc.",US,7370.0,IT consulting & application services,2019Q3,pre,0,103074000.0,18.45095773483664,26.991597466919647,26.839551348341423,0,0,-40.424355317538854,,0.891,0.0
1540184,,"Medallia, Inc.",US,7370.0,IT consulting & application services,2019Q4,pre,0,110100000.0,18.51689960169291,27.45415817744027,26.991597466919647,0,0,-29.760217983651227,,3.588,0.0
1540184,,"Medallia, Inc.",US,7370.0,IT consulting & application services,2020Q1,pre,0,112691000.0,18.540160117791014,20.37193304777876,27.45415817744027,0,0,-29.074194035016106,,1.562,0.0
1540184,,"Medallia, Inc.",US,7370.0,IT consulting & application services,2020Q2,pre,0,115525000.0,18.564997514720606,20.75363227762099,20.37193304777876,0,0,-29.877515689244756,,1.449,0.0
1540184,,"Medallia, Inc.",US,7370.0,IT consulting & application services,2020Q3,pre,0,120958000.0,18.61095393586727,17.350641286842464,20.75363227762099,0,0,-24.425833760478845,,1.326,0.0
1540184,,"Medallia, Inc.",US,7370.0,IT consulting & application services,2020Q4,pre,0,128047000.0,18.66790794198706,16.30063578564941,17.350641286842464,0,0,-32.17802838020415,,3.604,0.0
1540184,,"Medallia, Inc.",US,7370.0,IT consulting & application services,2021Q1,pre,0,131374000.0,18.693558775334132,16.578963714937306,16.30063578564941,0,0,-38.100385159925096,,1.47,0.0
1540184,,"Medallia, Inc.",US,7370.0,IT consulting & application services,2021Q2,pre,0,144108000.0,18.78607357643082,24.741830772560053,16.578963714937306,0,,-41.52233047436645,,1.353,0.0
1549346,SSTK,"Shutterstock, Inc.",US,7374.0,Data processing & managed services,2019Q1,pre,0,163332000.0,18.911295497102213,6.7396859213561715,6.7464054956562975,0,0,4.9586119070359755,,0.0,0.0
1549346,SSTK,"Shutterstock, Inc.",US,7374.0,Data processing & managed services,2019Q2,pre,0,161741000.0,18.901506848375295,3.2934399427783174,6.7396859213561715,0,0,1.8980963392089822,,0.0,0.0
1549346,SSTK,"Shutterstock, Inc.",US,7374.0,Data processing & managed services,2019Q3,pre,0,159079000.0,18.88491149213867,4.950684479630546,3.2934399427783174,0,0,2.0008926382489203,,0.0,0.0
1549346,SSTK,"Shutterstock, Inc.",US,7374.0,Data processing & managed services,2019Q4,pre,0,166371000.0,18.929730792316906,2.6525248037909077,4.950684479630546,0,1,3.487987690162348,,0.944,0.0
1549346,SSTK,"Shutterstock, Inc.",US,7374.0,Data processing & managed services,2020Q1,pre,0,161285000.0,18.898683544350853,-1.2532755369431587,2.6525248037909077,1,1,3.584338283163344,,0.0,0.0
1549346,SSTK,"Shutterstock, Inc.",US,7374.0,Data processing & managed services,2020Q2,pre,0,159230000.0,18.885860255832608,-1.5524820546429168,-1.2532755369431587,1,0,14.158764052000251,,0.0,0.0
1549346,SSTK,"Shutterstock, Inc.",US,7374.0,Data processing & managed services,2020Q3,pre,0,165227000.0,18.922830843953232,3.8647464467340122,-1.5524820546429168,0,0,17.761624916024623,,0.0,0.0
1549346,SSTK,"Shutterstock, Inc.",US,7374.0,Data processing & managed services,2020Q4,pre,0,180944000.0,19.013698149093244,8.759339067505756,3.8647464467340122,0,0,15.249469449111327,,1.119,0.0
1549346,SSTK,"Shutterstock, Inc.",US,7374.0,Data processing & managed services,2021Q1,pre,0,183281000.0,19.026531052227323,13.637970053011749,8.759339067505756,0,0,20.79757312541944,,0.0,0.0
1549346,SSTK,"Shutterstock, Inc.",US,7374.0,Data processing & managed services,2021Q2,pre,0,189912000.0,19.062071364939275,19.268981975758336,13.637970053011749,0,0,17.494945027170477,,5.088,0.0
1549346,SSTK,"Shutterstock, Inc.",US,7374.0,Data processing & managed services,2021Q3,pre,0,194439000.0,19.085629047153606,17.679919141544662,19.268981975758336,0,0,11.401519242538791,,4.882,0.0
1549346,SSTK,"Shutterstock, Inc.",US,7374.0,Data processing & managed services,2021Q4,pre,0,205783000.0,19.142332773481925,13.72745158723141,17.679919141544662,0,0,7.091936651715643,,4.755,0.0
1549346,SSTK,"Shutterstock, Inc.",US,7374.0,Data processing & managed services,2022Q1,pre,0,199132000.0,19.109478479374474,8.648468744714402,13.72745158723141,0,0,16.02856396761947,,5.343,0.0
1549346,SSTK,"Shutterstock, Inc.",US,7374.0,Data processing & managed services,2022Q2,pre,0,206872000.0,19.14761080247988,8.930451998820505,8.648468744714402,0,0,12.265555512587493,,3.924,0.0
1549346,SSTK,"Shutterstock, Inc.",US,7374.0,Data processing & managed services,2022Q3,pre,0,204096000.0,19.134101029351868,4.966596207550954,8.930451998820505,0,0,14.054660551897147,,4.019,0.0
1549346,SSTK,"Shutterstock, Inc.",US,7374.0,Data processing & managed services,2022Q4,transition,0,217726000.0,19.198747949482353,5.803686407526374,4.966596207550954,0,0,3.512212597484912,,6.112,1.0
1549346,SSTK,"Shutterstock, Inc.",US,7374.0,Data processing & managed services,2023Q1,post,1,215280000.0,19.187450064382926,8.109193901532652,5.803686407526374,0,0,18.751858045336306,,5.071,0.0
1549346,SSTK,"Shutterstock, Inc.",US,7374.0,Data processing & managed services,2023Q2,post,1,208840000.0,19.157078966506624,0.9513128891295101,8.109193901532652,0,0,4.1730511396284236,,5.677,0.0
1549346,SSTK,"Shutterstock, Inc.",US,7374.0,Data processing & managed services,2023Q3,post,1,233248000.0,19.267612823164075,14.283474443399186,0.9513128891295101,0,1,7.370695568665112,,6.399,1.0
1549346,SSTK,"Shutterstock, Inc.",US,7374.0,Data processing & managed services,2023Q4,post,1,217219000.0,19.19641661917791,-0.23286148645545318,14.283474443399186,1,1,0.9778150161818258,,7.39,1.0
1549346,SSTK,"Shutterstock, Inc.",US,7374.0,Data processing & managed services,2024Q1,post,1,214315000.0,19.18295745332789,-0.4482534373838722,-0.23286148645545318,1,0,7.813732123276486,,8.132,1.0
1549346,SSTK,"Shutterstock, Inc.",US,7374.0,Data processing & managed services,2024Q2,post,1,220053000.0,19.20937898439361,5.369182149013599,-0.4482534373838722,0,0,9.391373896288622,,6.692,1.0
1549346,SSTK,"Shutterstock, Inc.",US,7374.0,Data processing & managed services,2024Q3,post,1,250588000.0,19.339320714203897,7.434147345314858,5.369182149013599,0,0,7.242565485976982,,5.863,1.0
1549346,SSTK,"Shutterstock, Inc.",US,7374.0,Data processing & managed services,2024Q4,post,1,250306000.0,19.338194727349215,15.232092956877622,7.434147345314858,0,0,5.252371097776322,,6.738,1.0
1549346,SSTK,"Shutterstock, Inc.",US,7374.0,Data processing & managed services,2025Q1,post,1,242620000.0,19.30700699130705,13.207195016681053,15.232092956877622,0,0,4.204517352238068,,6.842,1.0
1549346,SSTK,"Shutterstock, Inc.",US,7374.0,Data processing & managed services,2025Q2,post,1,266990000.0,19.402721762479615,21.329861442470676,13.207195016681053,0,0,13.008352372748044,,5.845,1.0
1549346,SSTK,"Shutterstock, Inc.",US,7374.0,Data processing & managed services,2025Q3,post,1,260094000.0,19.376553662102058,3.7934777403546858,21.329861442470676,0,1,12.49202211508147,,5.761,1.0
1549346,SSTK,"Shutterstock, Inc.",US,7374.0,Data processing & managed services,2025Q4,post,1,220221000.0,19.210142145553043,-12.019288391009404,3.7934777403546858,1,1,-1.0734671080414675,,12.485,1.0
1559865,EVTC,"EVERTEC, Inc.",US,7374.0,Data processing & managed services,2019Q1,pre,0,118836000.0,18.59325494929144,7.764296207628271,18.67246155699201,0,0,31.476152007809084,12.739405567336497,0.0,0.0
1559865,EVTC,"EVERTEC, Inc.",US,7374.0,Data processing & managed services,2019Q2,pre,0,122548000.0,18.624013347935783,8.1175505306713,7.764296207628271,0,0,30.7536638704834,12.292326272154584,0.0,0.0
1559865,EVTC,"EVERTEC, Inc.",US,7374.0,Data processing & managed services,2019Q3,pre,0,118804000.0,18.592985634359668,6.0589017738379,8.1175505306713,0,0,29.29362647722299,12.753779334029158,0.0,0.0
1559865,EVTC,"EVERTEC, Inc.",US,7374.0,Data processing & managed services,2019Q4,pre,0,127186000.0,18.661161139919848,7.574155678290803,6.0589017738379,0,0,27.209755790731684,12.62403094680232,0.0,0.0
1559865,EVTC,"EVERTEC, Inc.",US,7374.0,Data processing & managed services,2020Q1,pre,0,121942000.0,18.619056079818378,2.613686088390723,7.574155678290803,0,1,26.86769119745453,14.201013596627904,0.0,0.0
1559865,EVTC,"EVERTEC, Inc.",US,7374.0,Data processing & managed services,2020Q2,pre,0,117937000.0,18.585661141550403,-3.762607304892777,2.613686088390723,1,0,21.698025216853065,14.863020086995599,0.0,0.0
1559865,EVTC,"EVERTEC, Inc.",US,7374.0,Data processing & managed services,2020Q3,pre,0,136507000.0,18.731886453325693,14.901013433891114,-3.762607304892777,0,0,32.118499417612284,12.220618722849377,0.0,0.0
1559865,EVTC,"EVERTEC, Inc.",US,7374.0,Data processing & managed services,2020Q4,pre,0,134202000.0,18.714856685520463,5.5163304137247815,14.901013433891114,0,0,29.20597308534895,14.366402885202904,0.0,0.0
1559865,EVTC,"EVERTEC, Inc.",US,7374.0,Data processing & managed services,2021Q1,pre,0,139528000.0,18.75377585593064,14.421610273736697,5.5163304137247815,0,0,32.25087437646924,11.540335989908836,0.0,0.0
1559865,EVTC,"EVERTEC, Inc.",US,7374.0,Data processing & managed services,2021Q2,pre,0,149148000.0,18.82044965951565,26.464129153700704,14.421610273736697,0,0,36.401426770724385,11.23179660471478,0.0,0.0
1559865,EVTC,"EVERTEC, Inc.",US,7374.0,Data processing & managed services,2021Q3,pre,0,145883000.0,18.79831548854112,6.868512237467677,26.464129153700704,0,0,32.22925220896198,11.739544703632362,0.0,0.0
1559865,EVTC,"EVERTEC, Inc.",US,7374.0,Data processing & managed services,2021Q4,pre,0,155237000.0,18.86046353936199,15.674133023352857,6.868512237467677,0,0,32.34151651990182,11.638977821009167,0.0,0.0
1559865,EVTC,"EVERTEC, Inc.",US,7374.0,Data processing & managed services,2022Q1,pre,0,150248000.0,18.827797820142912,7.683045696921048,15.674133023352857,0,0,30.645998615622172,13.566902720834886,0.0,0.0
1559865,EVTC,"EVERTEC, Inc.",US,7374.0,Data processing & managed services,2022Q2,pre,0,160571000.0,18.89424677031989,7.658835519081718,7.683045696921048,0,1,29.050700313257067,12.487310909192818,0.0,0.0
1559865,EVTC,"EVERTEC, Inc.",US,7374.0,Data processing & managed services,2022Q3,pre,0,145803000.0,18.797766953458833,-0.054838466442285946,7.658835519081718,1,0,16.33574069120663,17.832966399868315,0.0,0.0
1559865,EVTC,"EVERTEC, Inc.",US,7374.0,Data processing & managed services,2022Q4,transition,0,161787000.0,18.90179121325444,4.219354921829203,-0.054838466442285946,0,0,25.27397133267815,14.422666839733726,0.0,0.0
1559865,EVTC,"EVERTEC, Inc.",US,7374.0,Data processing & managed services,2023Q1,post,1,159814000.0,18.88952119697085,6.366806879292902,4.219354921829203,0,0,25.085411791207278,14.939241868672331,0.0,0.0
1559865,EVTC,"EVERTEC, Inc.",US,7374.0,Data processing & managed services,2023Q2,post,1,167076000.0,18.933959356679424,4.051167396354261,6.366806879292902,0,0,20.812684047978166,17.66980296392061,0.0,0.0
1559865,EVTC,"EVERTEC, Inc.",US,7374.0,Data processing & managed services,2023Q3,post,1,173198000.0,18.969946006681827,18.789050979746644,4.051167396354261,0,0,22.842065150867793,17.573528562685482,0.0,0.0
1559865,EVTC,"EVERTEC, Inc.",US,7374.0,Data processing & managed services,2023Q4,post,1,194621000.0,19.086564635562983,20.29458485539629,18.789050979746644,0,0,11.167859583498183,22.78171420350322,2.155,0.0
1559865,EVTC,"EVERTEC, Inc.",US,7374.0,Data processing & managed services,2024Q1,post,1,205318000.0,19.14007055471667,28.47309997872527,20.29458485539629,0,0,15.976680076758978,17.351620413212675,0.0,0.0
1559865,EVTC,"EVERTEC, Inc.",US,7374.0,Data processing & managed services,2024Q2,post,1,211978000.0,19.17199305366653,26.87519452225335,28.47309997872527,0,0,20.454952872467896,18.01460528922813,0.0,0.0
1559865,EVTC,"EVERTEC, Inc.",US,7374.0,Data processing & managed services,2024Q3,post,1,211795000.0,19.171129383676345,22.28489936373399,26.87519452225335,0,0,19.613777473500317,16.099058051417643,0.0,0.0
1559865,EVTC,"EVERTEC, Inc.",US,7374.0,Data processing & managed services,2024Q4,post,1,216395000.0,19.192615999309226,11.187898530991003,22.28489936373399,0,0,22.164098061415466,17.39781418239793,5.061,0.0
1559865,EVTC,"EVERTEC, Inc.",US,7374.0,Data processing & managed services,2025Q1,post,1,228792000.0,19.24832385182366,11.432996619877459,11.187898530991003,0,0,21.635371866149168,15.826602328752754,1.406,0.0
1559865,EVTC,"EVERTEC, Inc.",US,7374.0,Data processing & managed services,2025Q2,post,1,229607000.0,19.25187970974982,8.316429063393372,11.432996619877459,0,0,24.44786091016389,15.288732486378901,1.208,0.0
1559865,EVTC,"EVERTEC, Inc.",US,7374.0,Data processing & managed services,2025Q3,post,1,228587000.0,19.24742743981643,7.928421350834533,8.316429063393372,0,0,16.506625486138756,16.483002095482245,1.172,0.0
1559865,EVTC,"EVERTEC, Inc.",US,7374.0,Data processing & managed services,2025Q4,post,1,244832000.0,19.316082819013715,13.141246331939277,7.928421350834533,0,0,17.593288459024965,18.450202587897007,5.092,0.0
1564408,SNAP,Snap Inc,US,7370.0,IT consulting & application services,2019Q1,pre,0,320426000.0,19.585161918430405,38.913407264182844,36.44786536596977,0,0,-98.63775099398924,,0.0,0.0
1564408,SNAP,Snap Inc,US,7370.0,IT consulting & application services,2019Q2,pre,0,388021000.0,19.776570019834253,47.951102519226886,38.913407264182844,0,0,-78.55708840500901,,0.0,0.0
1564408,SNAP,Snap Inc,US,7370.0,IT consulting & application services,2019Q3,pre,0,446199000.0,19.916275598812728,49.884613446648416,47.951102519226886,0,0,-51.289447085269124,,0.0,0.0
1564408,SNAP,Snap Inc,US,7370.0,IT consulting & application services,2019Q4,pre,0,560888000.0,20.145031800061794,43.8831056225662,49.884613446648416,0,0,-45.21330461696453,,0.463,0.0
1564408,SNAP,Snap Inc,US,7370.0,IT consulting & application services,2020Q1,pre,0,462478000.0,19.952109546217812,44.3322327151979,43.8831056225662,0,0,-61.919485899869834,,0.948,0.0
1564408,SNAP,Snap Inc,US,7370.0,IT consulting & application services,2020Q2,pre,0,454158000.0,19.933955713082682,17.04469603449298,44.3322327151979,0,0,-68.392057389719,,0.87,0.0
1564408,SNAP,Snap Inc,US,7370.0,IT consulting & application services,2020Q3,pre,0,678668000.0,20.33564261160119,52.09984782574592,17.04469603449298,0,0,-24.734332545515628,,0.864,0.0
1564408,SNAP,Snap Inc,US,7370.0,IT consulting & application services,2020Q4,pre,0,911322000.0,20.63040685051151,62.47842706565303,52.09984782574592,0,0,-10.669774240060043,,0.57,0.0
1564408,SNAP,Snap Inc,US,7370.0,IT consulting & application services,2021Q1,pre,0,769584000.0,20.461360667078864,66.40445599574466,62.47842706565303,0,0,-39.450664254974114,,0.0,0.0
1564408,SNAP,Snap Inc,US,7370.0,IT consulting & application services,2021Q2,pre,0,982108000.0,20.705211839904823,116.24808987180673,66.40445599574466,0,0,-19.601917508054104,,0.0,0.0
1564408,SNAP,Snap Inc,US,7370.0,IT consulting & application services,2021Q3,pre,0,1067471000.0,20.7885581364217,57.28913106261088,116.24808987180673,0,0,-16.93947657594445,,0.0,0.0
1564408,SNAP,Snap Inc,US,7370.0,IT consulting & application services,2021Q4,pre,0,1297885000.0,20.984001853460455,42.417828166114724,57.28913106261088,0,0,-1.9359958702042168,,0.579,0.0
1564408,SNAP,Snap Inc,US,7370.0,IT consulting & application services,2022Q1,pre,0,1062727000.0,20.784104083002386,38.091098567537784,42.417828166114724,0,0,-25.550023665532162,,0.0,0.0
1564408,SNAP,Snap Inc,US,7370.0,IT consulting & application services,2022Q2,pre,0,1110909000.0,20.828444436058426,13.114749090731365,38.091098567537784,0,0,-36.09116498291039,,0.0,0.0
1564408,SNAP,Snap Inc,US,7370.0,IT consulting & application services,2022Q3,pre,0,1128476000.0,20.844133886826906,5.714909351167385,13.114749090731365,0,0,-38.569008113597455,,0.0,0.0
1564408,SNAP,Snap Inc,US,7370.0,IT consulting & application services,2022Q4,transition,0,1299735000.0,20.985426234480606,0.1425395932613444,5.714909351167385,0,1,-22.12735673041043,,0.536,0.0
1564408,SNAP,Snap Inc,US,7370.0,IT consulting & application services,2023Q1,post,1,988608000.0,20.71180845105606,-6.974415818926214,0.1425395932613444,1,1,-36.947303683563156,,1.322,0.0
1564408,SNAP,Snap Inc,US,7370.0,IT consulting & application services,2023Q2,post,1,1067669000.0,20.788743604354075,-3.8923080108271697,-6.974415818926214,1,0,-37.871194162235675,,1.645,0.0
1564408,SNAP,Snap Inc,US,7370.0,IT consulting & application services,2023Q3,post,1,1188551000.0,20.896000755076507,5.323551409157129,-3.8923080108271697,0,0,-31.977003931678155,,4.624,0.0
1564408,SNAP,Snap Inc,US,7370.0,IT consulting & application services,2023Q4,post,1,1361287000.0,21.031696412741958,4.735734592051457,5.323551409157129,0,0,-18.270430849629797,,3.774,0.0
1564408,SNAP,Snap Inc,US,7370.0,IT consulting & application services,2024Q1,post,1,1194773000.0,20.901222046126552,20.854069560432446,4.735734592051457,0,0,-27.890821101581643,,6.735,1.0
1564408,SNAP,Snap Inc,US,7370.0,IT consulting & application services,2024Q2,post,1,1236768000.0,20.9357673622415,15.838148339981773,20.854069560432446,0,0,-20.53537931123703,,6.355,1.0
1564408,SNAP,Snap Inc,US,7370.0,IT consulting & application services,2024Q3,post,1,1372574000.0,21.039953646105825,15.482970440477523,15.838148339981773,0,0,-12.61935604200575,,6.312,1.0
1564408,SNAP,Snap Inc,US,7370.0,IT consulting & application services,2024Q4,post,1,1557283000.0,21.166208473076438,14.397845568201268,15.482970440477523,0,0,-1.725890541410906,,4.484,1.0
1564408,SNAP,Snap Inc,US,7370.0,IT consulting & application services,2025Q1,post,1,1363217000.0,21.033113184618845,14.098410325643448,14.397845568201268,0,0,-14.219746379336526,,7.505,1.0
1564408,SNAP,Snap Inc,US,7370.0,IT consulting & application services,2025Q2,post,1,1344930000.0,21.01960780403618,8.745536753861678,14.098410325643448,0,0,-19.307770664644256,,7.183,1.0
1564408,SNAP,Snap Inc,US,7370.0,IT consulting & application services,2025Q3,post,1,1506839000.0,21.13327991611246,9.78198625356447,8.745536753861678,0,0,-8.518627404785779,,8.541,1.0
1564408,SNAP,Snap Inc,US,7370.0,IT consulting & application services,2025Q4,post,1,1716461000.0,21.26353044995141,10.221520430133765,9.78198625356447,0,0,2.8964829378587686,,7.632,1.0
1566469,,"NantHealth, Inc.",US,7374.0,Data processing & managed services,2019Q1,pre,0,20209000.0,16.821638607700386,-9.2260701612541,2.529374831823482,1,1,-50.86842495917661,75.82760156365975,0.268,0.0
1566469,,"NantHealth, Inc.",US,7374.0,Data processing & managed services,2019Q2,pre,0,20052000.0,16.813839457365532,-9.048850183698463,-9.2260701612541,1,1,-54.378615599441446,68.87592260123678,0.253,0.0
1566469,,"NantHealth, Inc.",US,7374.0,Data processing & managed services,2019Q3,pre,0,18604000.0,16.738887169326123,-16.54405167773192,-9.048850183698463,1,0,-36.46527628466996,73.68307890776177,0.247,0.0
1566469,,"NantHealth, Inc.",US,7374.0,Data processing & managed services,2019Q4,pre,0,24190000.0,17.00144988258621,5.8087656373020735,-16.54405167773192,0,1,-18.974782968168665,52.71599834642414,0.587,0.0
1566469,,"NantHealth, Inc.",US,7374.0,Data processing & managed services,2020Q1,pre,0,18180000.0,16.715832646713608,-10.040081151961996,5.8087656373020735,1,1,-32.233223322332236,68.35533553355336,0.283,0.0
1566469,,"NantHealth, Inc.",US,7374.0,Data processing & managed services,2020Q2,pre,0,17585000.0,16.68255682389022,-12.303012168362258,-10.040081151961996,1,0,-38.72050042649986,68.21154392948536,0.387,0.0
1566469,,"NantHealth, Inc.",US,7374.0,Data processing & managed services,2020Q3,pre,0,18765000.0,16.74750399055126,0.8654052891851215,-12.303012168362258,0,1,-36.42419397815082,66.3042899014122,0.493,0.0
1566469,,"NantHealth, Inc.",US,7374.0,Data processing & managed services,2020Q4,pre,0,18642000.0,16.74092765760324,-22.935097147581647,0.8654052891851215,1,1,-36.27829632013733,62.60057933698101,1.881,0.0
1566469,,"NantHealth, Inc.",US,7374.0,Data processing & managed services,2021Q1,pre,0,16170000.0,16.59866823155329,-11.056105610561056,-22.935097147581647,1,1,-57.96536796536797,77.31601731601731,0.512,0.0
1566469,,"NantHealth, Inc.",US,7374.0,Data processing & managed services,2021Q2,pre,0,16090000.0,16.593708518968565,-8.501563832812057,-11.056105610561056,1,1,-53.387197016780604,73.56743318831572,0.423,0.0
1566469,,"NantHealth, Inc.",US,7374.0,Data processing & managed services,2021Q3,pre,0,14359000.0,16.479887481276513,-23.479882760458302,-8.501563832812057,1,1,-77.10843373493977,90.31966014346403,0.432,0.0
1566469,,"NantHealth, Inc.",US,7374.0,Data processing & managed services,2021Q4,pre,0,16030000.0,16.589972524585736,-14.011372170367986,-23.479882760458302,1,0,-74.01122894572676,92.22707423580786,1.977,0.0
1566469,,"NantHealth, Inc.",US,7374.0,Data processing & managed services,2022Q1,pre,0,16373000.0,16.61114419462163,1.2554112554112553,-14.011372170367986,0,0,-76.25969584071338,91.49209063702438,0.816,0.0
1566469,,"NantHealth, Inc.",US,7374.0,Data processing & managed services,2022Q2,pre,0,16498000.0,16.618749719402814,2.5357364822871347,1.2554112554112553,0,0,-70.99648442235423,84.96181355315797,0.769,0.0
1566469,,"NantHealth, Inc.",US,7374.0,Data processing & managed services,2022Q3,pre,0,16633000.0,16.626899231772672,15.836757434361726,2.5357364822871347,0,0,-85.12595442794445,99.6813563398064,0.734,0.0
1566469,,"NantHealth, Inc.",US,7374.0,Data processing & managed services,2022Q4,transition,0,17498000.0,16.677597146648345,9.157829070492825,15.836757434361726,0,0,-74.11704194765116,96.71962510001143,1.611,0.0
1566469,,"NantHealth, Inc.",US,7374.0,Data processing & managed services,2023Q1,post,1,17050000.0,16.6516607616938,4.134856165638552,9.157829070492825,0,0,-71.72434017595309,97.97653958944281,0.452,0.0
1566469,,"NantHealth, Inc.",US,7374.0,Data processing & managed services,2023Q2,post,1,17256000.0,16.66367046705113,4.594496302582131,4.134856165638552,0,1,-50.585303662494205,73.19193324061196,0.432,0.0
1566469,,"NantHealth, Inc.",US,7374.0,Data processing & managed services,2023Q3,post,1,12468000.0,16.338675919869363,-25.04058197559069,4.594496302582131,1,,-84.31985883862689,69.92300288739173,0.406,0.0
1568385,BMTM,"Bright Mountain Media, Inc.",US,7371.0,IT consulting & application services,2020Q3,pre,0,4894486.0,15.403619823326073,131.60656724441105,217.32612888190522,0,0,-68.3245390833685,125.72435593849896,0.0,0.0
1568385,BMTM,"Bright Mountain Media, Inc.",US,7371.0,IT consulting & application services,2020Q4,pre,0,6400817.0,15.671936196432535,130.5656855427832,131.60656724441105,0,0,-468.9965058226251,105.90293395358749,0.0,0.0
1568385,BMTM,"Bright Mountain Media, Inc.",US,7371.0,IT consulting & application services,2021Q1,pre,0,2399720.0,14.690862621845422,5.705876082400297,130.5656855427832,0,0,-135.08063440734753,168.54553583996469,0.0,0.0
1568385,BMTM,"Bright Mountain Media, Inc.",US,7371.0,IT consulting & application services,2021Q2,pre,0,2433415.0,14.704806178531166,7.01315777900912,5.705876082400297,0,1,-155.85208441634492,168.54553583996469,0.0,0.0
1568385,BMTM,"Bright Mountain Media, Inc.",US,7371.0,IT consulting & application services,2021Q3,pre,0,3805000.0,15.151826549277922,-22.259456866359407,7.01315777900912,1,1,-66.70170827858082,121.81340341655715,0.0,0.0
1568385,BMTM,"Bright Mountain Media, Inc.",US,7371.0,IT consulting & application services,2021Q4,pre,0,4286865.0,15.271066254531442,-33.0262839884346,-22.259456866359407,1,0,-54.46672568415381,112.50018370067636,0.0,0.0
1568385,BMTM,"Bright Mountain Media, Inc.",US,7371.0,IT consulting & application services,2022Q1,pre,0,3460000.0,15.056779147033907,44.183488073608586,-33.0262839884346,0,0,-61.24277456647399,111.30057803468208,0.0,0.0
1568385,BMTM,"Bright Mountain Media, Inc.",US,7371.0,IT consulting & application services,2022Q2,pre,0,5717000.0,15.558954750246109,134.9373205967745,44.183488073608586,0,0,-10.949798845548365,60.223893650516004,0.0,0.0
1568385,BMTM,"Bright Mountain Media, Inc.",US,7371.0,IT consulting & application services,2022Q3,pre,0,5244000.0,15.472595123865727,37.81865965834428,134.9373205967745,0,0,-22.44469870327994,63.36765827612509,0.93,0.0
1568385,BMTM,"Bright Mountain Media, Inc.",US,7371.0,IT consulting & application services,2022Q4,transition,0,5159000.0,15.456253320226788,20.344354207561935,37.81865965834428,0,1,-22.213607288234154,68.57918201201784,0.837,0.0
1568385,BMTM,"Bright Mountain Media, Inc.",US,7371.0,IT consulting & application services,2023Q1,post,1,1498000.0,14.219641443059302,-56.705202312138724,20.344354207561935,1,0,-193.59145527369824,168.54553583996469,1.472,0.0
1568385,BMTM,"Bright Mountain Media, Inc.",US,7371.0,IT consulting & application services,2023Q2,post,1,12616000.0,16.35047640762501,120.67517928983733,-56.705202312138724,0,0,-31.0716550412175,64.42612555485098,0.806,0.0
1568385,BMTM,"Bright Mountain Media, Inc.",US,7371.0,IT consulting & application services,2023Q3,post,1,15289000.0,16.54264417354275,191.55225019069414,120.67517928983733,0,0,-111.30878409313887,26.95401922951141,1.472,0.0
1568385,BMTM,"Bright Mountain Media, Inc.",US,7371.0,IT consulting & application services,2023Q4,post,1,15143000.0,16.533048936938794,193.52587710796666,191.55225019069414,0,0,-19.639437363798454,45.20240375090801,0.657,0.0
1568385,BMTM,"Bright Mountain Media, Inc.",US,7371.0,IT consulting & application services,2024Q1,post,1,12448000.0,16.33707052540031,502.513410715471,193.52587710796666,0,0,-16.926413881748072,42.12724935732648,0.0,0.0
1568385,BMTM,"Bright Mountain Media, Inc.",US,7371.0,IT consulting & application services,2024Q2,post,1,13003000.0,16.38069065803346,3.067533291058973,544.2709220099438,0,1,-14.51972621702684,40.83672998538799,0.0,0.0
1568385,BMTM,"Bright Mountain Media, Inc.",US,7371.0,IT consulting & application services,2024Q3,post,1,14151000.0,16.46529585093451,-7.4432598600300865,3.067533291058973,1,0,-0.19079923680305277,31.192141898099074,0.0,0.0
1568385,BMTM,"Bright Mountain Media, Inc.",US,7371.0,IT consulting & application services,2024Q4,post,1,17079000.0,16.65336019660133,12.78478504919765,-7.4432598600300865,0,0,-5.246208794425903,37.53147139762281,1.319,1.0
1568385,BMTM,"Bright Mountain Media, Inc.",US,7371.0,IT consulting & application services,2025Q1,post,1,14190000.0,16.468048049136225,13.994215938303341,12.78478504919765,0,0,-1.7758985200845665,31.881606765327696,0.46,0.0
1568385,BMTM,"Bright Mountain Media, Inc.",US,7371.0,IT consulting & application services,2025Q2,post,1,15408000.0,16.550397413020043,18.495731754210567,13.994215938303341,0,1,-6.386292834890965,26.096832814122532,0.4,0.0
1568385,BMTM,"Bright Mountain Media, Inc.",US,7371.0,IT consulting & application services,2025Q3,post,1,13940000.0,16.45027296329665,-1.4910607024238571,18.495731754210567,1,1,1.1119081779053086,29.40459110473458,0.372,0.0
1568385,BMTM,"Bright Mountain Media, Inc.",US,7371.0,IT consulting & application services,2025Q4,post,1,15691000.0,16.568597857541207,-8.126939516365127,-1.4910607024238571,1,1,-2.236951118475559,24.14122745522911,2.714,1.0
1571123,SAIC,Science Applications International Corp,US,7373.0,Systems integration,2019Q1,pre,0,1615000000.0,21.20260079362103,37.4468085106383,5.673758865248227,0,0,5.758513931888545,4.767801857585139,0.0,0.0
1571123,SAIC,Science Applications International Corp,US,7373.0,Systems integration,2019Q2,pre,0,1594000000.0,21.189512417314436,42.959641255605376,37.4468085106383,0,0,5.959849435382685,5.144291091593475,0.0,0.0
1571123,SAIC,Science Applications International Corp,US,7373.0,Systems integration,2019Q3,pre,0,1630000000.0,21.211845851765084,38.48768054375531,42.959641255605376,0,0,5.766871165644172,4.5345106624057285,0.0,0.0
1571123,SAIC,Science Applications International Corp,US,7373.0,Systems integration,2019Q4,pre,0,1540000000.0,21.155048253371948,29.194630872483224,38.48768054375531,0,0,5.714285714285714,4.5345106624057285,0.0,0.0
1571123,SAIC,Science Applications International Corp,US,7373.0,Systems integration,2020Q1,pre,0,1757000000.0,21.28687364615137,8.792569659442725,29.194630872483224,0,0,4.43938531587934,4.5345106624057285,0.0,0.0
1571123,SAIC,Science Applications International Corp,US,7373.0,Systems integration,2020Q2,pre,0,1764000000.0,21.29084979453101,10.664993726474279,8.792569659442725,0,0,5.6689342403628125,5.045351473922902,0.0,0.0
1571123,SAIC,Science Applications International Corp,US,7373.0,Systems integration,2020Q3,pre,0,1818000000.0,21.321002832701698,11.533742331288344,10.664993726474279,0,0,6.050605060506051,5.2805280528052805,0.0,0.0
1571123,SAIC,Science Applications International Corp,US,7373.0,Systems integration,2020Q4,pre,0,1717000000.0,21.26384441886175,11.493506493506493,11.533742331288344,0,0,5.9405940594059405,5.29994175888177,0.0,0.0
1571123,SAIC,Science Applications International Corp,US,7373.0,Systems integration,2021Q1,pre,0,1878000000.0,21.353473217732482,6.88673875924872,11.493506493506493,0,0,6.922257720979766,4.5345106624057285,1.626,0.0
1571123,SAIC,Science Applications International Corp,US,7373.0,Systems integration,2021Q2,pre,0,1836000000.0,21.33085512914471,4.081632653061225,6.88673875924872,0,0,7.24400871459695,4.62962962962963,2.693,0.0
1571123,SAIC,Science Applications International Corp,US,7373.0,Systems integration,2021Q3,pre,0,1898000000.0,21.364066537134146,4.400440044004401,4.081632653061225,0,0,6.006322444678609,4.5837723919915705,2.676,0.0
1571123,SAIC,Science Applications International Corp,US,7373.0,Systems integration,2021Q4,pre,0,1782000000.0,21.30100216599503,3.7856726849155504,4.400440044004401,0,0,4.769921436588103,5.16273849607183,1.229,0.0
1571123,SAIC,Science Applications International Corp,US,7373.0,Systems integration,2022Q1,pre,0,1996000000.0,21.414411014835682,6.283280085197019,3.7856726849155504,0,1,6.2625250501002,4.609218436873747,3.253,0.0
1571123,SAIC,Science Applications International Corp,US,7373.0,Systems integration,2022Q2,pre,0,1831000000.0,21.328128102638786,-0.27233115468409586,6.283280085197019,1,0,6.826870562534134,5.079191698525396,2.74,0.0
1571123,SAIC,Science Applications International Corp,US,7373.0,Systems integration,2022Q3,pre,0,1909000000.0,21.369845381690023,0.5795574288724974,-0.27233115468409586,0,0,6.966998428496594,4.557359874279728,2.726,0.0
1571123,SAIC,Science Applications International Corp,US,7373.0,Systems integration,2022Q4,transition,0,1968000000.0,21.40028363557647,10.437710437710438,0.5795574288724974,0,0,5.995934959349594,5.182926829268292,1.212,0.0
1571123,SAIC,Science Applications International Corp,US,7373.0,Systems integration,2023Q1,post,1,2028000000.0,21.430315922675348,1.6032064128256511,10.437710437710438,0,1,7.741617357001973,4.5345106624057285,0.0,0.0
1571123,SAIC,Science Applications International Corp,US,7373.0,Systems integration,2023Q2,post,1,1784000000.0,21.30212387110423,-2.5669033315128345,1.6032064128256511,1,1,20.291479820627803,4.932735426008969,0.0,0.0
1571123,SAIC,Science Applications International Corp,US,7373.0,Systems integration,2023Q3,post,1,1895000000.0,21.3624846754808,-0.7333682556312205,-2.5669033315128345,1,1,7.546174142480211,4.591029023746702,0.0,0.0
1571123,SAIC,Science Applications International Corp,US,7373.0,Systems integration,2023Q4,post,1,1737000000.0,21.27542532420538,-11.73780487804878,-0.7333682556312205,1,1,4.548071387449626,6.563039723661486,5.368,0.0
1571123,SAIC,Science Applications International Corp,US,7373.0,Systems integration,2024Q1,post,1,1847000000.0,21.336828538163513,-8.925049309664693,-11.73780487804878,1,0,7.0925825663237685,4.60205739036275,4.7,0.0
1571123,SAIC,Science Applications International Corp,US,7373.0,Systems integration,2024Q2,post,1,1818000000.0,21.321002832701698,1.905829596412556,-8.925049309664693,0,0,7.37073707370737,4.5345106624057285,4.181,0.0
1571123,SAIC,Science Applications International Corp,US,7373.0,Systems integration,2024Q3,post,1,1976000000.0,21.404340436272086,4.274406332453825,1.905829596412556,0,0,8.097165991902834,4.5345106624057285,3.735,0.0
1571123,SAIC,Science Applications International Corp,US,7373.0,Systems integration,2024Q4,post,1,1838000000.0,21.331943860879907,5.814622913068509,4.274406332453825,0,0,7.50816104461371,5.114254624591948,5.1,0.0
1571123,SAIC,Science Applications International Corp,US,7373.0,Systems integration,2025Q1,post,1,1877000000.0,21.352940594550784,1.6242555495397943,5.814622913068509,0,1,6.446457112413426,4.74160895045285,4.919,0.0
1571123,SAIC,Science Applications International Corp,US,7373.0,Systems integration,2025Q2,post,1,1769000000.0,21.29368025212406,-2.695269526952695,1.6242555495397943,1,1,7.857546636517807,4.5345106624057285,4.179,0.0
1571123,SAIC,Science Applications International Corp,US,7373.0,Systems integration,2025Q3,post,1,1866000000.0,21.347062939371565,-5.566801619433198,-2.695269526952695,1,1,6.859592711682744,5.412647374062165,3.758,0.0
1571123,SAIC,Science Applications International Corp,US,7373.0,Systems integration,2025Q4,post,1,1750000000.0,21.282881624881835,-4.787812840043525,-5.566801619433198,1,0,7.6,4.857142857142857,,
1575189,,"Match Group Holdings II, LLC",US,7370.0,IT consulting & application services,2019Q1,pre,0,464625000.0,19.95674118658169,14.055630426617768,20.70085799417799,0,0,25.575033629270916,,0.0,0.0
1575189,,"Match Group Holdings II, LLC",US,7370.0,IT consulting & application services,2019Q2,pre,0,497973000.0,20.02605641665167,18.228330753378476,14.055630426617768,0,0,34.72035632453969,,0.0,0.0
1575189,,"Match Group Holdings II, LLC",US,7370.0,IT consulting & application services,2019Q3,pre,0,541493000.0,20.109840697267288,21.973541648364765,18.228330753378476,0,0,32.614272021983666,,0.0,0.0
1575189,,"Match Group Holdings II, LLC",US,7370.0,IT consulting & application services,2019Q4,pre,0,547167000.0,20.12026461543653,19.640139588581025,21.973541648364765,0,0,32.93345541671921,,0.0,0.0
1575189,,"Match Group Holdings II, LLC",US,7370.0,IT consulting & application services,2020Q1,pre,0,544642000.0,20.115639256052898,17.22184557438795,19.640139588581025,0,,24.72835367085168,,0.0,0.0
1581760,LIF,"Life360, Inc.",US,7374.0,Data processing & managed services,2023Q1,post,1,68143000.0,18.037118996231165,33.69236805964293,,0,0,-21.854042234712296,,0.0,0.0
1581760,LIF,"Life360, Inc.",US,7374.0,Data processing & managed services,2023Q2,post,1,70788000.0,18.075200052773212,44.92670542953075,33.69236805964293,0,0,-5.993953777476409,,0.0,0.0
1581760,LIF,"Life360, Inc.",US,7374.0,Data processing & managed services,2023Q3,post,1,78624000.0,18.180187554303043,37.567581754238624,44.92670542953075,0,0,-8.276098901098901,,3.572,1.0
1581760,LIF,"Life360, Inc.",US,7374.0,Data processing & managed services,2023Q4,post,1,86963000.0,18.28099329880222,21.90277271580364,37.567581754238624,0,0,-4.991778112530616,,1.015,1.0
1581760,LIF,"Life360, Inc.",US,7374.0,Data processing & managed services,2024Q1,post,1,78227000.0,18.175125414466272,14.798291827480444,21.90277271580364,0,0,-8.154473519373106,,1.478,1.0
1581760,LIF,"Life360, Inc.",US,7374.0,Data processing & managed services,2024Q2,post,1,84863000.0,18.256548749458613,19.883313555969938,14.798291827480444,0,0,-2.7844879393846553,,1.396,1.0
1581760,LIF,"Life360, Inc.",US,7374.0,Data processing & managed services,2024Q3,post,1,92865000.0,18.346657383603578,18.112789987789988,19.883313555969938,0,0,-5.331395035804663,,1.57,1.0
1581760,LIF,"Life360, Inc.",US,7374.0,Data processing & managed services,2024Q4,post,1,115529000.0,18.56503213866133,32.848452790267125,18.112789987789988,0,0,4.948541058954895,,3.058,1.0
1581760,LIF,"Life360, Inc.",US,7374.0,Data processing & managed services,2025Q1,post,1,103624000.0,18.45627952119223,32.465772687179616,32.848452790267125,0,0,2.112444993437814,,0.567,0.0
1581760,LIF,"Life360, Inc.",US,7374.0,Data processing & managed services,2025Q2,post,1,115381000.0,18.563750253768806,35.96149087352556,32.465772687179616,0,0,1.7264540955616607,,0.753,0.0
1581760,LIF,"Life360, Inc.",US,7374.0,Data processing & managed services,2025Q3,post,1,124497000.0,18.639792177193172,34.06234857050558,35.96149087352556,0,0,4.571194486614135,,0.761,0.0
1581760,LIF,"Life360, Inc.",US,7374.0,Data processing & managed services,2025Q4,post,1,145979000.0,18.798973333710837,26.357018584078457,34.06234857050558,0,0,6.13375896533063,,3.086,1.0
1582961,DOCN,"DigitalOcean Holdings, Inc.",US,7370.0,IT consulting & application services,2021Q1,pre,0,93661000.0,18.355192438579177,28.66935927024948,,0,0,3.474231537139257,,0.0,0.0
1582961,DOCN,"DigitalOcean Holdings, Inc.",US,7370.0,IT consulting & application services,2021Q2,pre,0,103810000.0,18.458072863169427,34.97419094797883,28.66935927024948,0,0,-2.5334746170889124,,0.0,0.0
1582961,DOCN,"DigitalOcean Holdings, Inc.",US,7370.0,IT consulting & application services,2021Q3,pre,0,111428000.0,18.52888920037432,37.29423361261705,34.97419094797883,0,0,-1.499623074990128,,0.0,0.0
1582961,DOCN,"DigitalOcean Holdings, Inc.",US,7370.0,IT consulting & application services,2021Q4,pre,0,119662000.0,18.600181659809547,36.730006741547356,37.29423361261705,0,0,-8.47303237452157,,0.0,0.0
1582961,DOCN,"DigitalOcean Holdings, Inc.",US,7370.0,IT consulting & application services,2022Q1,pre,0,127327000.0,18.662269138445858,35.94452333415189,36.730006741547356,0,0,-10.66859346407282,,0.0,0.0
1582961,DOCN,"DigitalOcean Holdings, Inc.",US,7370.0,IT consulting & application services,2022Q2,pre,0,133882000.0,18.712469372946938,28.96830748482805,35.94452333415189,0,0,-5.934330231099027,,0.0,0.0
1582961,DOCN,"DigitalOcean Holdings, Inc.",US,7370.0,IT consulting & application services,2022Q3,pre,0,152115000.0,18.840147371696343,36.514161611085186,28.96830748482805,0,0,4.731946224895638,,0.0,0.0
1582961,DOCN,"DigitalOcean Holdings, Inc.",US,7370.0,IT consulting & application services,2022Q4,transition,0,162998000.0,18.90924848875711,36.21533987397837,36.514161611085186,0,0,-6.973091694376618,,0.0,0.0
1582961,DOCN,"DigitalOcean Holdings, Inc.",US,7370.0,IT consulting & application services,2023Q1,post,1,165134000.0,18.92226782348498,29.6928381254565,36.21533987397837,0,0,-20.017682609274893,,0.0,0.0
1582961,DOCN,"DigitalOcean Holdings, Inc.",US,7370.0,IT consulting & application services,2023Q2,post,1,169814000.0,18.950214278383818,26.838559328363782,29.6928381254565,0,0,-0.8839082761138657,,13.181,1.0
1582961,DOCN,"DigitalOcean Holdings, Inc.",US,7370.0,IT consulting & application services,2023Q3,post,1,177062000.0,18.99201051168939,16.400092035630937,26.838559328363782,0,0,20.031401430007566,,3.148,0.0
1582961,DOCN,"DigitalOcean Holdings, Inc.",US,7370.0,IT consulting & application services,2023Q4,post,1,180874000.0,19.01331121422061,10.967005730131659,16.400092035630937,0,0,6.0732885876355915,,14.666,1.0
1582961,DOCN,"DigitalOcean Holdings, Inc.",US,7370.0,IT consulting & application services,2024Q1,post,1,184730000.0,19.03440585753482,11.866726416122663,10.967005730131659,0,0,6.245872354246738,,8.793,0.0
1582961,DOCN,"DigitalOcean Holdings, Inc.",US,7370.0,IT consulting & application services,2024Q2,post,1,192476000.0,19.075482028594823,13.345189442566575,11.866726416122663,0,0,11.600407323510463,,7.984,0.0
1582961,DOCN,"DigitalOcean Holdings, Inc.",US,7370.0,IT consulting & application services,2024Q3,post,1,198484000.0,19.106219050308795,12.09858693564966,13.345189442566575,0,0,12.396969025211101,,9.146,0.0
1582961,DOCN,"DigitalOcean Holdings, Inc.",US,7370.0,IT consulting & application services,2024Q4,post,1,204925000.0,19.138154616503368,13.297101849906564,12.09858693564966,0,0,15.876540197633279,,18.251010000000004,1.0
1582961,DOCN,"DigitalOcean Holdings, Inc.",US,7370.0,IT consulting & application services,2025Q1,post,1,210703000.0,19.165960116926495,14.059979429437558,13.297101849906564,0,0,17.864956834976244,,14.155,1.0
1582961,DOCN,"DigitalOcean Holdings, Inc.",US,7370.0,IT consulting & application services,2025Q2,post,1,218700000.0,19.203211485646996,13.624555788773666,14.059979429437558,0,0,16.286694101508917,,18.251010000000004,1.0
1582961,DOCN,"DigitalOcean Holdings, Inc.",US,7370.0,IT consulting & application services,2025Q3,post,1,229634000.0,19.25199729507008,15.693960218455896,13.624555788773666,0,0,19.56678889014693,,18.251010000000004,1.0
1582961,DOCN,"DigitalOcean Holdings, Inc.",US,7370.0,IT consulting & application services,2025Q4,post,1,242390000.0,19.306058557183047,18.282298401854337,15.693960218455896,0,0,16.005610792524443,,18.251010000000004,1.0
1584423,,"APX Group Holdings, Inc.",US,7374.0,Data processing & managed services,2019Q1,pre,0,276249000.0,19.436813190880184,12.024477183420723,17.25532762904607,0,0,-10.12781946721979,,0.0,0.0
1584423,,"APX Group Holdings, Inc.",US,7374.0,Data processing & managed services,2019Q2,pre,0,281053000.0,19.45405382161264,10.231127949891555,12.024477183420723,0,0,-18.085201011908786,,0.0,0.0
1584423,,"APX Group Holdings, Inc.",US,7374.0,Data processing & managed services,2019Q3,pre,0,290844000.0,19.488297598917956,6.796408834707254,10.231127949891555,0,0,-14.609893963774395,,0.0,0.0
1584423,,"APX Group Holdings, Inc.",US,7374.0,Data processing & managed services,2019Q4,pre,0,307835000.0,19.545074483105967,11.315821828149069,6.796408834707254,0,0,-6.762713791479201,,0.193,0.0
1584423,,"APX Group Holdings, Inc.",US,7374.0,Data processing & managed services,2020Q1,pre,0,303232000.0,19.53000874706054,9.76763716791735,11.315821828149069,0,,-15.678754221190374,,0.0,0.0
1585521,ZM,"Zoom Communications, Inc.",US,7370.0,IT consulting & application services,2019Q1,pre,0,121988000.0,18.619433237204067,103.07641085400365,,0,0,1.276355051316523,,0.0,0.0
1585521,ZM,"Zoom Communications, Inc.",US,7370.0,IT consulting & application services,2019Q2,pre,0,145826000.0,18.797924688115177,95.67130934170625,103.07641085400365,0,0,1.5532209619683732,,0.0,0.0
1585521,ZM,"Zoom Communications, Inc.",US,7370.0,IT consulting & application services,2019Q3,pre,0,166593000.0,18.931064270007564,84.854806315953,95.67130934170625,0,0,-1.007845467696722,,0.0,0.0
1585521,ZM,"Zoom Communications, Inc.",US,7370.0,IT consulting & application services,2019Q4,pre,0,188251000.0,19.05328673671516,77.93100189035917,84.854806315953,0,0,5.605813514934847,,0.0,0.0
1585521,ZM,"Zoom Communications, Inc.",US,7370.0,IT consulting & application services,2020Q1,pre,0,328167000.0,19.60903318311886,169.01580483326228,77.93100189035917,0,0,7.12594502189434,,0.0,0.0
1585521,ZM,"Zoom Communications, Inc.",US,7370.0,IT consulting & application services,2020Q2,pre,0,663520000.0,20.313069554462345,355.00802326059824,169.01580483326228,0,0,28.34940921147818,,0.0,0.0
1585521,ZM,"Zoom Communications, Inc.",US,7370.0,IT consulting & application services,2020Q3,pre,0,777196000.0,20.471203128773922,366.52380352115637,355.00802326059824,0,0,24.735330598716413,,0.0,0.0
1585521,ZM,"Zoom Communications, Inc.",US,7370.0,IT consulting & application services,2020Q4,pre,0,882485000.0,20.598252349460132,368.78104233178044,366.52380352115637,0,0,29.02224966996606,,0.0,0.0
1585521,ZM,"Zoom Communications, Inc.",US,7370.0,IT consulting & application services,2021Q1,pre,0,956237000.0,20.678516348241367,191.3873119478802,368.78104233178044,0,0,23.66693612566759,,0.0,0.0
1585521,ZM,"Zoom Communications, Inc.",US,7370.0,IT consulting & application services,2021Q2,pre,0,1021495000.0,20.744533077447368,53.95089823969135,191.3873119478802,0,0,28.840376115399486,,0.0,0.0
1585521,ZM,"Zoom Communications, Inc.",US,7370.0,IT consulting & application services,2021Q3,pre,0,1050756000.0,20.772775742040192,35.198328349605504,53.95089823969135,0,0,27.680736536360488,,0.0,0.0
1585521,ZM,"Zoom Communications, Inc.",US,7370.0,IT consulting & application services,2021Q4,pre,0,1071376000.0,20.792209640562888,21.40444313501079,35.198328349605504,0,0,23.504259942354505,,0.152,0.0
1585521,ZM,"Zoom Communications, Inc.",US,7370.0,IT consulting & application services,2022Q1,pre,0,1073800000.0,20.794469595952744,12.294337073340605,21.40444313501079,0,0,17.420841869994412,,0.227,0.0
1585521,ZM,"Zoom Communications, Inc.",US,7370.0,IT consulting & application services,2022Q2,pre,0,1099458000.0,20.818083168048037,7.632244895961311,12.294337073340605,0,0,11.073001424338173,,0.418,0.0
1585521,ZM,"Zoom Communications, Inc.",US,7370.0,IT consulting & application services,2022Q3,pre,0,1101899000.0,20.820300891934224,4.867257479376754,7.632244895961311,0,0,6.0357618983228045,,0.625,0.0
1585521,ZM,"Zoom Communications, Inc.",US,7370.0,IT consulting & application services,2022Q4,transition,0,1117803000.0,20.834630988639535,4.333399292125266,4.867257479376754,0,0,-11.619847146590232,,1.622,0.0
1585521,ZM,"Zoom Communications, Inc.",US,7370.0,IT consulting & application services,2023Q1,post,1,1105364000.0,20.82344052943669,2.9394673123486683,4.333399292125266,0,0,0.8813386359606429,,2.098,0.0
1585521,ZM,"Zoom Communications, Inc.",US,7370.0,IT consulting & application services,2023Q2,post,1,1138676000.0,20.853132020892343,3.567030300384371,2.9394673123486683,0,0,15.59864263407677,,2.599,0.0
1585521,ZM,"Zoom Communications, Inc.",US,7370.0,IT consulting & application services,2023Q3,post,1,1136727000.0,20.851418917343963,3.160725257033539,3.567030300384371,0,0,14.901467106877906,,4.988,1.0
1585521,ZM,"Zoom Communications, Inc.",US,7370.0,IT consulting & application services,2023Q4,post,1,1146457000.0,20.85994215410751,2.5634212826410376,3.160725257033539,0,0,14.700071611931367,,10.732,1.0
1585521,ZM,"Zoom Communications, Inc.",US,7370.0,IT consulting & application services,2024Q1,post,1,1141234000.0,20.85537597005995,3.2450848770178875,2.5634212826410376,0,0,17.78969080837059,,10.55,1.0
1585521,ZM,"Zoom Communications, Inc.",US,7370.0,IT consulting & application services,2024Q2,post,1,1162520000.0,20.873855899578867,2.0940109390204062,3.2450848770178875,0,0,17.407872552730275,,11.415,1.0
1585521,ZM,"Zoom Communications, Inc.",US,7370.0,IT consulting & application services,2024Q3,post,1,1177541000.0,20.88669420278157,3.5904839068659404,2.0940109390204062,0,0,15.52727251110577,,11.893,1.0
1585521,ZM,"Zoom Communications, Inc.",US,7370.0,IT consulting & application services,2024Q4,post,1,1184138000.0,20.892280920670384,3.286734696547712,3.5904839068659404,0,0,19.006484041555968,,14.773,1.0
1585521,ZM,"Zoom Communications, Inc.",US,7370.0,IT consulting & application services,2025Q1,post,1,1174715000.0,20.884291401930263,2.933754164351921,3.286734696547712,0,0,20.566009627867185,,14.838,1.0
1585521,ZM,"Zoom Communications, Inc.",US,7370.0,IT consulting & application services,2025Q2,post,1,1217227000.0,20.919841157798253,4.70589753294567,2.933754164351921,0,0,26.431799491795697,,13.968,1.0
1585521,ZM,"Zoom Communications, Inc.",US,7370.0,IT consulting & application services,2025Q3,post,1,1229835000.0,20.930145850990847,4.440949402186421,4.70589753294567,0,0,25.24029646253359,,15.626,1.0
1585521,ZM,"Zoom Communications, Inc.",US,7370.0,IT consulting & application services,2025Q4,post,1,1246992000.0,20.94400008822678,5.307996196389272,4.440949402186421,0,0,20.039583253140357,,,
1595974,MGNI,"MAGNITE, INC.",US,7370.0,IT consulting & application services,2019Q1,pre,0,32416000.0,17.294162686030546,30.310339282842904,31.961652387170748,0,0,-40.992102665350444,,0.0,0.0
1595974,MGNI,"MAGNITE, INC.",US,7370.0,IT consulting & application services,2019Q2,pre,0,37870000.0,17.449669799877977,32.19072884669087,30.310339282842904,0,0,-22.709268550303673,,0.0,0.0
1595974,MGNI,"MAGNITE, INC.",US,7370.0,IT consulting & application services,2019Q3,pre,0,37642000.0,17.443631006232646,26.61710787446601,32.19072884669087,0,0,-17.74879124382339,,0.0,0.0
1595974,MGNI,"MAGNITE, INC.",US,7370.0,IT consulting & application services,2019Q4,pre,0,48486000.0,17.69678565444364,17.025487545858272,26.61710787446601,0,0,2.0335767025533142,,0.356,0.0
1595974,MGNI,"MAGNITE, INC.",US,7370.0,IT consulting & application services,2020Q1,pre,0,36295000.0,17.407190548701077,11.966312931885488,17.025487545858272,0,0,-29.555035128805617,,0.0,0.0
1595974,MGNI,"MAGNITE, INC.",US,7370.0,IT consulting & application services,2020Q2,pre,0,42348000.0,17.561431752445408,11.824663321890679,11.966312931885488,0,0,-95.7825635212997,,0.0,0.0
1595974,MGNI,"MAGNITE, INC.",US,7370.0,IT consulting & application services,2020Q3,pre,0,60982000.0,17.926089296625122,62.00520694968387,11.824663321890679,0,0,-17.93971991735266,,0.0,0.0
1595974,MGNI,"MAGNITE, INC.",US,7370.0,IT consulting & application services,2020Q4,pre,0,82003000.0,18.222266389925153,69.12717072969517,62.00520694968387,0,0,9.749643305732716,,0.0,0.0
1595974,MGNI,"MAGNITE, INC.",US,7370.0,IT consulting & application services,2021Q1,pre,0,60715000.0,17.921701342470055,67.28199476511915,69.12717072969517,0,0,-22.689615416289218,,0.0,0.0
1595974,MGNI,"MAGNITE, INC.",US,7370.0,IT consulting & application services,2021Q2,pre,0,114541000.0,18.556443395466346,170.47558326249174,67.28199476511915,0,0,-41.01675382614086,,0.0,0.0
1595974,MGNI,"MAGNITE, INC.",US,7370.0,IT consulting & application services,2021Q3,pre,0,131871000.0,18.697334729981034,116.24577744252403,170.47558326249174,0,0,-18.160171682932564,,0.0,0.0
1595974,MGNI,"MAGNITE, INC.",US,7370.0,IT consulting & application services,2021Q4,pre,0,161286000.0,18.898689744536238,96.6830481811641,116.24577744252403,0,0,2.253760400778741,,0.0,0.0
1595974,MGNI,"MAGNITE, INC.",US,7370.0,IT consulting & application services,2022Q1,pre,0,118075000.0,18.586830573746454,94.47418265667463,96.6830481811641,0,0,-33.727715435104805,,0.621,0.0
1595974,MGNI,"MAGNITE, INC.",US,7370.0,IT consulting & application services,2022Q2,pre,0,137780000.0,18.741168768129324,20.28880488209462,94.47418265667463,0,0,-16.884163158658733,,0.575,0.0
1595974,MGNI,"MAGNITE, INC.",US,7370.0,IT consulting & application services,2022Q3,pre,0,145815000.0,18.797849252905415,10.573970016152149,20.28880488209462,0,0,-14.508109590920002,,0.566,0.0
1595974,MGNI,"MAGNITE, INC.",US,7370.0,IT consulting & application services,2022Q4,transition,0,175399000.0,18.98257393663183,8.75029450789281,10.573970016152149,0,0,-16.272612728692867,,0.255,0.0
1595974,MGNI,"MAGNITE, INC.",US,7370.0,IT consulting & application services,2023Q1,post,1,130150000.0,18.68419818940485,10.226550921024772,8.75029450789281,0,0,-77.21475220898962,,0.716,0.0
1595974,MGNI,"MAGNITE, INC.",US,7370.0,IT consulting & application services,2023Q2,post,1,152543000.0,18.84295708147957,10.714907824067353,10.226550921024772,0,0,-47.065417619949784,,1.313,0.0
1595974,MGNI,"MAGNITE, INC.",US,7370.0,IT consulting & application services,2023Q3,post,1,150085000.0,18.82671235823227,2.9283681377087407,10.714907824067353,0,0,-11.888596462004863,,1.33,0.0
1595974,MGNI,"MAGNITE, INC.",US,7370.0,IT consulting & application services,2023Q4,post,1,186932000.0,19.04625547232349,6.575294043865701,2.9283681377087407,0,0,18.78972032610789,,1.343,0.0
1595974,MGNI,"MAGNITE, INC.",US,7370.0,IT consulting & application services,2024Q1,post,1,149319000.0,18.82159551496171,14.72839031886285,6.575294043865701,0,0,-9.260710291389575,,0.0,0.0
1595974,MGNI,"MAGNITE, INC.",US,7370.0,IT consulting & application services,2024Q2,post,1,162880000.0,18.908524291326433,6.776449919039222,14.72839031886285,0,0,5.87794695481336,,0.0,0.0
1595974,MGNI,"MAGNITE, INC.",US,7370.0,IT consulting & application services,2024Q3,post,1,162003000.0,18.903125411543712,7.940833527667655,6.776449919039222,0,0,9.335012314586768,,0.0,0.0
1595974,MGNI,"MAGNITE, INC.",US,7370.0,IT consulting & application services,2024Q4,post,1,193968000.0,19.0832037549685,3.7639355487556974,7.940833527667655,0,0,20.734347933679782,,2.547,0.0
1595974,MGNI,"MAGNITE, INC.",US,7370.0,IT consulting & application services,2025Q1,post,1,155771000.0,18.863897538003567,4.3209504483689285,3.7639355487556974,0,0,-0.8756443753972177,,0.381,0.0
1595974,MGNI,"MAGNITE, INC.",US,7370.0,IT consulting & application services,2025Q2,post,1,173332000.0,18.97071938853436,6.416994106090374,4.3209504483689285,0,0,12.668751298086908,,0.356,0.0
1595974,MGNI,"MAGNITE, INC.",US,7370.0,IT consulting & application services,2025Q3,post,1,179494000.0,19.005652339150096,10.796713641105411,6.416994106090374,0,0,13.950884152116505,,4.277,0.0
1595974,MGNI,"MAGNITE, INC.",US,7370.0,IT consulting & application services,2025Q4,post,1,205356000.0,19.140255616347588,5.8710715169512495,10.796713641105411,0,0,25.30483647908997,,8.899,1.0
1596961,RDNW,"RideNow Group, Inc.",US,7371.0,IT consulting & application services,2019Q1,pre,0,223177759.0,19.223479137449083,502.513410715471,544.2709220099438,0,0,-3.060865935122146,9.15862588260867,0.717,0.0
1596961,RDNW,"RideNow Group, Inc.",US,7371.0,IT consulting & application services,2019Q2,pre,0,270179904.0,19.41459860618707,502.513410715471,544.2709220099438,0,0,-3.633686612013897,9.255893806224758,0.611,0.0
1596961,RDNW,"RideNow Group, Inc.",US,7371.0,IT consulting & application services,2019Q3,pre,0,220320323.0,19.210593058992927,502.513410715471,544.2709220099438,0,0,-3.3905560314560725,8.628772298958548,0.605,0.0
1596961,RDNW,"RideNow Group, Inc.",US,7371.0,IT consulting & application services,2019Q4,pre,0,126951361.0,18.659314586813696,10.235433008257635,544.2709220099438,0,1,-10.771016468267717,17.46001683274589,0.255,0.0
1596961,RDNW,"RideNow Group, Inc.",US,7371.0,IT consulting & application services,2020Q1,pre,0,144424750.0,18.788269168627856,-35.28712240541854,10.235433008257635,1,1,-13.773909250318939,12.502307256893296,0.318,0.0
1596961,RDNW,"RideNow Group, Inc.",US,7371.0,IT consulting & application services,2020Q2,pre,0,84341293.0,18.250382136969062,-68.78328411871817,-35.28712240541854,1,1,2.8330037577204323,13.248892212264282,0.283,0.0
1596961,RDNW,"RideNow Group, Inc.",US,7371.0,IT consulting & application services,2020Q3,pre,0,117257000.0,18.579878665001136,-46.77885435017268,-65.52412935323383,1,1,2.5491015461763475,11.324697033012955,0.279,0.0
1596961,RDNW,"RideNow Group, Inc.",US,7371.0,IT consulting & application services,2020Q4,pre,0,70403957.0,18.069760026935057,-44.54257406503897,-46.77885435017268,1,1,-5.746066233180615,15.836165288266397,0.13,0.0
1596961,RDNW,"RideNow Group, Inc.",US,7371.0,IT consulting & application services,2021Q1,pre,0,104264000.0,18.462436702192694,-27.807387584191765,-44.54257406503897,1,0,-2.7065909614056625,12.852950203330007,0.0,0.0
1596961,RDNW,"RideNow Group, Inc.",US,7371.0,IT consulting & application services,2021Q2,pre,0,168345000.0,18.941526003100602,99.59973817332869,-27.807387584191765,0,0,0.45442395081529,10.760046333422437,0.0,0.0
1596961,RDNW,"RideNow Group, Inc.",US,7371.0,IT consulting & application services,2021Q3,pre,0,221214000.0,19.214641116748894,88.65739358844247,99.59973817332869,0,0,-10.262460784579638,27.80429810048189,0.0,0.0
1596961,RDNW,"RideNow Group, Inc.",US,7371.0,IT consulting & application services,2021Q4,pre,0,430348000.0,19.88010474166892,502.513410715471,88.65739358844247,0,0,3.692592971269763,16.511056168496193,0.0,0.0
1596961,RDNW,"RideNow Group, Inc.",US,7371.0,IT consulting & application services,2022Q1,pre,0,445201000.0,19.914036423544633,326.99397682805187,511.255415657958,0,0,5.090509679897394,17.537247220918193,0.0,0.0
1596961,RDNW,"RideNow Group, Inc.",US,7371.0,IT consulting & application services,2022Q2,pre,0,412182000.0,19.836975557344882,144.84362469927828,326.99397682805187,0,0,7.532109602068989,23.347210698186725,0.0,0.0
1596961,RDNW,"RideNow Group, Inc.",US,7371.0,IT consulting & application services,2022Q3,pre,0,380664000.0,19.75742765423364,72.07952480403591,144.84362469927828,0,1,3.6953849063741253,24.646932728075154,0.0,0.0
1596961,RDNW,"RideNow Group, Inc.",US,7371.0,IT consulting & application services,2022Q4,transition,0,220853000.0,19.21300787979501,-48.680370304962494,72.07952480403591,1,1,-148.45892969531772,39.10700782873676,0.0,0.0
1596961,RDNW,"RideNow Group, Inc.",US,7371.0,IT consulting & application services,2023Q1,post,1,334400000.0,19.62784843917482,-24.887859640926234,-48.680370304962494,1,1,-0.20933014354066987,25.807416267942585,0.0,0.0
1596961,RDNW,"RideNow Group, Inc.",US,7371.0,IT consulting & application services,2023Q2,post,1,382700000.0,19.76276195039593,-7.15266557006371,-24.887859640926234,1,1,0.20904102430101906,26.20851842174027,0.0,0.0
1596961,RDNW,"RideNow Group, Inc.",US,7371.0,IT consulting & application services,2023Q3,post,1,338100000.0,19.638852267678114,-11.181514406405649,-7.15266557006371,1,0,-0.05915409642117716,25.140490979000298,0.0,0.0
1596961,RDNW,"RideNow Group, Inc.",US,7371.0,IT consulting & application services,2023Q4,post,1,311200000.0,19.55594635026851,40.90820591071889,-11.181514406405649,0,1,-22.300771208226223,24.325192802056556,0.0,0.0
1596961,RDNW,"RideNow Group, Inc.",US,7371.0,IT consulting & application services,2024Q1,post,1,307800000.0,19.544960779369053,-7.954545454545454,40.90820591071889,1,1,1.6894087069525665,24.009096816114358,0.0,0.0
1596961,RDNW,"RideNow Group, Inc.",US,7371.0,IT consulting & application services,2024Q2,post,1,336800000.0,19.634999840332444,-11.99372876927097,-7.954545454545454,1,1,4.572446555819478,21.19952494061758,0.0,0.0
1596961,RDNW,"RideNow Group, Inc.",US,7371.0,IT consulting & application services,2024Q3,post,1,295000000.0,19.502485914304096,-12.747707778763678,-11.99372876927097,1,1,1.7966101694915255,22.338983050847457,0.0,0.0
1596961,RDNW,"RideNow Group, Inc.",US,7371.0,IT consulting & application services,2024Q4,post,1,269600000.0,19.412449937002425,-13.367609254498714,-12.747707778763678,1,1,-15.244807121661722,23.81305637982196,0.0,0.0
1596961,RDNW,"RideNow Group, Inc.",US,7371.0,IT consulting & application services,2025Q1,post,1,244700000.0,19.3155435284129,-20.500324886289796,-13.367609254498714,1,1,1.5529219452390683,24.96935022476502,0.0,0.0
1596961,RDNW,"RideNow Group, Inc.",US,7371.0,IT consulting & application services,2025Q2,post,1,299900000.0,19.51895964371924,-10.95605700712589,-20.500324886289796,1,1,-6.268756252084027,22.240746915638546,0.0,0.0
1596961,RDNW,"RideNow Group, Inc.",US,7371.0,IT consulting & application services,2025Q3,post,1,281000000.0,19.45386522729802,-4.745762711864407,-10.95605700712589,1,1,3.345195729537367,22.91814946619217,0.0,0.0
1596961,RDNW,"RideNow Group, Inc.",US,7371.0,IT consulting & application services,2025Q4,post,1,256900000.0,19.364197462080114,-4.710682492581602,-4.745762711864407,1,0,2.1019852082522386,24.951342934994162,0.485,0.0
1597033,SABR,Sabre Corp,US,7370.0,IT consulting & application services,2019Q1,pre,0,1049361000.0,20.771447244432515,6.170974605638178,4.770134102614695,0,0,10.521355377224806,14.426970318126935,0.0,0.0
1597033,SABR,Sabre Corp,US,7370.0,IT consulting & application services,2019Q2,pre,0,1000006000.0,20.72327183692841,1.587807910798313,6.170974605638178,0,0,8.191250852494885,15.470407177556936,0.0,0.0
1597033,SABR,Sabre Corp,US,7370.0,IT consulting & application services,2019Q3,pre,0,984199000.0,20.707338670341986,1.4342207376610743,1.587807910798313,0,0,11.528156399264782,13.085869829170726,0.0,0.0
1597033,SABR,Sabre Corp,US,7370.0,IT consulting & application services,2019Q4,pre,0,941422000.0,20.66290205610801,1.8934375838809951,1.4342207376610743,0,1,6.12233408609529,17.560987527378796,0.0,0.0
1597033,SABR,Sabre Corp,US,7370.0,IT consulting & application services,2020Q1,pre,0,658977000.0,20.30619919049201,-37.20206868751554,1.8934375838809951,1,1,-22.97667445146037,30.896525978903668,0.0,0.0
1597033,SABR,Sabre Corp,US,7370.0,IT consulting & application services,2020Q2,pre,0,83044000.0,18.234881145778576,-68.87975818666524,-37.20206868751554,1,1,-462.4897644622128,149.05833052357787,0.0,0.0
1597033,SABR,Sabre Corp,US,7370.0,IT consulting & application services,2020Q3,pre,0,278365000.0,19.444443760130515,-68.87975818666524,-65.52412935323383,1,1,-83.72065453631024,42.974511881881696,0.0,0.0
1597033,SABR,Sabre Corp,US,7370.0,IT consulting & application services,2020Q4,pre,0,313714000.0,19.563992300791156,-66.67658074699763,-65.52412935323383,1,1,-69.97105643994212,44.43378363732572,0.0,0.0
1597033,SABR,Sabre Corp,US,7370.0,IT consulting & application services,2021Q1,pre,0,327484000.0,19.606949756884305,-50.304183605801114,-65.52412935323383,1,0,-61.85126601604964,39.88378058164674,0.0,0.0
1597033,SABR,Sabre Corp,US,7370.0,IT consulting & application services,2021Q2,pre,0,419668000.0,19.854974480460168,405.35619671499444,-50.304183605801114,0,0,-42.9792121391195,37.887091701058935,0.0,0.0
1597033,SABR,Sabre Corp,US,7370.0,IT consulting & application services,2021Q3,pre,0,441086000.0,19.90475042573675,58.45598404971889,405.35619671499444,0,0,-35.52323129729803,35.64701668155416,0.0,0.0
1597033,SABR,Sabre Corp,US,7370.0,IT consulting & application services,2021Q4,pre,0,500637000.0,20.031391845537073,59.58388850991667,58.45598404971889,0,0,-25.143167604471905,32.604661661043835,0.0,0.0
1597033,SABR,Sabre Corp,US,7370.0,IT consulting & application services,2022Q1,pre,0,584910000.0,20.18696854720675,78.60719913033918,59.58388850991667,0,0,-13.59730556837804,28.66731633926587,0.0,0.0
1597033,SABR,Sabre Corp,US,7370.0,IT consulting & application services,2022Q2,pre,0,657532000.0,20.304003990033408,56.67908918478416,78.60719913033918,0,0,-10.67522189034146,26.813599946466482,0.0,0.0
1597033,SABR,Sabre Corp,US,7370.0,IT consulting & application services,2022Q3,pre,0,663394000.0,20.31287964011917,50.40014872383164,56.67908918478416,0,0,-8.522084914846983,25.981392656551012,0.0,0.0
1597033,SABR,Sabre Corp,US,7370.0,IT consulting & application services,2022Q4,transition,0,631179000.0,20.263100056980505,26.075180220399215,50.40014872383164,0,0,-8.682164647429651,22.943412249140103,0.0,0.0
1597033,SABR,Sabre Corp,US,7370.0,IT consulting & application services,2023Q1,post,1,742695000.0,20.425796020423515,26.97594501718213,26.075180220399215,0,0,-0.0286793367398461,22.13937080497378,0.0,0.0
1597033,SABR,Sabre Corp,US,7370.0,IT consulting & application services,2023Q2,post,1,737529000.0,20.418815967439055,12.16625198469428,26.97594501718213,0,0,-5.719503911032651,24.278774122780256,0.0,0.0
1597033,SABR,Sabre Corp,US,7370.0,IT consulting & application services,2023Q3,post,1,740461000.0,20.422783523168352,11.617078237065757,12.16625198469428,0,1,7.049797355971482,20.357047839116444,0.0,0.0
1597033,SABR,Sabre Corp,US,7370.0,IT consulting & application services,2023Q4,post,1,421392000.0,19.859074074816238,-33.237322534494965,11.617078237065757,1,0,5.319987090405133,21.03979192770627,1.562,1.0
1597033,SABR,Sabre Corp,US,7370.0,IT consulting & application services,2024Q1,post,1,782886000.0,20.47849764948553,5.411508088784764,-33.237322534494965,0,1,12.528644017136594,18.063421749782215,2.377,1.0
1597033,SABR,Sabre Corp,US,7370.0,IT consulting & application services,2024Q2,post,1,695050000.0,20.359494343387375,-5.759637926101889,5.411508088784764,1,1,7.009855406085894,22.147759154017695,2.186,1.0
1597033,SABR,Sabre Corp,US,7370.0,IT consulting & application services,2024Q3,post,1,691300000.0,20.354084440915493,-6.639242309858318,-5.759637926101889,1,0,8.366989729495154,21.609431505858527,2.185,1.0
1597033,SABR,Sabre Corp,US,7370.0,IT consulting & application services,2024Q4,post,1,575609000.0,20.170939168713485,36.597040285529864,-6.639242309858318,0,1,6.462894082615109,22.79880960860584,2.509,1.0
1597033,SABR,Sabre Corp,US,7370.0,IT consulting & application services,2025Q1,post,1,702126000.0,20.369623433063676,-10.315678144710724,36.597040285529864,1,1,13.01689440356859,18.508501323124342,3.661,1.0
1597033,SABR,Sabre Corp,US,7370.0,IT consulting & application services,2025Q2,post,1,687149000.0,20.348061711677747,-1.1367527516006042,-10.315678144710724,1,0,12.971568029641315,18.797524263296605,3.61,1.0
1597033,SABR,Sabre Corp,US,7370.0,IT consulting & application services,2025Q3,post,1,715183000.0,20.388049011966135,3.4547953131780704,-1.1367527516006042,0,0,13.091055016688035,19.641825938256364,3.772,1.0
1597033,SABR,Sabre Corp,US,7370.0,IT consulting & application services,2025Q4,post,1,666525000.0,20.31758820625692,15.794749560899845,3.4547953131780704,0,0,3.2018303889576534,23.675931135366266,3.474,1.0
1598014,,IHS Markit Ltd.,US,7370.0,IT consulting & application services,2019Q1,pre,0,1046400000.0,20.768621538667208,12.262632764724815,13.030591722239866,0,0,16.724006116207953,28.698394495412842,0.0,0.0
1598014,,IHS Markit Ltd.,US,7370.0,IT consulting & application services,2019Q2,pre,0,1135500000.0,20.850338919509888,12.615293067539424,12.262632764724815,0,0,21.02157639806253,25.830030823425805,0.0,0.0
1598014,,IHS Markit Ltd.,US,7370.0,IT consulting & application services,2019Q3,pre,0,1112300000.0,20.829695780562258,11.118881118881118,12.615293067539424,0,0,30.819023644700174,26.557583385777217,0.0,0.0
1598014,,IHS Markit Ltd.,US,7370.0,IT consulting & application services,2019Q4,pre,0,1120400000.0,20.83695160135023,4.9260161078853715,11.118881118881118,0,0,22.045697965012494,27.570510531952873,0.182,0.0
1598014,,IHS Markit Ltd.,US,7370.0,IT consulting & application services,2020Q1,pre,0,1080800000.0,20.800967344610264,3.2874617737003056,4.9260161078853715,0,1,52.821983715766095,29.256106587712804,0.0,0.0
1598014,,IHS Markit Ltd.,US,7370.0,IT consulting & application services,2020Q2,pre,0,1026600000.0,20.74951820809048,-9.590488771466314,3.2874617737003056,1,1,14.036625754919148,25.141242937853107,0.0,0.0
1598014,,IHS Markit Ltd.,US,7370.0,IT consulting & application services,2020Q3,pre,0,1073200000.0,20.793910676515743,-3.515238694596781,-9.590488771466314,1,1,24.33842713380544,24.105478941483412,0.0,0.0
1598014,,IHS Markit Ltd.,US,7370.0,IT consulting & application services,2020Q4,pre,0,1107200000.0,20.82510014282768,-1.1781506604784007,-3.515238694596781,1,0,15.74241329479769,26.64378612716763,0.177,0.0
1598014,,IHS Markit Ltd.,US,7370.0,IT consulting & application services,2021Q1,pre,0,1119900000.0,20.836505232552923,3.6176905995558846,-1.1781506604784007,0,0,20.841146530940264,26.984552192160017,0.0,0.0
1598014,,IHS Markit Ltd.,US,7370.0,IT consulting & application services,2021Q2,pre,0,1181400000.0,20.88996601283741,15.078901227352425,3.6176905995558846,0,0,23.328254613170817,23.98002370069409,0.0,0.0
1598014,,IHS Markit Ltd.,US,7370.0,IT consulting & application services,2021Q3,pre,0,1180500000.0,20.88920391448984,9.998136414461424,15.078901227352425,0,0,24.633629817873782,24.193138500635325,0.0,0.0
1598014,,IHS Markit Ltd.,US,7370.0,IT consulting & application services,2021Q4,pre,0,1176300000.0,20.88563975593067,6.240968208092486,9.998136414461424,0,,64.74538808127178,26.345320071410356,0.103,0.0
1603652,,Urgent.ly Inc.,US,7374.0,Data processing & managed services,2024Q1,post,1,40092000.0,17.506687371126894,-19.133486627133003,,1,1,-20.8221091489574,,2.416,0.0
1603652,,Urgent.ly Inc.,US,7374.0,Data processing & managed services,2024Q2,post,1,34537000.0,17.35754177109128,-21.465766195966076,-19.133486627133003,1,1,-24.148015172134233,,2.205,0.0
1603652,,Urgent.ly Inc.,US,7374.0,Data processing & managed services,2024Q3,post,1,36246000.0,17.405839588348933,-21.284774252394293,-21.465766195966076,1,1,-16.25282789825084,,2.04,0.0
1603652,,Urgent.ly Inc.,US,7374.0,Data processing & managed services,2024Q4,post,1,32030000.0,17.282183521585342,-28.902799049965594,-21.284774252394293,1,1,-14.408367155791446,,4.489,0.0
1603652,,Urgent.ly Inc.,US,7374.0,Data processing & managed services,2025Q1,post,1,31272000.0,17.25823368645493,-21.999401376833283,-28.902799049965594,1,1,-7.824891276541315,,2.197,0.0
1603652,,Urgent.ly Inc.,US,7374.0,Data processing & managed services,2025Q2,post,1,31687000.0,17.271417060098482,-8.252019573211339,-21.999401376833283,1,1,-6.794584529933411,,2.008,0.0
1603652,,Urgent.ly Inc.,US,7374.0,Data processing & managed services,2025Q3,post,1,32943000.0,17.31028935324796,-9.112729680516471,-8.252019573211339,1,0,-5.36988131014176,,1.988,0.0
1603652,,Urgent.ly Inc.,US,7374.0,Data processing & managed services,2025Q4,post,1,33292000.0,17.320827685848123,3.940056197315017,-9.112729680516471,0,,-7.5213264447915416,,4.258,0.0
16058,CACI,CACI INTERNATIONAL INC /DE/,US,7373.0,Systems integration,2019Q1,pre,0,1264958000.0,20.958304756993684,12.530735699670847,8.62068648539334,0,0,7.502857802393439,25.67895534871514,1.521,0.0
16058,CACI,CACI INTERNATIONAL INC /DE/,US,7373.0,Systems integration,2019Q2,pre,0,1373878000.0,21.04090323495572,17.41683944598944,12.530735699670847,0,0,5.902707518425944,26.15093916635975,0.939,0.0
16058,CACI,CACI INTERNATIONAL INC /DE/,US,7373.0,Systems integration,2019Q3,pre,0,1363392000.0,21.033241549192013,16.942627956605573,17.41683944598944,0,0,7.346163099094024,26.228113411256633,0.709,0.0
16058,CACI,CACI INTERNATIONAL INC /DE/,US,7373.0,Systems integration,2019Q4,pre,0,1395469000.0,21.05649639643379,18.095851447266977,16.942627956605573,0,0,7.896055018062027,25.256598319274737,0.618,0.0
16058,CACI,CACI INTERNATIONAL INC /DE/,US,7373.0,Systems integration,2020Q1,pre,0,1465600000.0,21.10553055188414,15.861554296664396,18.095851447266977,0,0,7.756277292576419,25.323075873362445,0.594,0.0
16058,CACI,CACI INTERNATIONAL INC /DE/,US,7373.0,Systems integration,2020Q2,pre,0,1495581000.0,21.125780597055005,8.858355690971106,15.861554296664396,0,0,8.938064872447564,23.49769086395187,0.714,0.0
16058,CACI,CACI INTERNATIONAL INC /DE/,US,7373.0,Systems integration,2020Q3,pre,0,1459506000.0,21.10136385924691,7.049623292494014,8.858355690971106,0,0,9.210239629025164,24.32357249644743,1.429,0.0
16058,CACI,CACI INTERNATIONAL INC /DE/,US,7373.0,Systems integration,2020Q4,pre,0,1468711000.0,21.107650982312713,5.248558011679227,7.049623292494014,0,0,9.6369537642191,23.68110540467117,1.275,0.0
16058,CACI,CACI INTERNATIONAL INC /DE/,US,7373.0,Systems integration,2021Q1,pre,0,1551918000.0,21.16275742226007,5.889601528384279,5.248558011679227,0,0,9.758118663486085,23.777996002366105,1.268,0.0
16058,CACI,CACI INTERNATIONAL INC /DE/,US,7373.0,Systems integration,2021Q2,pre,0,1564000000.0,21.17051247906953,4.574743862084367,5.889601528384279,0,0,7.164322250639386,24.091304347826085,0.717,0.0
16058,CACI,CACI INTERNATIONAL INC /DE/,US,7373.0,Systems integration,2021Q3,pre,0,1490898000.0,21.122644459926132,2.1508647446464764,4.574743862084367,0,0,8.520301187606396,23.95240988987845,1.544,0.0
16058,CACI,CACI INTERNATIONAL INC /DE/,US,7373.0,Systems integration,2021Q4,pre,0,1485778000.0,21.11920437773429,1.1620393664921145,2.1508647446464764,0,0,8.352997554143352,23.89165810773884,1.358,0.0
16058,CACI,CACI INTERNATIONAL INC /DE/,US,7373.0,Systems integration,2022Q1,pre,0,1583980000.0,21.183206503996306,2.0659596705496037,1.1620393664921145,0,0,7.913988812990063,25.393439311102412,1.362,0.0
16058,CACI,CACI INTERNATIONAL INC /DE/,US,7373.0,Systems integration,2022Q2,pre,0,1642261000.0,21.219339787841992,5.003900255754476,2.0659596705496037,0,0,7.29707397301647,24.74691903418519,1.036,0.0
16058,CACI,CACI INTERNATIONAL INC /DE/,US,7373.0,Systems integration,2022Q3,pre,0,1605759000.0,21.19686237894401,7.704148774765275,5.003900255754476,0,0,8.270419160035845,23.79441746862387,1.645,0.0
16058,CACI,CACI INTERNATIONAL INC /DE/,US,7373.0,Systems integration,2022Q4,transition,0,1649416000.0,21.22368712281363,11.013623838823836,7.704148774765275,0,0,7.934141538580929,23.541847538765236,1.491,0.0
16058,CACI,CACI INTERNATIONAL INC /DE/,US,7373.0,Systems integration,2023Q1,post,1,1744270000.0,21.279601966964123,10.119445952600412,11.013623838823836,0,0,8.888188181875513,23.519007951750588,1.432,0.0
16058,CACI,CACI INTERNATIONAL INC /DE/,US,7373.0,Systems integration,2023Q2,post,1,1703101000.0,21.255716543973474,3.7046486520717474,10.119445952600412,0,0,8.736768987863902,24.08166045349043,1.016,0.0
16058,CACI,CACI INTERNATIONAL INC /DE/,US,7373.0,Systems integration,2023Q3,post,1,1850147000.0,21.338530932339367,15.219469422248293,3.7046486520717474,0,0,7.423680388639389,21.87031625054658,1.643,0.0
16058,CACI,CACI INTERNATIONAL INC /DE/,US,7373.0,Systems integration,2023Q4,post,1,1833934000.0,21.32972922321929,11.18686856438885,15.219469422248293,0,0,7.268800294885203,22.321141327877665,1.409,0.0
16058,CACI,CACI INTERNATIONAL INC /DE/,US,7373.0,Systems integration,2024Q1,post,1,1937456000.0,21.384641609256487,11.07546423432152,11.18686856438885,0,0,9.357838319941202,22.20096869296645,1.42,0.0
16058,CACI,CACI INTERNATIONAL INC /DE/,US,7373.0,Systems integration,2024Q2,post,1,2038295000.0,21.435379511026373,19.681392941463834,11.07546423432152,0,0,9.70173600975325,23.368403494096782,0.752,0.0
16058,CACI,CACI INTERNATIONAL INC /DE/,US,7373.0,Systems integration,2024Q3,post,1,2056889000.0,21.444460484080526,11.174355335008515,19.681392941463834,0,0,8.74334978698413,20.805498011803262,3.082,0.0
16058,CACI,CACI INTERNATIONAL INC /DE/,US,7373.0,Systems integration,2024Q4,post,1,2099809000.0,21.465112225158418,14.497522811616994,11.174355335008515,0,0,8.634023380221725,22.223973704275007,2.582,0.0
16058,CACI,CACI INTERNATIONAL INC /DE/,US,7373.0,Systems integration,2025Q1,post,1,2166982000.0,21.496601253051736,11.846772262182986,14.497522811616994,0,0,9.061865765382453,22.192939304525833,2.417,0.0
16058,CACI,CACI INTERNATIONAL INC /DE/,US,7373.0,Systems integration,2025Q2,post,1,2304144000.0,21.557975077827013,13.042714621779478,11.846772262182986,0,0,8.969795290572117,19.852578658278304,1.002,0.0
16058,CACI,CACI INTERNATIONAL INC /DE/,US,7373.0,Systems integration,2025Q3,post,1,2287623000.0,21.550779124160172,11.217620396628112,13.042714621779478,0,0,9.279282469183078,20.71390259671283,2.412,0.0
16058,CACI,CACI INTERNATIONAL INC /DE/,US,7373.0,Systems integration,2025Q4,post,1,2220097000.0,21.520816725569752,5.728521022626343,11.217620396628112,0,0,9.299999054095384,20.926337903253778,2.775,0.0
1606745,,"Liberty TripAdvisor Holdings, Inc.",US,7374.0,Data processing & managed services,2019Q1,pre,0,376000000.0,19.745099701354167,-0.5291005291005291,7.78816199376947,1,1,4.25531914893617,59.57446808510638,0.0,0.0
1606745,,"Liberty TripAdvisor Holdings, Inc.",US,7374.0,Data processing & managed services,2019Q2,pre,0,422000000.0,19.860515872000285,-2.5404157043879905,-0.5291005291005291,1,1,12.085308056872037,54.02843601895735,0.0,0.0
1606745,,"Liberty TripAdvisor Holdings, Inc.",US,7374.0,Data processing & managed services,2019Q3,pre,0,428000000.0,19.87463375354607,-6.550218340611353,-2.5404157043879905,1,1,12.850467289719624,53.97196261682243,0.0,0.0
1606745,,"Liberty TripAdvisor Holdings, Inc.",US,7374.0,Data processing & managed services,2019Q4,pre,0,334000000.0,19.626651550940974,-3.4682080924855487,-6.550218340611353,1,1,-84.13173652694611,57.18562874251497,0.487,0.0
1606745,,"Liberty TripAdvisor Holdings, Inc.",US,7374.0,Data processing & managed services,2020Q1,pre,0,278000000.0,19.44313167165491,-26.063829787234045,-3.4682080924855487,1,1,-15.827338129496402,65.46762589928058,0.0,0.0
1606745,,"Liberty TripAdvisor Holdings, Inc.",US,7374.0,Data processing & managed services,2020Q2,pre,0,59000000.0,17.893048001869992,-68.87975818666524,-26.063829787234045,1,1,-468.9965058226251,167.79661016949152,0.0,0.0
1606745,,"Liberty TripAdvisor Holdings, Inc.",US,7374.0,Data processing & managed services,2020Q3,pre,0,151000000.0,18.8327903947792,-64.7196261682243,-65.52412935323383,1,1,-39.0728476821192,70.86092715231787,0.0,0.0
1606745,,"Liberty TripAdvisor Holdings, Inc.",US,7374.0,Data processing & managed services,2020Q4,pre,0,116000000.0,18.56910074907064,-65.26946107784431,-64.7196261682243,1,1,-91.37931034482759,98.27586206896551,0.301,0.0
1606745,,"Liberty TripAdvisor Holdings, Inc.",US,7374.0,Data processing & managed services,2021Q1,pre,0,123000000.0,18.627694913336693,-55.75539568345324,-65.26946107784431,1,0,-78.86178861788618,93.4959349593496,0.0,0.0
1606745,,"Liberty TripAdvisor Holdings, Inc.",US,7374.0,Data processing & managed services,2021Q2,pre,0,235000000.0,19.275096072108433,298.3050847457627,-55.75539568345324,0,0,-20.851063829787233,73.61702127659574,0.0,0.0
1606745,,"Liberty TripAdvisor Holdings, Inc.",US,7374.0,Data processing & managed services,2021Q3,pre,0,303000000.0,19.529243363473643,100.66225165562915,298.3050847457627,0,0,1.3201320132013201,62.04620462046204,0.0,0.0
1606745,,"Liberty TripAdvisor Holdings, Inc.",US,7374.0,Data processing & managed services,2021Q4,pre,0,241000000.0,19.30030749145493,107.75862068965519,100.66225165562915,0,0,-17.842323651452283,72.61410788381743,0.421,0.0
1606745,,"Liberty TripAdvisor Holdings, Inc.",US,7374.0,Data processing & managed services,2022Q1,pre,0,262000000.0,19.38385506172537,113.00813008130082,107.75862068965519,0,0,-8.396946564885496,69.8473282442748,0.0,0.0
1606745,,"Liberty TripAdvisor Holdings, Inc.",US,7374.0,Data processing & managed services,2022Q2,pre,0,417000000.0,19.848596779763074,77.4468085106383,113.00813008130082,0,0,14.388489208633093,59.47242206235012,0.0,0.0
1606745,,"Liberty TripAdvisor Holdings, Inc.",US,7374.0,Data processing & managed services,2022Q3,pre,0,459000000.0,19.944560768024818,51.48514851485149,77.4468085106383,0,0,14.37908496732026,61.6557734204793,0.0,0.0
1606745,,"Liberty TripAdvisor Holdings, Inc.",US,7374.0,Data processing & managed services,2022Q4,transition,0,354000000.0,19.684807471098047,46.88796680497925,51.48514851485149,0,0,-4.519774011299435,72.03389830508475,0.302,0.0
1606745,,"Liberty TripAdvisor Holdings, Inc.",US,7374.0,Data processing & managed services,2023Q1,post,1,371000000.0,19.73171262057171,41.603053435114504,46.88796680497925,0,0,-4.5822102425876015,72.77628032345014,0.0,0.0
1606745,,"Liberty TripAdvisor Holdings, Inc.",US,7374.0,Data processing & managed services,2023Q2,post,1,494000000.0,20.018046075152196,18.465227817745802,41.603053435114504,0,0,8.097165991902834,64.97975708502024,0.0,0.0
1606745,,"Liberty TripAdvisor Holdings, Inc.",US,7374.0,Data processing & managed services,2023Q3,post,1,533000000.0,20.09403198213012,16.122004357298476,18.465227817745802,0,0,-180.86303939962477,60.787992495309574,0.0,0.0
1606745,,"Liberty TripAdvisor Holdings, Inc.",US,7374.0,Data processing & managed services,2023Q4,post,1,390000000.0,19.781657297087968,10.16949152542373,16.122004357298476,0,0,7.435897435897436,58.71794871794872,2.011,1.0
1606745,,"Liberty TripAdvisor Holdings, Inc.",US,7374.0,Data processing & managed services,2024Q1,post,1,395000000.0,19.794396322865396,6.46900269541779,10.16949152542373,0,0,-4.556962025316456,70.88607594936708,0.515,0.0
1606745,,"Liberty TripAdvisor Holdings, Inc.",US,7374.0,Data processing & managed services,2024Q2,post,1,497000000.0,20.024100584060903,0.6072874493927125,6.46900269541779,0,1,6.639839034205232,64.98993963782696,0.433,0.0
1606745,,"Liberty TripAdvisor Holdings, Inc.",US,7374.0,Data processing & managed services,2024Q3,post,1,532000000.0,20.092154047305918,-0.18761726078799248,0.6072874493927125,1,0,12.593984962406015,61.09022556390977,0.417,0.0
1606745,,"Liberty TripAdvisor Holdings, Inc.",US,7374.0,Data processing & managed services,2024Q4,post,1,411000000.0,19.83410377246051,5.384615384615385,-0.18761726078799248,0,,-162.77372262773721,,3.222,1.0
1609711,GDDY,GoDaddy Inc.,US,7373.0,Systems integration,2019Q1,pre,0,710000000.0,20.380775527999635,12.128869235628553,15.543008967120558,0,0,2.647887323943662,,0.221,0.0
1609711,GDDY,GoDaddy Inc.,US,7373.0,Systems integration,2019Q2,pre,0,737200000.0,20.418369783759942,13.136893799877225,12.128869235628553,0,0,2.5637547476939773,,0.205,0.0
1609711,GDDY,GoDaddy Inc.,US,7373.0,Systems integration,2019Q3,pre,0,760500000.0,20.44948666966362,11.920529801324504,13.136893799877225,0,0,12.018408941485864,,0.199,0.0
1609711,GDDY,GoDaddy Inc.,US,7373.0,Systems integration,2019Q4,pre,0,780400000.0,20.47531716671323,12.158666283414775,11.920529801324504,0,0,9.41824705279344,,0.124,0.0
1609711,GDDY,GoDaddy Inc.,US,7373.0,Systems integration,2020Q1,pre,0,792000000.0,20.4900719497787,11.549295774647888,12.158666283414775,0,0,8.131313131313131,,0.199,0.0
1609711,GDDY,GoDaddy Inc.,US,7373.0,Systems integration,2020Q2,pre,0,806400000.0,20.50809045528138,9.386869234943028,11.549295774647888,0,0,2.839781746031746,,0.195,0.0
1609711,GDDY,GoDaddy Inc.,US,7373.0,Systems integration,2020Q3,pre,0,844400000.0,20.55413687393844,11.032215647600264,9.386869234943028,0,0,10.942681193747038,,0.19,0.0
1609711,GDDY,GoDaddy Inc.,US,7373.0,Systems integration,2020Q4,pre,0,873900000.0,20.588476510597772,11.981035366478729,11.032215647600264,0,0,10.584735095548691,,0.134,0.0
1609711,GDDY,GoDaddy Inc.,US,7373.0,Systems integration,2021Q1,pre,0,901100000.0,20.619126797205265,13.775252525252526,11.981035366478729,0,0,4.217068027965819,,0.218,0.0
1609711,GDDY,GoDaddy Inc.,US,7373.0,Systems integration,2021Q2,pre,0,931300000.0,20.652092017491885,15.48859126984127,13.775252525252526,0,0,9.449157092236659,,0.211,0.0
1609711,GDDY,GoDaddy Inc.,US,7373.0,Systems integration,2021Q3,pre,0,964000000.0,20.68660185257482,14.163903363334912,15.48859126984127,0,0,13.620331950207468,,0.205,0.0
1609711,GDDY,GoDaddy Inc.,US,7373.0,Systems integration,2021Q4,pre,0,1019300000.0,20.74238195413864,16.638059274516532,14.163903363334912,0,0,12.243696654566861,,0.132,0.0
1609711,GDDY,GoDaddy Inc.,US,7373.0,Systems integration,2022Q1,pre,0,1002700000.0,20.725962198494155,11.27510820108756,16.638059274516532,0,0,10.93048768325521,,0.206,0.0
1609711,GDDY,GoDaddy Inc.,US,7373.0,Systems integration,2022Q2,pre,0,1015500000.0,20.738646938984715,9.041125308708258,11.27510820108756,0,0,12.26981782373215,,0.196,0.0
1609711,GDDY,GoDaddy Inc.,US,7373.0,Systems integration,2022Q3,pre,0,1033200000.0,20.75592661918596,7.178423236514522,9.041125308708258,0,0,12.553232675183896,,0.192,0.0
1609711,GDDY,GoDaddy Inc.,US,7373.0,Systems integration,2022Q4,transition,0,1039900000.0,20.76239039163046,2.0209948003531837,7.178423236514522,0,0,12.972401192422348,,0.124,0.0
1609711,GDDY,GoDaddy Inc.,US,7373.0,Systems integration,2023Q1,post,1,1036000000.0,20.758632980783702,3.3210332103321036,2.0209948003531837,0,0,6.833976833976833,,0.197,0.0
1609711,GDDY,GoDaddy Inc.,US,7373.0,Systems integration,2023Q2,post,1,1048100000.0,20.770244838140407,3.2102412604628263,3.3210332103321036,0,0,11.411124892662913,,4.791,1.0
1609711,GDDY,GoDaddy Inc.,US,7373.0,Systems integration,2023Q3,post,1,1069700000.0,20.790644072276358,3.532713898567557,3.2102412604628263,0,0,15.621202206226044,,4.753,1.0
1609711,GDDY,GoDaddy Inc.,US,7373.0,Systems integration,2023Q4,post,1,1100300000.0,20.81884870684014,5.808250793345514,3.532713898567557,0,0,17.258929382895573,,7.849,1.0
1609711,GDDY,GoDaddy Inc.,US,7373.0,Systems integration,2024Q1,post,1,1108500000.0,20.82627358702064,6.998069498069498,5.808250793345514,0,0,15.86829048263419,,6.18,1.0
1609711,GDDY,GoDaddy Inc.,US,7373.0,Systems integration,2024Q2,post,1,1124500000.0,20.840604329363643,7.28938078427631,6.998069498069498,0,0,18.514895509115163,,8.459,1.0
1609711,GDDY,GoDaddy Inc.,US,7373.0,Systems integration,2024Q3,post,1,1147600000.0,20.860938642071485,7.282415630550622,7.28938078427631,0,0,22.11571976298362,,8.587,1.0
1609711,GDDY,GoDaddy Inc.,US,7373.0,Systems integration,2024Q4,post,1,1192600000.0,20.89940163465328,8.388621285104064,7.282415630550622,0,0,21.432165017608586,,10.231,1.0
1609711,GDDY,GoDaddy Inc.,US,7373.0,Systems integration,2025Q1,post,1,1194300000.0,20.900826076638655,7.7401894451962105,8.388621285104064,0,0,20.706690111362306,,11.225,1.0
1609711,GDDY,GoDaddy Inc.,US,7373.0,Systems integration,2025Q2,post,1,1217600000.0,20.920147545071696,8.2792352156514,7.7401894451962105,0,0,21.87089356110381,,10.208,1.0
1609711,GDDY,GoDaddy Inc.,US,7373.0,Systems integration,2025Q3,post,1,1265300000.0,20.95857508515949,10.256186824677588,8.2792352156514,0,0,23.448984430569826,,11.548,1.0
1609711,GDDY,GoDaddy Inc.,US,7373.0,Systems integration,2025Q4,post,1,1273900000.0,20.965348898080016,6.817038403488176,10.256186824677588,0,0,24.88421383154094,,14.506,1.0
1614178,YEXT,"Yext, Inc.",US,7374.0,Data processing & managed services,2019Q1,pre,0,68708000.0,18.045376198739053,34.75327528045815,32.77592669720949,0,0,-28.03167025673866,,0.0,0.0
1614178,YEXT,"Yext, Inc.",US,7374.0,Data processing & managed services,2019Q2,pre,0,72373000.0,18.097343859624143,31.771753181727146,34.75327528045815,0,0,-41.86229671286253,,0.0,0.0
1614178,YEXT,"Yext, Inc.",US,7374.0,Data processing & managed services,2019Q3,pre,0,76370000.0,18.151100506864566,30.295326975244404,31.771753181727146,0,0,-56.08615948670944,,0.269,0.0
1614178,YEXT,"Yext, Inc.",US,7374.0,Data processing & managed services,2019Q4,pre,0,81378000.0,18.214615524172906,27.63374582411895,30.295326975244404,0,0,-37.556833542235005,,1.272,0.0
1614178,YEXT,"Yext, Inc.",US,7374.0,Data processing & managed services,2020Q1,pre,0,85351000.0,18.262282723597714,24.22279792746114,27.63374582411895,0,0,-34.19877915900224,,0.28,0.0
1614178,YEXT,"Yext, Inc.",US,7374.0,Data processing & managed services,2020Q2,pre,0,88055000.0,18.293472177211324,21.66830171472787,24.22279792746114,0,0,-27.52824938958606,,0.267,0.0
1614178,YEXT,"Yext, Inc.",US,7374.0,Data processing & managed services,2020Q3,pre,0,89061000.0,18.304832086180152,16.617781851512373,21.66830171472787,0,0,-24.432692199728276,,0.258,0.0
1614178,YEXT,"Yext, Inc.",US,7374.0,Data processing & managed services,2020Q4,pre,0,92194000.0,18.339405610487383,13.291061466243947,16.617781851512373,0,0,-20.763824110028853,,1.215,0.0
1614178,YEXT,"Yext, Inc.",US,7374.0,Data processing & managed services,2021Q1,pre,0,91992000.0,18.337212174710636,7.780811003971834,13.291061466243947,0,0,-18.732063657709368,,0.273,0.0
1614178,YEXT,"Yext, Inc.",US,7374.0,Data processing & managed services,2021Q2,pre,0,98124000.0,18.401742542932116,11.434898642893646,7.780811003971834,0,0,-26.91696221107986,,0.262,0.0
1614178,YEXT,"Yext, Inc.",US,7374.0,Data processing & managed services,2021Q3,pre,0,99529000.0,18.41595961694983,11.753741817406048,11.434898642893646,0,0,-24.469250168292657,,0.26,0.0
1614178,YEXT,"Yext, Inc.",US,7374.0,Data processing & managed services,2021Q4,pre,0,100932000.0,18.429957580732573,9.477840206521032,11.753741817406048,0,0,-21.758213450640035,,1.251,0.0
1614178,YEXT,"Yext, Inc.",US,7374.0,Data processing & managed services,2022Q1,pre,0,98802000.0,18.408628405428193,7.402817636316201,9.477840206521032,0,0,-25.811218396388735,,0.269,0.0
1614178,YEXT,"Yext, Inc.",US,7374.0,Data processing & managed services,2022Q2,pre,0,100869000.0,18.429333203231504,2.797480738657209,7.402817636316201,0,1,-19.35282395978943,,0.254,0.0
1614178,YEXT,"Yext, Inc.",US,7374.0,Data processing & managed services,2022Q3,pre,0,99280000.0,18.413454698860626,-0.25017833998131195,2.797480738657209,1,0,-12.219983883964543,,0.24,0.0
1614178,YEXT,"Yext, Inc.",US,7374.0,Data processing & managed services,2022Q4,transition,0,101899000.0,18.43949268460211,0.958070780327349,-0.25017833998131195,0,0,-7.530005201228668,,3.473,1.0
1614178,YEXT,"Yext, Inc.",US,7374.0,Data processing & managed services,2023Q1,post,1,99453000.0,18.41519572872179,0.6588935446650878,0.958070780327349,0,0,-1.238776105295969,,3.595,1.0
1614178,YEXT,"Yext, Inc.",US,7374.0,Data processing & managed services,2023Q2,post,1,102598000.0,18.44632899733356,1.7141044324817338,0.6588935446650878,0,0,-4.123862063587984,,3.202,1.0
1614178,YEXT,"Yext, Inc.",US,7374.0,Data processing & managed services,2023Q3,post,1,101164000.0,18.432253520304982,1.8976631748589847,1.7141044324817338,0,1,-1.7605076904827803,,3.127,1.0
1614178,YEXT,"Yext, Inc.",US,7374.0,Data processing & managed services,2023Q4,post,1,101107000.0,18.431689919971678,-0.7772402084416923,1.8976631748589847,1,1,1.0315804049175625,,11.323,1.0
1614178,YEXT,"Yext, Inc.",US,7374.0,Data processing & managed services,2024Q1,post,1,95990000.0,18.37975457733972,-3.4820467959739774,-0.7772402084416923,1,1,-5.652672153349307,,15.272,1.0
1614178,YEXT,"Yext, Inc.",US,7374.0,Data processing & managed services,2024Q2,post,1,97887000.0,18.399324310123802,-4.591707440690851,-3.4820467959739774,1,0,-7.729320543075178,,14.198,1.0
1614178,YEXT,"Yext, Inc.",US,7374.0,Data processing & managed services,2024Q3,post,1,113989000.0,18.55161251047512,12.677434660551185,-4.591707440690851,0,0,-9.09561448911737,,12.704,1.0
1614178,YEXT,"Yext, Inc.",US,7374.0,Data processing & managed services,2024Q4,post,1,113091000.0,18.543703362323225,11.852789618918571,12.677434660551185,0,0,-8.036006401924114,,10.88,1.0
1614178,YEXT,"Yext, Inc.",US,7374.0,Data processing & managed services,2025Q1,post,1,109483000.0,18.51127984402657,14.05667257005938,11.852789618918571,0,0,1.0211631029474895,,13.851,1.0
1614178,YEXT,"Yext, Inc.",US,7374.0,Data processing & managed services,2025Q2,post,1,113094000.0,18.54372988928125,15.535260044745472,14.05667257005938,0,1,26.23835039878331,,13.017,1.0
1614178,YEXT,"Yext, Inc.",US,7374.0,Data processing & managed services,2025Q3,post,1,111998000.0,18.53399157195707,-1.7466597654159612,15.535260044745472,1,1,6.946552617011018,,12.82,1.0
1614178,YEXT,"Yext, Inc.",US,7374.0,Data processing & managed services,2025Q4,post,1,112004000.0,18.534045142907342,-0.9611728607935202,-1.7466597654159612,1,1,5.336416556551551,,,
1615165,VERI,"Veritone, Inc.",US,7374.0,Data processing & managed services,2019Q1,pre,0,12125000.0,16.310779994787822,176.3217866909754,212.8322377822235,0,0,-136.14845360824742,,4.994,0.0
1615165,VERI,"Veritone, Inc.",US,7374.0,Data processing & managed services,2019Q2,pre,0,12270000.0,16.322667816687094,194.38579654510556,176.3217866909754,0,0,-136.39771801140995,,5.075,0.0
1615165,VERI,"Veritone, Inc.",US,7374.0,Data processing & managed services,2019Q3,pre,0,12805000.0,16.365346277615764,69.71504307488404,194.38579654510556,0,0,-126.48184303006637,,4.897,0.0
1615165,VERI,"Veritone, Inc.",US,7374.0,Data processing & managed services,2019Q4,pre,0,12448000.0,16.33707052540031,13.721907546135576,69.71504307488404,0,1,-117.53695372750643,,8.324,0.0
1615165,VERI,"Veritone, Inc.",US,7374.0,Data processing & managed services,2020Q1,pre,0,11904000.0,16.29238503605501,-1.822680412371134,13.721907546135576,1,0,-107.62768817204301,,5.585,0.0
1615165,VERI,"Veritone, Inc.",US,7374.0,Data processing & managed services,2020Q2,pre,0,13268000.0,16.40086567904908,8.133659331703342,-1.822680412371134,0,0,-87.09677419354838,,4.876,0.0
1615165,VERI,"Veritone, Inc.",US,7374.0,Data processing & managed services,2020Q3,pre,0,15718000.0,16.570317110408258,22.74892620070285,8.133659331703342,0,0,-69.81168087542945,,4.778,0.0
1615165,VERI,"Veritone, Inc.",US,7374.0,Data processing & managed services,2020Q4,pre,0,16818000.0,16.63796029937498,35.1060411311054,22.74892620070285,0,0,-73.32619812106077,,18.251010000000004,0.0
1615165,VERI,"Veritone, Inc.",US,7374.0,Data processing & managed services,2021Q1,pre,0,18295000.0,16.722138356435444,53.687836021505376,35.1060411311054,0,0,-166.9089915277398,,10.389,0.0
1615165,VERI,"Veritone, Inc.",US,7374.0,Data processing & managed services,2021Q2,pre,0,19206000.0,16.770733288180054,44.75429605064817,53.687836021505376,0,0,-65.84921378735812,,9.644,0.0
1615165,VERI,"Veritone, Inc.",US,7374.0,Data processing & managed services,2021Q3,pre,0,22655000.0,16.935891136083377,44.13411375493065,44.75429605064817,0,0,-48.90752593246524,,8.712,0.0
1615165,VERI,"Veritone, Inc.",US,7374.0,Data processing & managed services,2021Q4,pre,0,55149000.0,17.82554917113312,227.91651801641098,44.13411375493065,0,0,-12.892346189414134,,18.251010000000004,0.0
1615165,VERI,"Veritone, Inc.",US,7374.0,Data processing & managed services,2022Q1,pre,0,34407000.0,17.35377059001477,88.06777808144301,227.91651801641098,0,0,-60.46734676083355,,9.298,0.0
1615165,VERI,"Veritone, Inc.",US,7374.0,Data processing & managed services,2022Q2,pre,0,34235000.0,17.3487590705373,78.25158804540247,88.06777808144301,0,0,-10.600262888856433,,8.294,0.0
1615165,VERI,"Veritone, Inc.",US,7374.0,Data processing & managed services,2022Q3,pre,0,37196000.0,17.431711786580227,64.18450673140586,78.25158804540247,0,1,-9.708033121841058,,7.499,0.0
1615165,VERI,"Veritone, Inc.",US,7374.0,Data processing & managed services,2022Q4,transition,0,43890000.0,17.597197061664417,-20.415601370831745,64.18450673140586,1,1,-22.670312143996355,,18.251010000000004,1.0
1615165,VERI,"Veritone, Inc.",US,7374.0,Data processing & managed services,2023Q1,post,1,30263000.0,17.22543640219027,-12.044060801581074,-20.415601370831745,1,1,-77.94666754783069,,7.928,0.0
1615165,VERI,"Veritone, Inc.",US,7374.0,Data processing & managed services,2023Q2,post,1,27967000.0,17.146535801649428,-18.308748356944648,-12.044060801581074,1,1,-100.76161189973898,,7.013,0.0
1615165,VERI,"Veritone, Inc.",US,7374.0,Data processing & managed services,2023Q3,post,1,27968000.0,17.146571557437397,-24.8091192601355,-18.308748356944648,1,1,-90.04219107551488,,5.796,0.0
1615165,VERI,"Veritone, Inc.",US,7374.0,Data processing & managed services,2023Q4,post,1,13788000.0,16.439309206618894,-68.5850991114149,-24.8091192601355,1,1,-164.04119524223964,,18.251010000000004,1.0
1615165,VERI,"Veritone, Inc.",US,7374.0,Data processing & managed services,2024Q1,post,1,24153000.0,16.999919153950227,-20.189670554802895,-65.52412935323383,1,1,-100.89843911729392,,8.335,1.0
1615165,VERI,"Veritone, Inc.",US,7374.0,Data processing & managed services,2024Q2,post,1,24058000.0,16.995978139536156,-13.977187399435048,-20.189670554802895,1,1,-84.40435613932995,,6.753,1.0
1615165,VERI,"Veritone, Inc.",US,7374.0,Data processing & managed services,2024Q3,post,1,21993000.0,16.906234778873834,-21.363701372997713,-13.977187399435048,1,0,-102.26890374209975,,6.316,0.0
1615165,VERI,"Veritone, Inc.",US,7374.0,Data processing & managed services,2024Q4,post,1,22433000.0,16.926043646995442,62.69944879605453,-21.363701372997713,0,1,-93.78148263718629,,18.251010000000004,1.0
1615165,VERI,"Veritone, Inc.",US,7374.0,Data processing & managed services,2025Q1,post,1,22463000.0,16.927380069147308,-6.997060406574753,62.69944879605453,1,1,-96.30948671148111,,6.8,0.0
1615165,VERI,"Veritone, Inc.",US,7374.0,Data processing & managed services,2025Q2,post,1,23193000.0,16.95936106697072,-3.595477595810125,-6.997060406574753,1,0,-81.97300909757254,,5.591,0.0
1615165,VERI,"Veritone, Inc.",US,7374.0,Data processing & managed services,2025Q3,post,1,26632000.0,17.097624058237,21.093075069340244,-3.595477595810125,0,1,-68.19240012015621,,5.472,0.0
1615165,VERI,"Veritone, Inc.",US,7374.0,Data processing & managed services,2025Q4,post,1,19904000.0,16.806431274521042,-11.273570186778407,21.093075069340244,1,1,-112.77632636655947,,18.251010000000004,1.0
1617553,ZIP,"ZIPRECRUITER, INC.",US,7370.0,IT consulting & application services,2022Q1,pre,0,227260000.0,19.241605294454136,81.26854481064353,,0,0,6.258910498987944,,3.985,0.0
1617553,ZIP,"ZIPRECRUITER, INC.",US,7370.0,IT consulting & application services,2022Q2,pre,0,239943000.0,19.295911953098674,31.145059029296018,81.26854481064353,0,0,10.459567480609978,,3.696,0.0
1617553,ZIP,"ZIPRECRUITER, INC.",US,7370.0,IT consulting & application services,2022Q3,pre,0,226968000.0,19.240319596345596,6.7220884742702385,31.145059029296018,0,1,12.984649818476612,,4.862,0.0
1617553,ZIP,"ZIPRECRUITER, INC.",US,7370.0,IT consulting & application services,2022Q4,transition,0,210478000.0,19.164891692560705,-4.387722191180946,6.7220884742702385,1,1,13.510200591035643,,4.423,0.0
1617553,ZIP,"ZIPRECRUITER, INC.",US,7370.0,IT consulting & application services,2023Q1,post,1,183749000.0,19.02908125386554,-19.14591217108158,-4.387722191180946,1,1,5.964658311065638,,6.382,0.0
1617553,ZIP,"ZIPRECRUITER, INC.",US,7370.0,IT consulting & application services,2023Q2,post,1,170421000.0,18.953782404202755,-28.974381415586205,-19.14591217108158,1,1,13.21668104282923,,7.184,1.0
1617553,ZIP,"ZIPRECRUITER, INC.",US,7370.0,IT consulting & application services,2023Q3,post,1,155630000.0,18.862991953181194,-31.430862500440593,-28.974381415586205,1,1,20.98952644091756,,6.952,1.0
1617553,ZIP,"ZIPRECRUITER, INC.",US,7370.0,IT consulting & application services,2023Q4,post,1,135922000.0,18.727591749757657,-35.42222940164768,-31.430862500440593,1,1,9.775459454687246,,5.758,1.0
1617553,ZIP,"ZIPRECRUITER, INC.",US,7370.0,IT consulting & application services,2024Q1,post,1,122239000.0,18.62148870272075,-33.47501210890943,-35.42222940164768,1,1,-0.7411709847102808,,7.871,1.0
1617553,ZIP,"ZIPRECRUITER, INC.",US,7370.0,IT consulting & application services,2024Q2,post,1,123658000.0,18.63303024858529,-27.43969346500725,-33.47501210890943,1,1,7.62021058079542,,7.677,1.0
1617553,ZIP,"ZIPRECRUITER, INC.",US,7370.0,IT consulting & application services,2024Q3,post,1,117084000.0,18.578402183878087,-24.767718306239157,-27.43969346500725,1,1,-2.766389942263674,,8.823,1.0
1617553,ZIP,"ZIPRECRUITER, INC.",US,7370.0,IT consulting & application services,2024Q4,post,1,111020000.0,18.52522092322629,-18.320801636232545,-24.767718306239157,1,1,-3.61736624031706,,12.524,1.0
1617553,ZIP,"ZIPRECRUITER, INC.",US,7370.0,IT consulting & application services,2025Q1,post,1,110065000.0,18.516581658329567,-9.959178330974567,-18.320801636232545,1,1,-10.60191704901649,,18.018,1.0
1617553,ZIP,"ZIPRECRUITER, INC.",US,7370.0,IT consulting & application services,2025Q2,post,1,112232000.0,18.536078715380746,-9.240000646945608,-9.959178330974567,1,1,-5.935918454629696,,17.681,1.0
1617553,ZIP,"ZIPRECRUITER, INC.",US,7370.0,IT consulting & application services,2025Q3,post,1,114982000.0,18.56028615233759,-1.7952922687984694,-9.240000646945608,1,0,-4.371988659094467,,18.231,1.0
1617553,ZIP,"ZIPRECRUITER, INC.",US,7370.0,IT consulting & application services,2025Q4,post,1,111673000.0,18.531085515930826,0.5881823094937849,-1.7952922687984694,0,1,3.581886400472809,,15.931,1.0
1619954,,"Inovalon Holdings, Inc.",US,7374.0,Data processing & managed services,2019Q1,pre,0,145491000.0,18.795624786992576,56.85515605627729,18.927926434535287,0,0,4.049047707418328,,1.293,0.0
1619954,,"Inovalon Holdings, Inc.",US,7374.0,Data processing & managed services,2019Q2,pre,0,156977000.0,18.871609855765588,2.7349834421916515,56.85515605627729,0,0,13.085356453493189,,1.114,0.0
1619954,,"Inovalon Holdings, Inc.",US,7374.0,Data processing & managed services,2019Q3,pre,0,166453000.0,18.930223545253348,14.158248119114733,2.7349834421916515,0,0,13.26019957585625,,1.075,0.0
1619954,,"Inovalon Holdings, Inc.",US,7374.0,Data processing & managed services,2019Q4,pre,0,173489000.0,18.971624754764917,27.27159352671039,14.158248119114733,0,0,12.094714938699283,,0.883,0.0
1619954,,"Inovalon Holdings, Inc.",US,7374.0,Data processing & managed services,2020Q1,pre,0,154187000.0,18.853676709443565,5.9770020138702735,27.27159352671039,0,0,5.8785760148391235,,1.208,0.0
1619954,,"Inovalon Holdings, Inc.",US,7374.0,Data processing & managed services,2020Q2,pre,0,162215000.0,18.90443317379142,3.3367945622607134,5.9770020138702735,0,1,9.669266097463243,,1.148,0.0
1619954,,"Inovalon Holdings, Inc.",US,7374.0,Data processing & managed services,2020Q3,pre,0,161377000.0,18.899253800547697,-3.049509471142004,3.3367945622607134,1,0,9.870675498986845,,1.128,0.0
1619954,,"Inovalon Holdings, Inc.",US,7374.0,Data processing & managed services,2020Q4,pre,0,189745000.0,19.0611916234317,9.370046515917435,-3.049509471142004,0,0,16.354581148383357,,0.864,0.0
1619954,,"Inovalon Holdings, Inc.",US,7374.0,Data processing & managed services,2021Q1,pre,0,177176000.0,18.992654146781817,14.909817299772355,9.370046515917435,0,0,13.167697656567482,,2.784,0.0
1619954,,"Inovalon Holdings, Inc.",US,7374.0,Data processing & managed services,2021Q2,pre,0,190439000.0,19.064842491279116,17.399130783219803,14.909817299772355,0,0,12.727435031689938,,2.554,0.0
1619954,,"Inovalon Holdings, Inc.",US,7374.0,Data processing & managed services,2021Q3,pre,0,192230000.0,19.074203129729042,19.118585672059833,17.399130783219803,0,,9.68735369089112,,2.038,0.0
1625278,NRDS,"NERDWALLET, INC.",US,7374.0,Data processing & managed services,2022Q1,pre,0,129100000.0,18.67609785581687,43.44444444444445,,0,0,-7.048799380325329,,0.0,0.0
1625278,NRDS,"NERDWALLET, INC.",US,7374.0,Data processing & managed services,2022Q2,pre,0,125200000.0,18.64542301663027,36.681222707423586,43.44444444444445,0,0,-7.188498402555911,,0.0,0.0
1625278,NRDS,"NERDWALLET, INC.",US,7374.0,Data processing & managed services,2022Q3,pre,0,142600000.0,18.77555406594447,44.77157360406092,36.681222707423586,0,0,-6.171107994389901,,0.0,0.0
1625278,NRDS,"NERDWALLET, INC.",US,7374.0,Data processing & managed services,2022Q4,transition,0,142000000.0,18.771337615565535,42.71356783919598,44.77157360406092,0,0,5.563380281690141,,1.87,0.0
1625278,NRDS,"NERDWALLET, INC.",US,7374.0,Data processing & managed services,2023Q1,post,1,169600000.0,18.948953281322076,31.371030209140198,42.71356783919598,0,0,-0.4716981132075472,,0.0,0.0
1625278,NRDS,"NERDWALLET, INC.",US,7374.0,Data processing & managed services,2023Q2,post,1,143300000.0,18.7804508927984,14.456869009584663,31.371030209140198,0,0,-2.930914166085136,,0.0,0.0
1625278,NRDS,"NERDWALLET, INC.",US,7374.0,Data processing & managed services,2023Q3,post,1,152800000.0,18.844640434696693,7.152875175315568,14.456869009584663,0,1,2.6178010471204187,,0.0,0.0
1625278,NRDS,"NERDWALLET, INC.",US,7374.0,Data processing & managed services,2023Q4,post,1,133700000.0,18.71110904207217,-5.845070422535211,7.152875175315568,1,1,3.4405385190725504,,1.826,0.0
1625278,NRDS,"NERDWALLET, INC.",US,7374.0,Data processing & managed services,2024Q1,post,1,161900000.0,18.902489418647864,-4.540094339622641,-5.845070422535211,1,0,2.285361334156887,,0.0,0.0
1625278,NRDS,"NERDWALLET, INC.",US,7374.0,Data processing & managed services,2024Q2,post,1,150600000.0,18.830137873330067,5.094207955338451,-4.540094339622641,0,0,-6.374501992031872,,0.0,0.0
1625278,NRDS,"NERDWALLET, INC.",US,7374.0,Data processing & managed services,2024Q3,post,1,191300000.0,19.06935343441048,25.196335078534034,5.094207955338451,0,0,3.4500784108729747,,0.0,0.0
1625278,NRDS,"NERDWALLET, INC.",US,7374.0,Data processing & managed services,2024Q4,post,1,183800000.0,19.02935876788586,37.471952131638,25.196335078534034,0,0,4.733405875952122,,1.868,0.0
1625278,NRDS,"NERDWALLET, INC.",US,7374.0,Data processing & managed services,2025Q1,post,1,209200000.0,19.158801290155044,29.215565163681283,37.471952131638,0,0,0.33460803059273425,,0.0,0.0
1625278,NRDS,"NERDWALLET, INC.",US,7374.0,Data processing & managed services,2025Q2,post,1,186900000.0,19.04608427242579,24.10358565737052,29.215565163681283,0,0,5.724986623863028,,0.0,0.0
1625278,NRDS,"NERDWALLET, INC.",US,7374.0,Data processing & managed services,2025Q3,post,1,215100000.0,19.186613594237958,12.441191845269211,24.10358565737052,0,0,15.992561599256161,,0.0,0.0
1625278,NRDS,"NERDWALLET, INC.",US,7374.0,Data processing & managed services,2025Q4,post,1,225400000.0,19.23338715956995,22.63329706202394,12.441191845269211,0,0,8.606921029281278,,4.15,1.0
1627475,UPWK,"UPWORK, INC",US,7374.0,Data processing & managed services,2019Q1,pre,0,68476000.0,18.041993876876806,15.633760005403763,,0,0,-7.688825281850575,,0.871,0.0
1627475,UPWK,"UPWORK, INC",US,7374.0,Data processing & managed services,2019Q2,pre,0,73783000.0,18.11663891073201,17.71190631929931,15.633760005403763,0,0,-3.929089356626865,,0.826,0.0
1627475,UPWK,"UPWORK, INC",US,7374.0,Data processing & managed services,2019Q3,pre,0,78015000.0,18.172411673857418,21.683589911562397,17.71190631929931,0,0,-4.73242325193873,,0.778,0.0
1627475,UPWK,"UPWORK, INC",US,7374.0,Data processing & managed services,2019Q4,pre,0,80288000.0,18.201130728148286,19.22425826378783,21.683589911562397,0,0,-8.564168991630131,,1.518,0.0
1627475,UPWK,"UPWORK, INC",US,7374.0,Data processing & managed services,2020Q1,pre,0,83196000.0,18.236709827712627,21.496582744319177,19.22425826378783,0,0,-10.879128804269437,,0.819,0.0
1627475,UPWK,"UPWORK, INC",US,7374.0,Data processing & managed services,2020Q2,pre,0,87531000.0,18.287503574297762,18.63301844598349,21.496582744319177,0,0,-12.548697033051148,,0.76,0.0
1627475,UPWK,"UPWORK, INC",US,7374.0,Data processing & managed services,2020Q3,pre,0,96748000.0,18.387620217825873,24.01204896494264,18.63301844598349,0,0,-3.1308140736759418,,0.559,0.0
1627475,UPWK,"UPWORK, INC",US,7374.0,Data processing & managed services,2020Q4,pre,0,106153000.0,18.480392007607726,32.21527500996413,24.01204896494264,0,0,0.6179759403879307,,1.322,0.0
1627475,UPWK,"UPWORK, INC",US,7374.0,Data processing & managed services,2021Q1,pre,0,113619000.0,18.54836130378714,36.567863839607675,32.21527500996413,0,0,-6.774395127575493,,0.774,0.0
1627475,UPWK,"UPWORK, INC",US,7374.0,Data processing & managed services,2021Q2,pre,0,124181000.0,18.63725073669514,41.870880031074705,36.567863839607675,0,0,-13.20250279833469,,0.783,0.0
1627475,UPWK,"UPWORK, INC",US,7374.0,Data processing & managed services,2021Q3,pre,0,128141000.0,18.668641778109112,32.44821598379294,41.870880031074705,0,0,-6.490506551376998,,0.729,0.0
1627475,UPWK,"UPWORK, INC",US,7374.0,Data processing & managed services,2021Q4,pre,0,136856000.0,18.734439836114266,28.92334649044304,32.44821598379294,0,0,-15.934997369497866,,1.434,0.0
1627475,UPWK,"UPWORK, INC",US,7374.0,Data processing & managed services,2022Q1,pre,0,141337000.0,18.766657667587825,24.39556764273581,28.92334649044304,0,0,-16.7344715113523,,0.778,0.0
1627475,UPWK,"UPWORK, INC",US,7374.0,Data processing & managed services,2022Q2,pre,0,156898000.0,18.871106470649423,26.34622043629863,24.39556764273581,0,0,-14.689798467794363,,0.949,0.0
1627475,UPWK,"UPWORK, INC",US,7374.0,Data processing & managed services,2022Q3,pre,0,158641000.0,18.88215434573638,23.801905713237762,26.34622043629863,0,0,-16.03746824591373,,1.126,0.0
1627475,UPWK,"UPWORK, INC",US,7374.0,Data processing & managed services,2022Q4,transition,0,161442000.0,18.899656502996304,17.964868182615305,23.801905713237762,0,0,-12.686909230559582,,2.349,1.0
1627475,UPWK,"UPWORK, INC",US,7374.0,Data processing & managed services,2023Q1,post,1,160858000.0,18.8960325461912,13.811669980259946,17.964868182615305,0,0,-15.565281179673999,,5.764,1.0
1627475,UPWK,"UPWORK, INC",US,7374.0,Data processing & managed services,2023Q2,post,1,168611000.0,18.94310484458291,7.465359660416321,13.811669980259946,0,0,-3.627284103646856,,7.787,1.0
1627475,UPWK,"UPWORK, INC",US,7374.0,Data processing & managed services,2023Q3,post,1,175733000.0,18.984476355669308,10.774011762406944,7.465359660416321,0,0,6.524670949679343,,7.847,1.0
1627475,UPWK,"UPWORK, INC",US,7374.0,Data processing & managed services,2023Q4,post,1,183934000.0,19.03008755557441,13.931938405123823,10.774011762406944,0,0,4.582078354192265,,6.798,1.0
1627475,UPWK,"UPWORK, INC",US,7374.0,Data processing & managed services,2024Q1,post,1,190937000.0,19.06745408866882,18.699101070509393,13.931938405123823,0,0,6.834191382497893,,8.131,1.0
1627475,UPWK,"UPWORK, INC",US,7374.0,Data processing & managed services,2024Q2,post,1,193129000.0,19.078868917375903,14.541162794835449,18.699101070509393,0,0,9.206799600267178,,8.439,1.0
1627475,UPWK,"UPWORK, INC",US,7374.0,Data processing & managed services,2024Q3,post,1,193776000.0,19.08221341074297,10.267280476632164,14.541162794835449,0,0,10.73043101312856,,8.54,1.0
1627475,UPWK,"UPWORK, INC",US,7374.0,Data processing & managed services,2024Q4,post,1,191483000.0,19.07030958979848,4.104189546250286,10.267280476632164,0,0,7.093580108939175,,11.161,1.0
1627475,UPWK,"UPWORK, INC",US,7374.0,Data processing & managed services,2025Q1,post,1,192706000.0,19.07667626938144,0.9264836045397172,4.104189546250286,0,0,20.07721607007566,,8.347,1.0
1627475,UPWK,"UPWORK, INC",US,7374.0,Data processing & managed services,2025Q2,post,1,194939000.0,19.088197247076657,0.937197417270322,0.9264836045397172,0,0,16.70522573728192,,7.767,1.0
1627475,UPWK,"UPWORK, INC",US,7374.0,Data processing & managed services,2025Q3,post,1,201730000.0,19.122440727610535,4.104739493022872,0.937197417270322,0,0,14.75140038665543,,8.891,1.0
1627475,UPWK,"UPWORK, INC",US,7374.0,Data processing & managed services,2025Q4,post,1,198409000.0,19.105841114689408,3.617031276927978,4.104739493022872,0,0,14.260441814635424,,9.183,0.0
1636422,HCAT,"Health Catalyst, Inc.",US,7370.0,IT consulting & application services,2020Q1,pre,0,45116000.0,17.624747508741944,28.12313634169199,,0,0,-40.12988740136537,,0.574,0.0
1636422,HCAT,"Health Catalyst, Inc.",US,7370.0,IT consulting & application services,2020Q2,pre,0,43259000.0,17.582715862179473,17.538854472339963,28.12313634169199,0,0,-36.15432626736633,,0.516,0.0
1636422,HCAT,"Health Catalyst, Inc.",US,7370.0,IT consulting & application services,2020Q3,pre,0,47191000.0,17.669713754408328,19.704233569236234,17.538854472339963,0,0,-49.70863088300735,,0.498,0.0
1636422,HCAT,"Health Catalyst, Inc.",US,7370.0,IT consulting & application services,2020Q4,pre,0,53279000.0,17.791052815251504,22.47764419208754,19.704233569236234,0,0,-73.05317291991216,,1.261,0.0
1636422,HCAT,"Health Catalyst, Inc.",US,7370.0,IT consulting & application services,2021Q1,pre,0,55846000.0,17.838108460502802,23.783136802908057,22.47764419208754,0,0,-43.54295741861548,,0.585,0.0
1636422,HCAT,"Health Catalyst, Inc.",US,7370.0,IT consulting & application services,2021Q2,pre,0,59627000.0,17.903619049587167,37.83721306548926,23.783136802908057,0,0,-54.20195548996261,,0.546,0.0
1636422,HCAT,"Health Catalyst, Inc.",US,7370.0,IT consulting & application services,2021Q3,pre,0,61737000.0,17.938393984992796,30.82367400563667,37.83721306548926,0,0,-68.43384032265902,,0.528,0.0
1636422,HCAT,"Health Catalyst, Inc.",US,7370.0,IT consulting & application services,2021Q4,pre,0,64716000.0,17.985519024107365,21.46624373580585,30.82367400563667,0,0,-69.17145682675073,,1.654,0.0
1636422,HCAT,"Health Catalyst, Inc.",US,7370.0,IT consulting & application services,2022Q1,pre,0,68087000.0,18.03629685715527,21.919206388998315,21.46624373580585,0,0,-35.75866171222113,,0.582,0.0
1636422,HCAT,"Health Catalyst, Inc.",US,7370.0,IT consulting & application services,2022Q2,pre,0,70633000.0,18.07300801535211,18.45808107065591,21.919206388998315,0,0,-46.99219911372871,,0.538,0.0
1636422,HCAT,"Health Catalyst, Inc.",US,7370.0,IT consulting & application services,2022Q3,pre,0,68354000.0,18.040210641733502,10.718045904400926,18.45808107065591,0,0,-66.88855077976416,,0.514,0.0
1636422,HCAT,"Health Catalyst, Inc.",US,7370.0,IT consulting & application services,2022Q4,transition,0,69162000.0,18.051962136811206,6.870016688299647,10.718045904400926,0,0,-53.128885804343426,,2.096,0.0
1636422,HCAT,"Health Catalyst, Inc.",US,7370.0,IT consulting & application services,2023Q1,post,1,73868000.0,18.1177902745479,8.490607604975986,6.870016688299647,0,0,-47.26539232143824,,0.551,0.0
1636422,HCAT,"Health Catalyst, Inc.",US,7370.0,IT consulting & application services,2023Q2,post,1,73213000.0,18.108883558791717,3.6526835898234538,8.490607604975986,0,0,-47.283952303552645,,0.688,0.0
1636422,HCAT,"Health Catalyst, Inc.",US,7370.0,IT consulting & application services,2023Q3,post,1,73773000.0,18.116503368971387,7.92784621236504,3.6526835898234538,0,0,-33.318422729182764,,0.676,0.0
1636422,HCAT,"Health Catalyst, Inc.",US,7370.0,IT consulting & application services,2023Q4,post,1,75084000.0,18.1341180447685,8.562505422052572,7.92784621236504,0,0,-43.66442917265995,,2.065,0.0
1636422,HCAT,"Health Catalyst, Inc.",US,7370.0,IT consulting & application services,2024Q1,post,1,74723000.0,18.12929850097181,1.1574700817674772,8.562505422052572,0,0,-30.52875286056502,,0.72,0.0
1636422,HCAT,"Health Catalyst, Inc.",US,7370.0,IT consulting & application services,2024Q2,post,1,75902000.0,18.144953592479823,3.6728449865461053,1.1574700817674772,0,0,-20.825538193986983,,0.64,0.0
1636422,HCAT,"Health Catalyst, Inc.",US,7370.0,IT consulting & application services,2024Q3,post,1,76353000.0,18.15087788158782,3.4972144280427795,3.6728449865461053,0,0,-17.925949209592286,,0.628,0.0
1636422,HCAT,"Health Catalyst, Inc.",US,7370.0,IT consulting & application services,2024Q4,post,1,79606000.0,18.19260002485834,6.022588034734431,3.4972144280427795,0,0,-21.983267592895007,,8.602,1.0
1636422,HCAT,"Health Catalyst, Inc.",US,7370.0,IT consulting & application services,2025Q1,post,1,79413000.0,18.190172640775103,6.2765145939001385,6.022588034734431,0,0,-25.40012340548777,,10.215,1.0
1636422,HCAT,"Health Catalyst, Inc.",US,7370.0,IT consulting & application services,2025Q2,post,1,80721000.0,18.20650932243636,6.3489763115596425,6.2765145939001385,0,1,-45.95334547391633,,9.618,1.0
1636422,HCAT,"Health Catalyst, Inc.",US,7370.0,IT consulting & application services,2025Q3,post,1,76323000.0,18.15048489250786,-0.03929118698675887,6.3489763115596425,1,1,-22.940660089357074,,9.545,1.0
1636422,HCAT,"Health Catalyst, Inc.",US,7370.0,IT consulting & application services,2025Q4,post,1,74679000.0,18.128709486082155,-6.18923196743964,-0.03929118698675887,1,1,-115.26667470105384,,9.683,1.0
1639225,,"Livongo Health, Inc.",US,7370.0,IT consulting & application services,2020Q1,pre,0,68823000.0,18.047048549362582,114.6225091215268,,0,0,-9.977769059761998,,1.359,0.0
1639225,,"Livongo Health, Inc.",US,7370.0,IT consulting & application services,2020Q2,pre,0,91923000.0,18.336461828047916,124.6682145912257,114.6225091215268,0,,-0.2850211590135222,,1.148,0.0
1640428,EVER,"EverQuote, Inc.",US,7370.0,IT consulting & application services,2019Q1,pre,0,52233000.0,17.771225037016844,28.242082003437268,22.8619081446706,0,0,-8.741600137843891,,0.0,0.0
1640428,EVER,"EverQuote, Inc.",US,7370.0,IT consulting & application services,2019Q2,pre,0,55667000.0,17.834898069718943,35.469191083422565,28.242082003437268,0,0,-4.034706379003718,,0.0,0.0
1640428,EVER,"EverQuote, Inc.",US,7370.0,IT consulting & application services,2019Q3,pre,0,67112000.0,18.021873423508268,60.755006227843246,35.469191083422565,0,0,-0.1221838121349386,,0.0,0.0
1640428,EVER,"EverQuote, Inc.",US,7370.0,IT consulting & application services,2019Q4,pre,0,73799000.0,18.116855739343396,85.52251187812665,60.755006227843246,0,0,-1.5650618572067372,,0.377,0.0
1640428,EVER,"EverQuote, Inc.",US,7370.0,IT consulting & application services,2020Q1,pre,0,81364000.0,18.214443472704513,55.77125571956426,85.52251187812665,0,0,-2.0316110319060026,,0.0,0.0
1640428,EVER,"EverQuote, Inc.",US,7370.0,IT consulting & application services,2020Q2,pre,0,78302000.0,18.176083703418982,40.66143316507087,55.77125571956426,0,0,-3.775127072105438,,0.0,0.0
1640428,EVER,"EverQuote, Inc.",US,7370.0,IT consulting & application services,2020Q3,pre,0,89977000.0,18.315064640079097,34.069912981285015,40.66143316507087,0,0,-3.6553785967525037,,0.0,0.0
1640428,EVER,"EverQuote, Inc.",US,7370.0,IT consulting & application services,2020Q4,pre,0,97292000.0,18.393227323837653,31.833764685158332,34.069912981285015,0,0,-3.8893228631336596,,0.603,0.0
1640428,EVER,"EverQuote, Inc.",US,7370.0,IT consulting & application services,2021Q1,pre,0,103822000.0,18.458188452288766,27.601887812791897,31.833764685158332,0,0,-3.650478703935582,,0.0,0.0
1640428,EVER,"EverQuote, Inc.",US,7370.0,IT consulting & application services,2021Q2,pre,0,105063000.0,18.470070728193765,34.17664938315752,27.601887812791897,0,0,-1.7855953094809782,,0.0,0.0
1640428,EVER,"EverQuote, Inc.",US,7370.0,IT consulting & application services,2021Q3,pre,0,107563000.0,18.493587280385427,19.544994832012623,34.17664938315752,0,0,-7.237618883816927,,0.0,0.0
1640428,EVER,"EverQuote, Inc.",US,7370.0,IT consulting & application services,2021Q4,pre,0,102067000.0,18.441140018353735,4.9079060971097315,19.544994832012623,0,0,-8.301409858230379,,0.506,0.0
1640428,EVER,"EverQuote, Inc.",US,7370.0,IT consulting & application services,2022Q1,pre,0,110681000.0,18.5221627478982,6.606499585829593,4.9079060971097315,0,1,-5.148128405055972,,0.0,0.0
1640428,EVER,"EverQuote, Inc.",US,7370.0,IT consulting & application services,2022Q2,pre,0,101915000.0,18.43964969049997,-2.9962974596194663,6.606499585829593,1,1,-3.7492027670117256,,0.0,0.0
1640428,EVER,"EverQuote, Inc.",US,7370.0,IT consulting & application services,2022Q3,pre,0,103223000.0,18.45240225439736,-4.034844695666726,-2.9962974596194663,1,1,-6.384236071418192,,0.0,0.0
1640428,EVER,"EverQuote, Inc.",US,7370.0,IT consulting & application services,2022Q4,transition,0,88308000.0,18.296341261696735,-13.480360939382955,-4.034844695666726,1,1,-9.828101644245143,,0.522,0.0
1640428,EVER,"EverQuote, Inc.",US,7370.0,IT consulting & application services,2023Q1,post,1,109220000.0,18.508874754688282,-1.3200097577723366,-13.480360939382955,1,1,-2.2257828236586708,,0.0,0.0
1640428,EVER,"EverQuote, Inc.",US,7370.0,IT consulting & application services,2023Q2,post,1,67985000.0,18.034797650571925,-33.292449590344894,-1.3200097577723366,1,1,-19.666102816797824,,0.0,0.0
1640428,EVER,"EverQuote, Inc.",US,7370.0,IT consulting & application services,2023Q3,post,1,55011000.0,17.82304372319941,-46.706644836906506,-33.292449590344894,1,1,-53.46567050226319,,0.0,0.0
1640428,EVER,"EverQuote, Inc.",US,7370.0,IT consulting & application services,2023Q4,post,1,55705000.0,17.835580467475555,-36.91964487928613,-46.706644836906506,1,1,-12.138946234628849,,4.674,0.0
1640428,EVER,"EverQuote, Inc.",US,7370.0,IT consulting & application services,2024Q1,post,1,91065000.0,18.327084095214783,-16.622413477385095,-36.91964487928613,1,0,1.9392741448415967,,0.616,0.0
1640428,EVER,"EverQuote, Inc.",US,7370.0,IT consulting & application services,2024Q2,post,1,117140000.0,18.57888035862591,72.30271383393395,-16.622413477385095,0,0,5.371350520744408,,0.538,0.0
1640428,EVER,"EverQuote, Inc.",US,7370.0,IT consulting & application services,2024Q3,post,1,144530000.0,18.788997656425025,162.7292723273527,72.30271383393395,0,0,8.071680619940496,,0.53,0.0
1640428,EVER,"EverQuote, Inc.",US,7370.0,IT consulting & application services,2024Q4,post,1,147455000.0,18.80903360245057,164.7069383358765,162.7292723273527,0,0,8.156386694245702,,4.8,0.0
1640428,EVER,"EverQuote, Inc.",US,7370.0,IT consulting & application services,2025Q1,post,1,166632000.0,18.931298346083356,82.98138692142975,164.7069383358765,0,0,4.799198233232512,,0.594,0.0
1640428,EVER,"EverQuote, Inc.",US,7370.0,IT consulting & application services,2025Q2,post,1,156629000.0,18.8693905095615,33.71094416936998,82.98138692142975,0,0,9.045579043472154,,0.509,0.0
1640428,EVER,"EverQuote, Inc.",US,7370.0,IT consulting & application services,2025Q3,post,1,173940000.0,18.97422097012589,20.348716529440257,33.71094416936998,0,0,10.083936989766586,,0.469,0.0
1640428,EVER,"EverQuote, Inc.",US,7370.0,IT consulting & application services,2025Q4,post,1,195320000.0,19.090149797157732,32.46075073751314,20.348716529440257,0,0,9.538705713700594,,6.098,0.0
1642896,IOT,Samsara Inc.,US,7373.0,Systems integration,2022Q1,pre,0,142645000.0,18.775869584185795,62.593610012424335,,0,0,-49.21658663114725,,2.485,0.0
1642896,IOT,Samsara Inc.,US,7373.0,Systems integration,2022Q2,pre,0,153523000.0,18.849360950900614,51.93828370099859,62.593610012424335,0,0,-42.84830286015776,,2.393,0.0
1642896,IOT,Samsara Inc.,US,7373.0,Systems integration,2022Q3,pre,0,169800000.0,18.95013183184152,49.184231103770024,51.93828370099859,0,0,-37.38280329799765,,2.297,0.0
1642896,IOT,Samsara Inc.,US,7373.0,Systems integration,2022Q4,transition,0,186577000.0,19.04435458047405,48.369012023665626,49.184231103770024,0,0,-32.15401684023218,,6.082,0.0
1642896,IOT,Samsara Inc.,US,7373.0,Systems integration,2023Q1,post,1,204320000.0,19.135197950248504,43.23670650916611,48.369012023665626,0,0,-37.110415035238844,,4.068,1.0
1642896,IOT,Samsara Inc.,US,7373.0,Systems integration,2023Q2,post,1,219257000.0,19.205755115730856,42.81703718661048,43.23670650916611,0,0,-31.813807540922294,,4.815,1.0
1642896,IOT,Samsara Inc.,US,7373.0,Systems integration,2023Q3,post,1,237534000.0,19.285821329087593,39.890459363957596,42.81703718661048,0,0,-23.05648875529398,,0.0,0.0
1642896,IOT,Samsara Inc.,US,7373.0,Systems integration,2023Q4,post,1,276274000.0,19.43690368485063,48.0750574829695,39.890459363957596,0,0,-44.52174290740352,,7.814,1.0
1642896,IOT,Samsara Inc.,US,7373.0,Systems integration,2024Q1,post,1,280726000.0,19.452889662621537,37.39526233359436,48.0750574829695,0,0,-23.50940062552097,,0.0,0.0
1642896,IOT,Samsara Inc.,US,7373.0,Systems integration,2024Q2,post,1,300202000.0,19.519966139366627,36.9178635117693,37.39526233359436,0,0,-19.384947468704404,,0.0,0.0
1642896,IOT,Samsara Inc.,US,7373.0,Systems integration,2024Q3,post,1,321981000.0,19.59000309555657,35.55154209502639,36.9178635117693,0,0,-14.712048226448143,,0.0,0.0
1642896,IOT,Samsara Inc.,US,7373.0,Systems integration,2024Q4,post,1,346290000.0,19.662787132259204,25.342956630012235,35.55154209502639,0,0,-5.316930896069768,,7.986,1.0
1642896,IOT,Samsara Inc.,US,7373.0,Systems integration,2025Q1,post,1,366884000.0,19.720556279761926,30.691136553080227,25.342956630012235,0,0,-9.064172872079459,,0.0,0.0
1642896,IOT,Samsara Inc.,US,7373.0,Systems integration,2025Q2,post,1,391480000.0,19.78544498652189,30.405526945190235,30.691136553080227,0,0,-6.799581076938796,,0.0,0.0
1642896,IOT,Samsara Inc.,US,7373.0,Systems integration,2025Q3,post,1,415975000.0,19.846135720265845,29.192405763072976,30.405526945190235,0,0,-0.41372678646553285,,0.0,0.0
1642896,IOT,Samsara Inc.,US,7373.0,Systems integration,2025Q4,post,1,444296000.0,19.912001564939658,28.30171243755234,29.192405763072976,0,0,2.0299530043034375,,,
1645070,,Sterling Check Corp.,US,7374.0,Data processing & managed services,2022Q1,pre,0,191972000.0,19.072860086024008,37.742699289660614,,0,0,8.32152605588315,22.051653366115893,0.767,0.0
1645070,,Sterling Check Corp.,US,7374.0,Data processing & managed services,2022Q2,pre,0,205591000.0,19.141399316268096,29.036327575818436,37.742699289660614,0,0,11.238818819889977,20.37345992772057,0.671,0.0
1645070,,Sterling Check Corp.,US,7374.0,Data processing & managed services,2022Q3,pre,0,199299000.0,19.11031676760897,17.54100391018949,29.036327575818436,0,1,10.02915217838524,21.28008670389716,0.634,0.0
1645070,,Sterling Check Corp.,US,7374.0,Data processing & managed services,2022Q4,transition,0,169920000.0,18.95083829601785,-2.136163889672808,17.54100391018949,1,1,-0.03766478342749529,28.736464218455744,4.147,0.0
1645070,,Sterling Check Corp.,US,7374.0,Data processing & managed services,2023Q1,post,1,179274000.0,19.004425919694764,-6.6145062821661496,-2.136163889672808,1,1,5.516137309370015,26.46842263797316,0.786,0.0
1645070,,Sterling Check Corp.,US,7374.0,Data processing & managed services,2023Q2,post,1,190384000.0,19.06455364317707,-7.39672456479126,-6.6145062821661496,1,1,4.638520043701151,23.589167156903944,0.977,0.0
1645070,,Sterling Check Corp.,US,7374.0,Data processing & managed services,2023Q3,post,1,180566000.0,19.011606919872715,-9.399445054917486,-7.39672456479126,1,1,8.334902473333852,23.471749941849517,0.984,0.0
1645070,,Sterling Check Corp.,US,7374.0,Data processing & managed services,2023Q4,post,1,169416000.0,18.947867786725556,-0.2966101694915254,-9.399445054917486,1,0,7.568942720876423,23.02734098314209,3.518,0.0
1645070,,Sterling Check Corp.,US,7374.0,Data processing & managed services,2024Q1,post,1,185999000.0,19.041251855318936,3.751241116949474,-0.2966101694915254,0,0,-3.808622627003371,32.19909784461207,0.705,0.0
1645070,,Sterling Check Corp.,US,7374.0,Data processing & managed services,2024Q2,post,1,200528000.0,19.11646444583344,5.328178838557863,3.751241116949474,0,,5.327435570094949,25.123174818479217,0.608,0.0
1650164,TOST,"Toast, Inc.",US,7374.0,Data processing & managed services,2022Q1,pre,0,535000000.0,20.09777730486028,89.71631205673759,,0,0,-18.878504672897193,,0.0,0.0
1650164,TOST,"Toast, Inc.",US,7374.0,Data processing & managed services,2022Q2,pre,0,675000000.0,20.330223248836806,58.45070422535211,89.71631205673759,0,0,-14.666666666666666,,0.0,0.0
1650164,TOST,"Toast, Inc.",US,7374.0,Data processing & managed services,2022Q3,pre,0,752000000.0,20.438246881914115,54.73251028806584,58.45070422535211,0,0,-11.303191489361703,,0.0,0.0
1650164,TOST,"Toast, Inc.",US,7374.0,Data processing & managed services,2022Q4,transition,0,769000000.0,20.46060152746992,50.489236790606654,54.73251028806584,0,0,-12.873862158647595,,0.0,0.0
1650164,TOST,"Toast, Inc.",US,7374.0,Data processing & managed services,2023Q1,post,1,819000000.0,20.523594641817343,53.084112149532714,50.489236790606654,0,0,-11.233211233211234,,0.0,0.0
1650164,TOST,"Toast, Inc.",US,7374.0,Data processing & managed services,2023Q2,post,1,978000000.0,20.70102022799909,44.888888888888886,53.084112149532714,0,0,-8.1799591002045,,3.02,0.0
1650164,TOST,"Toast, Inc.",US,7374.0,Data processing & managed services,2023Q3,post,1,1032000000.0,20.75476450400578,37.234042553191486,44.888888888888886,0,0,-5.717054263565891,,3.038,0.0
1650164,TOST,"Toast, Inc.",US,7374.0,Data processing & managed services,2023Q4,post,1,1036000000.0,20.758632980783702,34.72041612483745,37.234042553191486,0,0,-5.405405405405405,,2.01,1.0
1650164,TOST,"Toast, Inc.",US,7374.0,Data processing & managed services,2024Q1,post,1,1075000000.0,20.79558649852604,31.257631257631257,34.72041612483745,0,0,-5.209302325581396,,0.0,0.0
1650164,TOST,"Toast, Inc.",US,7374.0,Data processing & managed services,2024Q2,post,1,1242000000.0,20.9399888204577,26.993865030674847,31.257631257631257,0,0,0.40257648953301123,,0.0,0.0
1650164,TOST,"Toast, Inc.",US,7374.0,Data processing & managed services,2024Q3,post,1,1305000000.0,20.98946887772107,26.453488372093027,26.993865030674847,0,0,2.6053639846743293,,0.0,0.0
1650164,TOST,"Toast, Inc.",US,7374.0,Data processing & managed services,2024Q4,post,1,1338000000.0,21.01444179865245,29.150579150579148,26.453488372093027,0,0,2.4663677130044843,,4.565,1.0
1650164,TOST,"Toast, Inc.",US,7374.0,Data processing & managed services,2025Q1,post,1,1337000000.0,21.013694135066217,24.372093023255815,29.150579150579148,0,0,3.2161555721765147,,0.0,0.0
1650164,TOST,"Toast, Inc.",US,7374.0,Data processing & managed services,2025Q2,post,1,1550000000.0,21.161520767877565,24.798711755233494,24.372093023255815,0,0,5.161290322580645,,0.0,0.0
1650164,TOST,"Toast, Inc.",US,7374.0,Data processing & managed services,2025Q3,post,1,1633000000.0,21.213684650934738,25.134099616858236,24.798711755233494,0,0,5.143906919779547,,0.0,0.0
1650164,TOST,"Toast, Inc.",US,7374.0,Data processing & managed services,2025Q4,post,1,1633000000.0,21.213684650934738,22.04783258594918,25.134099616858236,0,0,5.20514390691978,,6.513,1.0
1652044,GOOGL,Alphabet Inc.,US,7370.0,IT consulting & application services,2019Q1,pre,0,36339000000.0,24.316157381649187,16.673088036987092,21.510998360300714,0,0,18.184319876716476,,0.467,0.0
1652044,GOOGL,Alphabet Inc.,US,7370.0,IT consulting & application services,2019Q2,pre,0,38944000000.0,24.385390553751527,19.251615273907586,16.673088036987092,0,0,23.57230895645029,,0.405,0.0
1652044,GOOGL,Alphabet Inc.,US,7370.0,IT consulting & application services,2019Q3,pre,0,40499000000.0,24.424543119396045,20.032602252519265,19.251615273907586,0,0,22.65981876095706,,0.401,0.0
1652044,GOOGL,Alphabet Inc.,US,7370.0,IT consulting & application services,2019Q4,pre,0,46075000000.0,24.553536340502298,17.31082594968938,20.032602252519265,0,0,20.110689093868693,,3.256,0.0
1652044,GOOGL,Alphabet Inc.,US,7370.0,IT consulting & application services,2020Q1,pre,0,41159000000.0,24.440708452184662,13.263986350752635,17.31082594968938,0,1,19.38093734055735,,0.83,0.0
1652044,GOOGL,Alphabet Inc.,US,7370.0,IT consulting & application services,2020Q2,pre,0,38297000000.0,24.368637401083415,-1.6613599013968776,13.263986350752635,1,0,16.66710186176463,,0.757,0.0
1652044,GOOGL,Alphabet Inc.,US,7370.0,IT consulting & application services,2020Q3,pre,0,46173000000.0,24.555661048612336,14.010222474629003,-1.6613599013968776,0,0,24.284755159941955,,0.747,0.0
1652044,GOOGL,Alphabet Inc.,US,7370.0,IT consulting & application services,2020Q4,pre,0,56898000000.0,24.764526028076055,23.489962018448182,14.010222474629003,0,0,27.507118000632712,,2.887,0.0
1652044,GOOGL,Alphabet Inc.,US,7370.0,IT consulting & application services,2021Q1,pre,0,55314000000.0,24.736291877990922,34.3910201899949,23.489962018448182,0,0,29.715804317171056,,0.456,0.0
1652044,GOOGL,Alphabet Inc.,US,7370.0,IT consulting & application services,2021Q2,pre,0,61880000000.0,24.848462862651278,61.579235971486014,34.3910201899949,0,0,31.2879767291532,,0.387,0.0
1652044,GOOGL,Alphabet Inc.,US,7370.0,IT consulting & application services,2021Q3,pre,0,65118000000.0,24.899466845638344,41.0304723539731,61.579235971486014,0,0,32.296753585798086,,0.386,0.0
1652044,GOOGL,Alphabet Inc.,US,7370.0,IT consulting & application services,2021Q4,pre,0,75325000000.0,25.045077921962775,32.386024113325604,41.0304723539731,0,0,29.054098904746102,,2.27,0.0
1652044,GOOGL,Alphabet Inc.,US,7370.0,IT consulting & application services,2022Q1,pre,0,68011000000.0,24.9429352937459,22.95440575622808,32.386024113325604,0,0,29.545220626075192,,0.479,0.0
1652044,GOOGL,Alphabet Inc.,US,7370.0,IT consulting & application services,2022Q2,pre,0,69685000000.0,24.967250923517884,12.613122171945701,22.95440575622808,0,0,27.9156202913109,,0.416,0.0
1652044,GOOGL,Alphabet Inc.,US,7370.0,IT consulting & application services,2022Q3,pre,0,69092000000.0,24.95870478677745,6.102767284007494,12.613122171945701,0,0,24.800266311584554,,0.395,0.0
1652044,GOOGL,Alphabet Inc.,US,7370.0,IT consulting & application services,2022Q4,transition,0,76048000000.0,25.054630556818065,0.9598406903418519,6.102767284007494,0,0,23.87965495476541,,5.29,0.0
1652044,GOOGL,Alphabet Inc.,US,7370.0,IT consulting & application services,2023Q1,post,1,69787000000.0,24.968713582950382,2.6113422828660067,0.9598406903418519,0,0,24.95450442059409,,0.463,0.0
1652044,GOOGL,Alphabet Inc.,US,7370.0,IT consulting & application services,2023Q2,post,1,74604000000.0,25.035459962021612,7.058907942885844,2.6113422828660067,0,0,29.271888906761028,,1.561,0.0
1652044,GOOGL,Alphabet Inc.,US,7370.0,IT consulting & application services,2023Q3,post,1,76693000000.0,25.063076276487212,11.00127366410004,7.058907942885844,0,0,27.829136948613304,,1.545,0.0
1652044,GOOGL,Alphabet Inc.,US,7370.0,IT consulting & application services,2023Q4,post,1,86310000000.0,25.181211303177978,13.494108983799705,11.00127366410004,0,0,27.455683003128257,,18.251010000000004,1.0
1652044,GOOGL,Alphabet Inc.,US,7370.0,IT consulting & application services,2024Q1,post,1,80539000000.0,25.112007376101925,15.406880937710463,13.494108983799705,0,0,31.62691366915407,,3.617,0.0
1652044,GOOGL,Alphabet Inc.,US,7370.0,IT consulting & application services,2024Q2,post,1,84742000000.0,25.16287718347122,13.589083695244222,15.406880937710463,0,0,32.362936914399,,4.372,0.0
1652044,GOOGL,Alphabet Inc.,US,7370.0,IT consulting & application services,2024Q3,post,1,88268000000.0,25.203643477967244,15.092642092498664,13.589083695244222,0,0,32.31182308424344,,5.72,1.0
1652044,GOOGL,Alphabet Inc.,US,7370.0,IT consulting & application services,2024Q4,post,1,96469000000.0,25.29248755015828,11.770362646275055,15.092642092498664,0,0,32.10565051985612,,18.251010000000004,1.0
1652044,GOOGL,Alphabet Inc.,US,7370.0,IT consulting & application services,2025Q1,post,1,90234000000.0,25.225672133123943,12.03764635766523,11.770362646275055,0,0,33.91847862224882,,3.544,0.0
1652044,GOOGL,Alphabet Inc.,US,7370.0,IT consulting & application services,2025Q2,post,1,96428000000.0,25.292062452820144,13.790092280097236,12.03764635766523,0,0,32.42937735927324,,3.385,0.0
1652044,GOOGL,Alphabet Inc.,US,7370.0,IT consulting & application services,2025Q3,post,1,102346000000.0,25.3516250667072,15.949154846603525,13.790092280097236,0,0,30.512184159615423,,3.368,0.0
1652044,GOOGL,Alphabet Inc.,US,7370.0,IT consulting & application services,2025Q4,post,1,113828000000.0,25.457954374068564,17.994381614819268,15.949154846603525,0,0,31.5686825737077,,18.251010000000004,1.0
1664998,,"KnowBe4, Inc.",US,7370.0,IT consulting & application services,2021Q1,pre,0,53550000.0,17.796126354858032,36.68385318290878,,0,0,5.163398692810457,,1.185,0.0
1664998,,"KnowBe4, Inc.",US,7370.0,IT consulting & application services,2021Q2,pre,0,59350000.0,17.898962679019952,43.04996505097737,36.68385318290878,0,0,-26.61331086773378,,1.123,0.0
1664998,,"KnowBe4, Inc.",US,7370.0,IT consulting & application services,2021Q3,pre,0,64091000.0,17.97581450641688,42.63998931719042,43.04996505097737,0,0,-1.060991402849074,,1.114,0.0
1664998,,"KnowBe4, Inc.",US,7370.0,IT consulting & application services,2021Q4,pre,0,69307000.0,18.054056469159963,40.61923022297969,42.63998931719042,0,0,10.276018295410276,,4.853,0.0
1664998,,"KnowBe4, Inc.",US,7370.0,IT consulting & application services,2022Q1,pre,0,75033000.0,18.13343857472897,40.11764705882353,40.61923022297969,0,0,3.4544800287873336,,1.771,0.0
1664998,,"KnowBe4, Inc.",US,7370.0,IT consulting & application services,2022Q2,pre,0,80762000.0,18.20701711583729,36.07750631844988,40.11764705882353,0,0,3.4892647532255268,,1.646,0.0
1664998,,"KnowBe4, Inc.",US,7370.0,IT consulting & application services,2022Q3,pre,0,85836000.0,18.26794905687852,33.928320669048695,36.07750631844988,0,,5.292651102101682,,1.545,0.0
1665300,PHUN,"Phunware, Inc.",US,7374.0,Data processing & managed services,2019Q1,pre,0,5315000.0,15.486043569758186,6.7269076305220885,,0,1,-62.276575729068675,,0.0,0.0
1665300,PHUN,"Phunware, Inc.",US,7374.0,Data processing & managed services,2019Q2,pre,0,5510000.0,15.522075181129097,-61.1561508635883,6.7269076305220885,1,0,-53.06715063520871,,0.0,0.0
1665300,PHUN,"Phunware, Inc.",US,7374.0,Data processing & managed services,2019Q3,pre,0,5637000.0,15.544862567063712,8.092042186001917,-61.1561508635883,0,1,-40.65992549228313,,0.0,0.0
1665300,PHUN,"Phunware, Inc.",US,7374.0,Data processing & managed services,2019Q4,pre,0,2688000.0,14.804307980625177,-58.66523143164694,8.092042186001917,1,1,-140.84821428571428,,0.0,0.0
1665300,PHUN,"Phunware, Inc.",US,7374.0,Data processing & managed services,2020Q1,pre,0,2640000.0,14.7862894751225,-50.32925682031985,-58.66523143164694,1,1,-146.28787878787878,,0.0,0.0
1665300,PHUN,"Phunware, Inc.",US,7374.0,Data processing & managed services,2020Q2,pre,0,2213000.0,14.609859619033188,-59.83666061705989,-50.32925682031985,1,1,-134.20695887934932,,0.0,0.0
1665300,PHUN,"Phunware, Inc.",US,7374.0,Data processing & managed services,2020Q3,pre,0,3130000.0,14.956543562516336,-44.4740109987582,-59.83666061705989,1,1,-239.5846645367412,,0.0,0.0
1665300,PHUN,"Phunware, Inc.",US,7374.0,Data processing & managed services,2020Q4,pre,0,2018000.0,14.51761747989569,-24.925595238095237,-44.4740109987582,1,1,-156.93756194251733,,0.0,0.0
1665300,PHUN,"Phunware, Inc.",US,7374.0,Data processing & managed services,2021Q4,pre,0,5401000.0,15.502094679575029,167.6412289395441,-30.990415335463258,0,0,-96.2969820403629,,0.0,0.0
1665300,PHUN,"Phunware, Inc.",US,7374.0,Data processing & managed services,2022Q1,pre,0,6778000.0,15.729192631149134,311.7861482381531,167.6412289395441,0,0,-74.09265269991148,,0.0,0.0
1665300,PHUN,"Phunware, Inc.",US,7374.0,Data processing & managed services,2022Q2,pre,0,5485000.0,15.517527651691468,281.96378830083563,311.7861482381531,0,0,-137.3746581586144,,0.0,0.0
1665300,PHUN,"Phunware, Inc.",US,7374.0,Data processing & managed services,2022Q3,pre,0,4758000.0,15.37533796984504,120.27777777777777,281.96378830083563,0,1,-165.5737704918033,,0.0,0.0
1666071,CDLX,"Cardlytics, Inc.",US,7370.0,IT consulting & application services,2019Q1,pre,0,35988000.0,17.398696107519147,10.011310488185126,21.782203432995466,0,0,-18.06435478492831,,0.0,0.0
1666071,CDLX,"Cardlytics, Inc.",US,7370.0,IT consulting & application services,2019Q2,pre,0,48730000.0,17.701805414819688,36.99746977790272,10.011310488185126,0,0,-11.249743484506464,,0.0,0.0
1666071,CDLX,"Cardlytics, Inc.",US,7370.0,IT consulting & application services,2019Q3,pre,0,56419000.0,17.848316539169776,63.14556705800706,36.99746977790272,0,0,-11.694641875963772,,0.0,0.0
1666071,CDLX,"Cardlytics, Inc.",US,7370.0,IT consulting & application services,2019Q4,pre,0,69293000.0,18.053854448957257,44.90683619481796,63.14556705800706,0,0,1.8125929026019945,,0.0,0.0
1666071,CDLX,"Cardlytics, Inc.",US,7370.0,IT consulting & application services,2020Q1,pre,0,45509000.0,17.633420666558706,26.456040902523064,44.90683619481796,0,1,-26.212397547737808,,0.0,0.0
1666071,CDLX,"Cardlytics, Inc.",US,7370.0,IT consulting & application services,2020Q2,pre,0,28222000.0,17.155612373599844,-42.08495793145906,26.456040902523064,1,1,-69.93834597122812,,0.0,0.0
1666071,CDLX,"Cardlytics, Inc.",US,7370.0,IT consulting & application services,2020Q3,pre,0,46079000.0,17.645867872727543,-18.327159290310004,-42.08495793145906,1,1,-35.024631610929056,,0.0,0.0
1666071,CDLX,"Cardlytics, Inc.",US,7370.0,IT consulting & application services,2020Q4,pre,0,67082000.0,18.021426309620914,-3.1907984933543068,-18.327159290310004,1,0,-9.118690557824753,,0.0,0.0
1666071,CDLX,"Cardlytics, Inc.",US,7370.0,IT consulting & application services,2021Q1,pre,0,53230000.0,17.79013270514894,16.965874881891494,-3.1907984933543068,0,0,-41.647567161375164,,0.0,0.0
1666071,CDLX,"Cardlytics, Inc.",US,7370.0,IT consulting & application services,2021Q2,pre,0,56763000.0,17.854395262982006,101.1303238608178,16.965874881891494,0,0,-77.91695294469989,,0.0,0.0
1666071,CDLX,"Cardlytics, Inc.",US,7370.0,IT consulting & application services,2021Q3,pre,0,62075000.0,17.943853889358504,34.71429501508279,101.1303238608178,0,0,-64.10471204188481,,0.0,0.0
1666071,CDLX,"Cardlytics, Inc.",US,7370.0,IT consulting & application services,2021Q4,pre,0,86686000.0,18.27780295235681,29.223934885662324,34.71429501508279,0,0,-18.929238862099993,,0.0,0.0
1666071,CDLX,"Cardlytics, Inc.",US,7370.0,IT consulting & application services,2022Q1,pre,0,63983000.0,17.974127981039377,20.20101446552696,29.223934885662324,0,0,55.727302564743766,,0.0,0.0
1666071,CDLX,"Cardlytics, Inc.",US,7370.0,IT consulting & application services,2022Q2,pre,0,69270000.0,18.05352246999879,22.033719148036575,20.20101446552696,0,0,-176.58293633607622,,0.0,0.0
1666071,CDLX,"Cardlytics, Inc.",US,7370.0,IT consulting & application services,2022Q3,pre,0,67285000.0,18.02444788715778,8.393072895690697,22.033719148036575,0,1,17.121200862004905,,0.0,0.0
1666071,CDLX,"Cardlytics, Inc.",US,7370.0,IT consulting & application services,2022Q4,transition,0,76647000.0,18.1547210235729,-11.580878111805829,8.393072895690697,1,1,-468.9965058226251,,0.0,0.0
1666071,CDLX,"Cardlytics, Inc.",US,7370.0,IT consulting & application services,2023Q1,post,1,59030000.0,17.893556347216872,-7.741118734663894,-11.580878111805829,1,0,20.713196679654413,,0.0,0.0
1666071,CDLX,"Cardlytics, Inc.",US,7370.0,IT consulting & application services,2023Q2,post,1,76701000.0,18.155425304062142,10.727587700303163,-7.741118734663894,0,0,-31.711450958918398,,0.0,0.0
1666071,CDLX,"Cardlytics, Inc.",US,7370.0,IT consulting & application services,2023Q3,post,1,73064000.0,18.10684632735365,8.58883852270194,10.727587700303163,0,1,-28.265630132486585,,0.0,0.0
1666071,CDLX,"Cardlytics, Inc.",US,7370.0,IT consulting & application services,2023Q4,post,1,76630000.0,18.15449920294659,-0.02217960259370882,8.58883852270194,1,0,-134.31032232806993,,1.425,1.0
1666071,CDLX,"Cardlytics, Inc.",US,7370.0,IT consulting & application services,2024Q1,post,1,62233000.0,17.946395963643102,5.426054548534644,-0.02217960259370882,0,1,-36.67828965339932,,2.251,1.0
1666071,CDLX,"Cardlytics, Inc.",US,7370.0,IT consulting & application services,2024Q2,post,1,64002000.0,17.974424890835675,-16.556498611491374,5.426054548534644,1,1,-24.705477953813944,,2.128,1.0
1666071,CDLX,"Cardlytics, Inc.",US,7370.0,IT consulting & application services,2024Q3,post,1,61110000.0,17.9281860768711,-16.360998576590386,-16.556498611491374,1,1,-243.07969235804285,,2.098,1.0
1666071,CDLX,"Cardlytics, Inc.",US,7370.0,IT consulting & application services,2024Q4,post,1,68269000.0,18.038966341564905,-10.91087041628605,-16.360998576590386,1,1,-12.179759480877118,,1.754,1.0
1666071,CDLX,"Cardlytics, Inc.",US,7370.0,IT consulting & application services,2025Q1,post,1,56435000.0,17.848600091371864,-9.316600517410377,-10.91087041628605,1,1,-19.69522459466643,,2.74,1.0
1666071,CDLX,"Cardlytics, Inc.",US,7370.0,IT consulting & application services,2025Q2,post,1,58041000.0,17.876660215328734,-9.313771444642354,-9.316600517410377,1,1,-16.48662152616254,,2.553,1.0
1666071,CDLX,"Cardlytics, Inc.",US,7370.0,IT consulting & application services,2025Q3,post,1,46962000.0,17.66484932201503,-23.151693667157584,-9.313771444642354,1,1,-146.61641327030367,,2.514,1.0
1666071,CDLX,"Cardlytics, Inc.",US,7370.0,IT consulting & application services,2025Q4,post,1,50890000.0,17.745176998565015,-25.45664943092765,-23.151693667157584,1,1,-24.126547455295736,,4.594,1.0
1667489,,Liberated Syndication Inc.,US,7374.0,Data processing & managed services,2019Q1,pre,0,6282979.0,15.65335478902712,24.18660270531229,106.87536285782895,0,0,24.88314858286173,,0.0,0.0
1667489,,Liberated Syndication Inc.,US,7374.0,Data processing & managed services,2019Q2,pre,0,5700635.0,15.556088130108641,7.442342871768466,24.18660270531229,0,0,15.241617819769202,,0.0,0.0
1667489,,Liberated Syndication Inc.,US,7374.0,Data processing & managed services,2019Q3,pre,0,6219119.0,15.643138814812106,8.603867159702606,7.442342871768466,0,0,13.306145130845703,,0.0,0.0
1667489,,Liberated Syndication Inc.,US,7374.0,Data processing & managed services,2019Q4,pre,0,5998896.0,15.607086010262252,1.3559871862454889,8.603867159702606,0,1,7.019224870709544,,0.0,0.0
1667489,,Liberated Syndication Inc.,US,7374.0,Data processing & managed services,2020Q1,pre,0,6252751.0,15.648532084870588,-0.48110935911133873,1.3559871862454889,1,0,22.684751079964645,,0.0,0.0
1667489,,Liberated Syndication Inc.,US,7374.0,Data processing & managed services,2020Q2,pre,0,6349742.0,15.663924740122196,11.386573601011115,-0.48110935911133873,0,0,30.3406500610576,,0.0,0.0
1667489,,Liberated Syndication Inc.,US,7374.0,Data processing & managed services,2020Q3,pre,0,6511707.0,15.689112191794765,4.704653504780983,11.386573601011115,0,,-21.7384320271167,,0.0,0.0
1671933,TTD,"Trade Desk, Inc.",US,7370.0,IT consulting & application services,2019Q1,pre,0,120987000.0,18.61119365977261,41.227762992015684,56.32842334969994,0,0,4.686453916536487,,0.7,0.0
1671933,TTD,"Trade Desk, Inc.",US,7370.0,IT consulting & application services,2019Q2,pre,0,159924000.0,18.890209260349863,42.366001086056635,41.227762992015684,0,0,19.97761436682424,,0.668,0.0
1671933,TTD,"Trade Desk, Inc.",US,7370.0,IT consulting & application services,2019Q3,pre,0,164203000.0,18.916614025217648,38.18893330528088,42.366001086056635,0,0,13.353592808901176,,0.659,0.0
1671933,TTD,"Trade Desk, Inc.",US,7370.0,IT consulting & application services,2019Q4,pre,0,215944000.0,19.19052967277569,34.57137871725204,38.18893330528088,0,0,24.381321083243805,,0.592,0.0
1671933,TTD,"Trade Desk, Inc.",US,7370.0,IT consulting & application services,2020Q1,pre,0,160660000.0,18.89480088870994,32.79112631935662,34.57137871725204,0,1,6.701107929789618,,0.688,0.0
1671933,TTD,"Trade Desk, Inc.",US,7370.0,IT consulting & application services,2020Q2,pre,0,139355000.0,18.75253519212402,-12.861734323803805,32.79112631935662,1,0,-11.317857270998529,,0.646,0.0
1671933,TTD,"Trade Desk, Inc.",US,7370.0,IT consulting & application services,2020Q3,pre,0,216113000.0,19.1913119770023,31.613307917638533,-12.861734323803805,0,0,19.79612517525554,,0.637,0.0
1671933,TTD,"Trade Desk, Inc.",US,7370.0,IT consulting & application services,2020Q4,pre,0,319905000.0,19.58353463468194,48.14257400066684,31.613307917638533,0,0,33.26987699473281,,0.563,0.0
1671933,TTD,"Trade Desk, Inc.",US,7370.0,IT consulting & application services,2021Q1,pre,0,219811000.0,19.208278644177465,36.817502800946095,48.14257400066684,0,0,3.5412240515715774,,0.679,0.0
1671933,TTD,"Trade Desk, Inc.",US,7370.0,IT consulting & application services,2021Q2,pre,0,279967000.0,19.450182297044968,100.90201284489252,36.817502800946095,0,0,22.126893526737078,,0.635,0.0
1671933,TTD,"Trade Desk, Inc.",US,7370.0,IT consulting & application services,2021Q3,pre,0,301091000.0,19.522923102603375,39.32109590815916,100.90201284489252,0,0,26.718168261422626,,0.625,0.0
1671933,TTD,"Trade Desk, Inc.",US,7370.0,IT consulting & application services,2021Q4,pre,0,395598000.0,19.795909102088324,23.661086885169034,39.32109590815916,0,0,-6.410800863502848,,0.567,0.0
1671933,TTD,"Trade Desk, Inc.",US,7370.0,IT consulting & application services,2022Q1,pre,0,315323000.0,19.569108068255083,43.45187456496718,23.661086885169034,0,0,-5.408105339604152,,0.663,0.0
1671933,TTD,"Trade Desk, Inc.",US,7370.0,IT consulting & application services,2022Q2,pre,0,376962000.0,19.747654944576084,34.64515460750731,43.45187456496718,0,0,0.4623808235312843,,0.626,0.0
1671933,TTD,"Trade Desk, Inc.",US,7370.0,IT consulting & application services,2022Q3,pre,0,394773000.0,19.793821474127213,31.11418142687759,34.64515460750731,0,0,7.296344988132421,,0.603,0.0
1671933,TTD,"Trade Desk, Inc.",US,7370.0,IT consulting & application services,2022Q4,transition,0,490737000.0,20.011418900703752,24.049413798856413,31.11418142687759,0,0,20.410117843162425,,0.551,0.0
1671933,TTD,"Trade Desk, Inc.",US,7370.0,IT consulting & application services,2023Q1,post,1,382803000.0,19.76303105450296,21.400278444642478,24.049413798856413,0,0,-6.0887715091052055,,0.61,0.0
1671933,TTD,"Trade Desk, Inc.",US,7370.0,IT consulting & application services,2023Q2,post,1,464254000.0,19.95594237420736,23.15671075599132,21.400278444642478,0,0,8.976336229736308,,0.578,0.0
1671933,TTD,"Trade Desk, Inc.",US,7370.0,IT consulting & application services,2023Q3,post,1,493266000.0,20.01655914025271,24.949274646442383,23.15671075599132,0,0,7.638272250672051,,0.58,0.0
1671933,TTD,"Trade Desk, Inc.",US,7370.0,IT consulting & application services,2023Q4,post,1,605797000.0,20.222055504415735,23.44636740249869,24.949274646442383,0,0,23.842640356423026,,0.88,0.0
1671933,TTD,"Trade Desk, Inc.",US,7370.0,IT consulting & application services,2024Q1,post,1,491253000.0,20.01246982799933,28.330498977280744,23.44636740249869,0,0,5.833450380964594,,0.598,0.0
1671933,TTD,"Trade Desk, Inc.",US,7370.0,IT consulting & application services,2024Q2,post,1,584550000.0,20.186352878417104,25.911677659212412,28.330498977280744,0,0,16.20391754340946,,0.579,0.0
1671933,TTD,"Trade Desk, Inc.",US,7370.0,IT consulting & application services,2024Q3,post,1,628016000.0,20.258076201814927,27.317917715796348,25.911677659212412,0,0,17.273604494153016,,0.56,0.0
1671933,TTD,"Trade Desk, Inc.",US,7370.0,IT consulting & application services,2024Q4,post,1,741012000.0,20.42352737746122,22.320183163667036,27.317917715796348,0,0,26.357063043513467,,0.847,0.0
1671933,TTD,"Trade Desk, Inc.",US,7370.0,IT consulting & application services,2025Q1,post,1,616021000.0,20.238791611825803,25.397911056013907,22.320183163667036,0,0,8.839309049529156,,0.546,0.0
1671933,TTD,"Trade Desk, Inc.",US,7370.0,IT consulting & application services,2025Q2,post,1,694039000.0,20.358038712857564,18.730476434864425,25.397911056013907,0,0,16.825711523415833,,1.023,0.0
1671933,TTD,"Trade Desk, Inc.",US,7370.0,IT consulting & application services,2025Q3,post,1,739433000.0,20.421394234252595,17.741108506789637,18.730476434864425,0,0,21.80305720734671,,3.898,0.0
1671933,TTD,"Trade Desk, Inc.",US,7370.0,IT consulting & application services,2025Q4,post,1,846791000.0,20.556964468920985,14.27493751788095,17.741108506789637,0,0,30.33487602017499,,7.129,1.0
1674440,YYAI,AIRWA INC.,US,7370.0,IT consulting & application services,2021Q2,pre,0,2537573.0,14.746718670391282,349.1398886696107,,0,0,-98.1537082874069,,3.018,0.0
1674440,YYAI,AIRWA INC.,US,7370.0,IT consulting & application services,2021Q3,pre,0,5400542.0,15.502009876868104,106.12220751522479,349.1398886696107,0,0,-468.9965058226251,,3.597,0.0
1674440,YYAI,AIRWA INC.,US,7370.0,IT consulting & application services,2021Q4,pre,0,4188774.0,15.247918647650188,1.5793297585050905,106.12220751522479,0,0,-65.91487151133005,,3.254,0.0
1674440,YYAI,AIRWA INC.,US,7370.0,IT consulting & application services,2022Q1,pre,0,3975783.0,15.19573226780441,13.739614185385665,1.5793297585050905,0,0,-159.77255297887234,,2.963,0.0
1674440,YYAI,AIRWA INC.,US,7370.0,IT consulting & application services,2022Q2,pre,0,3583336.0,15.091804768055606,41.21114939353469,13.739614185385665,0,1,-85.66224322809806,,2.544,0.0
1674440,YYAI,AIRWA INC.,US,7370.0,IT consulting & application services,2022Q3,pre,0,2443821.0,14.709073356002202,-54.74859745558872,41.21114939353469,1,1,-184.62596073935038,,2.666,0.0
1674440,YYAI,AIRWA INC.,US,7370.0,IT consulting & application services,2022Q4,transition,0,1605783.0,14.289122046053192,-61.66460639795797,-54.74859745558872,1,1,-64.80433533048986,,3.746,0.0
1674440,YYAI,AIRWA INC.,US,7370.0,IT consulting & application services,2025Q1,post,1,3000001.0,14.914123179965662,502.513410715471,544.2709220099438,0,1,42.68585243804919,,7.549,1.0
1674440,YYAI,AIRWA INC.,US,7370.0,IT consulting & application services,2025Q2,post,1,3000000.0,14.914122846632385,-8.333325694443808,527.8912243818044,1,1,49.71276666666667,,0.0,0.0
1674440,YYAI,AIRWA INC.,US,7370.0,IT consulting & application services,2025Q3,post,1,3000000.0,14.914122846632385,-8.333325694443808,-8.333325694443808,1,0,1.8228000000000002,,0.0,0.0
1674440,YYAI,AIRWA INC.,US,7370.0,IT consulting & application services,2025Q4,post,1,6973064.0,15.757565284420027,113.06586219993295,-8.333325694443808,0,0,-22.45886456800052,,,
1682325,,GTY Technology Holdings Inc.,US,7374.0,Data processing & managed services,2021Q1,pre,0,13259000.0,16.400187125096856,17.586023412557644,,0,0,-61.36209367222264,,0.0,0.0
1682325,,GTY Technology Holdings Inc.,US,7374.0,Data processing & managed services,2021Q2,pre,0,14317000.0,16.476958200342466,28.24256538874955,17.586023412557644,0,0,-55.325836418244045,,0.0,0.0
1682325,,GTY Technology Holdings Inc.,US,7374.0,Data processing & managed services,2021Q3,pre,0,16257000.0,16.60403414321636,29.157066814967823,28.24256538874955,0,0,-52.09448237682229,,0.0,0.0
1682325,,GTY Technology Holdings Inc.,US,7374.0,Data processing & managed services,2021Q4,pre,0,16620000.0,16.626117347391578,26.86054499656515,29.157066814967823,0,0,-126.20938628158844,,0.193,0.0
1682325,,GTY Technology Holdings Inc.,US,7374.0,Data processing & managed services,2022Q1,pre,0,15900000.0,16.58182966719046,19.918545893355457,26.86054499656515,0,,-47.9622641509434,,0.0,0.0
1683606,CARS,Cars.com Inc.,US,7374.0,Data processing & managed services,2019Q1,pre,0,154198000.0,18.853748048840778,-3.6003425920716188,4.9698208411841724,1,1,-2.629087277396594,,0.827,0.0
1683606,CARS,Cars.com Inc.,US,7374.0,Data processing & managed services,2019Q2,pre,0,148207000.0,18.814120503179083,-12.049586973034561,-3.6003425920716188,1,1,0.6774308905787176,,0.657,0.0
1683606,CARS,Cars.com Inc.,US,7374.0,Data processing & managed services,2019Q3,pre,0,152090000.0,18.839983008848552,-10.171753921753922,-12.049586973034561,1,1,-294.37569859951344,,0.599,0.0
1683606,CARS,Cars.com Inc.,US,7374.0,Data processing & managed services,2019Q4,pre,0,152187000.0,18.840620585814843,-7.398415537950422,-10.171753921753922,1,1,3.092248352355983,,0.952,0.0
1683606,CARS,Cars.com Inc.,US,7374.0,Data processing & managed services,2020Q1,pre,0,148094000.0,18.81335776525057,-3.958546803460486,-7.398415537950422,1,1,-468.9965058226251,,0.602,0.0
1683606,CARS,Cars.com Inc.,US,7374.0,Data processing & managed services,2020Q2,pre,0,102009000.0,18.44057160265016,-31.171267214099196,-3.958546803460486,1,1,-16.884784675861933,,0.514,0.0
1683606,CARS,Cars.com Inc.,US,7374.0,Data processing & managed services,2020Q3,pre,0,144392000.0,18.788042381226223,-5.061476757183247,-31.171267214099196,1,0,13.202254972574659,,0.479,0.0
1683606,CARS,Cars.com Inc.,US,7374.0,Data processing & managed services,2020Q4,pre,0,153008000.0,18.84600076557146,0.5394678914756188,-5.061476757183247,0,0,10.389652828610268,,0.665,0.0
1683606,CARS,Cars.com Inc.,US,7374.0,Data processing & managed services,2021Q1,pre,0,153295000.0,18.847874727524097,3.51195862087593,0.5394678914756188,0,0,10.794220294203987,,0.85,0.0
1683606,CARS,Cars.com Inc.,US,7374.0,Data processing & managed services,2021Q2,pre,0,155530000.0,18.86234919702074,52.46693919163995,3.51195862087593,0,0,10.06558220279046,,0.0,0.0
1683606,CARS,Cars.com Inc.,US,7374.0,Data processing & managed services,2021Q3,pre,0,156553000.0,18.86890516875972,8.422211756884037,52.46693919163995,0,0,7.712404105957726,,0.0,0.0
1683606,CARS,Cars.com Inc.,US,7374.0,Data processing & managed services,2021Q4,pre,0,158305000.0,18.880034109949396,3.461910488340479,8.422211756884037,0,0,2.5659328511417834,,0.479,0.0
1683606,CARS,Cars.com Inc.,US,7374.0,Data processing & managed services,2022Q1,pre,0,158207000.0,18.879414860106532,3.204279330702241,3.461910488340479,0,0,6.915623202513163,,0.0,0.0
1683606,CARS,Cars.com Inc.,US,7374.0,Data processing & managed services,2022Q2,pre,0,162873000.0,18.90848131397856,4.721275638140552,3.204279330702241,0,0,9.446010081474524,,0.0,0.0
1683606,CARS,Cars.com Inc.,US,7374.0,Data processing & managed services,2022Q3,pre,0,164595000.0,18.918998469075145,5.136918487668713,4.721275638140552,0,0,12.089674655973754,,0.0,0.0
1683606,CARS,Cars.com Inc.,US,7374.0,Data processing & managed services,2022Q4,transition,0,168201000.0,18.94067025078866,6.251223903224788,5.136918487668713,0,0,11.778170165456805,,0.233,0.0
1683606,CARS,Cars.com Inc.,US,7374.0,Data processing & managed services,2023Q1,post,1,167068000.0,18.933911473132202,5.600889973262877,6.251223903224788,0,0,7.499341585462208,,0.0,0.0
1683606,CARS,Cars.com Inc.,US,7374.0,Data processing & managed services,2023Q2,post,1,168176000.0,18.940521608045273,3.2559110472576793,5.600889973262877,0,0,7.333983445913804,,0.0,0.0
1683606,CARS,Cars.com Inc.,US,7374.0,Data processing & managed services,2023Q3,post,1,174333000.0,18.97647782131337,5.916340107536681,3.2559110472576793,0,0,8.21301761571246,,0.0,0.0
1683606,CARS,Cars.com Inc.,US,7374.0,Data processing & managed services,2023Q4,post,1,179606000.0,19.006276120846735,6.780577998941742,5.916340107536681,0,0,8.315423760898856,,2.515,1.0
1683606,CARS,Cars.com Inc.,US,7374.0,Data processing & managed services,2024Q1,post,1,180176000.0,19.009444708918945,7.845907055809611,6.780577998941742,0,0,7.0730840955510175,,0.0,0.0
1683606,CARS,Cars.com Inc.,US,7374.0,Data processing & managed services,2024Q2,post,1,178894000.0,19.00230400962698,6.373085339168489,7.845907055809611,0,0,5.319910114369404,,4.277,0.0
1683606,CARS,Cars.com Inc.,US,7374.0,Data processing & managed services,2024Q3,post,1,179651000.0,19.00652663788738,3.0504838441373696,6.373085339168489,0,0,6.3768083673344425,,4.18,0.0
1683606,CARS,Cars.com Inc.,US,7374.0,Data processing & managed services,2024Q4,post,1,180431000.0,19.0108589911847,0.4593387748738906,3.0504838441373696,0,1,10.963193686229085,,4.679,1.0
1683606,CARS,Cars.com Inc.,US,7374.0,Data processing & managed services,2025Q1,post,1,179024000.0,19.00303043302964,-0.6393748334961371,0.4593387748738906,1,1,3.6084547323263916,,3.499,0.0
1683606,CARS,Cars.com Inc.,US,7374.0,Data processing & managed services,2025Q2,post,1,178739000.0,19.001437199183282,-0.0866434872047134,-0.6393748334961371,1,0,8.529755677272448,,3.144,0.0
1683606,CARS,Cars.com Inc.,US,7374.0,Data processing & managed services,2025Q3,post,1,181573000.0,19.01716833466364,1.0698521021313547,-0.0866434872047134,0,0,9.255230678570053,,2.935,0.0
1683606,CARS,Cars.com Inc.,US,7374.0,Data processing & managed services,2025Q4,post,1,183903000.0,19.029919002655195,1.9242813042104738,1.0698521021313547,0,0,11.82090558609702,,7.474,1.0
1688568,DXC,DXC Technology Co,US,7374.0,Data processing & managed services,2019Q1,pre,0,5280000000.0,22.387191934664582,-5.444126074498568,-5.164835164835164,1,1,15.662878787878787,8.693181818181818,0.136,0.0
1688568,DXC,DXC Technology Co,US,7374.0,Data processing & managed services,2019Q2,pre,0,4890000000.0,22.31045814043319,-7.421431276031806,-5.444126074498568,1,1,13.333333333333334,10.368098159509202,0.0,0.0
1688568,DXC,DXC Technology Co,US,7374.0,Data processing & managed services,2019Q3,pre,0,4851000000.0,22.30245070620949,-3.231597845601436,-7.421431276031806,1,1,10.904968047825191,10.08039579468151,0.0,0.0
1688568,DXC,DXC Technology Co,US,7374.0,Data processing & managed services,2019Q4,pre,0,5021000000.0,22.33689495399898,-3.0320587099266127,-3.231597845601436,1,1,10.515833499302927,10.316669986058553,0.0,0.0
1688568,DXC,DXC Technology Co,US,7374.0,Data processing & managed services,2020Q1,pre,0,4815000000.0,22.2950018821965,-8.806818181818182,-3.0320587099266127,1,1,7.310488058151609,11.131879543094495,0.123,0.0
1688568,DXC,DXC Technology Co,US,7374.0,Data processing & managed services,2020Q2,pre,0,4502000000.0,22.227787579430952,-7.934560327198365,-8.806818181818182,1,1,4.22034651266104,11.97245668591737,0.0,0.0
1688568,DXC,DXC Technology Co,US,7374.0,Data processing & managed services,2020Q3,pre,0,4554000000.0,22.239271804587958,-6.122448979591836,-7.934560327198365,1,1,6.214317083882301,11.83574879227053,0.0,0.0
1688568,DXC,DXC Technology Co,US,7374.0,Data processing & managed services,2020Q4,pre,0,4288000000.0,22.17908626071491,-14.598685520812587,-6.122448979591836,1,1,6.996268656716417,12.056902985074627,0.0,0.0
1688568,DXC,DXC Technology Co,US,7374.0,Data processing & managed services,2021Q1,pre,0,4385000000.0,22.201455462770557,-8.93042575285566,-14.598685520812587,1,1,7.5028506271379705,10.741163055872292,0.251,0.0
1688568,DXC,DXC Technology Co,US,7374.0,Data processing & managed services,2021Q2,pre,0,4141000000.0,22.14420314150984,-8.018658374055976,-8.93042575285566,1,1,8.017387104564115,9.24897367785559,0.0,0.0
1688568,DXC,DXC Technology Co,US,7374.0,Data processing & managed services,2021Q3,pre,0,4027000000.0,22.116287518815728,-11.572244180939833,-8.018658374055976,1,1,8.59200397318103,9.187981127390117,0.0,0.0
1688568,DXC,DXC Technology Co,US,7374.0,Data processing & managed services,2021Q4,pre,0,4089000000.0,22.131566278328915,-4.6408582089552235,-11.572244180939833,1,1,8.681829298116899,8.314991440449989,0.0,0.0
1688568,DXC,DXC Technology Co,US,7374.0,Data processing & managed services,2022Q1,pre,0,4008000000.0,22.111558200728975,-8.597491448118586,-4.6408582089552235,1,1,8.532934131736528,7.859281437125748,0.27,0.0
1688568,DXC,DXC Technology Co,US,7374.0,Data processing & managed services,2022Q2,pre,0,3707000000.0,22.033488761115006,-10.480560251147066,-8.597491448118586,1,1,6.9867817642298355,9.414620987321284,0.0,0.0
1688568,DXC,DXC Technology Co,US,7374.0,Data processing & managed services,2022Q3,pre,0,3566000000.0,21.99471035638736,-11.447727837099578,-10.480560251147066,1,1,7.543466068424004,9.085810431856421,0.0,0.0
1688568,DXC,DXC Technology Co,US,7374.0,Data processing & managed services,2022Q4,transition,0,3566000000.0,21.99471035638736,-12.790413303986305,-11.447727837099578,1,1,8.665171060011218,8.8334268087493,0.0,0.0
1688568,DXC,DXC Technology Co,US,7374.0,Data processing & managed services,2023Q1,post,1,3591000000.0,22.001696552190356,-10.404191616766468,-12.790413303986305,1,1,8.32637148426622,10.776942355889723,0.29,0.0
1688568,DXC,DXC Technology Co,US,7374.0,Data processing & managed services,2023Q2,post,1,3446000000.0,21.96047997505215,-7.040733746965201,-10.404191616766468,1,1,6.500290191526408,9.489262913522925,0.0,0.0
1688568,DXC,DXC Technology Co,US,7374.0,Data processing & managed services,2023Q3,post,1,3436000000.0,21.95757384106842,-3.645541222658441,-7.040733746965201,1,1,7.305005820721769,9.545983701979045,0.0,0.0
1688568,DXC,DXC Technology Co,US,7374.0,Data processing & managed services,2023Q4,post,1,3399000000.0,21.94674710766039,-4.6831183398766125,-3.645541222658441,1,1,7.531626949102677,8.649602824360105,0.0,0.0
1688568,DXC,DXC Technology Co,US,7374.0,Data processing & managed services,2024Q1,post,1,3386000000.0,21.942915120657354,-5.708716235032024,-4.6831183398766125,1,1,8.210277613703484,8.712344949793266,3.048,0.0
1688568,DXC,DXC Technology Co,US,7374.0,Data processing & managed services,2024Q2,post,1,3236000000.0,21.897603836142657,-6.0940220545560075,-5.708716235032024,1,1,6.9221260815822,9.301606922126082,0.0,0.0
1688568,DXC,DXC Technology Co,US,7374.0,Data processing & managed services,2024Q3,post,1,3241000000.0,21.899147761105823,-5.675203725261933,-6.0940220545560075,1,1,8.608454180808392,10.891700092564022,0.0,0.0
1688568,DXC,DXC Technology Co,US,7374.0,Data processing & managed services,2024Q4,post,1,3225000000.0,21.894198787194146,-5.119152691968226,-5.675203725261933,1,1,8.868217054263566,10.387596899224807,0.0,0.0
1688568,DXC,DXC Technology Co,US,7374.0,Data processing & managed services,2025Q1,post,1,3169000000.0,21.876681917655194,-6.4087418783225045,-5.119152691968226,1,1,7.257810034711265,11.328494793310192,4.359,1.0
1688568,DXC,DXC Technology Co,US,7374.0,Data processing & managed services,2025Q2,post,1,3159000000.0,21.87352135876636,-2.379480840543881,-6.4087418783225045,1,1,6.837606837606838,12.47230136119025,0.51,0.0
1688568,DXC,DXC Technology Co,US,7374.0,Data processing & managed services,2025Q3,post,1,3161000000.0,21.874154270179893,-2.468373958654736,-2.379480840543881,1,1,8.035431825371719,11.5786143625435,0.442,0.0
1688568,DXC,DXC Technology Co,US,7374.0,Data processing & managed services,2025Q4,post,1,3194000000.0,21.884539886739233,-0.9612403100775194,-2.468373958654736,1,1,8.23418910457107,9.674389480275517,1.305,0.0
1691077,,"EVmo, Inc.",US,7374.0,Data processing & managed services,2021Q4,pre,0,2564835.0,14.757404707032526,15.42070290104862,31.550723118994835,0,0,-92.3733885415631,,0.331,0.0
1691077,,"EVmo, Inc.",US,7374.0,Data processing & managed services,2022Q1,pre,0,2459709.0,14.715553608228488,7.1987228768219405,15.42070290104862,0,0,-43.01382805852237,,0.0,0.0
1691077,,"EVmo, Inc.",US,7374.0,Data processing & managed services,2022Q2,pre,0,2876626.0,14.872128637559248,8.466665636030244,7.1987228768219405,0,0,-59.00269969054024,,0.0,0.0
1691077,,"EVmo, Inc.",US,7374.0,Data processing & managed services,2022Q3,pre,0,3551699.0,15.082936638512486,30.37681063659523,8.466665636030244,0,0,-22.32607549232072,,0.0,0.0
1691077,,"EVmo, Inc.",US,7374.0,Data processing & managed services,2022Q4,transition,0,3670393.0,15.115809298766285,43.104449214081995,30.37681063659523,0,0,-27.35598068108783,,0.0,0.0
1691077,,"EVmo, Inc.",US,7374.0,Data processing & managed services,2023Q1,post,1,3844136.0,15.162059428259164,56.284178331664435,43.104449214081995,0,,-73.21894958971275,,0.0,0.0
1704760,,"American Virtual Cloud Technologies, Inc.",US,7373.0,Systems integration,2022Q1,pre,0,4094000.0,15.225033045203372,16.53857102191859,,0,1,-301.07474352711284,168.54553583996469,0.0,0.0
1704760,,"American Virtual Cloud Technologies, Inc.",US,7373.0,Systems integration,2022Q2,pre,0,3724000.0,15.130308917379095,-24.843592330978808,16.53857102191859,1,0,-468.9965058226251,168.54553583996469,0.0,0.0
1704760,,"American Virtual Cloud Technologies, Inc.",US,7373.0,Systems integration,2022Q3,pre,0,4738000.0,15.371125663700868,14.223722275795565,-24.843592330978808,0,1,-257.2815533980583,168.54553583996469,0.0,0.0
1704760,,"American Virtual Cloud Technologies, Inc.",US,7373.0,Systems integration,2022Q4,transition,0,4255000.0,15.263605319989612,-42.75528050585228,14.223722275795565,1,1,-203.00822561692127,152.5734430082256,0.0,0.0
1704760,,"American Virtual Cloud Technologies, Inc.",US,7373.0,Systems integration,2023Q1,post,1,4063000.0,15.217432174969863,-0.7572056668295066,-42.75528050585228,1,,-212.72458774304698,165.44425301501354,0.0,0.0
1708055,RBBN,Ribbon Communications Inc.,US,7373.0,Systems integration,2019Q1,pre,0,118928000.0,18.594028825947213,-1.8583924740056115,14.146581675922635,1,0,-30.46212834656263,,0.722,0.0
1708055,RBBN,Ribbon Communications Inc.,US,7373.0,Systems integration,2019Q2,pre,0,145421000.0,18.795143541795742,5.867749943579327,-1.8583924740056115,0,1,-4.87962536359948,,0.667,0.0
1708055,RBBN,Ribbon Communications Inc.,US,7373.0,Systems integration,2019Q3,pre,0,137653000.0,18.740246583721497,-9.716793031980481,5.867749943579327,1,1,1.951283299310585,,0.664,0.0
1708055,RBBN,Ribbon Communications Inc.,US,7373.0,Systems integration,2019Q4,pre,0,161109000.0,18.897591712508547,-3.467428817946506,-9.716793031980481,1,0,-92.37348627326841,,0.788,0.0
1708055,RBBN,Ribbon Communications Inc.,US,7373.0,Systems integration,2020Q1,pre,0,157982000.0,18.87799166045077,32.83835598008879,-3.467428817946506,0,0,-18.19194591788938,,0.301,0.0
1708055,RBBN,Ribbon Communications Inc.,US,7373.0,Systems integration,2020Q2,pre,0,210493000.0,19.16496295637701,44.74731985064055,32.83835598008879,0,0,0.7563196875905612,,0.261,0.0
1708055,RBBN,Ribbon Communications Inc.,US,7373.0,Systems integration,2020Q3,pre,0,231118000.0,19.258438960571485,67.89899239391805,44.74731985064055,0,0,5.156240535137895,,0.249,0.0
1708055,RBBN,Ribbon Communications Inc.,US,7373.0,Systems integration,2020Q4,pre,0,244202000.0,19.31350630961553,51.57564133598992,67.89899239391805,0,0,6.920500241603262,,0.489,0.0
1708055,RBBN,Ribbon Communications Inc.,US,7373.0,Systems integration,2021Q1,pre,0,192772000.0,19.077018701378314,22.02149611981112,51.57564133598992,0,0,-6.5382939431037705,,0.0,0.0
1708055,RBBN,Ribbon Communications Inc.,US,7373.0,Systems integration,2021Q2,pre,0,211210000.0,19.168363457160325,0.34062890452414096,22.02149611981112,0,1,6.13228540315326,,0.0,0.0
1708055,RBBN,Ribbon Communications Inc.,US,7373.0,Systems integration,2021Q3,pre,0,210398000.0,19.164511533079228,-8.965117385924074,0.34062890452414096,1,1,0.9467770606184469,,0.0,0.0
1708055,RBBN,Ribbon Communications Inc.,US,7373.0,Systems integration,2021Q4,pre,0,230577000.0,19.256095421015694,-5.579397384132808,-8.965117385924074,1,1,-52.10233457803683,,0.509,0.0
1708055,RBBN,Ribbon Communications Inc.,US,7373.0,Systems integration,2022Q1,pre,0,173198000.0,18.969946006681827,-10.153964268669725,-5.579397384132808,1,1,-22.548759223547616,,0.0,0.0
1708055,RBBN,Ribbon Communications Inc.,US,7373.0,Systems integration,2022Q2,pre,0,205796000.0,19.142395944829367,-2.563325600113631,-10.153964268669725,1,1,-3.5175610799043717,,0.0,0.0
1708055,RBBN,Ribbon Communications Inc.,US,7373.0,Systems integration,2022Q3,pre,0,207127000.0,19.14884268966921,-1.5546725729332027,-2.563325600113631,1,0,-1.591294230110029,,0.0,0.0
1708055,RBBN,Ribbon Communications Inc.,US,7373.0,Systems integration,2022Q4,transition,0,233639000.0,19.2692877470382,1.3279728680657654,-1.5546725729332027,0,0,0.5414335791541652,,0.271,0.0
1708055,RBBN,Ribbon Communications Inc.,US,7373.0,Systems integration,2023Q1,post,1,186159000.0,19.042111705220634,7.483342763773254,1.3279728680657654,0,0,-18.90265848011646,,0.0,0.0
1708055,RBBN,Ribbon Communications Inc.,US,7373.0,Systems integration,2023Q2,post,1,210618000.0,19.16555662409726,2.3430970475616633,7.483342763773254,0,1,-3.1440807528321417,,0.0,0.0
1708055,RBBN,Ribbon Communications Inc.,US,7373.0,Systems integration,2023Q3,post,1,203161000.0,19.12950932611399,-1.9147672683908907,2.3430970475616633,1,1,0.4213407100772294,,0.0,0.0
1708055,RBBN,Ribbon Communications Inc.,US,7373.0,Systems integration,2023Q4,post,1,226401000.0,19.237818321244678,-3.0979416963777453,-1.9147672683908907,1,1,7.36304168267808,,1.247,1.0
1708055,RBBN,Ribbon Communications Inc.,US,7373.0,Systems integration,2024Q1,post,1,179664000.0,19.006598997794455,-3.4889529917973348,-3.0979416963777453,1,1,-7.506233858758573,,0.0,0.0
1708055,RBBN,Ribbon Communications Inc.,US,7373.0,Systems integration,2024Q2,post,1,192620000.0,19.076229894096993,-8.54532850943414,-3.4889529917973348,1,0,-1.0045685806250648,,0.0,0.0
1708055,RBBN,Ribbon Communications Inc.,US,7373.0,Systems integration,2024Q3,post,1,210238000.0,19.163750780277677,3.483444164972608,-8.54532850943414,0,0,-0.44092885206290017,,0.0,0.0
1708055,RBBN,Ribbon Communications Inc.,US,7373.0,Systems integration,2024Q4,post,1,251359000.0,19.342392754105937,11.023802898397092,3.483444164972608,0,0,13.216156970707235,,4.246,1.0
1708055,RBBN,Ribbon Communications Inc.,US,7373.0,Systems integration,2025Q1,post,1,181279000.0,19.015547838900424,0.8989001692047378,11.023802898397092,0,0,-10.81757953210245,,0.0,0.0
1708055,RBBN,Ribbon Communications Inc.,US,7373.0,Systems integration,2025Q2,post,1,220583000.0,19.21178459925754,14.517184093032915,0.8989001692047378,0,0,1.915832135749355,,0.0,0.0
1708055,RBBN,Ribbon Communications Inc.,US,7373.0,Systems integration,2025Q3,post,1,215371000.0,19.18787268038221,2.4415186598046024,14.517184093032915,0,1,1.282902526338272,,0.0,0.0
1708055,RBBN,Ribbon Communications Inc.,US,7373.0,Systems integration,2025Q4,post,1,227323000.0,19.241882471561084,-9.56241869199034,2.4415186598046024,1,1,4.089775341694417,,10.046,1.0
1710583,,"Switch, Inc.",US,7370.0,IT consulting & application services,2019Q1,pre,0,107442000.0,18.49246172504695,9.952208929868906,3.912290592783505,0,0,14.580890154688111,31.878594962863684,0.0,0.0
1710583,,"Switch, Inc.",US,7370.0,IT consulting & application services,2019Q2,pre,0,111970000.0,18.53374153623638,9.601511339943816,9.952208929868906,0,0,18.69607930695722,29.39983924265428,0.0,0.0
1710583,,"Switch, Inc.",US,7370.0,IT consulting & application services,2019Q3,pre,0,122353000.0,18.622420867372536,19.057488712439667,9.601511339943816,0,0,17.964414440185365,30.13330282052749,0.0,0.0
1710583,,"Switch, Inc.",US,7370.0,IT consulting & application services,2019Q4,pre,0,120545000.0,18.60753368516554,16.791326757997947,19.057488712439667,0,0,15.22004230785184,32.075158654444394,0.0,0.0
1710583,,"Switch, Inc.",US,7370.0,IT consulting & application services,2020Q1,pre,0,128096000.0,18.668290540774436,19.22339494797193,16.791326757997947,0,0,16.35570197351986,31.317137147139647,0.0,0.0
1710583,,"Switch, Inc.",US,7370.0,IT consulting & application services,2020Q2,pre,0,126917000.0,18.65904388746326,13.349111369116729,19.22339494797193,0,0,19.919317349133685,26.346352340506,0.0,0.0
1710583,,"Switch, Inc.",US,7370.0,IT consulting & application services,2020Q3,pre,0,128785000.0,18.67365490522525,5.256920549557428,13.349111369116729,0,0,17.797880187910085,24.47179407539698,0.0,0.0
1710583,,"Switch, Inc.",US,7370.0,IT consulting & application services,2020Q4,pre,0,127749000.0,18.665577959228802,5.976191463768718,5.256920549557428,0,0,20.555933901635235,24.727395126380635,0.0,0.0
1710583,,"Switch, Inc.",US,7370.0,IT consulting & application services,2021Q1,pre,0,130866000.0,18.689684456882045,2.1624406694978764,5.976191463768718,0,0,18.47309461586661,26.743386364678372,0.0,0.0
1710583,,"Switch, Inc.",US,7370.0,IT consulting & application services,2021Q2,pre,0,141690000.0,18.76915213054041,11.639890637188085,2.1624406694978764,0,0,17.517820594255067,28.142423600818688,0.0,0.0
1710583,,"Switch, Inc.",US,7370.0,IT consulting & application services,2021Q3,pre,0,158104000.0,18.878763602302406,22.76585006017782,11.639890637188085,0,0,11.287506957445732,27.099251125841217,0.0,0.0
1710583,,"Switch, Inc.",US,7370.0,IT consulting & application services,2021Q4,pre,0,161385000.0,18.899303372678258,26.329756005917854,22.76585006017782,0,0,-6.700746661709577,27.05455897388233,0.0,0.0
1710583,,"Switch, Inc.",US,7370.0,IT consulting & application services,2022Q1,pre,0,164609000.0,18.919083522719745,25.784390139532043,26.329756005917854,0,0,16.55255787958131,26.044140964345814,0.0,0.0
1710583,,"Switch, Inc.",US,7370.0,IT consulting & application services,2022Q2,pre,0,168185000.0,18.94057512197823,18.699273060907615,25.784390139532043,0,0,12.596842762434225,27.140945982103045,0.0,0.0
1710583,,"Switch, Inc.",US,7370.0,IT consulting & application services,2022Q3,pre,0,174467000.0,18.977246169975025,10.349516773769164,18.699273060907615,0,,4.305685315847696,23.140765875495077,0.0,0.0
1713445,RDDT,"Reddit, Inc.",US,7374.0,Data processing & managed services,2024Q1,post,1,242963000.0,19.308419726337092,48.38341272749481,,0,0,-242.52869778525948,,11.544,1.0
1713445,RDDT,"Reddit, Inc.",US,7374.0,Data processing & managed services,2024Q2,post,1,281184000.0,19.454519817277706,53.62643486622485,48.38341272749481,0,0,-11.038679298964379,,11.286,1.0
1713445,RDDT,"Reddit, Inc.",US,7374.0,Data processing & managed services,2024Q3,post,1,348351000.0,19.668721150112326,67.87352776760413,53.62643486622485,0,0,1.9675557124853953,,11.528,1.0
1713445,RDDT,"Reddit, Inc.",US,7374.0,Data processing & managed services,2024Q4,post,1,427707000.0,19.873948939675316,71.25405405405405,67.87352776760413,0,0,12.361733616704894,,9.631,1.0
1713445,RDDT,"Reddit, Inc.",US,7374.0,Data processing & managed services,2025Q1,post,1,392361000.0,19.787692892336924,61.490021114326055,71.25405405405405,0,0,0.994747184353185,,10.953,1.0
1713445,RDDT,"Reddit, Inc.",US,7374.0,Data processing & managed services,2025Q2,post,1,499627000.0,20.02937237799,77.68685273699784,61.490021114326055,0,0,13.552310023277364,,10.939,1.0
1713445,RDDT,"Reddit, Inc.",US,7374.0,Data processing & managed services,2025Q3,post,1,584911000.0,20.186970256870023,67.90851755843961,77.68685273699784,0,0,23.685996672998115,,10.904,1.0
1713445,RDDT,"Reddit, Inc.",US,7374.0,Data processing & managed services,2025Q4,post,1,725607000.0,20.4025191039072,69.65048502830209,67.90851755843961,0,0,31.94952639652043,,12.658,1.0
1713683,ZS,"Zscaler, Inc.",US,7371.0,IT consulting & application services,2019Q1,pre,0,79128000.0,18.186577352401812,60.95030815857454,65.20366417644966,0,0,-17.107724193711455,,0.0,0.0
1713683,ZS,"Zscaler, Inc.",US,7371.0,IT consulting & application services,2019Q2,pre,0,86108000.0,18.271112880296474,53.28799800619504,60.95030815857454,0,0,-9.210526315789473,,0.0,0.0
1713683,ZS,"Zscaler, Inc.",US,7371.0,IT consulting & application services,2019Q3,pre,0,93590000.0,18.35443409813344,47.856172390912825,53.28799800619504,0,0,-19.526658831071693,,0.0,0.0
1713683,ZS,"Zscaler, Inc.",US,7371.0,IT consulting & application services,2019Q4,pre,0,101268000.0,18.433281025928103,36.29242819843342,47.856172390912825,0,0,-29.900857131571673,,0.0,0.0
1713683,ZS,"Zscaler, Inc.",US,7371.0,IT consulting & application services,2020Q1,pre,0,110524000.0,18.520743249908893,39.677484581943176,36.29242819843342,0,0,-18.560674604610764,,0.0,0.0
1713683,ZS,"Zscaler, Inc.",US,7371.0,IT consulting & application services,2020Q2,pre,0,125887000.0,18.65089523713043,46.19663678171598,39.677484581943176,0,0,-35.65658090191997,,0.265,0.0
1713683,ZS,"Zscaler, Inc.",US,7371.0,IT consulting & application services,2020Q3,pre,0,142578000.0,18.77539977634258,52.343199059728605,46.19663678171598,0,0,-29.925374181149966,,0.0,0.0
1713683,ZS,"Zscaler, Inc.",US,7371.0,IT consulting & application services,2020Q4,pre,0,157044000.0,18.872036578825618,55.07761583125963,52.343199059728605,0,0,-34.3203178726981,,0.0,0.0
1713683,ZS,"Zscaler, Inc.",US,7371.0,IT consulting & application services,2021Q1,pre,0,176404000.0,18.988287377016835,59.60696319351453,55.07761583125963,0,0,-24.85771297703,,0.0,0.0
1713683,ZS,"Zscaler, Inc.",US,7371.0,IT consulting & application services,2021Q2,pre,0,197074000.0,19.099089850687047,56.548333028827436,59.60696319351453,0,0,-34.19882886631417,,0.131,0.0
1713683,ZS,"Zscaler, Inc.",US,7371.0,IT consulting & application services,2021Q3,pre,0,230517000.0,19.255835170392878,61.6778184572655,56.548333028827436,0,0,-32.26269646056473,,0.0,0.0
1713683,ZS,"Zscaler, Inc.",US,7371.0,IT consulting & application services,2021Q4,pre,0,255563000.0,19.358979512555795,62.733374086243344,61.6778184572655,0,0,-32.84199982000524,,0.0,0.0
1713683,ZS,"Zscaler, Inc.",US,7371.0,IT consulting & application services,2022Q1,pre,0,286807000.0,19.47432007364433,62.585315525725036,62.733374086243344,0,0,-30.19347505465348,,0.0,0.0
1713683,ZS,"Zscaler, Inc.",US,7371.0,IT consulting & application services,2022Q2,pre,0,318059000.0,19.577747458126233,61.390645138374424,62.585315525725036,0,0,-25.947701527075168,,0.137,0.0
1713683,ZS,"Zscaler, Inc.",US,7371.0,IT consulting & application services,2022Q3,pre,0,355548000.0,19.68917081919009,54.239383646325436,61.390645138374424,0,0,-19.431131661547806,,0.0,0.0
1713683,ZS,"Zscaler, Inc.",US,7371.0,IT consulting & application services,2022Q4,transition,0,387598000.0,19.775479278008852,51.664364559815,54.239383646325436,0,0,-16.831356198948395,,0.0,0.0
1713683,ZS,"Zscaler, Inc.",US,7371.0,IT consulting & application services,2023Q1,post,1,418800000.0,19.852904036960656,46.021540617906815,51.664364559815,0,0,-13.310888252148997,,0.775,0.0
1713683,ZS,"Zscaler, Inc.",US,7371.0,IT consulting & application services,2023Q2,post,1,455006000.0,19.935821163641467,43.05710575710796,46.021540617906815,0,0,-9.791519232713416,,4.231,1.0
1713683,ZS,"Zscaler, Inc.",US,7371.0,IT consulting & application services,2023Q3,post,1,496703000.0,20.023502819922435,39.70068738960703,43.05710575710796,0,0,-9.272543149527987,,4.595,1.0
1713683,ZS,"Zscaler, Inc.",US,7371.0,IT consulting & application services,2023Q4,post,1,524999000.0,20.078906915792178,35.4493573238252,39.70068738960703,0,0,-8.658492682843205,,4.267,1.0
1713683,ZS,"Zscaler, Inc.",US,7371.0,IT consulting & application services,2024Q1,post,1,553201000.0,20.13123196541774,32.091929321872016,35.4493573238252,0,0,-0.5446483285460438,,4.453,1.0
1713683,ZS,"Zscaler, Inc.",US,7371.0,IT consulting & application services,2024Q2,post,1,592868000.0,20.200482335219032,30.298941112864448,32.091929321872016,0,0,-4.545699885977992,,4.661,1.0
1713683,ZS,"Zscaler, Inc.",US,7371.0,IT consulting & application services,2024Q3,post,1,627955000.0,20.2579790658141,26.42464410321661,30.298941112864448,0,0,-4.883630196431273,,4.874,1.0
1713683,ZS,"Zscaler, Inc.",US,7371.0,IT consulting & application services,2024Q4,post,1,647900000.0,20.289246921420187,23.409758875731193,26.42464410321661,0,0,-6.195400524772341,,4.692,1.0
1713683,ZS,"Zscaler, Inc.",US,7371.0,IT consulting & application services,2025Q1,post,1,678034000.0,20.33470799213995,22.56557743026495,23.409758875731193,0,0,-3.7477471631216135,,4.569,1.0
1713683,ZS,"Zscaler, Inc.",US,7371.0,IT consulting & application services,2025Q2,post,1,719226000.0,20.39368619174744,21.31300727986668,22.56557743026495,0,0,-4.48287464579979,,18.251010000000004,1.0
1713683,ZS,"Zscaler, Inc.",US,7371.0,IT consulting & application services,2025Q3,post,1,788112000.0,20.485150769702056,25.5045345605975,21.31300727986668,0,0,-4.613811234951378,,10.518,1.0
1713683,ZS,"Zscaler, Inc.",US,7371.0,IT consulting & application services,2025Q4,post,1,815751000.0,20.51961971930272,25.90693008180275,25.5045345605975,0,0,-6.346667058943231,,,
1717115,TEM,"Tempus AI, Inc.",US,7370.0,IT consulting & application services,2025Q1,post,1,255737000.0,19.359660130614536,75.37854889589906,,0,0,-26.85923429147914,60.46328845650023,9.566,1.0
1717115,TEM,"Tempus AI, Inc.",US,7370.0,IT consulting & application services,2025Q2,post,1,314635000.0,19.566923794784344,89.57455910441107,75.37854889589906,0,0,-19.633543629920382,57.43544106663276,12.668,1.0
1717115,TEM,"Tempus AI, Inc.",US,7370.0,IT consulting & application services,2025Q3,post,1,334206000.0,19.627268127285774,84.71665681012995,89.57455910441107,0,0,-18.251018832696005,56.22011573700053,13.674,1.0
1717115,TEM,"Tempus AI, Inc.",US,7370.0,IT consulting & application services,2025Q4,post,1,367211000.0,19.72144717268894,82.98335658760216,84.71665681012995,0,0,-16.724172206170294,56.78152342930903,18.251010000000004,1.0
1719489,,"Kaleyra, Inc.",US,7374.0,Data processing & managed services,2020Q1,pre,0,33633000.0,17.33101828580384,21.309287646528404,,0,0,-28.486902744328486,,0.0,0.0
1719489,,"Kaleyra, Inc.",US,7374.0,Data processing & managed services,2020Q2,pre,0,31199000.0,17.255896600984006,1.0624858281234817,21.309287646528404,0,0,-24.10013141446841,,0.0,0.0
1719489,,"Kaleyra, Inc.",US,7374.0,Data processing & managed services,2020Q3,pre,0,38268000.0,17.460124595780194,8.318944776246143,1.0624858281234817,0,0,-12.067523779659245,,0.0,0.0
1719489,,"Kaleyra, Inc.",US,7374.0,Data processing & managed services,2020Q4,pre,0,44268000.0,17.605772626366814,24.23315466000617,8.318944776246143,0,0,-10.50871961687901,,0.294,0.0
1719489,,"Kaleyra, Inc.",US,7374.0,Data processing & managed services,2021Q1,pre,0,39714000.0,17.497214328329115,18.08045669431808,24.23315466000617,0,0,-25.19262728508838,,0.0,0.0
1719489,,"Kaleyra, Inc.",US,7374.0,Data processing & managed services,2021Q2,pre,0,53992000.0,17.80434644540538,73.05682874451104,18.08045669431808,0,0,-20.082604830345236,,0.0,0.0
1719489,,"Kaleyra, Inc.",US,7374.0,Data processing & managed services,2021Q3,pre,0,84025000.0,18.246624931575443,119.5698756140901,73.05682874451104,0,0,-8.872359416840228,,0.0,0.0
1719489,,"Kaleyra, Inc.",US,7374.0,Data processing & managed services,2021Q4,pre,0,90008000.0,18.315409113233045,103.3252010481612,119.5698756140901,0,0,-5.195093769442717,,0.313,0.0
1719489,,"Kaleyra, Inc.",US,7374.0,Data processing & managed services,2022Q1,pre,0,80481000.0,18.203531689685825,102.65145792415773,103.3252010481612,0,0,-11.968042146593607,,0.0,0.0
1719489,,"Kaleyra, Inc.",US,7374.0,Data processing & managed services,2022Q2,pre,0,81109000.0,18.211304487034514,50.22410727515187,102.65145792415773,0,1,-14.098312147850422,,0.0,0.0
1719489,,"Kaleyra, Inc.",US,7374.0,Data processing & managed services,2022Q3,pre,0,83916000.0,18.245326856474005,-0.12972329663790538,50.22410727515187,1,0,-11.005052671719339,,0.0,0.0
1719489,,"Kaleyra, Inc.",US,7374.0,Data processing & managed services,2022Q4,transition,0,93662000.0,18.35520311532469,4.0596391431872725,-0.12972329663790538,0,0,-61.06531998035489,,0.193,0.0
1719489,,"Kaleyra, Inc.",US,7374.0,Data processing & managed services,2023Q1,post,1,83618000.0,18.241769365883627,3.897814390974267,4.0596391431872725,0,0,-5.204621014614078,,0.0,0.0
1719489,,"Kaleyra, Inc.",US,7374.0,Data processing & managed services,2023Q2,post,1,86752000.0,18.278564031280528,6.957304368195885,3.897814390974267,0,,-5.204490962744375,,0.0,0.0
1720420,IBEX,IBEX Ltd,US,7374.0,Data processing & managed services,2023Q3,post,1,124609000.0,18.64069139284873,-2.5006846367513007,,1,1,6.685712909982425,18.489836207657554,9.529,1.0
1720420,IBEX,IBEX Ltd,US,7374.0,Data processing & managed services,2023Q4,post,1,132634000.0,18.703104013104955,-4.80244033734075,-2.5006846367513007,1,1,5.237721851109067,18.74104679041573,8.263,1.0
1720420,IBEX,IBEX Ltd,US,7374.0,Data processing & managed services,2024Q1,post,1,126795000.0,18.658082167013276,-3.6197237699248235,-4.80244033734075,1,0,8.897827201388067,18.585117709688866,7.618,1.0
1720420,IBEX,IBEX Ltd,US,7374.0,Data processing & managed services,2024Q2,post,1,124531000.0,18.640065238858618,0.08036582523647645,-3.6197237699248235,0,0,10.333973066947186,17.410122780673085,8.594,1.0
1720420,IBEX,IBEX Ltd,US,7374.0,Data processing & managed services,2024Q3,post,1,129717000.0,18.68086571240146,4.099222367565745,0.08036582523647645,0,0,7.009104435039355,20.2093788786358,6.22,1.0
1720420,IBEX,IBEX Ltd,US,7374.0,Data processing & managed services,2024Q4,post,1,140682000.0,18.76201258213093,6.067825746037969,4.099222367565745,0,0,8.478696634963962,18.272415803016735,5.082,1.0
1720420,IBEX,IBEX Ltd,US,7374.0,Data processing & managed services,2025Q1,post,1,140736000.0,18.76239635289657,10.99491304862179,6.067825746037969,0,0,9.470924283765347,19.228200318326515,4.898,1.0
1720420,IBEX,IBEX Ltd,US,7374.0,Data processing & managed services,2025Q2,post,1,147138000.0,18.80688147987907,18.153712730163573,10.99491304862179,0,0,8.333673150375837,20.223191833516836,10.878,1.0
1720420,IBEX,IBEX Ltd,US,7374.0,Data processing & managed services,2025Q3,post,1,151179000.0,18.833975123174863,16.545248502509306,18.153712730163573,0,0,9.06144371903505,17.545426282750913,6.492,1.0
1720420,IBEX,IBEX Ltd,US,7374.0,Data processing & managed services,2025Q4,post,1,164221000.0,18.916723639618656,16.732062381825678,16.545248502509306,0,0,9.308797291454809,16.779218248579657,5.455,1.0
1720671,,"HashiCorp, Inc.",US,7371.0,IT consulting & application services,2022Q1,pre,0,100897000.0,18.429610752473497,50.790590626494506,,0,0,-77.74463066295331,,0.0,0.0
1720671,,"HashiCorp, Inc.",US,7371.0,IT consulting & application services,2022Q2,pre,0,113863000.0,18.55050652928695,51.588939331407346,50.790590626494506,0,0,-69.04701263799478,,0.0,0.0
1720671,,"HashiCorp, Inc.",US,7371.0,IT consulting & application services,2022Q3,pre,0,125341000.0,18.646548581028004,52.44402281655538,51.588939331407346,0,0,-61.70207673466782,,0.0,0.0
1720671,,"HashiCorp, Inc.",US,7371.0,IT consulting & application services,2022Q4,transition,0,135788000.0,18.726605403941427,40.67942355707966,52.44402281655538,0,0,-46.31337084278434,,0.0,0.0
1720671,,"HashiCorp, Inc.",US,7371.0,IT consulting & application services,2023Q1,post,1,137983000.0,18.742641047127368,36.75629602465881,40.67942355707966,0,0,-49.14373509780191,,0.0,0.0
1720671,,"HashiCorp, Inc.",US,7371.0,IT consulting & application services,2023Q2,post,1,143246000.0,18.780073989958094,25.805573364481877,36.75629602465881,0,0,-57.66024880275889,,0.0,0.0
1720671,,"HashiCorp, Inc.",US,7371.0,IT consulting & application services,2023Q3,post,1,146125000.0,18.799972977756507,16.581964401113762,25.805573364481877,0,0,-38.0311377245509,,4.367,1.0
1720671,,"HashiCorp, Inc.",US,7371.0,IT consulting & application services,2023Q4,post,1,155783000.0,18.863974571198494,14.725159807935901,16.581964401113762,0,0,-31.00402482941014,,3.257,1.0
1720671,,"HashiCorp, Inc.",US,7371.0,IT consulting & application services,2024Q1,post,1,160579000.0,18.89429659127584,16.375930368233767,14.725159807935901,0,0,-42.167406697015174,,4.654,1.0
1720671,,"HashiCorp, Inc.",US,7371.0,IT consulting & application services,2024Q2,post,1,165138000.0,18.922292045944044,15.28280021780713,16.375930368233767,0,0,-26.219283266116822,,4.441,1.0
1720671,,"HashiCorp, Inc.",US,7371.0,IT consulting & application services,2024Q3,post,1,173389000.0,18.971048183158935,18.657998289136014,15.28280021780713,0,,-17.234080593347905,,4.376,1.0
1723648,,"LiveVox Holdings, Inc.",US,7374.0,Data processing & managed services,2019Q4,pre,0,92755000.0,18.34547216635461,502.513410715471,,0,,-3.336206134440192,,0.0,0.0
1723648,,"LiveVox Holdings, Inc.",US,7374.0,Data processing & managed services,2020Q2,pre,0,22505000.0,16.92924806470917,502.513410715471,,0,0,-9.988891357476117,,0.0,0.0
1723648,,"LiveVox Holdings, Inc.",US,7374.0,Data processing & managed services,2020Q3,pre,0,25390000.0,17.04986595368086,502.513410715471,544.2709220099438,0,1,2.965734541157936,,0.0,0.0
1723648,,"LiveVox Holdings, Inc.",US,7374.0,Data processing & managed services,2020Q4,pre,0,54650000.0,17.81645977258682,-41.08134332381004,544.2709220099438,1,0,2.2307740164684358,,0.0,0.0
1723648,,"LiveVox Holdings, Inc.",US,7374.0,Data processing & managed services,2021Q1,pre,0,27945000.0,17.145748850685937,502.513410715471,-41.08134332381004,0,0,-11.461799964215423,,0.0,0.0
1723648,,"LiveVox Holdings, Inc.",US,7374.0,Data processing & managed services,2021Q2,pre,0,28913000.0,17.179801878930448,28.473672517218397,544.2709220099438,0,0,-260.06640611489644,,0.848,0.0
1723648,,"LiveVox Holdings, Inc.",US,7374.0,Data processing & managed services,2021Q3,pre,0,30507000.0,17.233466723441385,20.153603781016148,28.473672517218397,0,1,-35.96223817484512,,1.136,0.0
1723648,,"LiveVox Holdings, Inc.",US,7374.0,Data processing & managed services,2021Q4,pre,0,31866000.0,17.27705016863259,-41.6907593778591,20.153603781016148,1,0,-36.49657942634783,,4.762,0.0
1723648,,"LiveVox Holdings, Inc.",US,7374.0,Data processing & managed services,2022Q1,pre,0,32093000.0,17.284148495784017,14.843442476292717,-41.6907593778591,0,0,-37.85560714174431,,1.695,0.0
1723648,,"LiveVox Holdings, Inc.",US,7374.0,Data processing & managed services,2022Q2,pre,0,32987000.0,17.311624102422307,14.090547504582714,14.843442476292717,0,0,-31.054657895534604,,1.488,0.0
1723648,,"LiveVox Holdings, Inc.",US,7374.0,Data processing & managed services,2022Q3,pre,0,35253000.0,17.378061189984187,15.557085259120857,14.090547504582714,0,0,-17.607012169177093,,1.418,0.0
1723648,,"LiveVox Holdings, Inc.",US,7374.0,Data processing & managed services,2022Q4,transition,0,35692000.0,17.39043713200218,12.006527333207808,15.557085259120857,0,0,-12.910456124621764,,4.662,0.0
1723648,,"LiveVox Holdings, Inc.",US,7374.0,Data processing & managed services,2023Q1,post,1,36866000.0,17.422800275038256,14.872402081450783,12.006527333207808,0,0,-19.069060923344004,,1.284,0.0
1723648,,"LiveVox Holdings, Inc.",US,7374.0,Data processing & managed services,2023Q2,post,1,35375000.0,17.381515913927675,7.23921544851002,14.872402081450783,0,0,-9.356890459363958,,1.169,0.0
1723648,,"LiveVox Holdings, Inc.",US,7374.0,Data processing & managed services,2023Q3,post,1,35352000.0,17.380865525792714,0.2808271636456472,7.23921544851002,0,,-12.183186241231049,,1.076,0.0
1724670,,Perspecta Inc.,US,7374.0,Data processing & managed services,2019Q1,pre,0,1094000000.0,20.8131065409462,53.00699300699301,48.89196675900277,0,0,,6.764168190127971,0.0,0.0
1724670,,Perspecta Inc.,US,7374.0,Data processing & managed services,2019Q2,pre,0,1107000000.0,20.82491949067291,39.59646910466583,53.00699300699301,0,0,13.640469738030713,6.504065040650407,0.0,0.0
1724670,,Perspecta Inc.,US,7374.0,Data processing & managed services,2019Q3,pre,0,1172000000.0,20.88197752810123,0.0,39.59646910466583,0,0,,6.911262798634812,0.0,0.0
1724670,,Perspecta Inc.,US,7374.0,Data processing & managed services,2019Q4,pre,0,1126000000.0,20.84193736666391,4.744186046511628,0.0,0,0,13.676731793960922,6.838365896980461,0.0,0.0
1724670,,Perspecta Inc.,US,7374.0,Data processing & managed services,2020Q1,pre,0,1099000000.0,20.817666512367897,0.4570383912248629,4.744186046511628,0,0,,6.6424021838034575,0.163,0.0
1724670,,Perspecta Inc.,US,7374.0,Data processing & managed services,2020Q2,pre,0,1108000000.0,20.825822425271504,0.09033423667570009,0.4570383912248629,0,1,10.740072202166065,5.595667870036101,0.0,0.0
1724670,,Perspecta Inc.,US,7374.0,Data processing & managed services,2020Q3,pre,0,1142000000.0,20.85604694818023,-2.5597269624573378,0.09033423667570009,1,0,12.171628721541156,5.691768826619965,0.0,0.0
1724670,,Perspecta Inc.,US,7374.0,Data processing & managed services,2020Q4,pre,0,1134000000.0,20.849017042251972,0.7104795737122558,-2.5597269624573378,0,,13.051146384479717,5.026455026455026,0.0,0.0
1725579,,"Pluralsight, Inc.",US,7370.0,IT consulting & application services,2019Q1,pre,0,69617000.0,18.058519348353336,40.232455080170816,41.87478906513669,0,0,-48.44793656721777,,0.0,0.0
1725579,,"Pluralsight, Inc.",US,7370.0,IT consulting & application services,2019Q2,pre,0,75862000.0,18.144426458232886,41.60755618606735,40.232455080170816,0,0,-49.274999340908494,,0.0,0.0
1725579,,"Pluralsight, Inc.",US,7370.0,IT consulting & application services,2019Q3,pre,0,82620000.0,18.229762339932893,34.22578915731159,41.60755618606735,0,0,-48.0476882110869,,0.0,0.0
1725579,,"Pluralsight, Inc.",US,7370.0,IT consulting & application services,2019Q4,pre,0,88811000.0,18.30202107416454,32.04133214391912,34.22578915731159,0,0,-44.120660728963756,,0.521,0.0
1725579,,"Pluralsight, Inc.",US,7370.0,IT consulting & application services,2020Q1,pre,0,92646000.0,18.344296336531055,33.079563899622215,32.04133214391912,0,0,-45.64902963970382,,0.0,0.0
1725579,,"Pluralsight, Inc.",US,7370.0,IT consulting & application services,2020Q2,pre,0,94765000.0,18.366910700742537,24.917613561466876,33.079563899622215,0,0,-37.16667546034928,,0.0,0.0
1725579,,"Pluralsight, Inc.",US,7370.0,IT consulting & application services,2020Q3,pre,0,99465000.0,18.415316381453216,20.38852578068264,24.917613561466876,0,0,-28.027949529985424,,0.0,0.0
1725579,,"Pluralsight, Inc.",US,7370.0,IT consulting & application services,2020Q4,pre,0,104989000.0,18.469366140729125,18.216211955726205,20.38852578068264,0,,-36.096162455114346,,0.816,0.0
1737193,LDSN,Aphoenity International Holdings Inc.,US,7374.0,Data processing & managed services,2024Q2,post,1,12500000.0,16.34123920227253,502.513410715471,544.2709220099438,0,,65.78880425762131,,0.0,0.0
1737372,,"Sysorex, Inc.",US,7371.0,IT consulting & application services,2020Q4,pre,0,8373000.0,15.94052280118657,203.9201451905626,-36.80412371134021,0,1,6.13877941000836,,0.0,0.0
1737372,,"Sysorex, Inc.",US,7371.0,IT consulting & application services,2021Q1,pre,0,1407000.0,14.156970336096526,-37.90820829655781,203.9201451905626,1,0,-26.936744847192607,,0.0,0.0
1737372,,"Sysorex, Inc.",US,7371.0,IT consulting & application services,2021Q2,pre,0,2011000.0,14.51414266875479,502.513410715471,-37.90820829655781,0,0,-216.40974639482846,8.155146693187469,0.0,0.0
1737372,,"Sysorex, Inc.",US,7371.0,IT consulting & application services,2021Q3,pre,0,1866000.0,14.439307660389426,204.40456769983686,544.2709220099438,0,1,-202.2508038585209,5.359056806002144,0.0,0.0
1737372,,"Sysorex, Inc.",US,7371.0,IT consulting & application services,2022Q1,pre,0,5037000.0,15.432321224727788,257.9957356076759,-64.31386599785023,0,0,-51.320230295811,,0.0,0.0
1737372,,"Sysorex, Inc.",US,7371.0,IT consulting & application services,2022Q2,pre,0,3536000.0,15.078506702739672,75.83291894579811,257.9957356076759,0,0,-80.71266968325791,,0.0,0.0
1737372,,"Sysorex, Inc.",US,7371.0,IT consulting & application services,2022Q3,pre,0,3459000.0,15.056490087919306,85.36977491961414,75.83291894579811,0,0,-39.1153512575889,,0.502,0.0
1737372,,"Sysorex, Inc.",US,7371.0,IT consulting & application services,2022Q4,transition,0,5281000.0,15.47962603168907,76.74029451137885,85.36977491961414,0,1,-9.051316038629048,,0.334,0.0
1737372,,"Sysorex, Inc.",US,7371.0,IT consulting & application services,2023Q1,post,1,4089000.0,15.22381099934678,-18.820726622989874,76.74029451137885,1,1,-55.56370750794816,,0.0,0.0
1737372,,"Sysorex, Inc.",US,7371.0,IT consulting & application services,2023Q2,post,1,1635000.0,14.30715336231349,-53.761312217194565,-18.820726622989874,1,,-167.4006116207951,,0.0,0.0
1739936,,MOMENTIVE GLOBAL INC.,US,7370.0,IT consulting & application services,2019Q1,pre,0,68641000.0,18.044400581802428,17.353097057666993,,0,0,-23.652044696318526,,0.0,0.0
1739936,,MOMENTIVE GLOBAL INC.,US,7370.0,IT consulting & application services,2019Q2,pre,0,75139000.0,18.13485028953072,19.84656118412658,17.353097057666993,0,0,-20.96115199829649,,0.0,0.0
1739936,,MOMENTIVE GLOBAL INC.,US,7370.0,IT consulting & application services,2019Q3,pre,0,79317000.0,18.188963039418017,21.642512077294686,19.84656118412658,0,0,-18.842114552996208,,0.0,0.0
1739936,,MOMENTIVE GLOBAL INC.,US,7370.0,IT consulting & application services,2019Q4,pre,0,84324000.0,18.250177079962334,24.130012365306484,21.642512077294686,0,0,-23.140505668611546,,0.47,0.0
1739936,,MOMENTIVE GLOBAL INC.,US,7370.0,IT consulting & application services,2020Q1,pre,0,88265000.0,18.29585421100552,28.589327078568203,24.130012365306484,0,0,-25.218376479918426,,0.0,0.0
1739936,,MOMENTIVE GLOBAL INC.,US,7370.0,IT consulting & application services,2020Q2,pre,0,90941000.0,18.32572150256195,21.030357071560708,28.589327078568203,0,0,-22.60366611319427,,0.0,0.0
1739936,,MOMENTIVE GLOBAL INC.,US,7370.0,IT consulting & application services,2020Q3,pre,0,95429000.0,18.373893073453488,20.313425873394102,21.030357071560708,0,0,-23.676240974965683,,0.0,0.0
1739936,,MOMENTIVE GLOBAL INC.,US,7370.0,IT consulting & application services,2020Q4,pre,0,100975000.0,18.430383519413752,19.746454153028793,20.313425873394102,0,0,-16.015845506313443,,0.678,0.0
1739936,,MOMENTIVE GLOBAL INC.,US,7370.0,IT consulting & application services,2021Q1,pre,0,102298000.0,18.443400680388613,15.898714099586472,19.746454153028793,0,0,-26.212633678077772,,0.0,0.0
1739936,,MOMENTIVE GLOBAL INC.,US,7370.0,IT consulting & application services,2021Q2,pre,0,109392000.0,18.510448319135712,20.28897856852245,15.898714099586472,0,0,-24.42226122568378,,0.241,0.0
1739936,,MOMENTIVE GLOBAL INC.,US,7370.0,IT consulting & application services,2021Q3,pre,0,114754000.0,18.558301264685188,20.25065755692714,20.28897856852245,0,0,-17.134043257751365,,0.222,0.0
1739936,,MOMENTIVE GLOBAL INC.,US,7370.0,IT consulting & application services,2021Q4,pre,0,117342000.0,18.580603305802843,16.208962614508543,20.25065755692714,0,0,-33.55916892502258,,2.592,0.0
1739936,,MOMENTIVE GLOBAL INC.,US,7370.0,IT consulting & application services,2022Q1,pre,0,116986000.0,18.577564827482767,14.358051965825332,16.208962614508543,0,0,-29.977091275879165,,0.7,0.0
1739936,,MOMENTIVE GLOBAL INC.,US,7370.0,IT consulting & application services,2022Q2,pre,0,120163000.0,18.604359712379487,9.846241041392425,14.358051965825332,0,0,-21.19620848347661,,0.664,0.0
1739936,,MOMENTIVE GLOBAL INC.,US,7370.0,IT consulting & application services,2022Q3,pre,0,121375000.0,18.614395484575763,5.769733516914443,9.846241041392425,0,0,-13.414624098867147,,0.665,0.0
1739936,,MOMENTIVE GLOBAL INC.,US,7370.0,IT consulting & application services,2022Q4,transition,0,122393000.0,18.622747736864632,4.304511598575105,5.769733516914443,0,0,-3.689753498974615,,3.049,0.0
1739936,,MOMENTIVE GLOBAL INC.,US,7370.0,IT consulting & application services,2023Q1,post,1,118821000.0,18.593128716948023,1.568563759766126,4.304511598575105,0,,-17.88741047457941,,1.311,0.0
1746278,,"GoLogiq, Inc.",US,7370.0,IT consulting & application services,2022Q1,pre,0,3309017.0,15.01216172439433,35.55278543361921,,0,1,-42.025260069682325,,0.0,0.0
1746278,,"GoLogiq, Inc.",US,7370.0,IT consulting & application services,2022Q2,pre,0,1633375.0,14.306158984291447,-42.561324478625444,35.55278543361921,1,1,-39.60003061146399,,0.0,0.0
1746278,,"GoLogiq, Inc.",US,7370.0,IT consulting & application services,2022Q3,pre,0,334987.0,12.721847004084083,-68.87975818666524,-42.561324478625444,1,1,-202.145157871798,,0.0,0.0
1751008,APP,AppLovin Corp,US,7370.0,IT consulting & application services,2021Q1,pre,0,603877000.0,20.218881092777057,132.10148436839395,,0,0,1.898565436338857,,0.0,0.0
1751008,APP,AppLovin Corp,US,7370.0,IT consulting & application services,2021Q2,pre,0,668806000.0,20.32100459098639,123.43359023956756,132.10148436839395,0,0,5.229917195718938,,0.0,0.0
1751008,APP,AppLovin Corp,US,7370.0,IT consulting & application services,2021Q3,pre,0,726951000.0,20.40436963295119,90.43092156965474,123.43359023956756,0,0,6.196841327682334,,0.0,0.0
1751008,APP,AppLovin Corp,US,7370.0,IT consulting & application services,2021Q4,pre,0,793470000.0,20.491926290032662,55.632094179119996,90.43092156965474,0,0,7.375830214122778,,0.0,0.0
1751008,APP,AppLovin Corp,US,7370.0,IT consulting & application services,2022Q1,pre,0,625421000.0,20.253935580934023,3.56761393462576,55.632094179119996,0,0,-20.464135358422567,,0.0,0.0
1751008,APP,AppLovin Corp,US,7370.0,IT consulting & application services,2022Q2,pre,0,776231000.0,20.46996071426184,16.062206379727453,3.56761393462576,0,1,6.873598194351939,,0.172,0.0
1751008,APP,AppLovin Corp,US,7370.0,IT consulting & application services,2022Q3,pre,0,713099000.0,20.385130818669683,-1.9054929424404121,16.062206379727453,1,1,6.90885837730806,,0.17,0.0
1751008,APP,AppLovin Corp,US,7370.0,IT consulting & application services,2022Q4,transition,0,702307000.0,20.369881188330037,-11.489155229561295,-1.9054929424404121,1,0,-3.1931904423564057,,0.122,0.0
1751008,APP,AppLovin Corp,US,7370.0,IT consulting & application services,2023Q1,post,1,715405000.0,20.388359373861775,14.387748412669227,-11.489155229561295,0,1,8.533208462339514,,2.388,0.0
1751008,APP,AppLovin Corp,US,7370.0,IT consulting & application services,2023Q2,post,1,750165000.0,20.43580374029818,-3.3580210014802296,14.387748412669227,1,0,17.50654855931695,,6.187,1.0
1751008,APP,AppLovin Corp,US,7370.0,IT consulting & application services,2023Q3,post,1,864256000.0,20.577379579177546,21.197197023134233,-3.3580210014802296,0,1,21.55819571978673,,6.581,1.0
1751008,APP,AppLovin Corp,US,7370.0,IT consulting & application services,2023Q4,post,1,-488064000.0,,-68.87975818666524,21.197197023134233,1,0,-80.66933844741672,,4.525,1.0
1751008,APP,AppLovin Corp,US,7370.0,IT consulting & application services,2024Q1,post,1,1058115000.0,20.77975486012775,47.90433390876497,-65.52412935323383,0,1,32.09093529531289,,7.266,1.0
1751008,APP,AppLovin Corp,US,7370.0,IT consulting & application services,2024Q2,post,1,711015000.0,20.38220408459139,-5.2188518525924295,47.90433390876497,1,1,54.066651195825685,,7.069,1.0
1751008,APP,AppLovin Corp,US,7370.0,IT consulting & application services,2024Q3,post,1,835186000.0,20.54316501250005,-3.363586715047393,-5.2188518525924295,1,0,63.97365377293202,,7.429,1.0
1751008,APP,AppLovin Corp,US,7370.0,IT consulting & application services,2024Q4,post,1,619742000.0,20.24481382036544,226.97965840545504,-3.363586715047393,0,0,65.78880425762131,,5.901,1.0
1751008,APP,AppLovin Corp,US,7370.0,IT consulting & application services,2025Q1,post,1,1158974000.0,20.87080096792039,9.53195068588953,226.97965840545504,0,0,65.78880425762131,,7.861,1.0
1751008,APP,AppLovin Corp,US,7370.0,IT consulting & application services,2025Q2,post,1,1258754000.0,20.95338817974771,77.03620880009564,9.53195068588953,0,0,65.78880425762131,,8.808,1.0
1751008,APP,AppLovin Corp,US,7370.0,IT consulting & application services,2025Q3,post,1,1405045000.0,21.063335167688972,68.23138797824676,77.03620880009564,0,0,65.78880425762131,,10.862,1.0
1751008,APP,AppLovin Corp,US,7370.0,IT consulting & application services,2025Q4,post,1,1657944000.0,21.22884411745581,167.52164610434664,68.23138797824676,0,0,65.78880425762131,,10.304,1.0
1752474,,KLDiscovery Inc.,US,7370.0,IT consulting & application services,2020Q1,pre,0,78271000.0,18.175687721986616,4.325167275344547,,0,1,0.8560003066269756,,0.0,0.0
1752474,,KLDiscovery Inc.,US,7370.0,IT consulting & application services,2020Q2,pre,0,64381000.0,17.98032911648846,-17.81009038451718,4.325167275344547,1,1,-2.3562852394339946,,0.0,0.0
1752474,,KLDiscovery Inc.,US,7370.0,IT consulting & application services,2020Q3,pre,0,72301000.0,18.096348518291986,-7.506812163389578,-17.81009038451718,1,1,0.08990193773253483,,0.0,0.0
1752474,,KLDiscovery Inc.,US,7370.0,IT consulting & application services,2020Q4,pre,0,74592000.0,18.12754382081762,-7.3701988153041835,-7.506812163389578,1,1,3.444069069069069,,0.163,0.0
1752474,,KLDiscovery Inc.,US,7370.0,IT consulting & application services,2021Q1,pre,0,75450000.0,18.13898074317813,-3.6041445746189518,-7.3701988153041835,1,0,4.398939695162359,,0.0,0.0
1752474,,KLDiscovery Inc.,US,7370.0,IT consulting & application services,2021Q2,pre,0,81650000.0,18.217952377380747,26.82313104797999,-3.6041445746189518,0,0,5.132884262094304,,0.521,0.0
1752474,,KLDiscovery Inc.,US,7370.0,IT consulting & application services,2021Q3,pre,0,81122000.0,18.21146475233557,12.200384503672149,26.82313104797999,0,0,-21.768447523483147,,1.191,0.0
1752474,,KLDiscovery Inc.,US,7370.0,IT consulting & application services,2021Q4,pre,0,82255000.0,18.22533473603566,10.27321964821965,12.200384503672149,0,0,5.925475654975382,,3.54,0.0
1752474,,KLDiscovery Inc.,US,7370.0,IT consulting & application services,2022Q1,pre,0,80172000.0,18.199684884695614,6.25844930417495,10.27321964821965,0,1,4.084967320261438,,1.514,0.0
1752474,,KLDiscovery Inc.,US,7370.0,IT consulting & application services,2022Q2,pre,0,75191000.0,18.13554210090668,-7.91059399877526,6.25844930417495,1,1,1.7515394129616577,,1.36,0.0
1752474,,KLDiscovery Inc.,US,7370.0,IT consulting & application services,2022Q3,pre,0,74544000.0,18.126900113038715,-8.108774438500037,-7.91059399877526,1,0,-3.9278815196394077,,1.308,0.0
1752474,,KLDiscovery Inc.,US,7370.0,IT consulting & application services,2022Q4,transition,0,87525000.0,18.287435024805003,6.40690535529755,-8.108774438500037,0,0,11.849185946872321,,2.804,0.0
1752474,,KLDiscovery Inc.,US,7370.0,IT consulting & application services,2023Q1,post,1,90659000.0,18.322615773193334,13.080626652696703,6.40690535529755,0,0,12.538192567753892,,1.622,0.0
1752474,,KLDiscovery Inc.,US,7370.0,IT consulting & application services,2023Q2,post,1,90007000.0,18.315398003047783,19.70448590921786,13.080626652696703,0,0,12.636794915950983,,1.379,0.0
1752474,,KLDiscovery Inc.,US,7370.0,IT consulting & application services,2023Q3,post,1,79336000.0,18.189202555848098,6.428418115475424,19.70448590921786,0,1,8.673237874357165,,1.399,0.0
1752474,,KLDiscovery Inc.,US,7370.0,IT consulting & application services,2023Q4,post,1,85797000.0,18.267494598811936,-1.974293059125964,6.428418115475424,1,1,5.448908469993123,,3.321,0.0
1752474,,KLDiscovery Inc.,US,7370.0,IT consulting & application services,2024Q1,post,1,80172000.0,18.199684884695614,-11.567522253719984,-1.974293059125964,1,1,1.19368358030235,,1.504,0.0
1752474,,KLDiscovery Inc.,US,7370.0,IT consulting & application services,2024Q2,post,1,78969000.0,18.184565928356992,-12.263490617396425,-11.567522253719984,1,,-8.885765300307716,,1.274,0.0
1756497,,Change Healthcare Inc.,US,7374.0,Data processing & managed services,2021Q1,pre,0,855160000.0,20.566799143896482,334.5501849668686,,0,0,4.873590906964779,21.9381168436316,1.065,0.0
1756497,,Change Healthcare Inc.,US,7374.0,Data processing & managed services,2021Q2,pre,0,867856000.0,20.581536360244414,25.01815080727876,334.5501849668686,0,0,5.08632768569901,20.50512988329861,0.0,0.0
1756497,,Change Healthcare Inc.,US,7374.0,Data processing & managed services,2021Q3,pre,0,826764000.0,20.533029843459637,9.369576260424163,25.01815080727876,0,0,1.34645436908235,22.139449709953503,0.0,0.0
1756497,,Change Healthcare Inc.,US,7374.0,Data processing & managed services,2021Q4,pre,0,866065000.0,20.57947052144674,10.306938498944776,9.369576260424163,0,0,3.314993678303592,21.623665660198714,0.0,0.0
1756497,,Change Healthcare Inc.,US,7374.0,Data processing & managed services,2022Q1,pre,0,920130000.0,20.640025522372667,7.597408672061369,10.306938498944776,0,0,5.741253953245737,20.245291426211516,1.197,0.0
1756497,,Change Healthcare Inc.,US,7374.0,Data processing & managed services,2022Q2,pre,0,884469000.0,20.600498022900172,1.9142576648660605,7.597408672061369,0,,3.0812837985277044,22.373424054432657,0.0,0.0
1758766,STEM,"STEM, INC.",US,7373.0,Systems integration,2022Q1,pre,0,41088000.0,17.53122666603177,166.45914396887162,,0,0,-85.06863317757009,,2.16,0.0
1758766,STEM,"STEM, INC.",US,7373.0,Systems integration,2022Q2,pre,0,66947000.0,18.019411819538103,246.21192532450743,166.45914396887162,0,0,-44.54717911183474,,1.107,0.0
1758766,STEM,"STEM, INC.",US,7373.0,Systems integration,2022Q3,pre,0,99501000.0,18.415678252329574,149.79539577737054,246.21192532450743,0,0,-32.76248479914774,,1.916,0.0
1758766,STEM,"STEM, INC.",US,7373.0,Systems integration,2022Q4,transition,0,155444000.0,18.861796096104317,194.5074932267293,149.79539577737054,0,0,-21.709425902575845,,2.413,0.0
1758766,STEM,"STEM, INC.",US,7373.0,Systems integration,2023Q1,post,1,67405000.0,18.026229757107302,64.05033099688472,194.5074932267293,0,0,-63.278688524590166,,3.04,0.0
1758766,STEM,"STEM, INC.",US,7373.0,Systems integration,2023Q2,post,1,92946000.0,18.347529237316554,38.835197992441785,64.05033099688472,0,0,-37.51533148279646,,2.507,0.0
1758766,STEM,"STEM, INC.",US,7373.0,Systems integration,2023Q3,post,1,133740000.0,18.711408174590108,34.41070944010613,38.835197992441785,0,0,-51.047554957379994,,2.037,0.0
1758766,STEM,"STEM, INC.",US,7373.0,Systems integration,2023Q4,post,1,167424000.0,18.9360400749189,7.706955559558426,34.41070944010613,0,1,-20.021621750764528,,2.145,0.0
1758766,STEM,"STEM, INC.",US,7373.0,Systems integration,2024Q1,post,1,25469000.0,17.052972584308154,-62.214969215933536,7.706955559558426,1,1,-267.04228670148024,,2.563,0.0
1758766,STEM,"STEM, INC.",US,7373.0,Systems integration,2024Q2,post,1,33999000.0,17.341841670383197,-63.42069588793493,-62.214969215933536,1,1,-468.9965058226251,,2.175,0.0
1758766,STEM,"STEM, INC.",US,7373.0,Systems integration,2024Q3,post,1,29291000.0,17.192790859566284,-68.87975818666524,-63.42069588793493,1,1,-468.9965058226251,,2.38,0.0
1758766,STEM,"STEM, INC.",US,7373.0,Systems integration,2024Q4,post,1,55825000.0,17.837732355690495,-66.6565128058104,-65.52412935323383,1,0,-84.44782803403493,,2.296,0.0
1758766,STEM,"STEM, INC.",US,7373.0,Systems integration,2025Q1,post,1,32512000.0,17.29711980992029,27.653225489811145,-65.52412935323383,0,0,-65.04675196850394,,1.894,0.0
1758766,STEM,"STEM, INC.",US,7373.0,Systems integration,2025Q2,post,1,38374000.0,17.462890704900182,12.868025530162653,27.653225489811145,0,0,-34.77093865638193,,0.756,0.0
1758766,STEM,"STEM, INC.",US,7373.0,Systems integration,2025Q3,post,1,38237000.0,17.45931419118712,30.541804649892455,12.868025530162653,0,1,-33.60880822240239,,0.0,0.0
1758766,STEM,"STEM, INC.",US,7373.0,Systems integration,2025Q4,post,1,47143000.0,17.668696093667926,-15.55217196596507,30.541804649892455,1,1,-17.703582716416012,,2.821,0.0
1760717,,SciPlay Corp,US,7374.0,Data processing & managed services,2019Q1,pre,0,118400000.0,18.589579280414178,21.435897435897434,,0,0,16.89189189189189,,0.0,0.0
1760717,,SciPlay Corp,US,7374.0,Data processing & managed services,2019Q2,pre,0,118100000.0,18.58704228116759,18.455366098294885,21.435897435897434,0,0,21.93056731583404,,0.0,0.0
1760717,,SciPlay Corp,US,7374.0,Data processing & managed services,2019Q3,pre,0,116400000.0,18.57254309326161,10.541310541310542,18.455366098294885,0,1,24.570446735395187,,0.0,0.0
1760717,,SciPlay Corp,US,7374.0,Data processing & managed services,2019Q4,pre,0,112900000.0,18.54201302911989,-0.7036059806508356,10.541310541310542,1,1,25.863596102745795,,0.0,0.0
1760717,,SciPlay Corp,US,7374.0,Data processing & managed services,2020Q1,pre,0,118300000.0,18.588734328948615,-0.08445945945945946,-0.7036059806508356,1,0,27.218934911242602,,0.0,0.0
1760717,,SciPlay Corp,US,7374.0,Data processing & managed services,2020Q2,pre,0,165600000.0,18.925085799915433,40.22015241320914,-0.08445945945945946,0,0,30.978260869565215,,0.0,0.0
1760717,,SciPlay Corp,US,7374.0,Data processing & managed services,2020Q3,pre,0,151200000.0,18.834114021709706,29.896907216494846,40.22015241320914,0,0,24.14021164021164,,0.0,0.0
1760717,,SciPlay Corp,US,7374.0,Data processing & managed services,2020Q4,pre,0,147100000.0,18.806623185571667,30.292294065544727,29.896907216494846,0,0,23.79333786539769,,0.0,0.0
1760717,,SciPlay Corp,US,7374.0,Data processing & managed services,2021Q1,pre,0,151100000.0,18.833452427242968,27.72612003381234,30.292294065544727,0,1,26.73726009265387,,0.0,0.0
1760717,,SciPlay Corp,US,7374.0,Data processing & managed services,2021Q2,pre,0,154000000.0,18.852463160377905,-7.004830917874397,27.72612003381234,1,1,25.844155844155843,,0.0,0.0
1760717,,SciPlay Corp,US,7374.0,Data processing & managed services,2021Q3,pre,0,146600000.0,18.803218347416824,-3.0423280423280423,-7.004830917874397,1,0,26.26193724420191,,0.0,0.0
1760717,,SciPlay Corp,US,7374.0,Data processing & managed services,2021Q4,pre,0,154400000.0,18.85505719555495,4.962610469068661,-3.0423280423280423,0,0,8.419689119170984,,0.0,0.0
1760717,,SciPlay Corp,US,7374.0,Data processing & managed services,2022Q1,pre,0,158000000.0,18.87810559099124,4.5665122435473195,4.962610469068661,0,0,21.962025316455698,,0.0,0.0
1760717,,SciPlay Corp,US,7374.0,Data processing & managed services,2022Q2,pre,0,160100000.0,18.891309177966942,3.961038961038961,4.5665122435473195,0,0,20.61211742660837,,0.0,0.0
1760717,,SciPlay Corp,US,7374.0,Data processing & managed services,2022Q3,pre,0,170800000.0,18.956003839318743,16.5075034106412,3.961038961038961,0,0,19.55503512880562,,0.0,0.0
1760717,,SciPlay Corp,US,7374.0,Data processing & managed services,2022Q4,transition,0,182100000.0,19.020066544697837,17.940414507772022,16.5075034106412,0,0,26.02965403624382,,0.0,0.0
1760717,,SciPlay Corp,US,7374.0,Data processing & managed services,2023Q1,post,1,186400000.0,19.043405460215766,17.974683544303797,17.940414507772022,0,0,21.298283261802574,,0.0,0.0
1760717,,SciPlay Corp,US,7374.0,Data processing & managed services,2023Q2,post,1,189900000.0,19.062008175782513,18.613366645846348,17.974683544303797,0,,20.64244339125856,,0.0,0.0
1764046,CLVT,CLARIVATE PLC,US,7374.0,Data processing & managed services,2019Q1,pre,0,234025000.0,19.270938505222084,-1.2665223793069988,,1,1,-11.075739771391946,39.43852152547805,,
1764046,CLVT,CLARIVATE PLC,US,7374.0,Data processing & managed services,2019Q2,pre,0,242309000.0,19.305724329133252,-0.40608803232263446,-1.2665223793069988,1,0,-15.096839159915646,63.61587889843135,,
1764046,CLVT,CLARIVATE PLC,US,7374.0,Data processing & managed services,2019Q3,pre,0,242998000.0,19.308563770818278,0.04158141105077461,-0.40608803232263446,0,0,-1.4629750039094973,47.53742829159088,,
1764046,CLVT,CLARIVATE PLC,US,7374.0,Data processing & managed services,2019Q4,pre,0,255013000.0,19.3568250822154,3.9821078341427216,0.04158141105077461,0,0,-6.443200934854302,44.333426139059576,0.312,0.0
1764046,CLVT,CLARIVATE PLC,US,7374.0,Data processing & managed services,2020Q1,pre,0,240592000.0,19.29861311074424,2.8061104582843712,3.9821078341427216,0,0,-11.765977256101616,55.303168850169584,0.0,0.0
1764046,CLVT,CLARIVATE PLC,US,7374.0,Data processing & managed services,2020Q2,pre,0,273500000.0,19.42681217982631,12.872406720344683,2.8061104582843712,0,0,5.208775137111518,37.903107861060334,0.0,0.0
1764046,CLVT,CLARIVATE PLC,US,7374.0,Data processing & managed services,2020Q3,pre,0,284360000.0,19.465751599025555,17.021539271928162,12.872406720344683,0,0,-4.4535096356730905,46.25334083556056,0.0,0.0
1764046,CLVT,CLARIVATE PLC,US,7374.0,Data processing & managed services,2020Q4,pre,0,455595000.0,19.93711481493801,78.65559794990844,17.021539271928162,0,0,-2.1117439831429228,38.730451387745696,0.375,0.0
1764046,CLVT,CLARIVATE PLC,US,7374.0,Data processing & managed services,2021Q1,pre,0,428400000.0,19.875567896537866,78.06078340094433,78.65559794990844,0,0,-16.22315592903828,31.349206349206348,0.0,0.0
1764046,CLVT,CLARIVATE PLC,US,7374.0,Data processing & managed services,2021Q2,pre,0,445700000.0,19.915156637916784,62.961608775137115,78.06078340094433,0,0,-14.314561364146286,40.318599955126764,0.0,0.0
1764046,CLVT,CLARIVATE PLC,US,7374.0,Data processing & managed services,2021Q3,pre,0,442100000.0,19.90704665879647,55.47193698129133,62.961608775137115,0,0,3.25718163311468,32.752770866319835,0.0,0.0
1764046,CLVT,CLARIVATE PLC,US,7374.0,Data processing & managed services,2021Q4,pre,0,560702000.0,20.144700128057398,23.07027074485014,55.47193698129133,0,0,5.693755328142221,32.851675221418866,0.213,0.0
1764046,CLVT,CLARIVATE PLC,US,7374.0,Data processing & managed services,2022Q1,pre,0,662200000.0,20.31107818307742,54.57516339869281,23.07027074485014,0,0,6.78042887345213,29.250981576562975,0.0,0.0
1764046,CLVT,CLARIVATE PLC,US,7374.0,Data processing & managed services,2022Q2,pre,0,686600000.0,20.347262438987865,54.049809288759256,54.57516339869281,0,0,12.554616953102244,27.10457325953976,0.0,0.0
1764046,CLVT,CLARIVATE PLC,US,7374.0,Data processing & managed services,2022Q3,pre,0,635700000.0,20.270237311906637,43.79099751187514,54.049809288759256,0,0,-468.9965058226251,26.663520528551203,0.0,0.0
1764046,CLVT,CLARIVATE PLC,US,7374.0,Data processing & managed services,2022Q4,transition,0,675300000.0,20.33066759454507,20.438307692856455,43.79099751187514,0,1,47.164223308159336,26.74366948023101,0.244,0.0
1764046,CLVT,CLARIVATE PLC,US,7374.0,Data processing & managed services,2023Q1,post,1,629100000.0,20.259800784540257,-4.998489882210812,20.438307692856455,1,1,8.679065331425846,30.96487044984899,0.0,0.0
1764046,CLVT,CLARIVATE PLC,US,7374.0,Data processing & managed services,2023Q2,post,1,668800000.0,20.320995619734767,-2.5924847072531314,-4.998489882210812,1,0,-13.20275119617225,28.842703349282296,0.0,0.0
1764046,CLVT,CLARIVATE PLC,US,7374.0,Data processing & managed services,2023Q3,post,1,647200000.0,20.288165923708554,1.8090294163913796,-2.5924847072531314,0,0,13.473423980222496,26.560568603213845,0.0,0.0
1764046,CLVT,CLARIVATE PLC,US,7374.0,Data processing & managed services,2023Q4,post,1,683700000.0,20.343029782884024,1.2438916037316747,1.8090294163913796,0,1,-115.28448149773291,26.341962849202865,18.251010000000004,1.0
1764046,CLVT,CLARIVATE PLC,US,7374.0,Data processing & managed services,2024Q1,post,1,621200000.0,20.247163649238807,-1.2557621999682085,1.2438916037316747,1,1,0.8048937540244688,30.891822279459113,5.909,1.0
1764046,CLVT,CLARIVATE PLC,US,7374.0,Data processing & managed services,2024Q2,post,1,650300000.0,20.29294435283938,-2.7661483253588517,-1.2557621999682085,1,1,-36.906043364600954,28.47916346301707,5.156,1.0
1764046,CLVT,CLARIVATE PLC,US,7374.0,Data processing & managed services,2024Q3,post,1,622200000.0,20.24877214242781,-3.862793572311496,-2.7661483253588517,1,1,3.487624558019929,27.274188363870138,4.97,1.0
1764046,CLVT,CLARIVATE PLC,US,7374.0,Data processing & managed services,2024Q4,post,1,663000000.0,20.312285548150136,-3.0276437033786747,-3.862793572311496,1,1,-9.396681749622926,27.26998491704374,11.516,1.0
1764046,CLVT,CLARIVATE PLC,US,7374.0,Data processing & managed services,2025Q1,post,1,593700000.0,20.201884699240903,-4.426915647134579,-3.0276437033786747,1,1,-3.5034529223513555,30.04884621862894,5.777,1.0
1764046,CLVT,CLARIVATE PLC,US,7374.0,Data processing & managed services,2025Q2,post,1,621400000.0,20.24748555492322,-4.444102721820698,-4.426915647134579,1,0,1.1103958802703573,29.143868683617637,4.754,1.0
1764046,CLVT,CLARIVATE PLC,US,7374.0,Data processing & managed services,2025Q3,post,1,623100000.0,20.25021757751445,0.14464802314368372,-4.444102721820698,0,1,7.061466859252126,27.28294013801958,4.63,1.0
1764046,CLVT,CLARIVATE PLC,US,7374.0,Data processing & managed services,2025Q4,post,1,617000000.0,20.24037958186966,-6.93815987933635,0.14464802314368372,1,1,6.709886547811994,29.027552674230144,18.251010000000004,1.0
1774155,,BTRS Holdings Inc.,US,7371.0,IT consulting & application services,2021Q1,pre,0,33119000.0,17.315617693788795,35.04730060349046,,0,0,-29.81068268969474,,0.0,0.0
1774155,,BTRS Holdings Inc.,US,7371.0,IT consulting & application services,2021Q2,pre,0,31589000.0,17.26831951669001,23.17320439834672,35.04730060349046,0,0,-34.37272468264269,,0.0,0.0
1774155,,BTRS Holdings Inc.,US,7371.0,IT consulting & application services,2021Q3,pre,0,32732000.0,17.30386375062941,13.621216328797555,23.17320439834672,0,0,-34.95661737748992,,0.0,0.0
1774155,,BTRS Holdings Inc.,US,7371.0,IT consulting & application services,2021Q4,pre,0,34134000.0,17.34580451296084,15.352641005711195,13.621216328797555,0,0,-49.349622077693795,,0.956,0.0
1774155,,BTRS Holdings Inc.,US,7371.0,IT consulting & application services,2022Q1,pre,0,37049000.0,17.42775191878881,11.866300310999728,15.352641005711195,0,0,-79.73224648438554,,0.391,0.0
1774155,,BTRS Holdings Inc.,US,7371.0,IT consulting & application services,2022Q2,pre,0,40600000.0,17.51927862457196,28.52575263541106,11.866300310999728,0,0,-38.0,,0.344,0.0
1774155,,BTRS Holdings Inc.,US,7371.0,IT consulting & application services,2022Q3,pre,0,42508000.0,17.565202851474723,29.86679701820848,28.52575263541106,0,,-53.45111508421944,,0.302,0.0
1784970,NXTT,Next Technology Holding Inc.,US,7374.0,Data processing & managed services,2021Q2,pre,0,3882893.0,15.172091052320738,353.9839563751837,544.2709220099438,0,0,49.57584460864618,,7.289,0.0
1784970,NXTT,Next Technology Holding Inc.,US,7374.0,Data processing & managed services,2021Q3,pre,0,4598675.0,15.341278776488572,128.55124352789971,353.9839563751837,0,1,31.62819725246946,,6.999,0.0
1784970,NXTT,Next Technology Holding Inc.,US,7374.0,Data processing & managed services,2021Q4,pre,0,3118804.0,14.952960152961328,-7.812324957295122,128.55124352789971,1,1,59.940060356469985,,5.649,0.0
1784970,NXTT,Next Technology Holding Inc.,US,7374.0,Data processing & managed services,2022Q1,pre,0,2138952.0,14.575826547420046,-23.084817522815268,-7.812324957295122,1,1,31.504119774543792,,7.509,0.0
1784970,NXTT,Next Technology Holding Inc.,US,7374.0,Data processing & managed services,2022Q2,pre,0,1451459.0,14.188079815406473,-62.61913475339135,-23.084817522815268,1,0,-32.5140427666231,,7.197,0.0
1784970,NXTT,Next Technology Holding Inc.,US,7374.0,Data processing & managed services,2022Q3,pre,0,5607270.0,15.539574528039536,21.932295715613737,-62.61913475339135,0,1,-112.63875290471121,,7.016,0.0
1784970,NXTT,Next Technology Holding Inc.,US,7374.0,Data processing & managed services,2022Q4,transition,0,2473654.0,14.721206967667358,-20.685814177485984,21.932295715613737,1,1,-27.477124933398123,,5.324,1.0
1784970,NXTT,Next Technology Holding Inc.,US,7374.0,Data processing & managed services,2023Q1,post,1,614369.0,13.3283510038135,-68.87975818666524,-20.685814177485984,1,,-27.0676092055426,,7.379,0.0
1794905,,"Cyxtera Technologies, Inc.",US,7370.0,IT consulting & application services,2022Q1,pre,0,182400000.0,19.021712635604505,5.4945054945054945,,0,0,-5.756578947368421,17.160087719298247,0.0,0.0
1794905,,"Cyxtera Technologies, Inc.",US,7370.0,IT consulting & application services,2022Q2,pre,0,184100000.0,19.030989646203306,4.960091220068415,5.4945054945054945,0,0,-6.029331884845193,18.848451928299838,0.0,0.0
1794905,,"Cyxtera Technologies, Inc.",US,7370.0,IT consulting & application services,2022Q3,pre,0,186600000.0,19.044477846377518,5.364201016374929,4.960091220068415,0,0,-6.913183279742766,20.310825294748124,0.0,0.0
1794905,,"Cyxtera Technologies, Inc.",US,7370.0,IT consulting & application services,2022Q4,transition,0,192900000.0,19.077682477875957,8.188446438586652,5.364201016374929,0,0,-86.88439606013478,20.943494038361845,0.158,0.0
1794905,,"Cyxtera Technologies, Inc.",US,7370.0,IT consulting & application services,2023Q1,post,1,196700000.0,19.09719028335929,7.839912280701753,8.188446438586652,0,,-148.39857651245552,21.403152008134217,0.0,0.0
1799332,,GAN Ltd,US,7370.0,IT consulting & application services,2021Q1,pre,0,27118000.0,17.11570827200439,253.5593220338983,,0,0,-18.24618334685449,,0.0,0.0
1799332,,GAN Ltd,US,7370.0,IT consulting & application services,2021Q2,pre,0,34350000.0,17.35211257663263,312.71176258560615,253.5593220338983,0,0,-8.055312954876273,,0.0,0.0
1799332,,GAN Ltd,US,7370.0,IT consulting & application services,2021Q3,pre,0,32268000.0,17.289586585039004,214.31911163062537,312.71176258560615,0,0,-22.096194372133382,,0.0,0.0
1799332,,GAN Ltd,US,7370.0,IT consulting & application services,2021Q4,pre,0,30427000.0,17.23084093009234,241.876404494382,214.31911163062537,0,0,-53.794327406579676,,0.0,0.0
1799332,,GAN Ltd,US,7370.0,IT consulting & application services,2022Q1,pre,0,37494000.0,17.439691478139274,38.26240873220739,241.876404494382,0,0,-10.99375900144023,,0.0,0.0
1799332,,GAN Ltd,US,7370.0,IT consulting & application services,2022Q2,pre,0,34967000.0,17.369915317541444,1.7962154294032022,38.26240873220739,0,1,-108.01040981496838,,0.0,0.0
1799332,,GAN Ltd,US,7370.0,IT consulting & application services,2022Q3,pre,0,32120000.0,17.284989447042836,-0.45865873311020205,1.7962154294032022,1,0,-16.027397260273972,,0.0,0.0
1799332,,GAN Ltd,US,7370.0,IT consulting & application services,2022Q4,transition,0,36947000.0,17.424995011263956,21.42833667466395,-0.45865873311020205,0,1,-393.72885484613096,,0.0,0.0
1799332,,GAN Ltd,US,7370.0,IT consulting & application services,2023Q1,post,1,35129000.0,17.37453755813802,-6.307675894809836,21.42833667466395,1,1,-17.082752142104816,,0.0,0.0
1799332,,GAN Ltd,US,7370.0,IT consulting & application services,2023Q2,post,1,33758000.0,17.33472798423101,-3.4575456859324505,-6.307675894809836,1,1,-25.359914686889034,,0.0,0.0
1799332,,GAN Ltd,US,7370.0,IT consulting & application services,2023Q3,post,1,29817000.0,17.210589258618253,-7.1699875466998755,-3.4575456859324505,1,1,-24.046684777140555,,0.0,0.0
1799332,,GAN Ltd,US,7370.0,IT consulting & application services,2023Q4,post,1,30715000.0,17.240261692580166,-16.867404660730234,-7.1699875466998755,1,1,-27.94074556405665,,0.0,0.0
1799332,,GAN Ltd,US,7370.0,IT consulting & application services,2024Q1,post,1,30651000.0,17.23817584624167,-12.74730279825785,-16.867404660730234,1,0,-10.776157384750904,,0.0,0.0
1799332,,GAN Ltd,US,7370.0,IT consulting & application services,2024Q2,post,1,35560000.0,17.38673196860998,5.337993956987973,-12.74730279825785,0,0,0.6439820022497188,,0.0,0.0
1799332,,GAN Ltd,US,7370.0,IT consulting & application services,2024Q3,post,1,37098000.0,17.42907361776876,24.418955629338967,5.337993956987973,0,0,5.746940535877945,,0.0,0.0
1799332,,GAN Ltd,US,7370.0,IT consulting & application services,2024Q4,post,1,31689000.0,17.27148017547341,3.1710890444408273,24.418955629338967,0,1,-8.387768626337214,,0.0,0.0
1799332,,GAN Ltd,US,7370.0,IT consulting & application services,2025Q1,post,1,29366000.0,17.19534810050502,-4.192359139995432,3.1710890444408273,1,,-17.200163454334945,,0.0,0.0
1800227,PPLI,People Inc,US,7370.0,IT consulting & application services,2020Q1,pre,0,684124000.0,20.343649745706113,6.6909952902280025,,0,1,-45.65517362349515,,0.0,0.0
1800227,PPLI,People Inc,US,7370.0,IT consulting & application services,2020Q2,pre,0,659027000.0,20.306275062795923,-4.306468124033485,6.6909952902280025,1,0,-14.786192371480986,,0.0,0.0
1800227,PPLI,People Inc,US,7370.0,IT consulting & application services,2020Q3,pre,0,713248000.0,20.385339743988055,1.115140448721402,-4.306468124033485,0,0,-17.136956570505628,,0.0,0.0
1800227,PPLI,People Inc,US,7370.0,IT consulting & application services,2020Q4,pre,0,848819000.0,20.5593565295564,26.592285917967413,1.115140448721402,0,0,-2.870576648260701,,0.0,0.0
1800227,PPLI,People Inc,US,7370.0,IT consulting & application services,2021Q1,pre,0,786570000.0,20.483192278409355,14.97477065561214,26.592285917967413,0,0,-0.9191807467866815,,0.0,0.0
1800227,PPLI,People Inc,US,7370.0,IT consulting & application services,2021Q2,pre,0,829547000.0,20.53639032662856,25.874508935142266,14.97477065561214,0,0,-3.4259662201177266,,0.0,0.0
1800227,PPLI,People Inc,US,7370.0,IT consulting & application services,2021Q3,pre,0,924068000.0,20.644296219971714,29.557741486832068,25.874508935142266,0,0,-3.4701991628321722,,0.0,0.0
1800227,PPLI,People Inc,US,7370.0,IT consulting & application services,2021Q4,pre,0,1159442000.0,20.871204691847723,36.594727497852894,29.557741486832068,0,0,-5.981325499680019,,0.0,0.0
1800227,PPLI,People Inc,US,7370.0,IT consulting & application services,2022Q1,pre,0,1325345000.0,21.004938639850785,68.4967644329176,36.594727497852894,0,0,-8.210239597991466,,0.0,0.0
1800227,PPLI,People Inc,US,7370.0,IT consulting & application services,2022Q2,pre,0,1362581000.0,21.032646532275905,64.25603371478651,68.4967644329176,0,0,-12.193036597457326,,0.0,0.0
1800227,PPLI,People Inc,US,7370.0,IT consulting & application services,2022Q3,pre,0,1300901000.0,20.986322938270085,40.77979109762485,64.25603371478651,0,0,-9.58412669372996,,0.0,0.0
1800227,PPLI,People Inc,US,7370.0,IT consulting & application services,2022Q4,transition,0,1246453000.0,20.943567754641403,7.504558227147197,40.77979109762485,0,1,-6.02806523791912,,0.102,0.0
1800227,PPLI,People Inc,US,7370.0,IT consulting & application services,2023Q1,post,1,1084271000.0,20.804173708719073,-18.189528009688043,7.504558227147197,1,1,-12.50572965614685,,0.659,1.0
1800227,PPLI,People Inc,US,7370.0,IT consulting & application services,2023Q2,post,1,1111589000.0,20.829056360137745,-18.42033611212838,-18.189528009688043,1,1,-4.990423618801553,,0.0,0.0
1800227,PPLI,People Inc,US,7370.0,IT consulting & application services,2023Q3,post,1,1111341000.0,20.828833231203383,-14.571439333200606,-18.42033611212838,1,1,-2.9457205304222556,,0.0,0.0
1800227,PPLI,People Inc,US,7370.0,IT consulting & application services,2023Q4,post,1,-387798000.0,,-68.87975818666524,-14.571439333200606,1,1,3.604195998947906,,0.31,1.0
1800227,PPLI,People Inc,US,7370.0,IT consulting & application services,2024Q1,post,1,624290000.0,20.25212556196359,-42.4230658202608,-65.52412935323383,1,1,-10.158900510980475,,0.756,1.0
1800227,PPLI,People Inc,US,7370.0,IT consulting & application services,2024Q2,post,1,634393000.0,20.268179194176117,-42.92917616133301,-42.4230658202608,1,1,-3.387332457955873,,0.902,1.0
1800227,PPLI,People Inc,US,7370.0,IT consulting & application services,2024Q3,post,1,642000000.0,20.280098861654235,-42.23195220908794,-42.92917616133301,1,0,1.2688473520249222,,0.853,1.0
1800227,PPLI,People Inc,US,7370.0,IT consulting & application services,2024Q4,post,1,721438000.0,20.396757000399894,286.0344818694269,-42.23195220908794,0,1,6.665299027775083,,1.417,1.0
1800227,PPLI,People Inc,US,7370.0,IT consulting & application services,2025Q1,post,1,481686000.0,19.992803007445477,-22.842589181309968,286.0344818694269,1,1,5.008241883716778,,1.127,1.0
1800227,PPLI,People Inc,US,7370.0,IT consulting & application services,2025Q2,post,1,443247000.0,19.909637734706177,-30.130534227206162,-22.842589181309968,1,1,-1.6902539667499161,,0.882,1.0
1800227,PPLI,People Inc,US,7370.0,IT consulting & application services,2025Q3,post,1,589793000.0,20.195282185845045,-8.131931464174455,-30.130534227206162,1,0,-3.458501542066454,,1.962,1.0
1800227,PPLI,People Inc,US,7370.0,IT consulting & application services,2025Q4,post,1,878463000.0,20.593684347459167,21.765557123411853,-8.131931464174455,0,1,-10.66066527560068,,4.56,0.0
1800347,,"E2open Parent Holdings, Inc.",US,7374.0,Data processing & managed services,2022Q2,pre,0,160381000.0,18.89306279251514,141.80348877531023,,0,0,-8.518465404256116,,0.0,0.0
1800347,,"E2open Parent Holdings, Inc.",US,7374.0,Data processing & managed services,2022Q3,pre,0,160676000.0,18.89490047294584,105.78644706002895,141.80348877531023,0,0,-333.39204361572354,,0.0,0.0
1800347,,"E2open Parent Holdings, Inc.",US,7374.0,Data processing & managed services,2022Q4,transition,0,164893000.0,18.920807336659124,20.358096962088148,105.78644706002895,0,0,-3.7909432177230085,,0.0,0.0
1800347,,"E2open Parent Holdings, Inc.",US,7374.0,Data processing & managed services,2023Q1,post,1,166265000.0,18.929093458994068,15.339257594361547,20.358096962088148,0,1,-233.849577481731,,0.666,0.0
1800347,,"E2open Parent Holdings, Inc.",US,7374.0,Data processing & managed services,2023Q2,post,1,160120000.0,18.891434092088648,-0.16273748137248178,15.339257594361547,1,1,-263.9826380214839,,0.0,0.0
1800347,,"E2open Parent Holdings, Inc.",US,7374.0,Data processing & managed services,2023Q3,post,1,158488000.0,18.881189438636298,-1.3617466205282682,-0.16273748137248178,1,1,-16.336252586946646,,0.0,0.0
1800347,,"E2open Parent Holdings, Inc.",US,7374.0,Data processing & managed services,2023Q4,post,1,157497000.0,18.874916968429506,-4.485332912858642,-1.3617466205282682,1,1,-464.39360749728564,,0.0,0.0
1800347,,"E2open Parent Holdings, Inc.",US,7374.0,Data processing & managed services,2024Q1,post,1,158449000.0,18.880943332942127,-4.700929239467116,-4.485332912858642,1,1,-8.597088022013393,,0.755,0.0
1800347,,"E2open Parent Holdings, Inc.",US,7374.0,Data processing & managed services,2024Q2,post,1,151163000.0,18.833869282768866,-5.593929552835373,-4.700929239467116,1,1,-11.143599955015446,,0.0,0.0
1800347,,"E2open Parent Holdings, Inc.",US,7374.0,Data processing & managed services,2024Q3,post,1,152192000.0,18.840653439592536,-3.9725405077986977,-5.593929552835373,1,1,-9.922334945332212,,0.0,0.0
1800347,,"E2open Parent Holdings, Inc.",US,7374.0,Data processing & managed services,2024Q4,post,1,151655000.0,18.83711876221146,-3.7092770021016275,-3.9725405077986977,1,1,-247.12340509709537,,0.0,0.0
1800347,,"E2open Parent Holdings, Inc.",US,7374.0,Data processing & managed services,2025Q1,post,1,152678000.0,18.84384168646287,-3.642181395906569,-3.7092770021016275,1,0,-160.89678932131676,,3.925,1.0
1800347,,"E2open Parent Holdings, Inc.",US,7374.0,Data processing & managed services,2025Q2,post,1,152610000.0,18.84339620546706,0.9572448284302376,-3.642181395906569,0,,-1.6034335888867046,,0.0,0.0
1801602,SBIG,"SBIG Holdings, Inc.",US,7371.0,IT consulting & application services,2023Q1,post,1,7157000.0,15.783601456720735,15.9403855499757,,0,0,-24.1441944949001,,0.0,0.0
1801602,SBIG,"SBIG Holdings, Inc.",US,7371.0,IT consulting & application services,2023Q2,post,1,7214000.0,15.791534140445622,11.775643012085528,15.9403855499757,0,1,-24.57721097865262,,0.0,0.0
1801602,SBIG,"SBIG Holdings, Inc.",US,7371.0,IT consulting & application services,2023Q3,post,1,6888000.0,15.745291325089704,-4.756637168141593,11.775643012085528,1,0,-39.08246225319396,,0.0,0.0
1801602,SBIG,"SBIG Holdings, Inc.",US,7371.0,IT consulting & application services,2023Q4,post,1,6791000.0,15.731108764095929,0.310192023633678,-4.756637168141593,0,1,-31.615373288175526,,0.0,0.0
1801602,SBIG,"SBIG Holdings, Inc.",US,7371.0,IT consulting & application services,2024Q1,post,1,6396000.0,15.671183352935982,-10.6329467654045,0.310192023633678,1,1,-4.409005628517824,,0.0,0.0
1801602,SBIG,"SBIG Holdings, Inc.",US,7371.0,IT consulting & application services,2024Q2,post,1,6422000.0,15.675240153631597,-10.97865261990574,-10.6329467654045,1,1,-0.8875739644970414,,0.0,0.0
1801602,SBIG,"SBIG Holdings, Inc.",US,7371.0,IT consulting & application services,2024Q3,post,1,6144000.0,15.630986553809645,-10.801393728222997,-10.97865261990574,1,1,-0.732421875,,0.0,0.0
1801602,SBIG,"SBIG Holdings, Inc.",US,7371.0,IT consulting & application services,2024Q4,post,1,5687000.0,15.553693426288937,-16.256810484464733,-10.801393728222997,1,1,-3.798136099876912,,0.0,0.0
1801602,SBIG,"SBIG Holdings, Inc.",US,7371.0,IT consulting & application services,2025Q1,post,1,5516000.0,15.523163517895329,-13.758599124452783,-16.256810484464733,1,1,-7.741116751269035,,0.0,0.0
1801602,SBIG,"SBIG Holdings, Inc.",US,7371.0,IT consulting & application services,2025Q2,post,1,5837000.0,15.579727524185929,-9.109311740890687,-13.758599124452783,1,1,-12.437896179544286,,0.0,0.0
1801602,SBIG,"SBIG Holdings, Inc.",US,7371.0,IT consulting & application services,2025Q3,post,1,5871000.0,15.585535535046324,-4.443359375,-9.109311740890687,1,1,9.589507749957418,,0.0,0.0
1801602,SBIG,"SBIG Holdings, Inc.",US,7371.0,IT consulting & application services,2025Q4,post,1,5610000.0,15.540061277498879,-1.3539651837524178,-4.443359375,1,1,-20.249554367201426,,0.0,0.0
1801661,FIRY,Firy Inc.,US,7374.0,Data processing & managed services,2021Q1,pre,0,82868000.0,18.232759538347917,91.06335884902703,,0,0,-63.438239127286764,,0.0,0.0
1801661,FIRY,Firy Inc.,US,7374.0,Data processing & managed services,2021Q2,pre,0,88562000.0,18.29921342966882,51.09359538676767,91.06335884902703,0,0,-58.222488200356814,,0.0,0.0
1801661,FIRY,Firy Inc.,US,7374.0,Data processing & managed services,2021Q3,pre,0,100524000.0,18.425907062923947,68.42704912539374,51.09359538676767,0,0,-83.62480601647367,,0.0,0.0
1801661,FIRY,Firy Inc.,US,7374.0,Data processing & managed services,2021Q4,pre,0,108200000.0,18.499491924376656,60.5889250040815,68.42704912539374,0,0,-97.61367837338263,,0.155,0.0
1801661,FIRY,Firy Inc.,US,7374.0,Data processing & managed services,2022Q1,pre,0,91864000.0,18.33581978043816,10.855818892696819,60.5889250040815,0,1,-158.98937559871115,,0.0,0.0
1801661,FIRY,Firy Inc.,US,7374.0,Data processing & managed services,2022Q2,pre,0,71757000.0,18.08879596882085,-18.97540705946117,10.855818892696819,1,1,-78.1958554566105,,0.0,0.0
1801661,FIRY,Firy Inc.,US,7374.0,Data processing & managed services,2022Q3,pre,0,59216000.0,17.896702333608076,-41.092674386216224,-18.97540705946117,1,1,-135.0412050797082,,0.0,0.0
1801661,FIRY,Firy Inc.,US,7374.0,Data processing & managed services,2022Q4,transition,0,46872000.0,17.66293104020676,-56.680221811460264,-41.092674386216224,1,1,-297.0344768731866,,0.123,0.0
1801661,FIRY,Firy Inc.,US,7374.0,Data processing & managed services,2023Q1,post,1,44383000.0,17.608367071201204,-51.68618827832447,-56.680221811460264,1,1,-72.2528896198995,,0.0,0.0
1801661,FIRY,Firy Inc.,US,7374.0,Data processing & managed services,2023Q2,post,1,40166000.0,17.50853142457876,-44.02497317334894,-51.68618827832447,1,1,-75.3174326544839,,0.0,0.0
1801661,FIRY,Firy Inc.,US,7374.0,Data processing & managed services,2023Q3,post,1,36427000.0,17.410820815882047,-38.48453120778168,-44.02497317334894,1,1,-86.2876437807121,,0.0,0.0
1801661,FIRY,Firy Inc.,US,7374.0,Data processing & managed services,2023Q4,post,1,31103000.0,17.25281483551971,-33.64268646526711,-38.48453120778168,1,1,-66.0386457897952,,1.279,0.0
1801661,FIRY,Firy Inc.,US,7374.0,Data processing & managed services,2024Q1,post,1,25235000.0,17.0437424777565,-43.14264470630647,-33.64268646526711,1,1,-106.48305924311472,,0.834,0.0
1801661,FIRY,Firy Inc.,US,7374.0,Data processing & managed services,2024Q2,post,1,25295000.0,17.046117305708172,-37.023851018274165,-43.14264470630647,1,1,65.78880425762131,,1.178,0.0
1801661,FIRY,Firy Inc.,US,7374.0,Data processing & managed services,2024Q3,post,1,24564000.0,17.016792514431426,-32.5665028687512,-37.023851018274165,1,1,-85.45839439830647,,1.124,0.0
1801661,FIRY,Firy Inc.,US,7374.0,Data processing & managed services,2024Q4,post,1,17771000.0,16.693078473167624,-42.86403240844935,-32.5665028687512,1,1,-136.356986100951,,3.273,0.0
1801661,FIRY,Firy Inc.,US,7374.0,Data processing & managed services,2025Q1,post,1,21897000.0,16.90186019910188,-13.22765999603725,-42.86403240844935,1,1,-70.66264785130383,,3.502,0.0
1801661,FIRY,Firy Inc.,US,7374.0,Data processing & managed services,2025Q2,post,1,25214000.0,17.042909953773353,-0.32022138762601304,-13.22765999603725,1,0,-63.38938684857619,,3.21,0.0
1801661,FIRY,Firy Inc.,US,7374.0,Data processing & managed services,2025Q3,post,1,27374000.0,17.12510421575335,11.439504966617815,-0.32022138762601304,0,0,-59.443267333966546,,3.188,0.0
1801661,FIRY,Firy Inc.,US,7374.0,Data processing & managed services,2025Q4,post,1,30011000.0,17.217074539087303,68.87625907377188,11.439504966617815,0,0,-53.94688614174803,,14.621,1.0
1805833,SST,"System1, Inc.",US,7370.0,IT consulting & application services,2024Q1,post,1,84917000.0,18.25718486680837,-29.8890338347727,,1,1,-30.37789841845567,23.448779396351732,0.0,0.0
1805833,SST,"System1, Inc.",US,7370.0,IT consulting & application services,2024Q2,post,1,94581000.0,18.364967168183952,-2.4072889365829497,-29.8890338347727,1,0,-30.75247671308191,22.4389676573519,0.0,0.0
1805833,SST,"System1, Inc.",US,7370.0,IT consulting & application services,2024Q3,post,1,88832000.0,18.30225750340856,1.1546607756951879,-2.4072889365829497,0,1,-24.55871757925072,19.6685878962536,0.0,0.0
1805833,SST,"System1, Inc.",US,7370.0,IT consulting & application services,2024Q4,post,1,75595000.0,18.14090070139644,-21.35433464071327,1.1546607756951879,1,1,-15.74575038031616,23.553145049275745,4.35,0.0
1805833,SST,"System1, Inc.",US,7370.0,IT consulting & application services,2025Q1,post,1,74513000.0,18.126484164771316,-12.25196368218378,-21.35433464071327,1,1,-17.615718062619944,22.24309851972139,0.0,0.0
1805833,SST,"System1, Inc.",US,7370.0,IT consulting & application services,2025Q2,post,1,78115000.0,18.17369265782814,-17.40941626753788,-12.25196368218378,1,1,-20.361006208794727,22.416949369519298,0.0,0.0
1805833,SST,"System1, Inc.",US,7370.0,IT consulting & application services,2025Q3,post,1,61561000.0,17.935539111117507,-30.699522694524497,-17.40941626753788,1,1,-25.28386478452267,27.538539010087554,2.481,0.0
1805833,SST,"System1, Inc.",US,7370.0,IT consulting & application services,2025Q4,post,1,51940000.0,17.765599764198875,-31.291752100006615,-30.699522694524497,1,1,-33.58490566037736,35.906815556411246,6.104,0.0
1809519,GDRX,"GoodRx Holdings, Inc.",US,7374.0,Data processing & managed services,2021Q1,pre,0,160431000.0,18.89337450155598,20.25590669225234,,0,0,-3.115358004375713,,0.0,0.0
1809519,GDRX,"GoodRx Holdings, Inc.",US,7374.0,Data processing & managed services,2021Q2,pre,0,176635000.0,18.989596014492957,43.262094975465345,20.25590669225234,0,0,-0.19871486398505392,,0.0,0.0
1809519,GDRX,"GoodRx Holdings, Inc.",US,7374.0,Data processing & managed services,2021Q3,pre,0,195102000.0,19.089033056694053,38.909101265191914,43.262094975465345,0,0,3.5873543069778884,,0.0,0.0
1809519,GDRX,"GoodRx Holdings, Inc.",US,7374.0,Data processing & managed services,2021Q4,pre,0,213256000.0,19.178003879930873,38.88917834627208,38.909101265191914,0,0,5.5126233259556585,,0.262,0.0
1809519,GDRX,"GoodRx Holdings, Inc.",US,7374.0,Data processing & managed services,2022Q1,pre,0,203329000.0,19.13033591476102,26.739221222831,38.88917834627208,0,0,9.7187317106758,,0.0,0.0
1809519,GDRX,"GoodRx Holdings, Inc.",US,7374.0,Data processing & managed services,2022Q2,pre,0,191798000.0,19.071953292830568,8.584368896311604,26.739221222831,0,1,-2.1100324299523456,,0.0,0.0
1809519,GDRX,"GoodRx Holdings, Inc.",US,7374.0,Data processing & managed services,2022Q3,pre,0,187318000.0,19.04831826530611,-3.9897079476376462,8.584368896311604,1,1,-8.388409015684557,,0.0,0.0
1809519,GDRX,"GoodRx Holdings, Inc.",US,7374.0,Data processing & managed services,2022Q4,transition,0,184109000.0,19.031038531483144,-13.6676107589001,-3.9897079476376462,1,1,0.9434628399480742,,0.26,0.0
1809519,GDRX,"GoodRx Holdings, Inc.",US,7374.0,Data processing & managed services,2023Q1,post,1,183986000.0,19.030370225721978,-9.513153559010274,-13.6676107589001,1,1,6.1434022153859535,,0.0,0.0
1809519,GDRX,"GoodRx Holdings, Inc.",US,7374.0,Data processing & managed services,2023Q2,post,1,189677000.0,19.060833183485002,-1.1058509473508589,-9.513153559010274,1,1,9.652198210642302,,0.0,0.0
1809519,GDRX,"GoodRx Holdings, Inc.",US,7374.0,Data processing & managed services,2023Q3,post,1,179958000.0,19.008234048294693,-3.9291472255736233,-1.1058509473508589,1,0,-21.299414307782925,,0.0,0.0
1809519,GDRX,"GoodRx Holdings, Inc.",US,7374.0,Data processing & managed services,2023Q4,post,1,196644000.0,19.09690554531636,6.808466723517046,-3.9291472255736233,0,0,-9.300054921584183,,3.072,0.0
1809519,GDRX,"GoodRx Holdings, Inc.",US,7374.0,Data processing & managed services,2024Q1,post,1,197880000.0,19.103171344323783,7.551661539464958,6.808466723517046,0,0,3.7300384071154236,,0.0,0.0
1809519,GDRX,"GoodRx Holdings, Inc.",US,7374.0,Data processing & managed services,2024Q2,post,1,200610000.0,19.116873282698272,5.764009342197525,7.551661539464958,0,0,9.908778226409451,,0.0,0.0
1809519,GDRX,"GoodRx Holdings, Inc.",US,7374.0,Data processing & managed services,2024Q3,post,1,195251000.0,19.089796468309878,8.498093999711044,5.764009342197525,0,0,10.451675023431378,,0.0,0.0
1809519,GDRX,"GoodRx Holdings, Inc.",US,7374.0,Data processing & managed services,2024Q4,post,1,198583000.0,19.106717706717166,0.9860458493521287,8.498093999711044,0,0,9.15486219867763,,5.497,0.0
1809519,GDRX,"GoodRx Holdings, Inc.",US,7374.0,Data processing & managed services,2025Q1,post,1,202970000.0,19.12856874283381,2.5722660198099856,0.9860458493521287,0,0,11.518943686259053,,0.635,0.0
1809519,GDRX,"GoodRx Holdings, Inc.",US,7374.0,Data processing & managed services,2025Q2,post,1,203070000.0,19.1290613051529,1.2262599072827876,2.5722660198099856,0,0,13.201851578273502,,0.565,0.0
1809519,GDRX,"GoodRx Holdings, Inc.",US,7374.0,Data processing & managed services,2025Q3,post,1,196028000.0,19.09376806413454,0.39794930627756064,1.2262599072827876,0,1,7.458118228008244,,0.986,0.0
1809519,GDRX,"GoodRx Holdings, Inc.",US,7374.0,Data processing & managed services,2025Q4,post,1,194785000.0,19.08740694415451,-1.9125504197237426,0.39794930627756064,1,1,11.645147213594475,,5.631,0.0
1810019,RXT,"Rackspace Technology, Inc.",US,7370.0,IT consulting & application services,2021Q1,pre,0,725900000.0,20.402922822255068,11.214953271028037,,0,0,3.3337925334068057,31.822565091610418,0.0,0.0
1810019,RXT,"Rackspace Technology, Inc.",US,7370.0,IT consulting & application services,2021Q2,pre,0,743800000.0,20.427282739455244,13.297791317593296,11.214953271028037,0,0,0.38988975531056735,31.271847270771712,0.0,0.0
1810019,RXT,"Rackspace Technology, Inc.",US,7370.0,IT consulting & application services,2021Q3,pre,0,762500000.0,20.45211306644584,11.852721138330644,13.297791317593296,0,0,-0.380327868852459,30.7672131147541,0.0,0.0
1810019,RXT,"Rackspace Technology, Inc.",US,7370.0,IT consulting & application services,2021Q4,pre,0,777300000.0,20.471336934200448,8.531136554035186,11.852721138330644,0,0,-3.434967194133539,26.836485269522708,1.105,0.0
1810019,RXT,"Rackspace Technology, Inc.",US,7370.0,IT consulting & application services,2022Q1,pre,0,775500000.0,20.46901854058087,6.832897093263535,8.531136554035186,0,0,2.6950354609929077,26.447453255963893,0.427,0.0
1810019,RXT,"Rackspace Technology, Inc.",US,7370.0,IT consulting & application services,2022Q2,pre,0,772200000.0,20.46475414179441,3.8182307071793495,6.832897093263535,0,0,0.5180005180005179,28.49002849002849,0.355,0.0
1810019,RXT,"Rackspace Technology, Inc.",US,7370.0,IT consulting & application services,2022Q3,pre,0,787600000.0,20.484500904729245,3.2918032786885245,3.8182307071793495,0,0,-60.52564753682073,27.92026409344845,0.314,0.0
1810019,RXT,"Rackspace Technology, Inc.",US,7370.0,IT consulting & application services,2022Q4,transition,0,787000000.0,20.483738806381677,1.2479094300784768,3.2918032786885245,0,1,-28.86912325285896,26.721728081321473,1.199,0.0
1810019,RXT,"Rackspace Technology, Inc.",US,7370.0,IT consulting & application services,2023Q1,post,1,758700000.0,20.447117000308303,-2.1663442940038684,1.2479094300784768,1,1,-76.57835771714775,27.34941347040991,0.0,0.0
1810019,RXT,"Rackspace Technology, Inc.",US,7370.0,IT consulting & application services,2023Q2,post,1,746300000.0,20.430638222101617,-3.3540533540533537,-2.1663442940038684,1,1,-8.548840948680155,29.0633793380678,0.0,0.0
1810019,RXT,"Rackspace Technology, Inc.",US,7370.0,IT consulting & application services,2023Q3,post,1,732400000.0,20.41183737076463,-7.0086338242762825,-3.3540533540533537,1,1,-32.68705625341344,24.20808301474604,0.0,0.0
1810019,RXT,"Rackspace Technology, Inc.",US,7370.0,IT consulting & application services,2023Q4,post,1,719700000.0,20.394345016478034,-8.551461245235071,-7.0086338242762825,1,1,-2.1119911074058635,22.99569264971516,3.607,1.0
1810019,RXT,"Rackspace Technology, Inc.",US,7370.0,IT consulting & application services,2024Q1,post,1,690800000.0,20.353360904236798,-8.949518913931726,-8.551461245235071,1,1,-94.49913144180661,27.851766068326576,0.315,0.0
1810019,RXT,"Rackspace Technology, Inc.",US,7370.0,IT consulting & application services,2024Q2,post,1,684900000.0,20.344783400168133,-8.227254455312877,-8.949518913931726,1,1,-7.855161337421522,27.04044386041758,0.273,0.0
1810019,RXT,"Rackspace Technology, Inc.",US,7370.0,IT consulting & application services,2024Q3,post,1,675800000.0,20.331407732244465,-7.72801747678864,-8.227254455312877,1,1,-25.70287067179639,25.081385025155374,0.254,0.0
1810019,RXT,"Rackspace Technology, Inc.",US,7370.0,IT consulting & application services,2024Q4,post,1,685600000.0,20.345804925247844,-4.738085313324997,-7.72801747678864,1,1,-4.200700116686114,23.41015169194866,5.855,1.0
1810019,RXT,"Rackspace Technology, Inc.",US,7370.0,IT consulting & application services,2025Q1,post,1,665400000.0,20.31589892154865,-3.676896352055588,-4.738085313324997,1,1,-5.770964833183047,24.84220018034265,1.045,1.0
1810019,RXT,"Rackspace Technology, Inc.",US,7370.0,IT consulting & application services,2025Q2,post,1,666300000.0,20.317250577532764,-2.7157249233464738,-3.676896352055588,1,1,-3.7670718895392468,23.157736755215367,0.96,1.0
1810019,RXT,"Rackspace Technology, Inc.",US,7370.0,IT consulting & application services,2025Q3,post,1,671200000.0,20.32457771311727,-0.6806747558449245,-2.7157249233464738,1,1,-5.050655542312277,24.404052443384984,0.908,1.0
1810019,RXT,"Rackspace Technology, Inc.",US,7370.0,IT consulting & application services,2025Q4,post,1,682800000.0,20.34171254888456,-0.40840140023337224,-0.6806747558449245,1,0,-0.4833040421792618,18.116578793204454,9.421,1.0
1819928,DV,"DoubleVerify Holdings, Inc.",US,7370.0,IT consulting & application services,2021Q1,pre,0,67586000.0,18.028911418973188,31.954938597005018,,0,0,12.98789690172521,,0.0,0.0
1819928,DV,"DoubleVerify Holdings, Inc.",US,7370.0,IT consulting & application services,2021Q2,pre,0,76524000.0,18.15311497508541,44.33044134288948,31.954938597005018,0,0,-12.968480476713188,,0.0,0.0
1819928,DV,"DoubleVerify Holdings, Inc.",US,7370.0,IT consulting & application services,2021Q3,pre,0,83098000.0,18.235531192147363,36.143650572603505,44.33044134288948,0,0,14.209728272641941,,0.0,0.0
1819928,DV,"DoubleVerify Holdings, Inc.",US,7370.0,IT consulting & application services,2021Q4,pre,0,105533000.0,18.47453425817839,34.195902900522626,36.143650572603505,0,0,15.181980991727706,,0.616,0.0
1819928,DV,"DoubleVerify Holdings, Inc.",US,7370.0,IT consulting & application services,2022Q1,pre,0,96723000.0,18.38736178115951,43.11099931938568,34.195902900522626,0,0,2.95586365187184,,0.0,0.0
1819928,DV,"DoubleVerify Holdings, Inc.",US,7370.0,IT consulting & application services,2022Q2,pre,0,109805000.0,18.51421662334353,43.49093094976739,43.11099931938568,0,0,11.992167934064932,,0.0,0.0
1819928,DV,"DoubleVerify Holdings, Inc.",US,7370.0,IT consulting & application services,2022Q3,pre,0,112254000.0,18.536274718695612,35.086283665070155,43.49093094976739,0,0,12.825378160243734,,0.0,0.0
1819928,DV,"DoubleVerify Holdings, Inc.",US,7370.0,IT consulting & application services,2022Q4,transition,0,133636000.0,18.71063024384655,26.629585058702016,35.086283665070155,0,0,21.40141877937083,,0.611,0.0
1819928,DV,"DoubleVerify Holdings, Inc.",US,7370.0,IT consulting & application services,2023Q1,post,1,122594000.0,18.624388640627693,26.747516102684987,26.629585058702016,0,0,12.401912002218705,,0.0,0.0
1819928,DV,"DoubleVerify Holdings, Inc.",US,7370.0,IT consulting & application services,2023Q2,post,1,133744000.0,18.711438082921074,21.80137516506534,26.747516102684987,0,0,10.949276229214021,,0.585,0.0
1819928,DV,"DoubleVerify Holdings, Inc.",US,7370.0,IT consulting & application services,2023Q3,post,1,143974000.0,18.7851432856826,28.257344949845887,21.80137516506534,0,0,12.666175837303959,,1.584,0.0
1819928,DV,"DoubleVerify Holdings, Inc.",US,7370.0,IT consulting & application services,2023Q4,post,1,172231000.0,18.96434715698447,28.88069083181179,28.257344949845887,0,0,21.85611184978314,,7.312,1.0
1819928,DV,"DoubleVerify Holdings, Inc.",US,7370.0,IT consulting & application services,2024Q1,post,1,140782000.0,18.762723152606778,14.835962608284255,28.88069083181179,0,0,4.897643164609112,,2.708,0.0
1819928,DV,"DoubleVerify Holdings, Inc.",US,7370.0,IT consulting & application services,2024Q2,post,1,155890000.0,18.864661188288864,16.558499820552697,14.835962608284255,0,0,7.087690037847199,,2.212,0.0
1819928,DV,"DoubleVerify Holdings, Inc.",US,7370.0,IT consulting & application services,2024Q3,post,1,169556000.0,18.948693813701002,17.768485976634672,16.558499820552697,0,0,15.171388803699074,,2.01,0.0
1819928,DV,"DoubleVerify Holdings, Inc.",US,7370.0,IT consulting & application services,2024Q4,post,1,190621000.0,19.065797721499234,10.677520307029512,17.768485976634672,0,0,20.329344615755872,,8.018,1.0
1819928,DV,"DoubleVerify Holdings, Inc.",US,7370.0,IT consulting & application services,2025Q1,post,1,165061000.0,18.921825660513466,17.24581267491583,10.677520307029512,0,0,4.097273129327945,,1.786,0.0
1819928,DV,"DoubleVerify Holdings, Inc.",US,7370.0,IT consulting & application services,2025Q2,post,1,189021000.0,19.057368677962646,21.25280646609789,17.24581267491583,0,0,7.167457584077959,,1.558,0.0
1819928,DV,"DoubleVerify Holdings, Inc.",US,7370.0,IT consulting & application services,2025Q3,post,1,188621000.0,19.05525026873068,11.244072754724103,21.25280646609789,0,0,11.18857391276687,,1.452,0.0
1819928,DV,"DoubleVerify Holdings, Inc.",US,7370.0,IT consulting & application services,2025Q4,post,1,205588000.0,19.14138472408318,7.851705740710625,11.244072754724103,0,0,18.378018172266863,,9.596,1.0
1820144,GRND,Grindr Inc.,US,7370.0,IT consulting & application services,2023Q1,post,1,55809000.0,17.837445704668234,28.208132322536184,,0,0,15.393574513071368,33.94613771972262,0.472,0.0
1820144,GRND,Grindr Inc.,US,7370.0,IT consulting & application services,2023Q2,post,1,61538000.0,17.93516542814254,32.18343894318548,28.208132322536184,0,0,22.636419773148297,27.881959114693363,0.402,0.0
1820144,GRND,Grindr Inc.,US,7370.0,IT consulting & application services,2023Q3,post,1,70258000.0,18.067684738697967,39.3952620927741,32.18343894318548,0,0,23.587349483332858,23.371004013777792,0.406,0.0
1820144,GRND,Grindr Inc.,US,7370.0,IT consulting & application services,2023Q4,post,1,72086000.0,18.093370408643537,32.19997065727699,39.3952620927741,0,0,22.688178009599643,38.695447104846984,9.279,1.0
1820144,GRND,Grindr Inc.,US,7370.0,IT consulting & application services,2024Q1,post,1,75345000.0,18.13758812383439,35.005106703219916,32.19997065727699,0,0,25.557103988320396,35.316212091047845,1.479,0.0
1820144,GRND,Grindr Inc.,US,7370.0,IT consulting & application services,2024Q2,post,1,82345000.0,18.226428296290447,33.8116285872144,35.005106703219916,0,0,29.819661181613945,30.11961867751533,3.414,1.0
1820144,GRND,Grindr Inc.,US,7370.0,IT consulting & application services,2024Q3,post,1,89325000.0,18.307791961873747,27.138546500042697,33.8116285872144,0,0,31.77945703890288,27.960817240414215,12.384,1.0
1820144,GRND,Grindr Inc.,US,7370.0,IT consulting & application services,2024Q4,post,1,97621000.0,18.39660319217331,35.422967011625005,27.138546500042697,0,0,20.897143032749103,39.289702010837836,14.822,1.0
1820144,GRND,Grindr Inc.,US,7370.0,IT consulting & application services,2025Q1,post,1,93938000.0,18.35814554815126,24.67715176853142,35.422967011625005,0,0,27.03059464753348,32.191445421448186,4.978,1.0
1820144,GRND,Grindr Inc.,US,7370.0,IT consulting & application services,2025Q2,post,1,104220000.0,18.462014607445344,26.56506163094298,24.67715176853142,0,0,23.360199577816157,34.98080982536941,18.251010000000004,1.0
1820144,GRND,Grindr Inc.,US,7370.0,IT consulting & application services,2025Q3,post,1,115766000.0,18.56708147031956,29.600895605933392,26.56506163094298,0,0,39.079695247309225,25.271668711020506,4.515,1.0
1820144,GRND,Grindr Inc.,US,7370.0,IT consulting & application services,2025Q4,post,1,125974000.0,18.651586094416476,29.04395570625173,29.600895605933392,0,0,24.853541206915715,37.55536856811723,15.208,1.0
1824920,IONQ,"IonQ, Inc.",US,7373.0,Systems integration,2022Q4,transition,0,3807000.0,15.152352035364634,131.00728155339806,544.2709220099438,0,0,-468.9965058226251,,1.34,0.0
1824920,IONQ,"IonQ, Inc.",US,7373.0,Systems integration,2023Q1,post,1,4285000.0,15.270631110014017,119.40604198668714,131.00728155339806,0,0,-468.9965058226251,,0.857,0.0
1824920,IONQ,"IonQ, Inc.",US,7373.0,Systems integration,2023Q2,post,1,5515000.0,15.52298221066974,111.46472392638036,119.40604198668714,0,0,-468.9965058226251,,1.848,1.0
1824920,IONQ,"IonQ, Inc.",US,7373.0,Systems integration,2023Q3,post,1,6136000.0,15.62968362202923,122.07745204487877,111.46472392638036,0,0,-468.9965058226251,,1.762,1.0
1824920,IONQ,"IonQ, Inc.",US,7373.0,Systems integration,2023Q4,post,1,6106000.0,15.62478245227696,60.388757551878115,122.07745204487877,0,0,-468.9965058226251,,2.283,1.0
1824920,IONQ,"IonQ, Inc.",US,7373.0,Systems integration,2024Q1,post,1,7582000.0,15.841287575058416,76.94282380396733,60.388757551878115,0,0,-468.9965058226251,,1.892,1.0
1824920,IONQ,"IonQ, Inc.",US,7373.0,Systems integration,2024Q2,post,1,11381000.0,16.247455856264025,106.36446056210336,76.94282380396733,0,0,-430.0237237501098,,1.819,1.0
1824920,IONQ,"IonQ, Inc.",US,7373.0,Systems integration,2024Q3,post,1,12400000.0,16.333207030575267,102.08604954367667,106.36446056210336,0,0,-428.508064516129,,1.826,1.0
1824920,IONQ,"IonQ, Inc.",US,7373.0,Systems integration,2024Q4,post,1,11710000.0,16.2759537355739,91.77857844742876,102.08604954367667,0,1,-468.9965058226251,,2.453,1.0
1824920,IONQ,"IonQ, Inc.",US,7373.0,Systems integration,2025Q1,post,1,7566000.0,15.839175084175112,-0.21102611448166714,91.77857844742876,1,0,-468.9965058226251,,3.582,1.0
1824920,IONQ,"IonQ, Inc.",US,7373.0,Systems integration,2025Q2,post,1,20694000.0,16.845354361147034,81.8293647306915,-0.21102611448166714,0,0,-468.9965058226251,,1.994,1.0
1824920,IONQ,"IonQ, Inc.",US,7373.0,Systems integration,2025Q3,post,1,39866000.0,17.50103438826485,221.5,81.8293647306915,0,0,-423.45106105453266,,0.0,0.0
1824920,IONQ,"IonQ, Inc.",US,7373.0,Systems integration,2025Q4,post,1,61890000.0,17.940869173715544,428.52263023057213,221.5,0,0,-369.4150912910001,,2.389,1.0
1825452,ONFO,"Onfolio Holdings, Inc",US,7374.0,Data processing & managed services,2025Q2,post,1,3148209.0,14.962344277675216,82.33585215791275,77.19701657695308,0,0,-16.089243122041772,65.64989808491114,0.0,0.0
1825452,ONFO,"Onfolio Holdings, Inc",US,7374.0,Data processing & managed services,2025Q3,post,1,2742033.0,14.824210174042918,36.29939177998302,82.33585215791275,0,1,-9.776213488313234,66.65685642732964,0.0,0.0
1825452,ONFO,"Onfolio Holdings, Inc",US,7374.0,Data processing & managed services,2025Q4,post,1,2028033.0,14.52257691575017,-20.055589631678288,36.29939177998302,1,1,-59.08355534648598,66.62978363764299,2.717,1.0
1828016,PLTK,Playtika Holding Corp.,US,7374.0,Data processing & managed services,2021Q1,pre,0,638900000.0,20.275258505572573,19.599400973418195,,0,0,20.394427922992644,,0.0,0.0
1828016,PLTK,Playtika Holding Corp.,US,7374.0,Data processing & managed services,2021Q2,pre,0,659200000.0,20.306537536559535,1.3374327440430438,19.599400973418195,0,0,25.091019417475728,,0.0,0.0
1828016,PLTK,Playtika Holding Corp.,US,7374.0,Data processing & managed services,2021Q3,pre,0,635900000.0,20.270551876237636,3.6849828795043207,1.3374327440430438,0,0,24.296272998899198,,0.0,0.0
1828016,PLTK,Playtika Holding Corp.,US,7374.0,Data processing & managed services,2021Q4,pre,0,649000000.0,20.290943274668365,13.164777680906713,3.6849828795043207,0,0,17.257318952234208,,0.653,0.0
1828016,PLTK,Playtika Holding Corp.,US,7374.0,Data processing & managed services,2022Q1,pre,0,676900000.0,20.333034109478834,5.947722648301769,13.164777680906713,0,0,17.78697001034126,,0.0,0.0
1828016,PLTK,Playtika Holding Corp.,US,7374.0,Data processing & managed services,2022Q2,pre,0,659600000.0,20.30714414864972,0.06067961165048543,5.947722648301769,0,0,13.841722255912675,,0.0,0.0
1828016,PLTK,Playtika Holding Corp.,US,7374.0,Data processing & managed services,2022Q3,pre,0,647800000.0,20.2890925647015,1.8713634219216857,0.06067961165048543,0,1,20.28403828342081,,0.0,0.0
1828016,PLTK,Playtika Holding Corp.,US,7374.0,Data processing & managed services,2022Q4,transition,0,631200000.0,20.26313332749594,-2.7426810477657937,1.8713634219216857,1,1,20.326362484157162,,0.728,0.0
1828016,PLTK,Playtika Holding Corp.,US,7374.0,Data processing & managed services,2023Q1,post,1,656200000.0,20.301976178491277,-3.0580587974590046,-2.7426810477657937,1,1,23.224626638220055,,0.0,0.0
1828016,PLTK,Playtika Holding Corp.,US,7374.0,Data processing & managed services,2023Q2,post,1,642800000.0,20.281344191827632,-2.546998180715585,-3.0580587974590046,1,1,21.65525824517735,,0.0,0.0
1828016,PLTK,Playtika Holding Corp.,US,7374.0,Data processing & managed services,2023Q3,post,1,630100000.0,20.261389094912285,-2.7323247916023465,-2.546998180715585,1,0,14.283447071893352,,0.0,0.0
1828016,PLTK,Playtika Holding Corp.,US,7374.0,Data processing & managed services,2023Q4,post,1,637900000.0,20.273692089212183,1.061470215462611,-2.7323247916023465,0,1,18.811725975858284,,2.94,1.0
1828016,PLTK,Playtika Holding Corp.,US,7374.0,Data processing & managed services,2024Q1,post,1,651200000.0,20.294327372652603,-0.7619628162145687,1.061470215462611,1,1,15.064496314496315,,0.0,0.0
1828016,PLTK,Playtika Holding Corp.,US,7374.0,Data processing & managed services,2024Q2,post,1,627000000.0,20.256457098597195,-2.4579962663347854,-0.7619628162145687,1,1,22.440191387559807,,0.0,0.0
1828016,PLTK,Playtika Holding Corp.,US,7374.0,Data processing & managed services,2024Q3,post,1,620800000.0,20.246519526833282,-1.4759561974289797,-2.4579962663347854,1,0,15.705541237113401,,0.0,0.0
1828016,PLTK,Playtika Holding Corp.,US,7374.0,Data processing & managed services,2024Q4,post,1,650300000.0,20.29294435283938,1.9438783508386897,-1.4759561974289797,0,0,8.503767491926803,,2.694,1.0
1828016,PLTK,Playtika Holding Corp.,US,7374.0,Data processing & managed services,2025Q1,post,1,706000000.0,20.375125795457517,8.415233415233416,1.9438783508386897,0,0,9.60339943342776,,0.0,0.0
1828016,PLTK,Playtika Holding Corp.,US,7374.0,Data processing & managed services,2025Q2,post,1,696000000.0,20.360860218298694,11.004784688995215,8.415233415233416,0,0,15.761494252873561,,1.159,0.0
1828016,PLTK,Playtika Holding Corp.,US,7374.0,Data processing & managed services,2025Q3,post,1,674600000.0,20.329630480591824,8.666237113402062,11.004784688995215,0,0,14.58642158316039,,1.067,0.0
1828016,PLTK,Playtika Holding Corp.,US,7374.0,Data processing & managed services,2025Q4,post,1,678800000.0,20.335837091324347,4.382592649546363,8.666237113402062,0,0,-41.39658220388922,,2.277,1.0
1828108,AUR,"Aurora Innovation, Inc.",US,7373.0,Systems integration,2022Q1,pre,0,42000000.0,17.553180176247643,502.513410715471,,0,0,-340.4761904761905,73.80952380952381,0.86,0.0
1828108,AUR,"Aurora Innovation, Inc.",US,7373.0,Systems integration,2022Q2,pre,0,21000000.0,16.860032995687696,502.513410715471,544.2709220099438,0,1,-468.9965058226251,161.9047619047619,0.835,0.0
1828108,AUR,"Aurora Innovation, Inc.",US,7373.0,Systems integration,2022Q3,pre,0,2897000.0,14.879186276751488,-68.87975818666524,544.2709220099438,1,1,-468.9965058226251,168.54553583996469,0.833,0.0
1828108,AUR,"Aurora Innovation, Inc.",US,7373.0,Systems integration,2022Q4,transition,0,2103000.0,14.558875454684836,-68.87975818666524,-65.52412935323383,1,1,-468.9965058226251,168.54553583996469,2.154,1.0
1828108,AUR,"Aurora Innovation, Inc.",US,7373.0,Systems integration,2023Q1,post,1,0.0,,-68.87975818666524,-65.52412935323383,1,1,-468.9965058226251,168.54553583996469,0.62,0.0
1828791,DSP,Viant Technology Inc.,US,7370.0,IT consulting & application services,2021Q1,pre,0,40144000.0,17.507983547588342,5.19916142557652,,0,0,-36.63062973296134,,0.0,0.0
1828791,DSP,Viant Technology Inc.,US,7370.0,IT consulting & application services,2021Q2,pre,0,50411000.0,17.73571996319592,65.68940016433854,5.19916142557652,0,0,-47.53526016147269,,0.0,0.0
1828791,DSP,Viant Technology Inc.,US,7370.0,IT consulting & application services,2021Q3,pre,0,50857000.0,17.744528330768283,26.494217137171994,65.68940016433854,0,0,-23.225907937943646,,0.0,0.0
1828791,DSP,Viant Technology Inc.,US,7370.0,IT consulting & application services,2021Q4,pre,0,82715000.0,18.230911522023252,46.499353536069144,26.494217137171994,0,0,9.290938765641057,,0.279,0.0
1828791,DSP,Viant Technology Inc.,US,7370.0,IT consulting & application services,2022Q1,pre,0,42629000.0,17.568045330807333,6.190215225189318,46.499353536069144,0,0,-31.450421074855146,,0.0,0.0
1828791,DSP,Viant Technology Inc.,US,7370.0,IT consulting & application services,2022Q2,pre,0,51200000.0,17.751250090009737,1.5651345936402767,6.190215225189318,0,1,-26.8984375,,0.0,0.0
1828791,DSP,Viant Technology Inc.,US,7370.0,IT consulting & application services,2022Q3,pre,0,48830000.0,17.70385543603784,-3.985685353048744,1.5651345936402767,1,1,-26.366987507679706,,0.0,0.0
1828791,DSP,Viant Technology Inc.,US,7370.0,IT consulting & application services,2022Q4,transition,0,54509000.0,17.813876383614435,-34.10022365955389,-3.985685353048744,1,1,-16.888954117668643,,1.564,0.0
1828791,DSP,Viant Technology Inc.,US,7370.0,IT consulting & application services,2023Q1,post,1,41720000.0,17.546491188096844,-2.1323512163081473,-34.10022365955389,1,0,-26.625119846596355,,1.42,0.0
1828791,DSP,Viant Technology Inc.,US,7370.0,IT consulting & application services,2023Q2,post,1,57223000.0,17.862466473432427,11.763671875,-2.1323512163081473,0,0,-9.176380126872061,,3.584,1.0
1828791,DSP,Viant Technology Inc.,US,7370.0,IT consulting & application services,2023Q3,post,1,59585000.0,17.902914422507045,22.025394224861767,11.763671875,0,0,-4.731056473944785,,3.847,1.0
1828791,DSP,Viant Technology Inc.,US,7370.0,IT consulting & application services,2023Q4,post,1,64406000.0,17.980717354436603,18.156634684180595,22.025394224861767,0,0,1.3694376300344688,,5.585,1.0
1828791,DSP,Viant Technology Inc.,US,7370.0,IT consulting & application services,2024Q1,post,1,53393000.0,17.79319020919556,27.97938638542665,18.156634684180595,0,0,-10.66057348341543,,4.504,1.0
1828791,DSP,Viant Technology Inc.,US,7370.0,IT consulting & application services,2024Q2,post,1,65866000.0,18.00313293310122,15.1040665466683,27.97938638542665,0,0,-1.1705584064616037,,4.179,1.0
1828791,DSP,Viant Technology Inc.,US,7370.0,IT consulting & application services,2024Q3,post,1,79922000.0,18.196561717016476,34.13107325669212,15.1040665466683,0,0,5.052426115462576,,4.952,1.0
1828791,DSP,Viant Technology Inc.,US,7370.0,IT consulting & application services,2024Q4,post,1,90054000.0,18.315920048366507,39.82237679719281,34.13107325669212,0,0,6.554955915339685,,10.345,1.0
1828791,DSP,Viant Technology Inc.,US,7370.0,IT consulting & application services,2025Q1,post,1,70642000.0,18.073135426429968,32.3057329612496,39.82237679719281,0,0,-6.87834432773704,,10.817,1.0
1828791,DSP,Viant Technology Inc.,US,7370.0,IT consulting & application services,2025Q2,post,1,77853000.0,18.170332991147273,18.199070840797983,32.3057329612496,0,0,0.015413664213325112,,10.087,1.0
1828791,DSP,Viant Technology Inc.,US,7370.0,IT consulting & application services,2025Q3,post,1,85582000.0,18.26498553862612,7.081904857235805,18.199070840797983,0,0,4.943796592741465,,10.053,1.0
1828791,DSP,Viant Technology Inc.,US,7370.0,IT consulting & application services,2025Q4,post,1,110124000.0,18.51711756158915,22.28662802318609,7.081904857235805,0,0,11.527005920598599,,11.796,1.0
1829280,,Forian Inc.,US,7374.0,Data processing & managed services,2021Q3,pre,0,4961755.0,15.41727006676297,502.513410715471,544.2709220099438,0,0,-148.11092043037192,,0.0,0.0
1829280,,Forian Inc.,US,7374.0,Data processing & managed services,2021Q4,pre,0,5749366.0,15.564600145824791,502.513410715471,544.2709220099438,0,0,-142.0398527420241,,0.717,0.0
1829280,,Forian Inc.,US,7374.0,Data processing & managed services,2022Q1,pre,0,3534861.0,15.078184535464752,118.11929959663313,544.2709220099438,0,1,-292.0907498201485,,0.0,0.0
1829280,,Forian Inc.,US,7374.0,Data processing & managed services,2022Q2,pre,0,3602913.0,15.097253242894151,-20.7800157652235,118.11929959663313,1,1,-109.02777835601358,,0.0,0.0
1829280,,Forian Inc.,US,7374.0,Data processing & managed services,2022Q3,pre,0,4310694.0,15.27660946999913,-13.121587019109166,-20.7800157652235,1,1,-65.89435483010392,,0.0,0.0
1829280,,Forian Inc.,US,7374.0,Data processing & managed services,2022Q4,transition,0,4969673.0,15.41886460113963,-13.561373549709653,-13.121587019109166,1,0,-37.40946335905803,,0.0,0.0
1829280,,Forian Inc.,US,7374.0,Data processing & managed services,2023Q1,post,1,5075804.0,15.439995493989745,43.59274664548337,-13.561373549709653,0,0,-43.400454391067896,,0.0,0.0
1829280,,Forian Inc.,US,7374.0,Data processing & managed services,2023Q2,post,1,5098959.0,15.444546959212653,41.52323411639415,43.59274664548337,0,0,-25.567277556065854,,0.0,0.0
1829280,,Forian Inc.,US,7374.0,Data processing & managed services,2023Q3,post,1,5531802.0,15.526024179369196,28.327410853101615,41.52323411639415,0,0,-11.61046617359045,,0.0,0.0
1829280,,Forian Inc.,US,7374.0,Data processing & managed services,2023Q4,post,1,5510419.0,15.5221512217951,10.880917114667303,28.327410853101615,0,1,-14.228845392700629,,0.0,0.0
1829280,,Forian Inc.,US,7374.0,Data processing & managed services,2024Q1,post,1,4877378.0,15.400118338352636,-3.9092526031343997,10.880917114667303,1,1,-36.33817186201275,,0.0,0.0
1829280,,Forian Inc.,US,7374.0,Data processing & managed services,2024Q2,post,1,4777101.0,15.379344435125352,-6.312229613927078,-3.9092526031343997,1,1,-62.18160344526942,,0.0,0.0
1829280,,Forian Inc.,US,7374.0,Data processing & managed services,2024Q3,post,1,4686312.0,15.360156477139459,-15.284169606938208,-6.312229613927078,1,0,-16.98198924868852,,0.0,0.0
1829280,,Forian Inc.,US,7374.0,Data processing & managed services,2024Q4,post,1,5812472.0,15.575516511661846,5.481488794227808,-15.284169606938208,0,0,-24.91717809565362,,0.0,0.0
1829280,,Forian Inc.,US,7374.0,Data processing & managed services,2025Q1,post,1,7056116.0,15.769405316442928,44.67027160904896,5.481488794227808,0,0,-19.76533549051631,,0.0,0.0
1829280,,Forian Inc.,US,7374.0,Data processing & managed services,2025Q2,post,1,7476140.0,15.827227173974011,56.499517175793436,44.67027160904896,0,0,0.6163073457693409,,0.0,0.0
1829280,,Forian Inc.,US,7374.0,Data processing & managed services,2025Q3,post,1,7762183.0,15.864774167030905,65.63521592245672,56.499517175793436,0,0,-6.053516130707045,,0.0,0.0
1829280,,Forian Inc.,US,7374.0,Data processing & managed services,2025Q4,post,1,7962480.0,15.890251067085462,36.98956313251918,65.63521592245672,0,1,-24.436833750288855,,0.523,1.0
1829864,TASK,"TaskUs, Inc.",US,7374.0,Data processing & managed services,2022Q1,pre,0,239680000.0,19.294815258293127,56.78578670905535,,0,0,8.575600801068092,26.805323765020027,10.107,0.0
1829864,TASK,"TaskUs, Inc.",US,7374.0,Data processing & managed services,2022Q2,pre,0,246459000.0,19.322706209012477,36.90493384141938,56.78578670905535,0,0,7.860536640982882,27.96367752851387,10.133,0.0
1829864,TASK,"TaskUs, Inc.",US,7374.0,Data processing & managed services,2022Q3,pre,0,232130000.0,19.26280811752363,15.457118272296361,36.90493384141938,0,0,8.93077155042433,26.859087580235215,9.691,0.0
1829864,TASK,"TaskUs, Inc.",US,7374.0,Data processing & managed services,2022Q4,transition,0,242220000.0,19.30535696205718,6.8191941152864075,15.457118272296361,0,1,9.594170588720997,26.624143340764594,7.58,0.0
1829864,TASK,"TaskUs, Inc.",US,7374.0,Data processing & managed services,2023Q1,post,1,235306000.0,19.276397352735003,-1.8249332443257678,6.8191941152864075,1,1,7.819605109941947,27.323570159706932,9.826,0.0
1829864,TASK,"TaskUs, Inc.",US,7374.0,Data processing & managed services,2023Q2,post,1,229169000.0,19.24997028060324,-7.015365638909514,-1.8249332443257678,1,1,9.673646959230961,25.38519607800357,18.251010000000004,1.0
1829864,TASK,"TaskUs, Inc.",US,7374.0,Data processing & managed services,2023Q3,post,1,225626000.0,19.23438931917456,-2.8018782578727435,-7.015365638909514,1,1,10.169040802035227,25.313572017409342,18.251010000000004,1.0
1829864,TASK,"TaskUs, Inc.",US,7374.0,Data processing & managed services,2023Q4,post,1,234264000.0,19.271959242505048,-3.284617290066881,-2.8018782578727435,1,1,13.457039920773145,20.89096062561896,14.868,1.0
1829864,TASK,"TaskUs, Inc.",US,7374.0,Data processing & managed services,2024Q1,post,1,227470000.0,19.242528919528045,-3.330131828342669,-3.284617290066881,1,0,10.35653053149866,23.25757242713325,11.137,0.0
1829864,TASK,"TaskUs, Inc.",US,7374.0,Data processing & managed services,2024Q2,post,1,237928000.0,19.287478664858636,3.822070175285488,-3.330131828342669,0,0,9.549947883393294,23.652533539558185,12.399,0.0
1829864,TASK,"TaskUs, Inc.",US,7374.0,Data processing & managed services,2024Q3,post,1,255345000.0,19.358126129898917,13.171797576520436,3.822070175285488,0,0,9.475023987154634,24.53543245413069,11.783,0.0
1829864,TASK,"TaskUs, Inc.",US,7374.0,Data processing & managed services,2024Q4,post,1,274242000.0,19.429521486229245,17.06536215551685,13.171797576520436,0,0,8.003879785007403,24.706281313584352,14.95,1.0
1829864,TASK,"TaskUs, Inc.",US,7374.0,Data processing & managed services,2025Q1,post,1,277792000.0,19.442383190173672,22.12247768936563,17.06536215551685,0,0,12.325048957493376,20.67158161502131,9.508,1.0
1829864,TASK,"TaskUs, Inc.",US,7374.0,Data processing & managed services,2025Q2,post,1,294086000.0,19.499382799535,23.602938704145792,22.12247768936563,0,0,10.324190882939003,23.26054283440898,12.864,1.0
1829864,TASK,"TaskUs, Inc.",US,7374.0,Data processing & managed services,2025Q3,post,1,298713000.0,19.51499380416764,16.98408036186336,23.602938704145792,0,0,12.701489389480871,19.985404050041346,13.642,1.0
1829864,TASK,"TaskUs, Inc.",US,7374.0,Data processing & managed services,2025Q4,post,1,312956000.0,19.561573163542953,14.116729020354285,16.98408036186336,0,0,12.169442349723283,18.96720305729879,18.251010000000004,1.0
1830043,BMBL,Bumble Inc.,US,7370.0,IT consulting & application services,2022Q1,pre,0,210030000.0,19.16276093562149,23.0310521167105,,0,0,9.055373041946387,,0.0,0.0
1830043,BMBL,Bumble Inc.,US,7370.0,IT consulting & application services,2022Q2,pre,0,219206000.0,19.205522484926295,17.71535359285135,23.0310521167105,0,0,-1.2627391585996735,,0.0,0.0
1830043,BMBL,Bumble Inc.,US,7370.0,IT consulting & application services,2022Q3,pre,0,232639000.0,19.26499845381326,16.817727608249182,17.71535359285135,0,0,12.183683733165978,,0.0,0.0
1830043,BMBL,Bumble Inc.,US,7370.0,IT consulting & application services,2022Q4,transition,0,241628000.0,19.302909911349474,17.96341409831424,16.817727608249182,0,0,-61.01900442001755,,1.084,0.0
1830043,BMBL,Bumble Inc.,US,7370.0,IT consulting & application services,2023Q1,post,1,242948000.0,19.30835798663577,15.672999095367329,17.96341409831424,0,0,3.7308395212144165,,0.0,0.0
1830043,BMBL,Bumble Inc.,US,7370.0,IT consulting & application services,2023Q2,post,1,259735000.0,19.375172438441684,18.489001213470434,15.672999095367329,0,0,8.151000057751169,,0.0,0.0
1830043,BMBL,Bumble Inc.,US,7370.0,IT consulting & application services,2023Q3,post,1,275510000.0,19.434134483539154,18.42812254179222,18.489001213470434,0,0,10.888896954738485,,0.0,0.0
1830043,BMBL,Bumble Inc.,US,7370.0,IT consulting & application services,2023Q4,post,1,273637000.0,19.427312968487517,13.247223003956496,18.42812254179222,0,0,-2.5077018093313406,,5.202,1.0
1830043,BMBL,Bumble Inc.,US,7370.0,IT consulting & application services,2024Q1,post,1,267775000.0,19.405657633614968,10.219059222549681,13.247223003956496,0,0,18.220520959760993,,0.407,0.0
1830043,BMBL,Bumble Inc.,US,7370.0,IT consulting & application services,2024Q2,post,1,268615000.0,19.40878968561699,3.41886923210195,10.219059222549681,0,1,19.34143662863206,,0.374,0.0
1830043,BMBL,Bumble Inc.,US,7370.0,IT consulting & application services,2024Q3,post,1,273605000.0,19.42719601839949,-0.6914449566258938,3.41886923210195,1,1,-306.34929917216425,,0.332,0.0
1830043,BMBL,Bumble Inc.,US,7370.0,IT consulting & application services,2024Q4,post,1,261648000.0,19.38251064695431,-4.381351937055296,-0.6914449566258938,1,1,14.129288203999266,,8.143,1.0
1830043,BMBL,Bumble Inc.,US,7370.0,IT consulting & application services,2025Q1,post,1,247101000.0,19.325307717895207,-7.720661002707498,-4.381351937055296,1,1,18.069534319974423,,0.39,0.0
1830043,BMBL,Bumble Inc.,US,7370.0,IT consulting & application services,2025Q2,post,1,248229000.0,19.329862265166422,-7.589300671965453,-7.720661002707498,1,1,-136.30276881428037,,0.997,0.0
1830043,BMBL,Bumble Inc.,US,7370.0,IT consulting & application services,2025Q3,post,1,246163000.0,19.32150447609912,-10.029787467334296,-7.589300671965453,1,1,25.860100827500474,,0.897,0.0
1830043,BMBL,Bumble Inc.,US,7370.0,IT consulting & application services,2025Q4,post,1,224165000.0,19.22789294580028,-14.325735339081513,-10.029787467334296,1,1,-256.8389356054692,,10.805,1.0
1830081,RUM,RUM Group Inc.,US,7370.0,IT consulting & application services,2023Q1,post,1,17615375.0,16.6842826582053,335.51046846973804,,0,0,-134.13500422216387,,0.0,0.0
1830081,RUM,RUM Group Inc.,US,7370.0,IT consulting & application services,2023Q2,post,1,24974054.0,17.03334800390363,467.68090101361304,335.51046846973804,0,0,-138.12248103571812,,0.0,0.0
1830081,RUM,RUM Group Inc.,US,7370.0,IT consulting & application services,2023Q3,post,1,17982150.0,16.70489015716707,63.7244106489358,467.68090101361304,0,0,-223.6430682649183,,0.0,0.0
1830081,RUM,RUM Group Inc.,US,7370.0,IT consulting & application services,2023Q4,post,1,20391872.0,16.830646948047026,2.178916947791567,63.7244106489358,0,0,-182.46492033688716,,0.189,0.0
1830081,RUM,RUM Group Inc.,US,7370.0,IT consulting & application services,2024Q1,post,1,17733456.0,16.69096358291307,0.6703291868609099,2.178916947791567,0,1,-197.392668411617,,0.0,0.0
1830081,RUM,RUM Group Inc.,US,7370.0,IT consulting & application services,2024Q2,post,1,22469543.0,16.927671305725937,-10.028451928549526,0.6703291868609099,1,0,-172.73859107859914,,0.0,0.0
1830081,RUM,RUM Group Inc.,US,7370.0,IT consulting & application services,2024Q3,post,1,25056904.0,17.036659956304458,39.343204233086695,-10.028451928549526,0,0,-130.97174335664135,,0.0,0.0
1830081,RUM,RUM Group Inc.,US,7370.0,IT consulting & application services,2024Q4,post,1,30228287.0,17.22428869958608,48.236939698326864,39.343204233086695,0,0,-80.11698777373657,,3.97,1.0
1830081,RUM,RUM Group Inc.,US,7370.0,IT consulting & application services,2025Q1,post,1,23706790.0,16.981272062962972,33.68398128373849,48.236939698326864,0,0,-153.4719335683996,,0.0,0.0
1830081,RUM,RUM Group Inc.,US,7370.0,IT consulting & application services,2025Q2,post,1,25084631.0,17.03776590580625,11.638367544902893,33.68398128373849,0,1,-106.19746011013676,,0.0,0.0
1830081,RUM,RUM Group Inc.,US,7370.0,IT consulting & application services,2025Q3,post,1,24762445.0,17.024838748886022,-1.175161145207724,11.638367544902893,1,1,-113.64824838581167,,0.0,0.0
1830081,RUM,RUM Group Inc.,US,7370.0,IT consulting & application services,2025Q4,post,1,27068454.0,17.113879548766374,-10.453232100118674,-1.175161145207724,1,0,-131.10837434601916,,6.496,1.0
1837014,SMRT,"SmartRent, Inc.",US,7373.0,Systems integration,2022Q1,pre,0,37359000.0,17.436084404371396,94.98434237995824,,0,0,-75.75952247115822,,0.0,0.0
1837014,SMRT,"SmartRent, Inc.",US,7373.0,Systems integration,2022Q2,pre,0,42409000.0,17.562871161828284,95.64054066522121,94.98434237995824,0,0,-63.696385201254444,,0.0,0.0
1837014,SMRT,"SmartRent, Inc.",US,7373.0,Systems integration,2022Q3,pre,0,47502000.0,17.676282373381625,35.2100648980986,95.64054066522121,0,0,-56.13447854827165,,0.0,0.0
1837014,SMRT,"SmartRent, Inc.",US,7373.0,Systems integration,2022Q4,transition,0,40551000.0,17.518070999134075,16.969539633091035,35.2100648980986,0,0,-54.918497694261546,,0.0,0.0
1837014,SMRT,"SmartRent, Inc.",US,7373.0,Systems integration,2023Q1,post,1,65079000.0,17.99111247449331,74.19898819561551,16.969539633091035,0,0,-23.50066841838381,,0.0,0.0
1837014,SMRT,"SmartRent, Inc.",US,7373.0,Systems integration,2023Q2,post,1,53402000.0,17.79335875641259,25.921384611756938,74.19898819561551,0,0,-22.633983745927118,,0.0,0.0
1837014,SMRT,"SmartRent, Inc.",US,7373.0,Systems integration,2023Q3,post,1,58104000.0,17.87774506626814,22.319060250094733,25.921384611756938,0,0,-17.119303318188077,,0.0,0.0
1837014,SMRT,"SmartRent, Inc.",US,7373.0,Systems integration,2023Q4,post,1,60253000.0,17.914062921626552,48.5857315479273,22.319060250094733,0,1,-9.677526430219242,,3.31,0.0
1837014,SMRT,"SmartRent, Inc.",US,7373.0,Systems integration,2024Q1,post,1,50489000.0,17.7372660487368,-22.418906252400927,48.5857315479273,1,1,-20.121214521975084,,0.0,0.0
1837014,SMRT,"SmartRent, Inc.",US,7373.0,Systems integration,2024Q2,post,1,48518000.0,17.697445421075134,-9.145724879218006,-22.418906252400927,1,1,-14.25862566470176,,0.0,0.0
1837014,SMRT,"SmartRent, Inc.",US,7373.0,Systems integration,2024Q3,post,1,40510000.0,17.517059415178874,-30.280187250447472,-9.145724879218006,1,1,-28.973093063441123,,0.0,0.0
1837014,SMRT,"SmartRent, Inc.",US,7373.0,Systems integration,2024Q4,post,1,35368000.0,17.381318014488215,-41.300848090551504,-30.280187250447472,1,1,-36.637638543315994,,3.308,0.0
1837014,SMRT,"SmartRent, Inc.",US,7373.0,Systems integration,2025Q1,post,1,41344000.0,17.53743786612441,-18.11285626572125,-41.300848090551504,1,1,-99.86696981424149,,0.0,0.0
1837014,SMRT,"SmartRent, Inc.",US,7373.0,Systems integration,2025Q2,post,1,38308000.0,17.461169309623646,-21.04373634527392,-18.11285626572125,1,1,-30.502767046047826,,0.0,0.0
1837014,SMRT,"SmartRent, Inc.",US,7373.0,Systems integration,2025Q3,post,1,36202000.0,17.404624923888637,-10.634411256479881,-21.04373634527392,1,0,-19.410529804983153,,0.0,0.0
1837014,SMRT,"SmartRent, Inc.",US,7373.0,Systems integration,2025Q4,post,1,36472000.0,17.412055400875413,3.1214657317349017,-10.634411256479881,0,1,-10.898771660451853,,5.183,0.0
1837686,,"Vimeo, Inc.",US,7370.0,IT consulting & application services,2022Q1,pre,0,108354000.0,18.500914202662536,21.17152378609291,,0,0,-24.23076213153183,,0.0,0.0
1837686,,"Vimeo, Inc.",US,7370.0,IT consulting & application services,2022Q2,pre,0,110977000.0,18.52483353059902,15.545676030235512,21.17152378609291,0,0,-24.596988565198195,,0.0,0.0
1837686,,"Vimeo, Inc.",US,7370.0,IT consulting & application services,2022Q3,pre,0,108133000.0,18.498872508918613,8.035767808971924,15.545676030235512,0,1,-21.160977684888056,,0.0,0.0
1837686,,"Vimeo, Inc.",US,7370.0,IT consulting & application services,2022Q4,transition,0,105564000.0,18.47482796202281,-0.52393516773464,8.035767808971924,1,1,-6.161191315221099,,0.204,0.0
1837686,,"Vimeo, Inc.",US,7370.0,IT consulting & application services,2023Q1,post,1,103582000.0,18.45587412752047,-4.404082913413441,-0.52393516773464,1,1,-2.7079994593655266,,0.0,0.0
1837686,,"Vimeo, Inc.",US,7370.0,IT consulting & application services,2023Q2,post,1,101835000.0,18.438864414385993,-8.237742955747587,-4.404082913413441,1,1,4.51220110963814,,0.0,0.0
1837686,,"Vimeo, Inc.",US,7370.0,IT consulting & application services,2023Q3,post,1,106253000.0,18.48133360066431,-1.7385996874219711,-8.237742955747587,1,1,5.348554864333242,,0.0,0.0
1837686,,"Vimeo, Inc.",US,7370.0,IT consulting & application services,2023Q4,post,1,105544000.0,18.47463848554575,-0.018945852752832403,-1.7385996874219711,1,0,5.281209732433866,,4.494,1.0
1837686,,"Vimeo, Inc.",US,7370.0,IT consulting & application services,2024Q1,post,1,104910000.0,18.468613397707667,1.2820760363769768,-0.018945852752832403,0,0,2.4678295682013154,,1.441,0.0
1837686,,"Vimeo, Inc.",US,7370.0,IT consulting & application services,2024Q2,post,1,104376000.0,18.46351032192772,2.495212844306967,1.2820760363769768,0,1,7.148194987353415,,1.188,0.0
1837686,,"Vimeo, Inc.",US,7370.0,IT consulting & application services,2024Q3,post,1,104564000.0,18.46530988209557,-1.5896021759385617,2.495212844306967,1,1,7.043533147163459,,1.187,0.0
1837686,,"Vimeo, Inc.",US,7370.0,IT consulting & application services,2024Q4,post,1,103156000.0,18.451752963506777,-2.2625634806336694,-1.5896021759385617,1,1,1.229206250727054,,9.997,1.0
1837686,,"Vimeo, Inc.",US,7370.0,IT consulting & application services,2025Q1,post,1,103034000.0,18.45056958881123,-1.7881994090172528,-2.2625634806336694,1,0,-5.912611371003746,,2.781,0.0
1837686,,"Vimeo, Inc.",US,7370.0,IT consulting & application services,2025Q2,post,1,104650000.0,18.466132006856284,0.2625124549704913,-1.7881994090172528,0,0,3.558528428093646,,2.502,0.0
1837686,,"Vimeo, Inc.",US,7370.0,IT consulting & application services,2025Q3,post,1,105756000.0,18.476645111869797,1.1399716919781187,0.2625124549704913,0,,-4.341124853436211,,2.288,0.0
1838359,RGTI,"Rigetti Computing, Inc.",US,7371.0,IT consulting & application services,2023Q1,post,1,2201000.0,14.604422360508599,4.610266159695818,,0,,-468.9965058226251,,0.327,0.0
1838672,,"AdTheorent Holding Company, Inc.",US,7370.0,IT consulting & application services,2022Q1,pre,0,34241000.0,17.348934314418816,10.572544967223173,,0,0,-10.943021523904092,,7.228,0.0
1838672,,"AdTheorent Holding Company, Inc.",US,7370.0,IT consulting & application services,2022Q2,pre,0,42476000.0,17.564449768505874,6.544259663380742,10.572544967223173,0,1,3.0205292400414354,,6.329,0.0
1838672,,"AdTheorent Holding Company, Inc.",US,7370.0,IT consulting & application services,2022Q3,pre,0,37584000.0,17.44208898588083,-4.932463196236151,6.544259663380742,1,1,-4.810557684120902,,6.14,0.0
1838672,,"AdTheorent Holding Company, Inc.",US,7370.0,IT consulting & application services,2022Q4,transition,0,51781000.0,17.762533844577042,-5.847591686819281,-4.932463196236151,1,1,10.720148316950233,,7.738,0.0
1838672,,"AdTheorent Holding Company, Inc.",US,7370.0,IT consulting & application services,2023Q1,post,1,32674000.0,17.30209021256859,-4.576385035483776,-5.847591686819281,1,1,-9.937565036420395,,8.036,0.0
1838672,,"AdTheorent Holding Company, Inc.",US,7370.0,IT consulting & application services,2023Q2,post,1,37587000.0,17.4421688038958,-11.510029192956022,-4.576385035483776,1,0,-1.939500359166733,,7.47,0.0
1838672,,"AdTheorent Holding Company, Inc.",US,7370.0,IT consulting & application services,2023Q3,post,1,40890000.0,17.526396092340825,8.796296296296296,-11.510029192956022,0,0,-0.3790657862558082,,7.26,0.0
1838672,,"AdTheorent Holding Company, Inc.",US,7370.0,IT consulting & application services,2023Q4,post,1,59658000.0,17.904138813190265,15.212143450300303,8.796296296296296,0,0,2.31486137651279,,9.666,0.0
1838672,,"AdTheorent Holding Company, Inc.",US,7370.0,IT consulting & application services,2024Q1,post,1,34857000.0,17.36676453583311,6.681153210503764,15.212143450300303,0,,-16.062770749060448,,7.177,0.0
1839285,HCTI,"Healthcare Triangle, Inc.",US,7373.0,Systems integration,2022Q1,pre,0,11056000.0,16.218483824989587,39.01672324908839,,0,0,-17.854558610709116,,4.285,0.0
1839285,HCTI,"Healthcare Triangle, Inc.",US,7373.0,Systems integration,2022Q2,pre,0,11588000.0,16.265480637871377,15.303482587064677,39.01672324908839,0,0,-12.366240938902314,,4.041,0.0
1839285,HCTI,"Healthcare Triangle, Inc.",US,7373.0,Systems integration,2022Q3,pre,0,11950000.0,16.296241836341792,47.93265659816786,15.303482587064677,0,0,-18.80334728033473,,4.163,0.0
1839285,HCTI,"Healthcare Triangle, Inc.",US,7373.0,Systems integration,2022Q4,transition,0,11292000.0,16.239605068355516,22.88605941887039,47.93265659816786,0,1,-94.48281969535954,,6.327,0.0
1839285,HCTI,"Healthcare Triangle, Inc.",US,7373.0,Systems integration,2023Q1,post,1,9838000.0,16.10176299633742,-11.016642547033285,22.88605941887039,1,1,-32.61841837771905,,4.637,0.0
1839285,HCTI,"Healthcare Triangle, Inc.",US,7373.0,Systems integration,2023Q2,post,1,8526000.0,15.958630876307293,-26.42388677942699,-11.016642547033285,1,1,-18.70748299319728,,3.013,0.0
1839285,HCTI,"Healthcare Triangle, Inc.",US,7373.0,Systems integration,2023Q3,post,1,7779000.0,15.86693835318891,-34.903765690376574,-26.42388677942699,1,1,-19.59120709602777,,2.477,0.0
1839285,HCTI,"Healthcare Triangle, Inc.",US,7373.0,Systems integration,2023Q4,post,1,7060000.0,15.769955609469426,-37.47786043216436,-34.903765690376574,1,1,-19.362606232294617,,6.683,0.0
1839285,HCTI,"Healthcare Triangle, Inc.",US,7373.0,Systems integration,2024Q1,post,1,4109000.0,15.228690247865547,-58.233380768448875,-37.47786043216436,1,1,-41.68897541981017,,2.492,0.0
1839285,HCTI,"Healthcare Triangle, Inc.",US,7373.0,Systems integration,2024Q2,post,1,2984000.0,14.908775240305788,-65.00117288294628,-58.233380768448875,1,1,-46.179624664879356,,3.354,0.0
1839285,HCTI,"Healthcare Triangle, Inc.",US,7373.0,Systems integration,2024Q3,post,1,2413000.0,14.696381344607168,-68.87975818666524,-65.00117288294628,1,1,-48.3630335681724,,3.469,0.0
1839285,HCTI,"Healthcare Triangle, Inc.",US,7373.0,Systems integration,2024Q4,post,1,2190000.0,14.599412101792684,-68.87975818666524,-65.52412935323383,1,1,-22.511415525114156,,6.11,0.0
1839285,HCTI,"Healthcare Triangle, Inc.",US,7373.0,Systems integration,2025Q1,post,1,3704000.0,15.124923874748207,-9.856412752494524,-65.52412935323383,1,0,-37.74298056155507,,2.662,0.0
1839285,HCTI,"Healthcare Triangle, Inc.",US,7373.0,Systems integration,2025Q2,post,1,3558000.0,15.084709147207917,19.23592493297587,-9.856412752494524,0,0,-38.195615514333895,,2.366,0.0
1839285,HCTI,"Healthcare Triangle, Inc.",US,7373.0,Systems integration,2025Q3,post,1,3489000.0,15.065125720168911,44.59179444674679,19.23592493297587,0,0,-74.26196617942104,,1.863,0.0
1839285,HCTI,"Healthcare Triangle, Inc.",US,7373.0,Systems integration,2025Q4,post,1,3140000.0,14.959733357884437,43.37899543378995,44.59179444674679,0,0,-141.43312101910828,,7.749,1.0
1840502,TBLA,Taboola.com Ltd.,US,7370.0,IT consulting & application services,2023Q1,post,1,327686000.0,19.607566390754602,-7.622784910043244,,1,1,-8.78829123001898,,2.626,0.0
1840502,TBLA,Taboola.com Ltd.,US,7370.0,IT consulting & application services,2023Q2,post,1,332004000.0,19.620657575000955,-3.119683683742103,-7.622784910043244,1,0,-7.530029758677606,,2.355,0.0
1840502,TBLA,Taboola.com Ltd.,US,7370.0,IT consulting & application services,2023Q3,post,1,360221000.0,19.702228289950614,8.349525660075436,-3.119683683742103,0,0,-5.2006962392531255,,2.28,0.0
1840502,TBLA,Taboola.com Ltd.,US,7370.0,IT consulting & application services,2023Q4,post,1,419774000.0,19.855227029178394,13.065260311312343,8.349525660075436,0,0,2.0951750227503374,,10.695,1.0
1840502,TBLA,Taboola.com Ltd.,US,7370.0,IT consulting & application services,2024Q1,post,1,414008000.0,19.841395855274385,26.342901436130926,13.065260311312343,0,0,-4.404021178334718,,2.546,0.0
1840502,TBLA,Taboola.com Ltd.,US,7370.0,IT consulting & application services,2024Q2,post,1,428160000.0,19.875007515464084,28.962301659016155,26.342901436130926,0,0,-1.782277653213752,,2.276,0.0
1840502,TBLA,Taboola.com Ltd.,US,7370.0,IT consulting & application services,2024Q3,post,1,433012000.0,19.886275999208614,20.2073171747344,28.962301659016155,0,0,1.052626717042484,,2.29,0.0
1840502,TBLA,Taboola.com Ltd.,US,7370.0,IT consulting & application services,2024Q4,post,1,491040000.0,20.0120361488357,16.977230605039857,20.2073171747344,0,0,9.616935483870968,,14.677,1.0
1840502,TBLA,Taboola.com Ltd.,US,7370.0,IT consulting & application services,2025Q1,post,1,427493000.0,19.873448471938023,3.257183436068868,16.977230605039857,0,0,-1.4648193069828044,,3.971,0.0
1840502,TBLA,Taboola.com Ltd.,US,7370.0,IT consulting & application services,2025Q2,post,1,465474000.0,19.95856679920099,8.714966367713005,3.257183436068868,0,0,0.009452729905429735,,3.547,0.0
1840502,TBLA,Taboola.com Ltd.,US,7370.0,IT consulting & application services,2025Q3,post,1,496764000.0,20.0236256221898,14.722917609673637,8.714966367713005,0,0,1.3094749216931985,,3.465,0.0
1840502,TBLA,Taboola.com Ltd.,US,7370.0,IT consulting & application services,2025Q4,post,1,522309000.0,20.07376992473423,6.3679130009775164,14.722917609673637,0,0,8.380096839227354,,14.63,1.0
1842718,,INTEGRAL AD SCIENCE HOLDING CORP.,US,7370.0,IT consulting & application services,2022Q1,pre,0,89242000.0,18.306862338752147,33.29250806547975,,0,0,3.8210707962618495,,1.321,0.0
1842718,,INTEGRAL AD SCIENCE HOLDING CORP.,US,7370.0,IT consulting & application services,2022Q2,pre,0,100328000.0,18.423955376486024,33.637029637029634,33.29250806547975,0,0,6.723945458894826,,1.129,0.0
1842718,,INTEGRAL AD SCIENCE HOLDING CORP.,US,7370.0,IT consulting & application services,2022Q3,pre,0,101343000.0,18.43402136088944,28.259548940694057,33.637029637029634,0,0,-2.2774143256070967,,1.12,0.0
1842718,,INTEGRAL AD SCIENCE HOLDING CORP.,US,7370.0,IT consulting & application services,2022Q4,transition,0,117435000.0,18.581395546992262,14.602037629791553,28.259548940694057,0,0,6.22386852301273,,2.577,0.0
1842718,,INTEGRAL AD SCIENCE HOLDING CORP.,US,7370.0,IT consulting & application services,2023Q1,post,1,106092000.0,18.47981720017594,18.88124425718832,14.602037629791553,0,0,9.038381781849715,,1.47,0.0
1842718,,INTEGRAL AD SCIENCE HOLDING CORP.,US,7370.0,IT consulting & application services,2023Q2,post,1,113651000.0,18.548642907168244,13.27944342556415,18.88124425718832,0,0,-16.021856384897625,,1.261,0.0
1842718,,INTEGRAL AD SCIENCE HOLDING CORP.,US,7370.0,IT consulting & application services,2023Q3,post,1,120331000.0,18.605756836859328,18.73637054359946,13.27944342556415,0,0,7.646408656123525,,1.235,0.0
1842718,,INTEGRAL AD SCIENCE HOLDING CORP.,US,7370.0,IT consulting & application services,2023Q4,post,1,134295000.0,18.715549430718504,14.35687827308724,18.73637054359946,0,0,12.29457537510704,,8.202,1.0
1842718,,INTEGRAL AD SCIENCE HOLDING CORP.,US,7370.0,IT consulting & application services,2024Q1,post,1,114530000.0,18.556347355373898,7.9534743430230375,14.35687827308724,0,0,0.4688727844232952,,1.696,0.0
1842718,,INTEGRAL AD SCIENCE HOLDING CORP.,US,7370.0,IT consulting & application services,2024Q2,post,1,129005000.0,18.675361721264732,13.509779940343684,7.9534743430230375,0,0,10.967791946048603,,1.516,0.0
1842718,,INTEGRAL AD SCIENCE HOLDING CORP.,US,7370.0,IT consulting & application services,2024Q3,post,1,133528000.0,18.70982175164039,10.96724867241193,13.509779940343684,0,0,15.118177460907075,,1.485,0.0
1842718,,INTEGRAL AD SCIENCE HOLDING CORP.,US,7370.0,IT consulting & application services,2024Q4,post,1,153038000.0,18.84619681453205,13.956588108269107,10.96724867241193,0,0,16.671022883205477,,9.914,1.0
1842718,,INTEGRAL AD SCIENCE HOLDING CORP.,US,7370.0,IT consulting & application services,2025Q1,post,1,134066000.0,18.71384277397193,17.057539509298874,13.956588108269107,0,0,8.541315471484195,,2.25,0.0
1842718,,INTEGRAL AD SCIENCE HOLDING CORP.,US,7370.0,IT consulting & application services,2025Q2,post,1,149204000.0,18.820825055026038,15.65753265377311,17.057539509298874,0,0,14.04251896731991,,1.969,0.0
1842718,,INTEGRAL AD SCIENCE HOLDING CORP.,US,7370.0,IT consulting & application services,2025Q3,post,1,154358000.0,18.854785137825214,15.599724402372535,15.65753265377311,0,,4.906775159045854,,1.706,0.0
1846069,NXDR,"Nextdoor Holdings, Inc.",US,7370.0,IT consulting & application services,2022Q1,pre,0,51000000.0,17.7473361906886,48.31186204088754,,0,0,-65.14901960784314,,0.0,0.0
1846069,NXDR,"Nextdoor Holdings, Inc.",US,7370.0,IT consulting & application services,2022Q2,pre,0,54541000.0,17.81446327038048,19.14238280396697,48.31186204088754,0,0,-70.1398947580719,,0.0,0.0
1846069,NXDR,"Nextdoor Holdings, Inc.",US,7370.0,IT consulting & application services,2022Q3,pre,0,53954000.0,17.803642389644725,2.3697941371786357,19.14238280396697,0,1,-67.4500500426289,,0.0,0.0
1846069,NXDR,"Nextdoor Holdings, Inc.",US,7370.0,IT consulting & application services,2022Q4,transition,0,53270000.0,17.790883878893183,-10.209516746169536,2.3697941371786357,1,1,-68.20161441712033,,0.34,0.0
1846069,NXDR,"Nextdoor Holdings, Inc.",US,7370.0,IT consulting & application services,2023Q1,post,1,49771000.0,17.72294304305804,-2.4098039215686278,-10.209516746169536,1,0,-77.98115368387214,,0.0,0.0
1846069,NXDR,"Nextdoor Holdings, Inc.",US,7370.0,IT consulting & application services,2023Q2,post,1,56889000.0,17.856612558790655,4.305018243156524,-2.4098039215686278,0,0,-72.84712334546222,,5.418,1.0
1846069,NXDR,"Nextdoor Holdings, Inc.",US,7370.0,IT consulting & application services,2023Q3,post,1,56092000.0,17.842503757828677,3.9626348370834417,4.305018243156524,0,0,-79.11288597304429,,5.759,1.0
1846069,NXDR,"Nextdoor Holdings, Inc.",US,7370.0,IT consulting & application services,2023Q4,post,1,55557000.0,17.832920078712252,4.2932232025530315,3.9626348370834417,0,0,-85.77496985078388,,6.803,1.0
1846069,NXDR,"Nextdoor Holdings, Inc.",US,7370.0,IT consulting & application services,2024Q1,post,1,53146000.0,17.788553401218365,6.781057242169135,4.2932232025530315,0,0,-65.38403642795319,,6.316,1.0
1846069,NXDR,"Nextdoor Holdings, Inc.",US,7370.0,IT consulting & application services,2024Q2,post,1,63292000.0,17.96326949682101,11.255251454587002,6.781057242169135,0,0,-77.4442267585161,,6.183,1.0
1846069,NXDR,"Nextdoor Holdings, Inc.",US,7370.0,IT consulting & application services,2024Q3,post,1,65610000.0,17.99923868132106,16.968551665121588,11.255251454587002,0,0,-31.667428745618047,,6.742,1.0
1846069,NXDR,"Nextdoor Holdings, Inc.",US,7370.0,IT consulting & application services,2024Q4,post,1,65228000.0,17.993399382563304,17.407347408967368,16.968551665121588,0,0,-26.211136321824984,,7.929,1.0
1846069,NXDR,"Nextdoor Holdings, Inc.",US,7370.0,IT consulting & application services,2025Q1,post,1,54176000.0,17.807748563915,1.9380574267113235,17.407347408967368,0,0,-49.86156231541642,,13.571,1.0
1846069,NXDR,"Nextdoor Holdings, Inc.",US,7370.0,IT consulting & application services,2025Q2,post,1,65093000.0,17.991327574515648,2.845541300638311,1.9380574267113235,0,0,-31.149278724286788,,13.096,1.0
1846069,NXDR,"Nextdoor Holdings, Inc.",US,7370.0,IT consulting & application services,2025Q3,post,1,68898000.0,18.04813770798638,5.01143118427069,2.845541300638311,0,0,-25.006531394234955,,13.261,1.0
1846069,NXDR,"Nextdoor Holdings, Inc.",US,7370.0,IT consulting & application services,2025Q4,post,1,69479000.0,18.05653510660263,6.517139878579751,5.01143118427069,0,0,-10.685243023071719,,15.319,1.0
1854445,BTLN,"Brightline Interactive, Inc./NV",US,7371.0,IT consulting & application services,2022Q3,pre,0,3951024.0,15.18948534378662,286.39574468501263,153.58581641916865,0,0,-137.50564410643923,,0.0,0.0
1854445,BTLN,"Brightline Interactive, Inc./NV",US,7371.0,IT consulting & application services,2022Q4,transition,0,2950547.0,14.897501134855961,74.58837326819732,286.39574468501263,0,0,41.74276837481321,,0.0,0.0
1854445,BTLN,"Brightline Interactive, Inc./NV",US,7371.0,IT consulting & application services,2023Q1,post,1,3672390.0,15.116353234233053,78.93777212999092,74.58837326819732,0,0,-143.78971187700654,,0.0,0.0
1854445,BTLN,"Brightline Interactive, Inc./NV",US,7371.0,IT consulting & application services,2023Q2,post,1,2908403.0,14.883114691252487,16.208290880031964,78.93777212999092,0,1,-468.9965058226251,,1.004,0.0
1854445,BTLN,"Brightline Interactive, Inc./NV",US,7371.0,IT consulting & application services,2023Q3,post,1,3104880.0,14.948485625259893,-21.415815241820855,16.208290880031964,1,1,-5.498408956223751,,0.0,0.0
1854445,BTLN,"Brightline Interactive, Inc./NV",US,7371.0,IT consulting & application services,2023Q4,post,1,2076425.0,14.54615822293208,-29.625760918229737,-21.415815241820855,1,1,-39.12806867572872,,2.32,0.0
1855747,BLND,"Blend Labs, Inc.",US,7370.0,IT consulting & application services,2022Q1,pre,0,71524000.0,18.08554361567723,124.38901960784314,,0,0,-97.5169173983558,,0.0,0.0
1855747,BLND,"Blend Labs, Inc.",US,7370.0,IT consulting & application services,2022Q2,pre,0,65539000.0,17.998155943260745,104.41332418439274,124.38901960784314,0,1,-468.9965058226251,,0.0,0.0
1855747,BLND,"Blend Labs, Inc.",US,7370.0,IT consulting & application services,2022Q3,pre,0,55353000.0,17.82924141619213,-38.20002679528403,104.41332418439274,1,1,-234.5961375173884,,0.0,0.0
1855747,BLND,"Blend Labs, Inc.",US,7370.0,IT consulting & application services,2022Q4,transition,0,42785000.0,17.571698131834292,-47.1724904309174,-38.20002679528403,1,1,-175.66203108566086,,0.0,0.0
1855747,BLND,"Blend Labs, Inc.",US,7370.0,IT consulting & application services,2023Q1,post,1,37336000.0,17.43546856661179,-47.79934008165092,-47.1724904309174,1,1,-164.5489607885151,,0.0,0.0
1855747,BLND,"Blend Labs, Inc.",US,7370.0,IT consulting & application services,2023Q2,post,1,42815000.0,17.57239906644243,-34.67248508521644,-47.79934008165092,1,1,-85.7666705593834,,0.0,0.0
1855747,BLND,"Blend Labs, Inc.",US,7370.0,IT consulting & application services,2023Q3,post,1,40591000.0,17.519056925121607,-26.668834570845302,-34.67248508521644,1,1,-89.17740385799809,,0.0,0.0
1855747,BLND,"Blend Labs, Inc.",US,7370.0,IT consulting & application services,2023Q4,post,1,-11193000.0,,-68.87975818666524,-26.668834570845302,1,1,65.78880425762131,,2.125,0.0
1855747,BLND,"Blend Labs, Inc.",US,7370.0,IT consulting & application services,2024Q1,post,1,23840000.0,16.986875400161423,-36.14741804156846,-65.52412935323383,1,1,-89.01426174496643,,3.609,0.0
1855747,BLND,"Blend Labs, Inc.",US,7370.0,IT consulting & application services,2024Q2,post,1,28696000.0,17.172268298194254,-32.97676048113979,-36.14741804156846,1,1,-45.5429328129356,,3.858,0.0
1855747,BLND,"Blend Labs, Inc.",US,7370.0,IT consulting & application services,2024Q3,post,1,33104000.0,17.315164678967463,-18.444975487176958,-32.97676048113979,1,0,-34.083494441759306,,3.746,0.0
1855747,BLND,"Blend Labs, Inc.",US,7370.0,IT consulting & application services,2024Q4,post,1,30122000.0,17.22076635975393,369.1146252121862,-18.444975487176958,0,0,-10.86249253037647,,2.577,0.0
1855747,BLND,"Blend Labs, Inc.",US,7370.0,IT consulting & application services,2025Q1,post,1,26845000.0,17.105590141838807,12.60486577181208,369.1146252121862,0,0,-29.726205997392434,,3.851,0.0
1855747,BLND,"Blend Labs, Inc.",US,7370.0,IT consulting & application services,2025Q2,post,1,31629000.0,17.269584979227197,10.220936715918596,12.60486577181208,0,1,-15.258149166903792,,3.62,0.0
1855747,BLND,"Blend Labs, Inc.",US,7370.0,IT consulting & application services,2025Q3,post,1,32695000.0,17.302732718977513,-1.235500241662639,10.220936715918596,1,0,-16.35418259672733,,3.567,0.0
1855747,BLND,"Blend Labs, Inc.",US,7370.0,IT consulting & application services,2025Q4,post,1,31629000.0,17.269584979227197,5.002987849412389,-1.235500241662639,0,0,-15.258149166903792,,2.888,0.0
1866550,,"Thoughtworks Holding, Inc.",US,7371.0,IT consulting & application services,2022Q1,pre,0,320940000.0,19.586764747735486,35.040519729700165,,0,0,-12.287655013398142,32.64317317878731,0.559,0.0
1866550,,"Thoughtworks Holding, Inc.",US,7371.0,IT consulting & application services,2022Q2,pre,0,332107000.0,19.620967764113395,27.52157952939731,35.040519729700165,0,0,-6.600884654644437,29.915659712080746,0.466,0.0
1866550,,"Thoughtworks Holding, Inc.",US,7371.0,IT consulting & application services,2022Q3,pre,0,332447000.0,19.621991006858654,16.627200044904246,27.52157952939731,0,0,-2.6100400966169044,27.577929715112482,0.454,0.0
1866550,,"Thoughtworks Holding, Inc.",US,7371.0,IT consulting & application services,2022Q4,transition,0,310744000.0,19.554479980043187,8.348675034867503,16.627200044904246,0,1,7.31245011971269,24.76701078701439,1.439,0.0
1866550,,"Thoughtworks Holding, Inc.",US,7371.0,IT consulting & application services,2023Q1,post,1,307056000.0,19.542540699340165,-4.326042250888016,8.348675034867503,1,1,1.8407065812099423,28.11864936689073,0.661,0.0
1866550,,"Thoughtworks Holding, Inc.",US,7371.0,IT consulting & application services,2023Q2,post,1,287215000.0,19.475741622186742,-13.517330258019253,-4.326042250888016,1,1,-0.5650819072820013,30.160681022927076,1.078,0.0
1866550,,"Thoughtworks Holding, Inc.",US,7371.0,IT consulting & application services,2023Q3,post,1,280159000.0,19.450867857106523,-15.728221340544508,-13.517330258019253,1,1,-3.2942007931210493,29.21198319525698,0.52,0.0
1866550,,"Thoughtworks Holding, Inc.",US,7371.0,IT consulting & application services,2023Q4,post,1,252386000.0,19.346470219581068,-18.780089076538886,-15.728221340544508,1,1,-5.987653831829024,30.518333029565824,7.218,1.0
1866550,,"Thoughtworks Holding, Inc.",US,7371.0,IT consulting & application services,2024Q1,post,1,248593000.0,19.331327578961425,-19.039849408576938,-18.780089076538886,1,1,-5.712147968768227,30.664580257690282,0.653,0.0
1866550,,"Thoughtworks Holding, Inc.",US,7371.0,IT consulting & application services,2024Q2,post,1,251671000.0,19.343633236939997,-12.375398220845012,-19.039849408576938,1,1,-8.925541679414792,31.714420811297288,0.506,0.0
1866550,,"Thoughtworks Holding, Inc.",US,7371.0,IT consulting & application services,2024Q3,post,1,261393000.0,19.381535579912896,-6.698339157407044,-12.375398220845012,1,,-2.2785613998844654,26.66521291694881,0.467,0.0
1867072,KD,"Kyndryl Holdings, Inc.",US,7373.0,Systems integration,2022Q1,pre,0,4431000000.0,22.211891129163764,-7.126388597778243,,1,1,,15.572105619498986,,
1867072,KD,"Kyndryl Holdings, Inc.",US,7373.0,Systems integration,2022Q2,pre,0,4288000000.0,22.17908626071491,-9.745316775415702,-7.126388597778243,1,1,,16.18470149253731,0.0,0.0
1867072,KD,"Kyndryl Holdings, Inc.",US,7373.0,Systems integration,2022Q3,pre,0,4179000000.0,22.15333782041219,-8.735531775496835,-9.745316775415702,1,1,,16.89399377841589,0.0,0.0
1867072,KD,"Kyndryl Holdings, Inc.",US,7373.0,Systems integration,2022Q4,transition,0,4303000000.0,22.182578290802873,-5.5531167690956975,-8.735531775496835,1,1,,16.98814780385777,0.0,0.0
1867072,KD,"Kyndryl Holdings, Inc.",US,7373.0,Systems integration,2023Q1,post,1,4256000000.0,22.171595588985756,-3.949447077409163,-5.5531167690956975,1,1,,18.397556390977442,2.672,0.0
1867072,KD,"Kyndryl Holdings, Inc.",US,7373.0,Systems integration,2023Q2,post,1,4193000000.0,22.156682305135035,-2.2154850746268657,-3.949447077409163,1,1,,17.171476269973766,0.0,0.0
1867072,KD,"Kyndryl Holdings, Inc.",US,7373.0,Systems integration,2023Q3,post,1,4073000000.0,22.127645665612686,-2.5364919837281645,-2.2154850746268657,1,1,,15.565921924871102,0.0,0.0
1867072,KD,"Kyndryl Holdings, Inc.",US,7373.0,Systems integration,2023Q4,post,1,3936000000.0,22.09343081613642,-8.5289333023472,-2.5364919837281645,1,1,,17.911585365853657,0.0,0.0
1867072,KD,"Kyndryl Holdings, Inc.",US,7373.0,Systems integration,2024Q1,post,1,3850000000.0,22.071338985246104,-9.539473684210527,-8.5289333023472,1,1,,18.545454545454547,7.26,1.0
1867072,KD,"Kyndryl Holdings, Inc.",US,7373.0,Systems integration,2024Q2,post,1,3739000000.0,22.04208403294139,-10.827569759122346,-9.539473684210527,1,1,,17.571543193367212,0.0,0.0
1867072,KD,"Kyndryl Holdings, Inc.",US,7373.0,Systems integration,2024Q3,post,1,3774000000.0,22.05140128389277,-7.3410262705622396,-10.827569759122346,1,1,,17.143614202437732,0.0,0.0
1867072,KD,"Kyndryl Holdings, Inc.",US,7373.0,Systems integration,2024Q4,post,1,3744000000.0,22.043420395561757,-4.878048780487805,-7.3410262705622396,1,1,,17.280982905982906,0.0,0.0
1867072,KD,"Kyndryl Holdings, Inc.",US,7373.0,Systems integration,2025Q1,post,1,3800000000.0,22.058266903678753,-1.2987012987012987,-4.878048780487805,1,0,,16.842105263157894,9.402,1.0
1867072,KD,"Kyndryl Holdings, Inc.",US,7373.0,Systems integration,2025Q2,post,1,3743000000.0,22.043153265868703,0.10698047606311847,-1.2987012987012987,0,1,,17.258883248730964,0.0,0.0
1867072,KD,"Kyndryl Holdings, Inc.",US,7373.0,Systems integration,2025Q3,post,1,3721000000.0,22.037258286310898,-1.404345521992581,0.10698047606311847,1,0,,17.710292932007523,0.0,0.0
1867072,KD,"Kyndryl Holdings, Inc.",US,7373.0,Systems integration,2025Q4,post,1,3859000000.0,22.073673919501893,3.0715811965811963,-1.404345521992581,0,1,,17.41383778180876,0.0,0.0
1868419,CYCU,"Cycurion, Inc.",US,7371.0,IT consulting & application services,2025Q1,post,1,3870050.0,15.168777984819144,-8.786654269354008,,1,1,-260.91407087763724,8.717561788607382,1.59,0.0
1868419,CYCU,"Cycurion, Inc.",US,7371.0,IT consulting & application services,2025Q2,post,1,3887915.0,15.173383582183568,-22.262098425373182,-8.786654269354008,1,1,-96.86623807362044,59.50086357340631,1.512,0.0
1868419,CYCU,"Cycurion, Inc.",US,7371.0,IT consulting & application services,2025Q3,post,1,3833038.0,15.159168258219106,-13.872966018918998,-22.262098425373182,1,1,-118.21226400573121,70.95155331097683,1.748,0.0
1868419,CYCU,"Cycurion, Inc.",US,7371.0,IT consulting & application services,2025Q4,post,1,3542644.0,15.080383898979811,-13.103848515197072,-13.872966018918998,1,1,-141.706561539912,109.74520725198467,1.869,0.0
1892322,HTCR,"HeartCore Enterprises, Inc.",US,7374.0,Data processing & managed services,2022Q1,pre,0,2276001.0,14.637930513595574,7.851551597420094,,0,1,-68.64957440704113,,0.0,0.0
1892322,HTCR,"HeartCore Enterprises, Inc.",US,7374.0,Data processing & managed services,2022Q2,pre,0,2670297.0,14.797700260145229,-6.8021619493562735,7.851551597420094,1,1,-62.29187240220845,,0.0,0.0
1892322,HTCR,"HeartCore Enterprises, Inc.",US,7374.0,Data processing & managed services,2023Q1,post,1,8734150.0,15.982751187141675,283.74983139286843,-15.862172275818715,0,0,26.328961604735433,,0.0,0.0
1892322,HTCR,"HeartCore Enterprises, Inc.",US,7374.0,Data processing & managed services,2023Q2,post,1,5095373.0,15.443843430987771,90.81671439543992,283.74983139286843,0,0,-28.793220829956905,,0.0,0.0
1892322,HTCR,"HeartCore Enterprises, Inc.",US,7374.0,Data processing & managed services,2023Q3,post,1,4688908.0,15.360710277491098,150.41218151794735,90.81671439543992,0,0,-38.12710763358974,,0.0,0.0
1892322,HTCR,"HeartCore Enterprises, Inc.",US,7374.0,Data processing & managed services,2023Q4,post,1,3327399.0,15.017701475672782,66.40839033816812,150.41218151794735,0,1,-95.0922627553834,,2.375,0.0
1892322,HTCR,"HeartCore Enterprises, Inc.",US,7374.0,Data processing & managed services,2024Q1,post,1,5046732.0,15.434251463060509,-42.21839560804428,66.40839033816812,1,1,-13.532618732280612,,0.0,0.0
1892322,HTCR,"HeartCore Enterprises, Inc.",US,7374.0,Data processing & managed services,2024Q2,post,1,4066388.0,15.218265694097294,-20.194498027916698,-42.21839560804428,1,0,-37.064933301986926,,0.0,0.0
1892322,HTCR,"HeartCore Enterprises, Inc.",US,7374.0,Data processing & managed services,2024Q3,post,1,16240865.0,16.60304115482615,246.36774703193151,-20.194498027916698,0,1,65.78880425762131,,0.0,0.0
1892322,HTCR,"HeartCore Enterprises, Inc.",US,7374.0,Data processing & managed services,2024Q4,post,1,-2668441.0,,-68.87975818666524,246.36774703193151,1,1,65.78880425762131,,2.42,0.0
1892322,HTCR,"HeartCore Enterprises, Inc.",US,7374.0,Data processing & managed services,2025Q1,post,1,2093413.0,14.55430630637695,-58.51943396241369,-65.52412935323383,1,1,-56.86183280604449,,0.0,0.0
1892322,HTCR,"HeartCore Enterprises, Inc.",US,7374.0,Data processing & managed services,2025Q2,post,1,187277.0,12.140344083241104,-68.87975818666524,-58.51943396241369,1,1,-409.8089995034094,,0.402,0.0
1897982,,"Aspen Technology, Inc.",US,7371.0,IT consulting & application services,2022Q3,pre,0,250819000.0,19.340242121429338,225.67551775628124,,0,0,-20.405950107448,,0.0,0.0
1897982,,"Aspen Technology, Inc.",US,7371.0,IT consulting & application services,2022Q4,transition,0,242838000.0,19.30790511231712,196.95872821767045,225.67551775628124,0,0,-24.45869262635996,,0.0,0.0
1897982,,"Aspen Technology, Inc.",US,7371.0,IT consulting & application services,2023Q1,post,1,229878000.0,19.253059291374562,171.72019243271356,196.95872821767045,0,0,-34.136802999852094,,0.0,0.0
1897982,,"Aspen Technology, Inc.",US,7371.0,IT consulting & application services,2023Q2,post,1,320643000.0,19.585838912664375,34.20517327975892,171.72019243271356,0,1,1.866561877227945,,1.607,0.0
1897982,,"Aspen Technology, Inc.",US,7371.0,IT consulting & application services,2023Q3,post,1,249308000.0,19.3341996378305,-0.6024264509466987,34.20517327975892,1,0,-24.15125066183195,,0.0,0.0
1897982,,"Aspen Technology, Inc.",US,7371.0,IT consulting & application services,2023Q4,post,1,257163000.0,19.365220683058656,5.89899439132261,-0.6024264509466987,0,0,-19.148555585368037,,0.0,0.0
1897982,,"Aspen Technology, Inc.",US,7371.0,IT consulting & application services,2024Q1,post,1,278106000.0,19.443512893944487,20.979824080599276,5.89899439132261,0,0,-6.93764248164369,,0.0,0.0
1897982,,"Aspen Technology, Inc.",US,7371.0,IT consulting & application services,2024Q2,post,1,342905000.0,19.652963998837485,6.9429240619629935,20.979824080599276,0,1,11.43407066097024,,3.572,0.0
1897982,,"Aspen Technology, Inc.",US,7371.0,IT consulting & application services,2024Q3,post,1,215877000.0,19.19021935900893,-13.409517544563352,6.9429240619629935,1,0,-44.453554570426675,,2.177,0.0
1897982,,"Aspen Technology, Inc.",US,7371.0,IT consulting & application services,2024Q4,post,1,303555000.0,19.531073371156005,18.03992020625051,-13.409517544563352,0,,2.9602543196455335,,1.516,0.0
1907982,QBTS,D-Wave Quantum Inc.,US,7374.0,Data processing & managed services,2024Q2,post,1,2183000.0,14.596210635532081,27.885178676039835,55.716993051168664,0,1,-468.9965058226251,,0.962,1.0
1907982,QBTS,D-Wave Quantum Inc.,US,7374.0,Data processing & managed services,2025Q1,post,1,15001000.0,16.523627423511027,502.513410715471,-20.54370268410186,0,0,-75.26831544563696,,1.34,1.0
1907982,QBTS,D-Wave Quantum Inc.,US,7374.0,Data processing & managed services,2025Q2,post,1,3095000.0,14.945298464100834,41.77737059092991,508.5598377281947,0,0,-468.9965058226251,,0.994,1.0
1907982,QBTS,D-Wave Quantum Inc.,US,7374.0,Data processing & managed services,2025Q3,post,1,3739000.0,15.13432875395925,99.94652406417113,41.77737059092991,0,0,-468.9965058226251,,1.957,1.0
1907982,QBTS,D-Wave Quantum Inc.,US,7374.0,Data processing & managed services,2025Q4,post,1,2752000.0,14.827838478035371,19.185794716327415,99.94652406417113,0,1,-468.9965058226251,,7.133,1.0
1983736,GOAI,Eva Live Inc,US,7370.0,IT consulting & application services,2025Q1,post,1,3681520.0,15.118836268344399,64.57766154809003,48.24117978183367,0,0,54.405843238662285,,5.081,0.0
1983736,GOAI,Eva Live Inc,US,7370.0,IT consulting & application services,2025Q2,post,1,4138712.0,15.235895186285285,89.10178852754434,64.57766154809003,0,0,63.57294249998551,,4.66,0.0
1983736,GOAI,Eva Live Inc,US,7370.0,IT consulting & application services,2025Q3,post,1,4913318.0,15.407460035292647,147.86545807495716,89.10178852754434,0,0,37.90361218223612,,3.83,0.0
1983736,GOAI,Eva Live Inc,US,7370.0,IT consulting & application services,2025Q4,post,1,4303778.0,15.275003799567816,47.230678654179236,147.86545807495716,0,0,40.054784424289544,,14.611,1.0
1990354,WAY,Waystar Holding Corp.,US,7373.0,Systems integration,2025Q1,post,1,256435000.0,19.362385779154984,14.076568561158759,,0,0,25.42905609608673,,2.868,0.0
1990354,WAY,Waystar Holding Corp.,US,7373.0,Systems integration,2025Q2,post,1,270654000.0,19.416351810333225,15.396323915017716,14.076568561158759,0,0,23.95900300752991,,3.115,0.0
1990354,WAY,Waystar Holding Corp.,US,7373.0,Systems integration,2025Q3,post,1,268651000.0,19.408923697447456,11.885703338442061,15.396323915017716,0,0,22.420165940197506,,2.948,0.0
1990354,WAY,Waystar Holding Corp.,US,7373.0,Systems integration,2025Q4,post,1,303538000.0,19.531017366557027,24.348837780927646,11.885703338442061,0,0,19.443364586970986,,12.881,1.0
23111,,COMPUTER TASK GROUP INC,US,7371.0,IT consulting & application services,2019Q1,pre,0,97238000.0,18.392672139533055,17.560722014677257,24.764214136434276,0,0,1.1590119089244946,17.06020280137395,0.0,0.0
23111,,COMPUTER TASK GROUP INC,US,7371.0,IT consulting & application services,2019Q2,pre,0,100408000.0,18.42475244332242,8.353567073499736,17.560722014677257,0,0,1.8454704804398057,16.41602262767907,0.0,0.0
23111,,COMPUTER TASK GROUP INC,US,7371.0,IT consulting & application services,2019Q3,pre,0,97204000.0,18.39232242084731,7.693330378905385,8.353567073499736,0,0,1.5678367145384964,17.713262828690176,0.0,0.0
23111,,COMPUTER TASK GROUP INC,US,7371.0,IT consulting & application services,2019Q4,pre,0,99320000.0,18.41385751860424,6.647768149555993,7.693330378905385,0,1,2.4244865082561415,17.95509464357632,0.18,0.0
23111,,COMPUTER TASK GROUP INC,US,7371.0,IT consulting & application services,2020Q1,pre,0,86949000.0,18.280832297835865,-10.5812542421687,6.647768149555993,1,1,2.3772556326122207,17.227340164924264,0.0,0.0
23111,,COMPUTER TASK GROUP INC,US,7371.0,IT consulting & application services,2020Q2,pre,0,89146000.0,18.305786033067154,-11.216237749980081,-10.5812542421687,1,1,2.147039687703318,18.8724115495928,0.0,0.0
23111,,COMPUTER TASK GROUP INC,US,7371.0,IT consulting & application services,2020Q3,pre,0,88648000.0,18.3001840295983,-8.802106909180692,-11.216237749980081,1,0,2.0575760310441296,19.99255482357188,0.472,0.0
23111,,COMPUTER TASK GROUP INC,US,7371.0,IT consulting & application services,2020Q4,pre,0,101348000.0,18.434070697071125,2.0418848167539267,-8.802106909180692,0,0,3.2807751509649923,18.058570470063543,0.331,0.0
23111,,COMPUTER TASK GROUP INC,US,7371.0,IT consulting & application services,2021Q1,pre,0,97129000.0,18.39155054984523,11.708012743102278,2.0418848167539267,0,0,2.1600140019973435,19.220830030166066,0.587,0.0
23111,,COMPUTER TASK GROUP INC,US,7371.0,IT consulting & application services,2021Q2,pre,0,92164000.0,18.33908015674776,3.3854575639961415,11.708012743102278,0,0,3.039147606440693,19.072522893971616,0.511,0.0
23111,,COMPUTER TASK GROUP INC,US,7371.0,IT consulting & application services,2021Q3,pre,0,90603000.0,18.32199788304778,2.20535150257197,3.3854575639961415,0,0,2.982241206141077,19.412160745229187,0.49,0.0
23111,,COMPUTER TASK GROUP INC,US,7371.0,IT consulting & application services,2021Q4,pre,0,112389000.0,18.537476625866113,10.89414689979082,2.20535150257197,0,1,4.5742910783083754,17.68233545987597,0.351,0.0
23111,,COMPUTER TASK GROUP INC,US,7371.0,IT consulting & application services,2022Q1,pre,0,89417000.0,18.308821378665822,-7.939956140802439,10.89414689979082,1,1,3.577619468333762,19.454913495196664,0.549,0.0
23111,,COMPUTER TASK GROUP INC,US,7371.0,IT consulting & application services,2022Q2,pre,0,82759000.0,18.23144332763667,-10.204635215485439,-7.939956140802439,1,1,3.8340240940562356,20.03044986043814,0.451,0.0
23111,,COMPUTER TASK GROUP INC,US,7371.0,IT consulting & application services,2022Q3,pre,0,75002000.0,18.133025337811702,-17.219076631016634,-10.204635215485439,1,1,3.0039198954694544,21.300765312924987,1.781,0.0
23111,,COMPUTER TASK GROUP INC,US,7371.0,IT consulting & application services,2022Q4,transition,0,77902000.0,18.170962184452357,-30.68538735997295,-17.219076631016634,1,1,3.1462606865035556,24.456368257554363,2.69,0.0
23111,,COMPUTER TASK GROUP INC,US,7371.0,IT consulting & application services,2023Q1,post,1,78202000.0,18.174805780636063,-12.54235771721261,-30.68538735997295,1,1,0.9040689496432317,24.8433543899133,2.066,0.0
23111,,COMPUTER TASK GROUP INC,US,7371.0,IT consulting & application services,2023Q2,post,1,74588000.0,18.12749019432612,-9.873246414287268,-12.54235771721261,1,1,0.3820989971577198,27.765860460127634,1.626,0.0
23111,,COMPUTER TASK GROUP INC,US,7371.0,IT consulting & application services,2023Q3,post,1,71291000.0,18.082280650208222,-4.947868056851817,-9.873246414287268,1,,-0.8472317683859113,28.153623879592093,1.667,0.0
275880,PSN,PARSONS CORP,US,7373.0,Systems integration,2019Q1,pre,0,904405000.0,20.622787826880007,19.839693432571995,,0,0,2.5481946694235433,,1.422,0.0
275880,PSN,PARSONS CORP,US,7373.0,Systems integration,2019Q2,pre,0,989742000.0,20.712954861068642,9.881962670361439,19.839693432571995,0,0,-0.8796231745242699,,1.229,0.0
275880,PSN,PARSONS CORP,US,7373.0,Systems integration,2019Q3,pre,0,1023277000.0,20.74627605950223,4.827092363216163,9.881962670361439,0,0,5.2233168535987815,,1.187,0.0
275880,PSN,PARSONS CORP,US,7373.0,Systems integration,2019Q4,pre,0,1037388000.0,20.75997185243468,11.674381553168127,4.827092363216163,0,0,2.3399152486822676,,2.265,0.0
275880,PSN,PARSONS CORP,US,7373.0,Systems integration,2020Q1,pre,0,970993000.0,20.69382981716679,7.362630679839231,11.674381553168127,0,1,2.440903281486066,18.926398027586192,0.948,0.0
275880,PSN,PARSONS CORP,US,7373.0,Systems integration,2020Q2,pre,0,979459000.0,20.702510936381934,-1.0389576273412666,7.362630679839231,1,1,4.7234238492882294,19.157514505456582,0.838,0.0
275880,PSN,PARSONS CORP,US,7373.0,Systems integration,2020Q3,pre,0,1004236000.0,20.72749289035469,-1.8607864732618833,-1.0389576273412666,1,1,6.599146017469996,16.523705583149777,0.766,0.0
275880,PSN,PARSONS CORP,US,7373.0,Systems integration,2020Q4,pre,0,964258000.0,20.68686945162177,-7.049435698118736,-1.8607864732618833,1,1,4.312020226951708,19.88596412993203,1.736,0.0
275880,PSN,PARSONS CORP,US,7373.0,Systems integration,2021Q1,pre,0,874697000.0,20.58938809863686,-9.917270258384974,-7.049435698118736,1,1,2.929357251711164,21.438509563883265,0.484,0.0
275880,PSN,PARSONS CORP,US,7373.0,Systems integration,2021Q2,pre,0,879356000.0,20.594700379345067,-10.220233822957367,-9.917270258384974,1,1,2.2991825836180113,21.406347372395253,0.426,0.0
275880,PSN,PARSONS CORP,US,7373.0,Systems integration,2021Q3,pre,0,956050000.0,20.67832077090324,-4.798274509179117,-10.220233822957367,1,1,4.156372574656137,20.00219653783798,0.401,0.0
275880,PSN,PARSONS CORP,US,7373.0,Systems integration,2021Q4,pre,0,950668000.0,20.67267545335391,-1.4093738397814692,-4.798274509179117,1,0,4.930007110789466,20.011823265325013,1.888,0.0
275880,PSN,PARSONS CORP,US,7373.0,Systems integration,2022Q1,pre,0,949069000.0,20.6709920620449,8.502601472281258,-1.4093738397814692,0,0,3.7605274221368523,19.500900356033124,0.506,0.0
275880,PSN,PARSONS CORP,US,7373.0,Systems integration,2022Q2,pre,0,1008721000.0,20.731949028684134,14.711334203667228,8.502601472281258,0,0,3.234789401628399,19.820346755941433,0.442,0.0
275880,PSN,PARSONS CORP,US,7373.0,Systems integration,2022Q3,pre,0,1134370000.0,20.849343267694277,18.651744155640397,14.711334203667228,0,0,5.643044156668459,17.362941544645928,0.418,0.0
275880,PSN,PARSONS CORP,US,7373.0,Systems integration,2022Q4,transition,0,1103112000.0,20.821401113313946,16.03546138083958,18.651744155640397,0,0,4.834776523145429,17.71660538549123,1.974,0.0
275880,PSN,PARSONS CORP,US,7373.0,Systems integration,2023Q1,post,1,1173466000.0,20.8832275996784,23.643907871819646,16.03546138083958,0,0,4.35717779637416,16.98455685976415,0.511,0.0
275880,PSN,PARSONS CORP,US,7373.0,Systems integration,2023Q2,post,1,1356486000.0,21.028163369331786,34.47583623221882,23.643907871819646,0,0,5.635443344052205,15.621023733381694,0.428,0.0
275880,PSN,PARSONS CORP,US,7373.0,Systems integration,2023Q3,post,1,1418571000.0,21.07291586383333,25.053642109717288,34.47583623221882,0,0,5.874926246201283,15.59231085366894,2.807,0.0
275880,PSN,PARSONS CORP,US,7373.0,Systems integration,2023Q4,post,1,1494226000.0,21.1248741839703,35.45551131707388,25.053642109717288,0,0,5.182883981405758,15.895319717365378,3.194,0.0
275880,PSN,PARSONS CORP,US,7373.0,Systems integration,2024Q1,post,1,1535676000.0,21.152236511921448,30.866680415112157,35.45551131707388,0,0,6.631867659584444,14.387474962166499,2.942,0.0
275880,PSN,PARSONS CORP,US,7373.0,Systems integration,2024Q2,post,1,1670467000.0,21.23636906500146,23.146645081482596,30.866680415112157,0,0,6.6701108133234595,13.366142521821741,2.591,0.0
275880,PSN,PARSONS CORP,US,7373.0,Systems integration,2024Q3,post,1,1810116000.0,21.31665676856836,27.601367855398145,23.146645081482596,0,0,6.352521053899308,13.599625659350009,2.464,0.0
275880,PSN,PARSONS CORP,US,7373.0,Systems integration,2024Q4,post,1,1734317000.0,21.273879512898453,16.067917436853595,27.601367855398145,0,0,5.755118585587295,15.256957061482993,3.554,0.0
275880,PSN,PARSONS CORP,US,7373.0,Systems integration,2025Q1,post,1,1554360000.0,21.16432972229444,1.2166628898283232,16.067917436853595,0,1,7.0275225816413185,15.701832265369669,0.4,0.0
275880,PSN,PARSONS CORP,US,7373.0,Systems integration,2025Q2,post,1,1584323000.0,21.183423023692395,-5.1568812793069245,1.2166628898283232,1,1,6.037973317309665,15.909003403977598,0.334,0.0
275880,PSN,PARSONS CORP,US,7373.0,Systems integration,2025Q3,post,1,1621748000.0,21.206770416820977,-10.406404893388048,-5.1568812793069245,1,1,6.656706220695201,16.042319768546037,0.337,0.0
275880,PSN,PARSONS CORP,US,7373.0,Systems integration,2025Q4,post,1,1603814000.0,21.19565037956709,-7.524748935748193,-10.406404893388048,1,1,6.560922900037037,16.196641256405044,3.8,0.0
278165,OMQS,OMNIQ Corp.,US,7373.0,Systems integration,2019Q1,pre,0,18620000.0,16.739746829813196,22.65331664580726,1.6792550005194484,0,0,0.5102040816326531,,2.503,0.0
278165,OMQS,OMNIQ Corp.,US,7373.0,Systems integration,2019Q2,pre,0,14126000.0,16.463527628951006,2.533207519779342,22.65331664580726,0,1,-1.3450375194676485,,2.377,0.0
278165,OMQS,OMNIQ Corp.,US,7373.0,Systems integration,2019Q3,pre,0,13097000.0,16.38789375431154,-2.581077060398691,2.533207519779342,1,1,-5.611972207375735,,2.394,0.0
278165,OMQS,OMNIQ Corp.,US,7373.0,Systems integration,2019Q4,pre,0,11356000.0,16.245256796575,-17.71014492753623,-2.581077060398691,1,1,-17.911236350827757,,3.907,0.0
278165,OMQS,OMNIQ Corp.,US,7373.0,Systems integration,2020Q1,pre,0,13799000.0,16.440106683733692,-25.891514500537056,-17.71014492753623,1,1,-14.754692369012249,29.980433364736577,2.704,0.0
278165,OMQS,OMNIQ Corp.,US,7373.0,Systems integration,2020Q2,pre,0,12677000.0,16.355299885920864,-10.257680872150644,-25.891514500537056,1,0,-10.365228366332728,22.81296836791039,2.584,0.0
278165,OMQS,OMNIQ Corp.,US,7373.0,Systems integration,2020Q3,pre,0,15833000.0,16.577606927483572,20.89028021684355,-10.257680872150644,0,0,-19.080401692667216,30.366955093791447,2.428,0.0
278165,OMQS,OMNIQ Corp.,US,7373.0,Systems integration,2020Q4,pre,0,12900000.0,16.3727378693319,13.596336738288128,20.89028021684355,0,0,-20.248062015503876,30.736434108527135,4.455,0.0
278165,OMQS,OMNIQ Corp.,US,7373.0,Systems integration,2021Q1,pre,0,19751000.0,16.798714680940996,43.13356040292775,13.596336738288128,0,0,-14.500531618652222,22.469748367171285,8.417,0.0
278165,OMQS,OMNIQ Corp.,US,7373.0,Systems integration,2021Q2,pre,0,13119000.0,16.389572119063168,3.4866293287055297,43.13356040292775,0,0,-14.040704321975761,31.320984831160914,7.65,0.0
278165,OMQS,OMNIQ Corp.,US,7373.0,Systems integration,2021Q3,pre,0,20513000.0,16.836569389464273,29.558517021410978,3.4866293287055297,0,0,-20.54307024813533,33.15458489738215,3.057,0.0
278165,OMQS,OMNIQ Corp.,US,7373.0,Systems integration,2021Q4,pre,0,24868000.0,17.029092394371364,92.77519379844962,29.558517021410978,0,0,-6.273122084606723,26.20636963165514,2.646,0.0
278165,OMQS,OMNIQ Corp.,US,7373.0,Systems integration,2022Q1,pre,0,26322000.0,17.085915649376407,33.26920155941471,92.77519379844962,0,0,-5.352936706937163,24.602993693488337,3.372,0.0
278165,OMQS,OMNIQ Corp.,US,7373.0,Systems integration,2022Q2,pre,0,24209000.0,17.00223502281539,84.53388215565211,33.26920155941471,0,0,-8.331612210334999,29.212276426122518,3.033,0.0
278165,OMQS,OMNIQ Corp.,US,7373.0,Systems integration,2022Q3,pre,0,27008000.0,17.11164367637782,31.662847950080437,84.53388215565211,0,1,-9.841528436018958,28.228672985781987,1.947,0.0
278165,OMQS,OMNIQ Corp.,US,7373.0,Systems integration,2022Q4,transition,0,23219000.0,16.960481466984504,-6.631011741997749,31.662847950080437,1,0,-14.936043757267756,28.145053619880272,3.4,0.0
278165,OMQS,OMNIQ Corp.,US,7373.0,Systems integration,2023Q1,post,1,27821000.0,17.1413016891766,5.694856013980701,-6.631011741997749,0,1,-7.228352683224902,24.319758455842706,3.791,0.0
278165,OMQS,OMNIQ Corp.,US,7373.0,Systems integration,2023Q2,post,1,20270000.0,16.824652518428184,-16.270808377049857,5.694856013980701,1,1,-12.363098174642328,26.221016280217068,2.177,0.0
278165,OMQS,OMNIQ Corp.,US,7373.0,Systems integration,2023Q3,post,1,17244000.0,16.66297481484916,-36.15225118483412,-16.270808377049857,1,1,-15.205288796102993,32.38807701229413,1.987,0.0
278165,OMQS,OMNIQ Corp.,US,7373.0,Systems integration,2023Q4,post,1,15858000.0,16.57918466281448,-31.702485033808518,-36.15225118483412,1,1,-120.17278345314668,33.383781056879805,2.253,0.0
278165,OMQS,OMNIQ Corp.,US,7373.0,Systems integration,2024Q1,post,1,18317000.0,16.723340148342356,-34.16124510262033,-31.702485033808518,1,1,-6.8733962985204995,30.38161270950483,2.559,0.0
278165,OMQS,OMNIQ Corp.,US,7373.0,Systems integration,2024Q2,post,1,8436000.0,15.948018820580803,-58.381845091267884,-34.16124510262033,1,1,-9.637268847795163,26.24466571834993,2.259,0.0
278165,OMQS,OMNIQ Corp.,US,7373.0,Systems integration,2024Q3,post,1,9454000.0,16.06194849033532,-45.175133379726276,-58.381845091267884,1,1,-8.324518722233975,21.93780410408293,2.182,0.0
278165,OMQS,OMNIQ Corp.,US,7373.0,Systems integration,2024Q4,post,1,-1326000.0,,-68.87975818666524,-45.175133379726276,1,1,65.78880425762131,54.07239819004525,2.04,0.0
278165,OMQS,OMNIQ Corp.,US,7373.0,Systems integration,2025Q1,post,1,7979000.0,15.892323648290418,-56.43937325981329,-65.52412935323383,1,1,-5.339014914149643,23.386389271838574,2.431,0.0
278165,OMQS,OMNIQ Corp.,US,7373.0,Systems integration,2025Q2,post,1,7802000.0,15.869890669048738,-7.515410146989095,-56.43937325981329,1,1,-6.152268649064342,21.161240707510895,2.003,0.0
278165,OMQS,OMNIQ Corp.,US,7373.0,Systems integration,2025Q3,post,1,8826000.0,15.99321246881163,-6.642690924476412,-7.515410146989095,1,0,-6.696125084976207,32.313618853387716,1.964,0.0
278165,OMQS,OMNIQ Corp.,US,7373.0,Systems integration,2025Q4,post,1,8343000.0,15.936933421884211,502.513410715471,-6.642690924476412,0,1,-28.155339805825243,41.37600383555076,3.568,0.0
320121,TLS,TELOS CORP,US,7373.0,Systems integration,2019Q1,pre,0,31166000.0,17.254838314987698,-3.811610752754545,1.9814048415443053,1,0,-4.434319450683437,33.234935506641854,0.0,0.0
320121,TLS,TELOS CORP,US,7373.0,Systems integration,2019Q2,pre,0,36048000.0,17.40036194165416,3.162292876971067,-3.811610752754545,0,0,-1.1706613404349757,28.953062583222373,0.0,0.0
320121,TLS,TELOS CORP,US,7373.0,Systems integration,2019Q3,pre,0,45531000.0,17.63390397061029,31.232166018158235,3.162292876971067,0,0,12.466231798115569,23.362104939491772,0.0,0.0
320121,TLS,TELOS CORP,US,7373.0,Systems integration,2019Q4,pre,0,46473000.0,17.65438205675661,29.17419462434333,31.232166018158235,0,0,2.481010479202978,34.18544100875777,0.0,0.0
320121,TLS,TELOS CORP,US,7373.0,Systems integration,2020Q1,pre,0,38980000.0,17.478559252043688,25.072194057626902,29.17419462434333,0,0,1.0338635197537198,30.371985633658287,0.0,0.0
320121,TLS,TELOS CORP,US,7373.0,Systems integration,2020Q2,pre,0,48610000.0,17.69933982902164,34.8479804704838,25.072194057626902,0,0,10.421723925118288,25.729273811972845,0.0,0.0
320121,TLS,TELOS CORP,US,7373.0,Systems integration,2020Q3,pre,0,47440000.0,17.674976312653744,4.192747798203421,34.8479804704838,0,1,9.513069139966273,25.39839797639123,0.0,0.0
320121,TLS,TELOS CORP,US,7373.0,Systems integration,2020Q4,pre,0,44887000.0,17.61965877849593,-3.412734275816065,4.192747798203421,1,0,-21.5764029674516,57.31726335019049,0.976,0.0
320121,TLS,TELOS CORP,US,7373.0,Systems integration,2021Q1,pre,0,55757000.0,17.836513520960555,43.040020523345305,-3.412734275816065,0,0,-24.201445558405226,50.151550477966886,0.0,0.0
320121,TLS,TELOS CORP,US,7373.0,Systems integration,2021Q2,pre,0,53644000.0,17.797880184812968,10.355893849002262,43.040020523345305,0,0,-32.56841398851689,74.57497576616211,0.0,0.0
320121,TLS,TELOS CORP,US,7373.0,Systems integration,2021Q3,pre,0,68981000.0,18.049341662323528,45.406829679595276,10.355893849002262,0,0,-7.375944100549427,43.43949783273655,0.0,0.0
320121,TLS,TELOS CORP,US,7373.0,Systems integration,2021Q4,pre,0,64051000.0,17.975190198987637,42.69387573239468,45.406829679595276,0,1,-8.447955535432703,46.1507236420977,0.499,0.0
320121,TLS,TELOS CORP,US,7373.0,Systems integration,2022Q1,pre,0,50160000.0,17.73072845428894,-10.038201481428342,42.69387573239468,1,0,-32.629585326953745,70.25119617224881,0.0,0.0
320121,TLS,TELOS CORP,US,7373.0,Systems integration,2022Q2,pre,0,55791000.0,17.837123124020277,4.002311535306838,-10.038201481428342,0,1,-25.158179634708105,62.67139861267946,0.0,0.0
320121,TLS,TELOS CORP,US,7373.0,Systems integration,2022Q3,pre,0,63593000.0,17.968013959359904,-7.8108464649686145,4.002311535306838,1,1,-13.812841035963078,46.7488560061642,0.0,0.0
320121,TLS,TELOS CORP,US,7373.0,Systems integration,2022Q4,transition,0,47343000.0,17.67292953139838,-26.08546314655509,-7.8108464649686145,1,1,-30.97184377838329,69.62169697737785,0.195,0.0
320121,TLS,TELOS CORP,US,7373.0,Systems integration,2023Q1,post,1,35222000.0,17.37718144533717,-29.780701754385962,-26.08546314655509,1,1,-36.82357617398217,67.05752086763954,0.0,0.0
320121,TLS,TELOS CORP,US,7373.0,Systems integration,2023Q2,post,1,32911000.0,17.309317506358823,-41.01019877758061,-29.780701754385962,1,1,-28.765458357388106,58.27838716538544,1.752,0.0
320121,TLS,TELOS CORP,US,7373.0,Systems integration,2023Q3,post,1,36186000.0,17.40418286166118,-43.0975107323133,-41.01019877758061,1,1,-26.78660255347372,62.74802409771735,1.675,0.0
320121,TLS,TELOS CORP,US,7373.0,Systems integration,2023Q4,post,1,41059000.0,17.53052061465546,-13.27334558435249,-43.0975107323133,1,1,-19.934728074234638,37.762731678803675,0.858,0.0
320121,TLS,TELOS CORP,US,7373.0,Systems integration,2024Q1,post,1,29619000.0,17.203926605261696,-15.907671341775027,-13.27334558435249,1,1,-28.48847023869813,54.792531820790714,2.211,0.0
320121,TLS,TELOS CORP,US,7373.0,Systems integration,2024Q2,post,1,28498000.0,17.16534446733787,-13.408890644465377,-15.907671341775027,1,1,-30.33195311951716,59.274335041055515,1.89,0.0
320121,TLS,TELOS CORP,US,7373.0,Systems integration,2024Q3,post,1,23783000.0,16.984481597703834,-34.27568672967446,-13.408890644465377,1,1,-121.36399949543792,97.65378631795821,7.932,1.0
320121,TLS,TELOS CORP,US,7373.0,Systems integration,2024Q4,post,1,26372000.0,17.087813399215328,-35.77047663118926,-34.27568672967446,1,0,-37.64219626876991,72.58076748066131,4.593,1.0
320121,TLS,TELOS CORP,US,7373.0,Systems integration,2025Q1,post,1,30616000.0,17.237033306087675,3.3660825821263374,-35.77047663118926,0,0,-29.46825189443428,64.12660047034231,0.0,0.0
320121,TLS,TELOS CORP,US,7373.0,Systems integration,2025Q2,post,1,35968000.0,17.3981402122355,26.212365780054743,3.3660825821263374,0,0,-27.47720195729537,56.447397686832744,1.44,0.0
320121,TLS,TELOS CORP,US,7373.0,Systems integration,2025Q3,post,1,51444000.0,17.756004395368116,116.30576462178868,26.212365780054743,0,0,-4.797449653992691,41.04463105512791,3.859,0.0
320121,TLS,TELOS CORP,US,7373.0,Systems integration,2025Q4,post,1,46777000.0,17.66090218709382,77.37372971333232,116.30576462178868,0,0,-39.56645359899096,38.21108664514612,7.533,1.0
356037,CSPI,CSP INC /MA/,US,7373.0,Systems integration,2019Q1,pre,0,16350000.0,16.609738455307536,-1.5297518670199952,14.131088394467831,1,0,-4.715596330275229,22.850152905198776,0.0,0.0
356037,CSPI,CSP INC /MA/,US,7373.0,Systems integration,2019Q2,pre,0,21570000.0,16.88681401836534,7.613250848134105,-1.5297518670199952,0,0,0.6722299490032452,19.05887807139546,0.0,0.0
356037,CSPI,CSP INC /MA/,US,7373.0,Systems integration,2019Q3,pre,0,22161000.0,16.913844545178986,12.847540482737548,7.613250848134105,0,1,-0.9701728261360046,20.829384955552545,0.0,0.0
356037,CSPI,CSP INC /MA/,US,7373.0,Systems integration,2019Q4,pre,0,16858000.0,16.640335879539563,-11.180189673340358,12.847540482737548,1,0,-2.3846245106181043,22.309882548345,0.0,0.0
356037,CSPI,CSP INC /MA/,US,7373.0,Systems integration,2020Q1,pre,0,16883000.0,16.641817756459332,3.259938837920489,-11.180189673340358,0,1,-0.8470058638867499,23.15939110347687,0.0,0.0
356037,CSPI,CSP INC /MA/,US,7373.0,Systems integration,2020Q2,pre,0,13780000.0,16.438728823549788,-36.114974501622626,3.259938837920489,1,1,-2.8519593613933236,28.476052249637156,0.0,0.0
356037,CSPI,CSP INC /MA/,US,7373.0,Systems integration,2020Q3,pre,0,14272000.0,16.473810133801926,-35.59857407156717,-36.114974501622626,1,1,-3.405269058295964,29.414237668161437,0.702,0.0
356037,CSPI,CSP INC /MA/,US,7373.0,Systems integration,2020Q4,pre,0,11388000.0,16.248070727380064,-32.44750266935579,-35.59857407156717,1,1,-4.715489989462593,27.976817702845103,0.0,0.0
356037,CSPI,CSP INC /MA/,US,7373.0,Systems integration,2021Q1,pre,0,14088000.0,16.46083392915818,-16.55511461233193,-32.44750266935579,1,1,-0.8588869960249857,26.455139125496878,0.0,0.0
356037,CSPI,CSP INC /MA/,US,7373.0,Systems integration,2021Q2,pre,0,13721000.0,16.43443806390331,-0.4281567489114658,-16.55511461233193,1,1,-2.601851177027913,28.32155090736827,0.0,0.0
356037,CSPI,CSP INC /MA/,US,7373.0,Systems integration,2021Q3,pre,0,10011000.0,16.11919504640162,-29.855661434977577,-0.4281567489114658,1,0,-3.4661871940865048,38.20797123164519,0.0,0.0
356037,CSPI,CSP INC /MA/,US,7373.0,Systems integration,2021Q4,pre,0,12369000.0,16.330703900357147,8.614330874604848,-29.855661434977577,0,1,-3.2015522677661896,27.35063465114399,0.0,0.0
356037,CSPI,CSP INC /MA/,US,7373.0,Systems integration,2022Q1,pre,0,11981000.0,16.298832619622036,-14.955990914253265,8.614330874604848,1,1,-0.20031716885068027,29.27134629830565,0.0,0.0
356037,CSPI,CSP INC /MA/,US,7373.0,Systems integration,2022Q2,pre,0,13326000.0,16.405227572104618,-2.8787989213614167,-14.955990914253265,1,0,0.1425784181299715,30.54930211616389,0.0,0.0
356037,CSPI,CSP INC /MA/,US,7373.0,Systems integration,2022Q3,pre,0,16685000.0,16.63002067016761,66.66666666666666,-2.8787989213614167,0,0,2.1636200179802216,28.90020976925382,0.0,0.0
356037,CSPI,CSP INC /MA/,US,7373.0,Systems integration,2022Q4,transition,0,18344000.0,16.724813103519878,48.3062494947045,66.66666666666666,0,0,7.435673789795029,19.71761883994767,0.0,0.0
356037,CSPI,CSP INC /MA/,US,7373.0,Systems integration,2023Q1,post,1,13269000.0,16.400941045518575,10.75035472831984,48.3062494947045,0,0,1.7861180194438164,29.354133695078755,0.0,0.0
356037,CSPI,CSP INC /MA/,US,7373.0,Systems integration,2023Q2,post,1,17708000.0,16.689527072834167,32.883085697133424,10.75035472831984,0,1,3.247119945787215,26.03907838265191,0.0,0.0
356037,CSPI,CSP INC /MA/,US,7373.0,Systems integration,2023Q3,post,1,15326000.0,16.545061290512486,-8.145040455498952,32.883085697133424,1,1,-1.9966070729479317,31.23450345817565,0.0,0.0
356037,CSPI,CSP INC /MA/,US,7373.0,Systems integration,2023Q4,post,1,15375000.0,16.548253371656855,-16.18512865242041,-8.145040455498952,1,0,-2.2308943089430895,24.31219512195122,0.0,0.0
356037,CSPI,CSP INC /MA/,US,7373.0,Systems integration,2024Q1,post,1,13706000.0,16.433344251127906,3.2933906096917624,-16.18512865242041,0,1,9.00335619436743,32.963665547935214,0.0,0.0
356037,CSPI,CSP INC /MA/,US,7373.0,Systems integration,2024Q2,post,1,13105000.0,16.388504394739645,-25.993901061667042,3.2933906096917624,1,1,-5.494086226631057,34.83403281190385,0.0,0.0
356037,CSPI,CSP INC /MA/,US,7373.0,Systems integration,2024Q3,post,1,13033000.0,16.382995160512856,-14.961503327678455,-25.993901061667042,1,0,-15.675592726156678,37.98051101051178,0.0,0.0
356037,CSPI,CSP INC /MA/,US,7373.0,Systems integration,2024Q4,post,1,15670000.0,16.567258614332204,1.91869918699187,-14.961503327678455,0,1,-2.259093809827696,26.368857689853222,0.0,0.0
356037,CSPI,CSP INC /MA/,US,7373.0,Systems integration,2025Q1,post,1,13147000.0,16.39170415367874,-4.078505763899022,1.91869918699187,1,0,-7.5606602266676814,33.75675058948809,0.0,0.0
356037,CSPI,CSP INC /MA/,US,7373.0,Systems integration,2025Q2,post,1,15448000.0,16.552990103090487,17.878672262495233,-4.078505763899022,0,0,-7.916882444329364,31.622216468151215,0.0,0.0
356037,CSPI,CSP INC /MA/,US,7373.0,Systems integration,2025Q3,post,1,14465000.0,16.487242496392373,10.987493286273306,17.878672262495233,0,1,-3.7193225025924646,33.978568959557556,0.0,0.0
356037,CSPI,CSP INC /MA/,US,7373.0,Systems integration,2025Q4,post,1,12036000.0,16.303412716732073,-23.190810465858327,10.987493286273306,1,0,-0.9305417082087072,33.142239946826194,0.0,0.0
36047,,"CORELOGIC, INC.",US,7374.0,Data processing & managed services,2019Q1,pre,0,337723000.0,19.637736590824545,-24.090132614070576,-11.196128211169265,1,1,2.3693974055661,37.96720981395996,0.0,0.0
36047,,"CORELOGIC, INC.",US,7374.0,Data processing & managed services,2019Q2,pre,0,374738000.0,19.74173767308672,-23.272474872082572,-24.090132614070576,1,1,0.4806024475767069,32.76902796086866,0.0,0.0
36047,,"CORELOGIC, INC.",US,7374.0,Data processing & managed services,2019Q3,pre,0,375571000.0,19.743958092519897,-16.866400453330026,-23.272474872082572,1,1,16.472784107399132,28.38344813630445,0.0,0.0
36047,,"CORELOGIC, INC.",US,7374.0,Data processing & managed services,2019Q4,pre,0,352841000.0,19.681528088496613,-12.51348221834871,-16.866400453330026,1,0,14.274134808596505,30.088623487633242,0.898,0.0
36047,,"CORELOGIC, INC.",US,7374.0,Data processing & managed services,2020Q1,pre,0,352920000.0,19.681751960318177,4.499841586151964,-12.51348221834871,0,0,15.638955003966903,31.06199705315652,0.0,0.0
36047,,"CORELOGIC, INC.",US,7374.0,Data processing & managed services,2020Q2,pre,0,385086000.0,19.768977243930593,2.761395961978769,4.499841586151964,0,0,21.348737684569162,32.21643996405998,0.0,0.0
36047,,"CORELOGIC, INC.",US,7374.0,Data processing & managed services,2020Q3,pre,0,436727000.0,19.894818843885982,16.283472366077252,2.761395961978769,0,0,16.757150347929027,37.950939603001416,0.0,0.0
36047,,"CORELOGIC, INC.",US,7374.0,Data processing & managed services,2020Q4,pre,0,467642000.0,19.963213603887862,32.536184853801004,16.283472366077252,0,0,25.745121267978497,29.550382557597477,0.627,0.0
36047,,"CORELOGIC, INC.",US,7374.0,Data processing & managed services,2021Q1,pre,0,422785000.0,19.86237433356374,19.796271109599907,32.536184853801004,0,,20.20814361909718,30.750381399529314,0.0,0.0
50471,TRAK,"ReposiTrak, Inc.",US,7374.0,Data processing & managed services,2019Q1,pre,0,5006132.0,15.426174118984187,-5.165035198453886,-2.785627768482783,1,1,20.321717445724563,,0.0,0.0
50471,TRAK,"ReposiTrak, Inc.",US,7374.0,Data processing & managed services,2019Q2,pre,0,4656245.0,15.353719887283926,-26.332510840701808,-5.165035198453886,1,1,5.825316322487327,,0.0,0.0
50471,TRAK,"ReposiTrak, Inc.",US,7374.0,Data processing & managed services,2019Q3,pre,0,4800084.0,15.384143975724996,-19.217622905711448,-26.332510840701808,1,1,2.9419901818384844,,0.0,0.0
50471,TRAK,"ReposiTrak, Inc.",US,7374.0,Data processing & managed services,2019Q4,pre,0,4837332.0,15.391873887034949,-13.079496883960198,-19.217622905711448,1,1,12.997991454793675,,0.0,0.0
50471,TRAK,"ReposiTrak, Inc.",US,7374.0,Data processing & managed services,2020Q1,pre,0,4633244.0,15.348767828671399,-7.448625006292284,-13.079496883960198,1,0,5.113544635249082,,0.0,0.0
50471,TRAK,"ReposiTrak, Inc.",US,7374.0,Data processing & managed services,2020Q2,pre,0,5767394.0,15.567730890014165,23.86362830993644,-7.448625006292284,0,0,8.168593995832433,,0.0,0.0
50471,TRAK,"ReposiTrak, Inc.",US,7374.0,Data processing & managed services,2020Q3,pre,0,5225402.0,15.469042290654631,8.86063660552607,23.86362830993644,0,0,12.075224068885035,,0.0,0.0
50471,TRAK,"ReposiTrak, Inc.",US,7374.0,Data processing & managed services,2020Q4,pre,0,10399606.0,16.157278478778576,114.98640159492876,8.86063660552607,0,0,3.698072792373096,,0.0,0.0
50471,TRAK,"ReposiTrak, Inc.",US,7374.0,Data processing & managed services,2021Q1,pre,0,6022540.0,15.611019655209173,29.985383890854873,114.98640159492876,0,1,11.92681161104783,,0.0,0.0
50471,TRAK,"ReposiTrak, Inc.",US,7374.0,Data processing & managed services,2021Q2,pre,0,-640472.0,,-68.87975818666524,29.985383890854873,1,,-180.8883136187062,,0.0,0.0
708818,,"NEXTGEN HEALTHCARE, INC.",US,7373.0,Systems integration,2019Q1,pre,0,134785000.0,18.71919147428646,-0.7291474866507089,-0.6438142960179175,1,1,4.849946210631747,33.17134695997329,0.0,0.0
708818,,"NEXTGEN HEALTHCARE, INC.",US,7373.0,Systems integration,2019Q2,pre,0,131861000.0,18.697258895421673,-1.0052552552552554,-0.7291474866507089,1,0,1.054140344756979,30.43204586648061,0.0,0.0
708818,,"NEXTGEN HEALTHCARE, INC.",US,7373.0,Systems integration,2019Q3,pre,0,134256000.0,18.71525898309199,3.019467315321399,-1.0052552552552554,0,0,5.013556191157193,29.083243951853177,0.0,0.0
708818,,"NEXTGEN HEALTHCARE, INC.",US,7373.0,Systems integration,2019Q4,pre,0,137740000.0,18.740878408080825,5.251896964093316,3.019467315321399,0,0,2.381298097865544,31.1028023812981,0.0,0.0
708818,,"NEXTGEN HEALTHCARE, INC.",US,7373.0,Systems integration,2020Q1,pre,0,136382000.0,18.73097032985613,1.1848499462106317,5.251896964093316,0,1,-4.611312343271106,31.645671716208884,0.0,0.0
708818,,"NEXTGEN HEALTHCARE, INC.",US,7373.0,Systems integration,2020Q2,pre,0,130879000.0,18.689783790202725,-0.7447236104685996,1.1848499462106317,1,0,1.434149099549966,31.125696253791666,0.0,0.0
708818,,"NEXTGEN HEALTHCARE, INC.",US,7373.0,Systems integration,2020Q3,pre,0,140002000.0,18.757167266185824,4.279883208199261,-0.7447236104685996,0,0,7.355609205582778,29.963857659176295,0.0,0.0
708818,,"NEXTGEN HEALTHCARE, INC.",US,7373.0,Systems integration,2020Q4,pre,0,141752000.0,18.76958960982004,2.9127341367794397,4.279883208199261,0,0,0.6574863141260793,34.54766070319996,0.0,0.0
708818,,"NEXTGEN HEALTHCARE, INC.",US,7373.0,Systems integration,2021Q1,pre,0,144188000.0,18.786628561599212,5.723629217931985,2.9127341367794397,0,0,-0.2011263073209976,33.8932504785419,0.0,0.0
708818,,"NEXTGEN HEALTHCARE, INC.",US,7373.0,Systems integration,2021Q2,pre,0,146084000.0,18.799692356692344,11.617600990227615,5.723629217931985,0,0,2.556063634621177,33.19049314093262,0.0,0.0
708818,,"NEXTGEN HEALTHCARE, INC.",US,7373.0,Systems integration,2021Q3,pre,0,149286000.0,18.82137448718164,6.631333838088027,11.617600990227615,0,0,-5.289846335222325,42.79771713355572,0.0,0.0
708818,,"NEXTGEN HEALTHCARE, INC.",US,7373.0,Systems integration,2021Q4,pre,0,149721000.0,18.82428412011258,5.621790168745414,6.631333838088027,0,0,5.348615090735435,31.550684272747308,0.0,0.0
708818,,"NEXTGEN HEALTHCARE, INC.",US,7373.0,Systems integration,2022Q1,pre,0,151259000.0,18.834504157237156,4.90401420367853,5.621790168745414,0,0,1.8597240494780474,33.08629569149604,0.707,0.0
708818,,"NEXTGEN HEALTHCARE, INC.",US,7373.0,Systems integration,2022Q2,pre,0,153302000.0,18.847920390071355,4.9409928534267955,4.90401420367853,0,0,0.7762455806186482,31.985231764751926,0.935,0.0
708818,,"NEXTGEN HEALTHCARE, INC.",US,7373.0,Systems integration,2022Q3,pre,0,159443000.0,18.887197049547293,6.803719035944429,4.9409928534267955,0,0,5.82590643678305,28.1517532911448,0.831,0.0
708818,,"NEXTGEN HEALTHCARE, INC.",US,7373.0,Systems integration,2022Q4,transition,0,161877000.0,18.902347345554105,8.119101528843649,6.803719035944429,0,0,5.908189551326007,28.525979601796426,0.715,0.0
708818,,"NEXTGEN HEALTHCARE, INC.",US,7373.0,Systems integration,2023Q1,post,1,178550000.0,19.000379232004732,18.0425627565963,8.119101528843649,0,0,-13.390646877625315,46.66872024642957,0.614,0.0
708818,,"NEXTGEN HEALTHCARE, INC.",US,7373.0,Systems integration,2023Q2,post,1,178207000.0,18.998456353935424,16.24571108009028,18.0425627565963,0,0,5.087342248059841,27.043269905222576,0.792,0.0
708818,,"NEXTGEN HEALTHCARE, INC.",US,7373.0,Systems integration,2023Q3,post,1,176418000.0,18.98836673714748,10.646437911981083,16.24571108009028,0,,4.566427462050358,30.708317745354783,0.682,0.0
733269,RAMP,"LiveRamp Holdings, Inc.",US,7374.0,Data processing & managed services,2019Q1,pre,0,78316000.0,18.176262482359302,30.07141670818801,35.35122883577747,0,0,-63.44552837223556,,0.0,0.0
733269,RAMP,"LiveRamp Holdings, Inc.",US,7374.0,Data processing & managed services,2019Q2,pre,0,82511000.0,18.228442175750143,32.07888460245554,30.07141670818801,0,0,-58.62854649683072,,0.0,0.0
733269,RAMP,"LiveRamp Holdings, Inc.",US,7374.0,Data processing & managed services,2019Q3,pre,0,90143000.0,18.316907856234973,39.083811639819785,32.07888460245554,0,0,-55.770276116836584,,0.0,0.0
733269,RAMP,"LiveRamp Holdings, Inc.",US,7374.0,Data processing & managed services,2019Q4,pre,0,102217000.0,18.442608562409635,27.73771884880219,39.083811639819785,0,0,-40.58522554956612,,0.0,0.0
733269,RAMP,"LiveRamp Holdings, Inc.",US,7374.0,Data processing & managed services,2020Q1,pre,0,105701000.0,18.476124911533653,34.96731191582818,27.73771884880219,0,0,-38.58903889272571,,0.0,0.0
733269,RAMP,"LiveRamp Holdings, Inc.",US,7374.0,Data processing & managed services,2020Q2,pre,0,99437000.0,18.41503483576554,20.51362848589885,34.96731191582818,0,0,-26.154248418596698,,0.0,0.0
733269,RAMP,"LiveRamp Holdings, Inc.",US,7374.0,Data processing & managed services,2020Q3,pre,0,104661000.0,18.4662371136114,16.105521227383157,20.51362848589885,0,0,-25.65616609816455,,0.0,0.0
733269,RAMP,"LiveRamp Holdings, Inc.",US,7374.0,Data processing & managed services,2020Q4,pre,0,119753000.0,18.600941846133566,17.155659039103085,16.105521227383157,0,0,-13.177957963474817,,0.0,0.0
733269,RAMP,"LiveRamp Holdings, Inc.",US,7374.0,Data processing & managed services,2021Q1,pre,0,119175000.0,18.596103559055162,12.74727769841345,17.155659039103085,0,0,-43.55611495699601,,0.189,0.0
733269,RAMP,"LiveRamp Holdings, Inc.",US,7374.0,Data processing & managed services,2021Q2,pre,0,119038000.0,18.59495332783265,19.71197843860937,12.74727769841345,0,0,-14.786034711604698,,1.191,0.0
733269,RAMP,"LiveRamp Holdings, Inc.",US,7374.0,Data processing & managed services,2021Q3,pre,0,127290000.0,18.661978505846616,21.621234270645225,19.71197843860937,0,0,-4.8566266006756225,,0.539,0.0
733269,RAMP,"LiveRamp Holdings, Inc.",US,7374.0,Data processing & managed services,2021Q4,pre,0,140604000.0,18.761457986438295,17.411672358938816,21.621234270645225,0,0,-9.804841967511594,,0.528,0.0
733269,RAMP,"LiveRamp Holdings, Inc.",US,7374.0,Data processing & managed services,2022Q1,pre,0,141725000.0,18.76939911817464,18.921753723515838,17.411672358938816,0,0,-19.73469747750926,,0.575,0.0
733269,RAMP,"LiveRamp Holdings, Inc.",US,7374.0,Data processing & managed services,2022Q2,pre,0,142243000.0,18.773047420621065,19.49377509702784,18.921753723515838,0,0,-17.998776741210463,,0.598,0.0
733269,RAMP,"LiveRamp Holdings, Inc.",US,7374.0,Data processing & managed services,2022Q3,pre,0,147099000.0,18.806616387452024,15.562102286118312,19.49377509702784,0,0,-19.797551308982385,,0.533,0.0
733269,RAMP,"LiveRamp Holdings, Inc.",US,7374.0,Data processing & managed services,2022Q4,transition,0,158615000.0,18.88199044024644,12.809735142670196,15.562102286118312,0,0,-15.09882419695489,,0.515,0.0
733269,RAMP,"LiveRamp Holdings, Inc.",US,7374.0,Data processing & managed services,2023Q1,post,1,148626000.0,18.81694364129573,4.869289116246252,12.809735142670196,0,0,-31.708449396471682,,0.942,0.0
733269,RAMP,"LiveRamp Holdings, Inc.",US,7374.0,Data processing & managed services,2023Q2,post,1,154069000.0,18.852911111980653,8.313941635089249,4.869289116246252,0,0,1.4733658295958305,,0.0,0.0
733269,RAMP,"LiveRamp Holdings, Inc.",US,7374.0,Data processing & managed services,2023Q3,post,1,159871000.0,18.889877798003766,8.682587916981081,8.313941635089249,0,0,5.134139399891162,,0.0,0.0
733269,RAMP,"LiveRamp Holdings, Inc.",US,7374.0,Data processing & managed services,2023Q4,post,1,173869000.0,18.973812700063956,9.616997131418845,8.682587916981081,0,0,8.742789111342447,,0.0,0.0
733269,RAMP,"LiveRamp Holdings, Inc.",US,7374.0,Data processing & managed services,2024Q1,post,1,171852000.0,18.96214419924884,15.627144644947721,9.616997131418845,0,0,-8.306566115029211,,1.113,0.0
733269,RAMP,"LiveRamp Holdings, Inc.",US,7374.0,Data processing & managed services,2024Q2,post,1,175961000.0,18.985772937538442,14.209217947802607,15.627144644947721,0,0,-2.9824790720671057,,0.0,0.0
733269,RAMP,"LiveRamp Holdings, Inc.",US,7374.0,Data processing & managed services,2024Q3,post,1,185483000.0,19.038473791607327,16.020416460771497,14.209217947802607,0,0,4.036488519163481,,0.0,0.0
733269,RAMP,"LiveRamp Holdings, Inc.",US,7374.0,Data processing & managed services,2024Q4,post,1,195412000.0,19.09062070817449,12.390362859394141,16.020416460771497,0,0,7.508750742021984,,0.0,0.0
733269,RAMP,"LiveRamp Holdings, Inc.",US,7374.0,Data processing & managed services,2025Q1,post,1,188724000.0,19.055796188260864,9.817750157111933,12.390362859394141,0,0,-6.0977936033572835,,1.126,0.0
733269,RAMP,"LiveRamp Holdings, Inc.",US,7374.0,Data processing & managed services,2025Q2,post,1,194822000.0,19.08759687914085,10.718852472991173,9.817750157111933,0,0,3.70646025602858,,0.0,0.0
733269,RAMP,"LiveRamp Holdings, Inc.",US,7374.0,Data processing & managed services,2025Q3,post,1,199829000.0,19.112972558791334,7.734401535450688,10.718852472991173,0,0,10.723168308904112,,0.0,0.0
733269,RAMP,"LiveRamp Holdings, Inc.",US,7374.0,Data processing & managed services,2025Q4,post,1,212197000.0,19.173025646438187,8.589544142631977,7.734401535450688,0,0,18.626088021979577,,0.475,0.0
746838,UIS,UNISYS CORP,US,7373.0,Systems integration,2019Q1,pre,0,554500000.0,20.133577364754697,-21.725014116318462,2.161654135338346,1,1,4.54463480613165,16.393146979260596,0.0,0.0
746838,UIS,UNISYS CORP,US,7373.0,Systems integration,2019Q2,pre,0,569400000.0,20.16009373280821,-14.683847767455799,-21.725014116318462,1,1,9.308043554618898,16.227608008429925,0.0,0.0
746838,UIS,UNISYS CORP,US,7373.0,Systems integration,2019Q3,pre,0,552100000.0,20.129239747254275,-19.787883190469273,-14.683847767455799,1,1,8.947654410432893,15.341423655134939,0.0,0.0
746838,UIS,UNISYS CORP,US,7373.0,Systems integration,2019Q4,pre,0,546800000.0,20.11959366281407,-28.1377316335918,-19.787883190469273,1,1,1.8836869056327727,17.702999268471103,0.403,0.0
746838,UIS,UNISYS CORP,US,7373.0,Systems integration,2020Q1,pre,0,435900000.0,19.89292341720862,-21.38863841298467,-28.1377316335918,1,1,4.611149346180317,19.912824042211515,0.0,0.0
746838,UIS,UNISYS CORP,US,7373.0,Systems integration,2020Q2,pre,0,367600000.0,19.722505948445807,-35.44081489286969,-21.38863841298467,1,1,-2.312295973884657,21.817192600652884,0.0,0.0
746838,UIS,UNISYS CORP,US,7373.0,Systems integration,2020Q3,pre,0,411800000.0,19.836048352557963,-25.41206303205941,-35.44081489286969,1,0,6.726566294317631,20.762506070908206,0.0,0.0
746838,UIS,UNISYS CORP,US,7373.0,Systems integration,2020Q4,pre,0,576900000.0,20.173179499227118,5.504754937820044,-25.41206303205941,0,1,8.268330733229329,20.263477205754896,0.413,0.0
746838,UIS,UNISYS CORP,US,7373.0,Systems integration,2021Q1,pre,0,432900000.0,19.88601731241221,-0.6882312456985548,5.504754937820044,1,0,10.07161007161007,20.79002079002079,0.0,0.0
746838,UIS,UNISYS CORP,US,7373.0,Systems integration,2021Q2,pre,0,441600000.0,19.90591505292716,20.130576713819366,-0.6882312456985548,0,1,9.239130434782608,21.422101449275363,0.0,0.0
746838,UIS,UNISYS CORP,US,7373.0,Systems integration,2021Q3,pre,0,410400000.0,19.832642851820832,-0.3399708596406022,20.130576713819366,1,1,6.115984405458089,23.172514619883042,0.0,0.0
746838,UIS,UNISYS CORP,US,7373.0,Systems integration,2021Q4,pre,0,460900000.0,19.948691657690738,-20.107470965505286,-0.3399708596406022,1,0,9.655022781514429,23.822955087871556,0.65,0.0
746838,UIS,UNISYS CORP,US,7373.0,Systems integration,2022Q1,pre,0,446700000.0,19.917397786322347,3.187803187803188,-20.107470965505286,0,0,-5.2608014327289006,23.371390194761585,0.0,0.0
746838,UIS,UNISYS CORP,US,7373.0,Systems integration,2022Q2,pre,0,515000000.0,20.05967745862801,16.621376811594203,3.187803187803188,0,0,6.543689320388349,21.281553398058254,0.0,0.0
746838,UIS,UNISYS CORP,US,7373.0,Systems integration,2022Q3,pre,0,461200000.0,19.949342346359177,12.378167641325536,16.621376811594203,0,0,-1.7346053772766694,23.048568950563748,0.0,0.0
746838,UIS,UNISYS CORP,US,7373.0,Systems integration,2022Q4,transition,0,557000000.0,20.13807579789156,20.850509871989587,12.378167641325536,0,0,8.976660682226212,23.859964093357274,1.837,0.0
746838,UIS,UNISYS CORP,US,7373.0,Systems integration,2023Q1,post,1,516400000.0,20.06239221693676,15.603313185583165,20.850509871989587,0,1,9.66305189775368,19.926413632842756,0.0,0.0
746838,UIS,UNISYS CORP,US,7373.0,Systems integration,2023Q2,post,1,476800000.0,19.982607673715414,-7.41747572815534,15.603313185583165,1,0,0.02097315436241611,23.133389261744966,0.0,0.0
746838,UIS,UNISYS CORP,US,7373.0,Systems integration,2023Q3,post,1,464600000.0,19.956687378300582,0.7372072853425846,-7.41747572815534,0,0,-3.6805854498493327,23.26732673267327,0.0,0.0
746838,UIS,UNISYS CORP,US,7373.0,Systems integration,2023Q4,post,1,557600000.0,20.13915241741059,0.10771992818671454,0.7372072853425846,0,1,7.890961262553802,23.134863701578194,10.658,1.0
746838,UIS,UNISYS CORP,US,7373.0,Systems integration,2024Q1,post,1,487800000.0,20.005416043746095,-5.538342370255616,0.10771992818671454,1,0,3.6285362853628538,23.001230012300123,0.706,0.0
746838,UIS,UNISYS CORP,US,7373.0,Systems integration,2024Q2,post,1,478200000.0,19.9855396129885,0.2936241610738255,-5.538342370255616,0,0,4.93517356754496,21.20451693851945,0.591,0.0
746838,UIS,UNISYS CORP,US,7373.0,Systems integration,2024Q3,post,1,497000000.0,20.024100584060903,6.973740852346104,0.2936241610738255,0,1,1.5090543259557343,18.490945674044266,0.523,0.0
746838,UIS,UNISYS CORP,US,7373.0,Systems integration,2024Q4,post,1,545400000.0,20.117030028375762,-2.187948350071736,6.973740852346104,1,1,8.91089108910891,21.763843050971765,12.855,1.0
746838,UIS,UNISYS CORP,US,7373.0,Systems integration,2025Q1,post,1,432100000.0,19.884167600902163,-11.41861418614186,-2.187948350071736,1,0,1.1802823420504513,22.40222170793798,0.66,0.0
746838,UIS,UNISYS CORP,US,7373.0,Systems integration,2025Q2,post,1,483300000.0,19.99614813681531,1.066499372647428,-11.41861418614186,0,1,6.269397889509622,19.366852886405958,0.452,0.0
746838,UIS,UNISYS CORP,US,7373.0,Systems integration,2025Q3,post,1,460200000.0,19.94717173556554,-7.4044265593561365,1.066499372647428,1,0,-7.279443720121686,19.752281616688396,0.444,0.0
746838,UIS,UNISYS CORP,US,7373.0,Systems integration,2025Q4,post,1,574500000.0,20.169010655253086,5.335533553355336,-7.4044265593561365,0,0,13.333333333333334,19.129677980852914,16.117,1.0
750004,LNWO,"Light & Wonder, Inc.",US,7373.0,Systems integration,2019Q1,pre,0,837000000.0,20.545334628453748,3.0788177339901477,7.654921020656136,0,0,14.695340501792115,22.22222222222222,0.0,0.0
750004,LNWO,"Light & Wonder, Inc.",US,7373.0,Systems integration,2019Q2,pre,0,845000000.0,20.55484718532145,0.0,3.0788177339901477,0,0,15.147928994082841,20.59171597633136,0.0,0.0
750004,LNWO,"Light & Wonder, Inc.",US,7373.0,Systems integration,2019Q3,pre,0,855000000.0,20.566612026901034,4.141291108404385,0.0,0,1,16.72514619883041,20.46783625730994,0.0,0.0
750004,LNWO,"Light & Wonder, Inc.",US,7373.0,Systems integration,2019Q4,pre,0,863000000.0,20.575925249047703,-2.595936794582393,4.141291108404385,1,1,-12.05098493626883,9.73348783314021,0.0,0.0
750004,LNWO,"Light & Wonder, Inc.",US,7373.0,Systems integration,2020Q1,pre,0,479000000.0,19.98721115537519,-42.77180406212665,-2.595936794582393,1,1,-6.6805845511482245,41.33611691022965,0.0,0.0
750004,LNWO,"Light & Wonder, Inc.",US,7373.0,Systems integration,2020Q2,pre,0,308000000.0,19.54561034093785,-63.55029585798817,-42.77180406212665,1,1,-18.181818181818183,49.02597402597403,0.0,0.0
750004,LNWO,"Light & Wonder, Inc.",US,7373.0,Systems integration,2020Q3,pre,0,432000000.0,19.883936146208384,-49.473684210526315,-63.55029585798817,1,1,-6.944444444444445,33.7962962962963,0.0,0.0
750004,LNWO,"Light & Wonder, Inc.",US,7373.0,Systems integration,2020Q4,pre,0,480000000.0,19.98929666186621,-44.3800695249131,-49.473684210526315,1,1,-26.458333333333332,27.500000000000004,0.0,0.0
750004,LNWO,"Light & Wonder, Inc.",US,7373.0,Systems integration,2021Q1,pre,0,453000000.0,19.93140268344731,-5.427974947807933,-44.3800695249131,1,0,0.8830022075055187,35.099337748344375,0.0,0.0
750004,LNWO,"Light & Wonder, Inc.",US,7373.0,Systems integration,2021Q2,pre,0,581000000.0,20.180261314816185,88.63636363636364,-5.427974947807933,0,0,11.703958691910499,30.98106712564544,0.0,0.0
750004,LNWO,"Light & Wonder, Inc.",US,7373.0,Systems integration,2021Q3,pre,0,539000000.0,20.105226128873273,24.76851851851852,88.63636363636364,0,0,6.307977736549166,30.426716141001855,0.0,0.0
750004,LNWO,"Light & Wonder, Inc.",US,7373.0,Systems integration,2021Q4,pre,0,580000000.0,20.17853866150474,20.833333333333336,24.76851851851852,0,0,0.6896551724137931,30.344827586206897,0.0,0.0
750004,LNWO,"Light & Wonder, Inc.",US,7373.0,Systems integration,2022Q1,pre,0,572000000.0,20.164649549344073,26.269315673289185,20.833333333333336,0,0,6.993006993006993,30.594405594405593,0.0,0.0
750004,LNWO,"Light & Wonder, Inc.",US,7373.0,Systems integration,2022Q2,pre,0,610000000.0,20.22896951513163,4.991394148020654,26.269315673289185,0,0,7.540983606557377,29.34426229508197,0.0,0.0
750004,LNWO,"Light & Wonder, Inc.",US,7373.0,Systems integration,2022Q3,pre,0,648000000.0,20.289401254316548,20.222634508348794,4.991394148020654,0,0,13.734567901234568,27.9320987654321,0.0,0.0
750004,LNWO,"Light & Wonder, Inc.",US,7373.0,Systems integration,2022Q4,transition,0,682000000.0,20.340540215807735,17.586206896551722,20.222634508348794,0,0,14.369501466275661,26.68621700879765,0.0,0.0
750004,LNWO,"Light & Wonder, Inc.",US,7373.0,Systems integration,2023Q1,post,1,670000000.0,20.322788270349285,17.132867132867133,17.586206896551722,0,0,15.223880597014924,28.65671641791045,0.0,0.0
750004,LNWO,"Light & Wonder, Inc.",US,7373.0,Systems integration,2023Q2,post,1,731000000.0,20.40992401771405,19.836065573770494,17.132867132867133,0,0,15.45827633378933,27.770177838577293,0.0,0.0
750004,LNWO,"Light & Wonder, Inc.",US,7373.0,Systems integration,2023Q3,post,1,731000000.0,20.40992401771405,12.808641975308642,19.836065573770494,0,0,20.109439124487004,27.906976744186046,0.0,0.0
750004,LNWO,"Light & Wonder, Inc.",US,7373.0,Systems integration,2023Q4,post,1,770000000.0,20.461901072812005,12.903225806451612,12.808641975308642,0,0,20.259740259740262,27.142857142857142,0.634,1.0
750004,LNWO,"Light & Wonder, Inc.",US,7373.0,Systems integration,2024Q1,post,1,756000000.0,20.44355193414381,12.835820895522387,12.903225806451612,0,0,21.825396825396826,28.835978835978835,0.0,0.0
750004,LNWO,"Light & Wonder, Inc.",US,7373.0,Systems integration,2024Q2,post,1,818000000.0,20.52237289456702,11.901504787961697,12.835820895522387,0,0,21.39364303178484,26.894865525672373,0.0,0.0
750004,LNWO,"Light & Wonder, Inc.",US,7373.0,Systems integration,2024Q3,post,1,817000000.0,20.521149652824278,11.76470588235294,11.901504787961697,0,0,19.461444308445532,26.92778457772338,0.0,0.0
750004,LNWO,"Light & Wonder, Inc.",US,7373.0,Systems integration,2024Q4,post,1,797000000.0,20.49636523675449,3.506493506493506,11.76470588235294,0,0,21.20451693851945,26.85069008782936,3.106,1.0
750004,LNWO,"Light & Wonder, Inc.",US,7373.0,Systems integration,2025Q1,post,1,774000000.0,20.467082431554,2.380952380952381,3.506493506493506,0,1,21.963824289405682,28.036175710594314,0.0,0.0
750004,LNWO,"Light & Wonder, Inc.",US,7373.0,Systems integration,2025Q2,post,1,809000000.0,20.511309475022767,-1.1002444987775062,2.380952380952381,1,0,24.969097651421507,25.710754017305316,0.0,0.0
750004,LNWO,"Light & Wonder, Inc.",US,7373.0,Systems integration,2025Q3,post,1,841000000.0,20.550102217937223,2.937576499388005,-1.1002444987775062,0,0,27.2294887039239,26.040428061831157,0.0,0.0
750004,LNWO,"Light & Wonder, Inc.",US,7373.0,Systems integration,2025Q4,post,1,890000000.0,20.60673202069046,11.668757841907151,2.937576499388005,0,0,9.213483146067416,25.280898876404496,3.51,1.0
779152,JKHY,JACK HENRY & ASSOCIATES INC,US,7373.0,Systems integration,2019Q1,pre,0,380364000.0,19.75663924693315,1.6885533407477116,8.136973032594364,0,0,20.096802010705535,11.801064243724433,0.0,0.0
779152,JKHY,JACK HENRY & ASSOCIATES INC,US,7373.0,Systems integration,2019Q2,pre,0,393509000.0,19.790614497224727,4.032454210904784,1.6885533407477116,0,0,20.182003461166072,12.485356116378533,0.0,0.0
779152,JKHY,JACK HENRY & ASSOCIATES INC,US,7373.0,Systems integration,2019Q3,pre,0,438005000.0,19.89774088380068,11.581406368219533,4.032454210904784,0,0,26.983025307930276,11.286629148069085,0.0,0.0
779152,JKHY,JACK HENRY & ASSOCIATES INC,US,7373.0,Systems integration,2019Q4,pre,0,419119000.0,19.853665447109876,8.50275063102712,11.581406368219533,0,0,22.357373442864674,11.68188509707267,0.0,0.0
779152,JKHY,JACK HENRY & ASSOCIATES INC,US,7373.0,Systems integration,2020Q1,pre,0,429406000.0,19.877913416296895,12.893438916406389,8.50275063102712,0,0,21.41050660680102,11.781158158013628,0.0,0.0
779152,JKHY,JACK HENRY & ASSOCIATES INC,US,7373.0,Systems integration,2020Q2,pre,0,410537000.0,19.83297661677788,4.327219961932256,12.893438916406389,0,0,18.706718273870564,11.936073971408181,0.0,0.0
779152,JKHY,JACK HENRY & ASSOCIATES INC,US,7373.0,Systems integration,2020Q3,pre,0,451800000.0,19.928750161998178,3.1495074257143187,4.327219961932256,0,0,26.0265604249668,10.010181496237273,0.0,0.0
779152,JKHY,JACK HENRY & ASSOCIATES INC,US,7373.0,Systems integration,2020Q4,pre,0,422361000.0,19.861370956548235,0.7735273275609076,3.1495074257143187,0,0,22.16871349390687,10.457168157097838,0.0,0.0
779152,JKHY,JACK HENRY & ASSOCIATES INC,US,7373.0,Systems integration,2021Q1,pre,0,433776000.0,19.888038829791984,1.0176848949479047,0.7735273275609076,0,0,21.02536793183579,10.929143152226034,0.0,0.0
779152,JKHY,JACK HENRY & ASSOCIATES INC,US,7373.0,Systems integration,2021Q2,pre,0,450288000.0,19.92539793601598,9.682683899380567,1.0176848949479047,0,0,21.38542443946985,11.161523291759941,0.0,0.0
779152,JKHY,JACK HENRY & ASSOCIATES INC,US,7373.0,Systems integration,2021Q3,pre,0,488056000.0,20.005940711332034,8.024789729969013,9.682683899380567,0,0,27.37288343960529,10.464168046289771,0.0,0.0
779152,JKHY,JACK HENRY & ASSOCIATES INC,US,7373.0,Systems integration,2021Q4,pre,0,493896000.0,20.01783552667263,16.936933097516103,8.024789729969013,0,0,25.443008244650695,11.235766234186954,0.0,0.0
779152,JKHY,JACK HENRY & ASSOCIATES INC,US,7373.0,Systems integration,2022Q1,pre,0,478260000.0,19.98566507563216,10.255062520748035,16.936933097516103,0,0,23.332287876887047,11.208756743194078,0.0,0.0
779152,JKHY,JACK HENRY & ASSOCIATES INC,US,7373.0,Systems integration,2022Q2,pre,0,482672000.0,19.994847891904534,7.191841665778346,10.255062520748035,0,0,21.49969337355388,12.042339311167833,0.549,0.0
779152,JKHY,JACK HENRY & ASSOCIATES INC,US,7373.0,Systems integration,2022Q3,pre,0,529202000.0,20.086880769487426,8.430589932302851,7.191841665778346,0,0,26.59154727306397,10.813451196329568,0.0,0.0
779152,JKHY,JACK HENRY & ASSOCIATES INC,US,7373.0,Systems integration,2022Q4,transition,0,505314000.0,20.040690576191405,2.3118227319111715,8.430589932302851,0,0,21.24936178297059,11.238160826733475,0.0,0.0
779152,JKHY,JACK HENRY & ASSOCIATES INC,US,7373.0,Systems integration,2023Q1,post,1,508552000.0,20.04707802977812,6.333793334169699,2.3118227319111715,0,0,21.313454671302047,11.442684327266434,0.0,0.0
779152,JKHY,JACK HENRY & ASSOCIATES INC,US,7373.0,Systems integration,2023Q2,post,1,534634000.0,20.09709295859925,10.765488779129512,6.333793334169699,0,0,23.230658731019727,11.796668375000467,2.213,0.0
779152,JKHY,JACK HENRY & ASSOCIATES INC,US,7373.0,Systems integration,2023Q3,post,1,571368000.0,20.16354404339259,7.967845926508215,10.765488779129512,0,0,23.224961845955672,13.786911412609737,0.0,0.0
779152,JKHY,JACK HENRY & ASSOCIATES INC,US,7373.0,Systems integration,2023Q4,post,1,545701000.0,20.117581764663484,7.99245617576398,7.967845926508215,0,0,21.80076635373584,12.878297822433895,0.0,0.0
779152,JKHY,JACK HENRY & ASSOCIATES INC,US,7373.0,Systems integration,2024Q1,post,1,538562000.0,20.104413182566475,5.901068130692633,7.99245617576398,0,0,20.814502322852334,11.557815070502562,0.0,0.0
779152,JKHY,JACK HENRY & ASSOCIATES INC,US,7373.0,Systems integration,2024Q2,post,1,559912000.0,20.143290186488095,4.728094359879844,5.901068130692633,0,0,22.43656145965795,11.987955250110732,4.44,1.0
779152,JKHY,JACK HENRY & ASSOCIATES INC,US,7373.0,Systems integration,2024Q3,post,1,600982000.0,20.214075541967773,5.1829993979361815,4.728094359879844,0,0,25.171469361811173,11.079865952724042,0.0,0.0
779152,JKHY,JACK HENRY & ASSOCIATES INC,US,7373.0,Systems integration,2024Q4,post,1,573848000.0,20.167875110853547,5.1579527983272895,5.1829993979361815,0,0,21.434595920871033,13.400935439349793,0.0,0.0
779152,JKHY,JACK HENRY & ASSOCIATES INC,US,7373.0,Systems integration,2025Q1,post,1,585087000.0,20.18727111208743,8.63874539978684,5.1579527983272895,0,0,23.71271281023164,11.34019385151268,0.0,0.0
779152,JKHY,JACK HENRY & ASSOCIATES INC,US,7373.0,Systems integration,2025Q2,post,1,615371000.0,20.23773589591995,9.904949349183443,8.63874539978684,0,0,25.301322291755707,11.89786324022419,5.691,1.0
779152,JKHY,JACK HENRY & ASSOCIATES INC,US,7373.0,Systems integration,2025Q3,post,1,644738000.0,20.28435459068746,7.2807505050068055,9.904949349183443,0,0,28.548805871532313,11.295906244086746,0.0,0.0
779152,JKHY,JACK HENRY & ASSOCIATES INC,US,7373.0,Systems integration,2025Q4,post,1,619334000.0,20.244155265095635,7.926489244538623,7.2807505050068055,0,0,25.696635418045837,10.813066939648074,0.0,0.0
78749,AGYS,AGILYSYS INC,US,7373.0,Systems integration,2019Q1,pre,0,36618000.0,17.416050480754688,14.231345145994508,15.023954008304056,0,0,-10.268174122016495,63.78010814353596,0.0,0.0
78749,AGYS,AGILYSYS INC,US,7373.0,Systems integration,2019Q2,pre,0,38389000.0,17.463281518187596,12.885582380098215,14.231345145994508,0,0,-4.02198546458621,56.156711557998385,0.0,0.0
78749,AGYS,AGILYSYS INC,US,7373.0,Systems integration,2019Q3,pre,0,40722000.0,17.52227904491395,19.05973160249101,12.885582380098215,0,0,-7.074799862482196,56.721182653111335,0.0,0.0
78749,AGYS,AGILYSYS INC,US,7373.0,Systems integration,2019Q4,pre,0,41987000.0,17.552870604525737,16.58521686010996,19.05973160249101,0,0,-6.421035082287374,56.588944197013355,0.0,0.0
78749,AGYS,AGILYSYS INC,US,7373.0,Systems integration,2020Q1,pre,0,39659000.0,17.495828466416302,8.304658910918128,16.58521686010996,0,1,-67.92909553947402,117.49413752237827,0.0,0.0
78749,AGYS,AGILYSYS INC,US,7373.0,Systems integration,2020Q2,pre,0,29807000.0,17.210253823219965,-22.35536221313397,8.304658910918128,1,1,-1.4191297346260945,63.652833227094305,0.0,0.0
78749,AGYS,AGILYSYS INC,US,7373.0,Systems integration,2020Q3,pre,0,34360000.0,17.35240365508033,-15.623004764009627,-22.35536221313397,1,1,17.60768335273574,49.77881257275902,0.0,0.0
78749,AGYS,AGILYSYS INC,US,7373.0,Systems integration,2020Q4,pre,0,36675000.0,17.41760588199332,-12.651534998928241,-15.623004764009627,1,1,-4.937968643490116,70.9120654396728,0.0,0.0
78749,AGYS,AGILYSYS INC,US,7373.0,Systems integration,2021Q1,pre,0,36334000.0,17.408264499980827,-8.383973373004865,-12.651534998928241,1,0,-68.1840700170639,132.79572851874278,0.0,0.0
78749,AGYS,AGILYSYS INC,US,7373.0,Systems integration,2021Q2,pre,0,38725000.0,17.471995944267206,29.919146509209245,-8.383973373004865,0,0,5.270497094899936,58.94383473208522,0.0,0.0
78749,AGYS,AGILYSYS INC,US,7373.0,Systems integration,2021Q3,pre,0,37892000.0,17.450250565977562,10.279394644935973,29.919146509209245,0,0,2.9557690277631163,61.055103979731875,0.0,0.0
78749,AGYS,AGILYSYS INC,US,7373.0,Systems integration,2021Q4,pre,0,39460000.0,17.49079805855874,7.593728698023177,10.279394644935973,0,0,4.085149518499747,58.55043081601622,0.0,0.0
78749,AGYS,AGILYSYS INC,US,7373.0,Systems integration,2022Q1,pre,0,46559000.0,17.656230883493578,28.14168547366103,7.593728698023177,0,0,3.3205180523636675,56.161000021478124,0.0,0.0
78749,AGYS,AGILYSYS INC,US,7373.0,Systems integration,2022Q2,pre,0,47506000.0,17.676366576817177,22.675274370561652,28.14168547366103,0,0,6.3844567002062895,53.59744032332758,0.0,0.0
78749,AGYS,AGILYSYS INC,US,7373.0,Systems integration,2022Q3,pre,0,47742000.0,17.681322071587726,25.99493296738098,22.675274370561652,0,0,6.1308700934187925,55.37681705835533,0.0,0.0
78749,AGYS,AGILYSYS INC,US,7373.0,Systems integration,2022Q4,transition,0,49920000.0,17.725932282025447,26.507856056766343,25.99493296738098,0,0,6.975160256410256,54.67548076923077,0.0,0.0
78749,AGYS,AGILYSYS INC,US,7373.0,Systems integration,2023Q1,post,1,52897000.0,17.783857184445363,13.612835327219228,26.507856056766343,0,0,6.489971075864416,54.350908369094654,0.807,0.0
78749,AGYS,AGILYSYS INC,US,7373.0,Systems integration,2023Q2,post,1,56059000.0,17.841915265511137,18.004041594745924,13.612835327219228,0,0,1.7089138229365488,57.25931607770385,0.0,0.0
78749,AGYS,AGILYSYS INC,US,7373.0,Systems integration,2023Q3,post,1,58616000.0,17.886518254821937,22.776590842444808,18.004041594745924,0,0,6.076839088303535,53.7975979254811,0.0,0.0
78749,AGYS,AGILYSYS INC,US,7373.0,Systems integration,2023Q4,post,1,60566000.0,17.91924423748306,21.326121794871796,22.776590842444808,0,0,12.797609219694216,49.65327081200674,0.0,0.0
78749,AGYS,AGILYSYS INC,US,7373.0,Systems integration,2024Q1,post,1,62223000.0,17.946235264279125,17.63048944174528,21.326121794871796,0,0,5.596001478552946,55.92305096186298,2.955,0.0
78749,AGYS,AGILYSYS INC,US,7373.0,Systems integration,2024Q2,post,1,63512000.0,17.966739422387086,13.294921422073172,17.63048944174528,0,0,9.04868371331402,53.72370575639249,0.0,0.0
78749,AGYS,AGILYSYS INC,US,7373.0,Systems integration,2024Q3,post,1,68279000.0,18.03911281020623,16.485259997270372,13.294921422073172,0,0,6.042853586022057,57.24746993951288,0.0,0.0
78749,AGYS,AGILYSYS INC,US,7373.0,Systems integration,2024Q4,post,1,69561000.0,18.057714623425227,14.851566885711456,16.485259997270372,0,0,10.65252080907405,52.39286381736893,0.0,0.0
78749,AGYS,AGILYSYS INC,US,7373.0,Systems integration,2025Q1,post,1,74272000.0,18.123244588056302,19.364222232936374,14.851566885711456,0,0,7.14670400689358,,2.815,0.0
78749,AGYS,AGILYSYS INC,US,7373.0,Systems integration,2025Q2,post,1,76675000.0,18.155086267964588,20.725217281773524,19.364222232936374,0,0,5.896315617867623,,0.0,0.0
78749,AGYS,AGILYSYS INC,US,7373.0,Systems integration,2025Q3,post,1,79299000.0,18.188736076185087,16.139662268047278,20.725217281773524,0,0,17.84007364531709,,0.0,0.0
78749,AGYS,AGILYSYS INC,US,7373.0,Systems integration,2025Q4,post,1,80390000.0,18.202400348304142,15.567631287646813,16.139662268047278,0,0,14.593854957084215,,0.0,0.0
804753,,CERNER Corp,US,7373.0,Systems integration,2019Q1,pre,0,1389877000.0,21.052481090964978,7.503977612442482,3.948819631827125,0,0,14.241835788346737,,0.0,0.0
804753,,CERNER Corp,US,7373.0,Systems integration,2019Q2,pre,0,1431061000.0,21.081681964145393,4.6306024520975315,7.503977612442482,0,0,9.162222993988376,,0.0,0.0
804753,,CERNER Corp,US,7373.0,Systems integration,2019Q3,pre,0,1429428000.0,21.080540201196886,6.667920329713381,4.6306024520975315,0,0,6.2106660846156645,,0.0,0.0
804753,,CERNER Corp,US,7373.0,Systems integration,2019Q4,pre,0,1442232000.0,21.089457750524172,5.606649951964759,6.667920329713381,0,0,12.676947952895235,,1.439,0.0
804753,,CERNER Corp,US,7373.0,Systems integration,2020Q1,pre,0,1411741000.0,21.06808953143049,1.573088841674479,5.606649951964759,0,1,12.635178832377894,,0.0,0.0
804753,,CERNER Corp,US,7373.0,Systems integration,2020Q2,pre,0,1330349000.0,21.008707150772675,-7.037575616972303,1.573088841674479,1,1,11.042064901766379,,0.0,0.0
804753,,CERNER Corp,US,7373.0,Systems integration,2020Q3,pre,0,1368673000.0,21.03710749423891,-4.250301519209082,-7.037575616972303,1,1,30.088998613985957,,0.0,0.0
804753,,CERNER Corp,US,7373.0,Systems integration,2020Q4,pre,0,1395025000.0,21.05617817320611,-3.2731904437011523,-4.250301519209082,1,1,12.721850862887763,,1.447,0.0
804753,,CERNER Corp,US,7373.0,Systems integration,2021Q1,pre,0,1387778000.0,21.05096974387577,-1.6974076689704416,-3.2731904437011523,1,0,15.712743680905735,,0.0,0.0
804753,,CERNER Corp,US,7373.0,Systems integration,2021Q2,pre,0,1456755000.0,21.09947719627949,9.501717218564453,-1.6974076689704416,0,0,3.402082024774242,,0.0,0.0
804753,,CERNER Corp,US,7373.0,Systems integration,2021Q3,pre,0,1467976000.0,21.10715041823125,7.255421857521847,9.501717218564453,0,0,15.321980740829549,,0.0,0.0
804753,,CERNER Corp,US,7373.0,Systems integration,2021Q4,pre,0,1452315000.0,21.09642467196923,4.106736438415083,7.255421857521847,0,0,14.854559789026487,,1.78,0.0
804753,,CERNER Corp,US,7373.0,Systems integration,2022Q1,pre,0,1429801000.0,21.080801110695297,3.0280779778898355,4.106736438415083,0,,17.62371127170844,,0.0,0.0
814549,,EBIX INC,US,7373.0,Systems integration,2019Q1,pre,0,142924000.0,18.777823578413255,32.0558070775201,30.23089194791796,0,0,37.873974979709494,,0.0,0.0
814549,,EBIX INC,US,7373.0,Systems integration,2019Q2,pre,0,144275000.0,18.787231758561305,15.766372987980038,32.0558070775201,0,0,28.61341188702131,,0.0,0.0
814549,,EBIX INC,US,7373.0,Systems integration,2019Q3,pre,0,147233000.0,18.807526923916004,14.450844585403013,15.766372987980038,0,0,17.663838949148627,,0.0,0.0
814549,,EBIX INC,US,7373.0,Systems integration,2019Q4,pre,0,146183000.0,18.800369819449248,7.229675706206401,14.450844585403013,0,1,23.431589172475594,,0.0,0.0
814549,,EBIX INC,US,7373.0,Systems integration,2020Q1,pre,0,137876000.0,18.741865288458147,-3.531947048781171,7.229675706206401,1,1,24.88685485508718,,0.0,0.0
814549,,EBIX INC,US,7373.0,Systems integration,2020Q2,pre,0,111312000.0,18.527847627145558,-22.847340149020965,-3.531947048781171,1,0,28.613267212879112,,0.0,0.0
814549,,EBIX INC,US,7373.0,Systems integration,2020Q3,pre,0,154305000.0,18.854441721215377,4.803271005820705,-22.847340149020965,0,0,20.672693691066392,,0.0,0.0
814549,,EBIX INC,US,7373.0,Systems integration,2020Q4,pre,0,222116000.0,19.21871032589172,51.94379647428223,4.803271005820705,0,0,12.48896972752976,,0.0,0.0
814549,,EBIX INC,US,7373.0,Systems integration,2021Q1,pre,0,290053000.0,19.48557422286716,110.37236357306566,51.94379647428223,0,0,10.751828114172238,,0.0,0.0
814549,,EBIX INC,US,7373.0,Systems integration,2021Q2,pre,0,246322000.0,19.32215018106688,121.28970820756074,110.37236357306566,0,0,11.06884484536501,,0.0,0.0
814549,,EBIX INC,US,7373.0,Systems integration,2021Q3,pre,0,191736000.0,19.071629983812123,24.25780110819481,121.28970820756074,0,0,14.674343889514748,,0.0,0.0
814549,,EBIX INC,US,7373.0,Systems integration,2021Q4,pre,0,266827000.0,19.40211106628573,20.129571935385115,24.25780110819481,0,1,12.151319019439562,,0.0,0.0
814549,,EBIX INC,US,7373.0,Systems integration,2022Q1,pre,0,286253000.0,19.47238659312715,-1.3101053945313443,20.129571935385115,1,0,10.518667053271058,,0.0,0.0
814549,,EBIX INC,US,7373.0,Systems integration,2022Q2,pre,0,250781000.0,19.34009060627753,1.81023213517266,-1.3101053945313443,0,0,12.005295456992355,,0.0,0.0
814549,,EBIX INC,US,7373.0,Systems integration,2022Q3,pre,0,257904000.0,19.36809798061885,34.50995118287645,1.81023213517266,0,1,11.772209814504622,,0.0,0.0
814549,,EBIX INC,US,7373.0,Systems integration,2022Q4,transition,0,255208000.0,19.357589456905956,-4.354506852754781,34.50995118287645,1,1,11.66342747876242,,0.0,0.0
814549,,EBIX INC,US,7373.0,Systems integration,2023Q1,post,1,242761000.0,19.307587978218223,-15.193552556654428,-4.354506852754781,1,1,12.557618398342402,,0.0,0.0
814549,,EBIX INC,US,7373.0,Systems integration,2023Q2,post,1,118430000.0,18.589832626697678,-52.77552924663351,-15.193552556654428,1,1,24.606096428269865,,0.0,0.0
814549,,EBIX INC,US,7373.0,Systems integration,2023Q3,post,1,119228000.0,18.596548184339856,-53.770395185805576,-52.77552924663351,1,,17.221625792599056,,0.0,0.0
836690,IA,INNOVATIVE SOLUTIONS & SUPPORT INC,US,7371.0,IT consulting & application services,2019Q1,pre,0,4203127.0,15.251339330042759,12.768901299741039,28.81057673873958,0,0,4.117577222862883,36.27435002558809,0.0,0.0
836690,IA,INNOVATIVE SOLUTIONS & SUPPORT INC,US,7371.0,IT consulting & application services,2019Q2,pre,0,4589824.0,15.339352237074989,35.406499112153625,12.768901299741039,0,,8.423612757264767,30.852010883205978,0.0,0.0
855612,,ZIX CORP,US,7374.0,Data processing & managed services,2019Q1,pre,0,29300000.0,17.193098073987297,75.93370961931068,9.80952380952381,0,0,-21.331058020477816,69.160409556314,0.673,0.0
855612,,ZIX CORP,US,7374.0,Data processing & managed services,2019Q2,pre,0,45916000.0,17.642324198167525,162.37714285714287,75.93370961931068,0,0,-3.421465284432442,47.63481139472079,0.63,0.0
855612,,ZIX CORP,US,7374.0,Data processing & managed services,2019Q3,pre,0,47833000.0,17.683226335830444,167.58223316178115,162.37714285714287,0,,2.5693558840131288,40.95917044718082,0.611,0.0
855612,,ZIX CORP,US,7374.0,Data processing & managed services,2021Q1,pre,0,60015000.0,17.91010508894158,14.458175992676509,,0,0,-0.7998000499875032,35.48612846788303,0.664,0.0
855612,,ZIX CORP,US,7374.0,Data processing & managed services,2021Q2,pre,0,62829000.0,17.955927308288757,17.796276505990214,14.458175992676509,0,0,-1.6680195451145172,35.63800155978927,0.629,0.0
855612,,ZIX CORP,US,7374.0,Data processing & managed services,2021Q3,pre,0,64850000.0,17.987587468726726,18.25309992706054,17.796276505990214,0,,-0.41017733230532,34.64610639938319,0.57,0.0
8670,ADP,AUTOMATIC DATA PROCESSING INC,US,7374.0,Data processing & managed services,2019Q1,pre,0,3828200000.0,22.065660555776283,3.576839826839827,7.846709693357626,0,0,,19.60190167702837,0.0,0.0
8670,ADP,AUTOMATIC DATA PROCESSING INC,US,7374.0,Data processing & managed services,2019Q2,pre,0,3479300000.0,21.970096961074248,4.918279958989205,3.576839826839827,0,0,,24.56528612077142,0.6,0.0
8670,ADP,AUTOMATIC DATA PROCESSING INC,US,7374.0,Data processing & managed services,2019Q3,pre,0,3495700000.0,21.97479947870063,5.600700842823914,4.918279958989205,0,0,,20.782675858912377,0.0,0.0
8670,ADP,AUTOMATIC DATA PROCESSING INC,US,7374.0,Data processing & managed services,2019Q4,pre,0,3669500000.0,22.02332124994939,5.071011338907342,5.600700842823914,0,0,,20.555934050960623,0.0,0.0
8670,ADP,AUTOMATIC DATA PROCESSING INC,US,7374.0,Data processing & managed services,2020Q1,pre,0,4047800000.0,22.12143936059638,5.736377409748707,5.071011338907342,0,1,,18.69163496220169,0.0,0.0
8670,ADP,AUTOMATIC DATA PROCESSING INC,US,7374.0,Data processing & managed services,2020Q2,pre,0,3376800000.0,21.940194352432563,-2.9459948840283965,5.736377409748707,1,1,,22.67235252309879,0.806,0.0
8670,ADP,AUTOMATIC DATA PROCESSING INC,US,7374.0,Data processing & managed services,2020Q3,pre,0,3470700000.0,21.967622139667228,-0.7151643447664273,-2.9459948840283965,1,0,,19.621402022646727,0.0,0.0
8670,ADP,AUTOMATIC DATA PROCESSING INC,US,7374.0,Data processing & managed services,2020Q4,pre,0,3695700000.0,22.030435818600314,0.7139937321160922,-0.7151643447664273,0,0,,20.45079416619314,0.0,0.0
8670,ADP,AUTOMATIC DATA PROCESSING INC,US,7374.0,Data processing & managed services,2021Q1,pre,0,4102000000.0,22.1347404965966,1.3389989623993281,0.7139937321160922,0,0,,18.600682593856654,0.0,0.0
8670,ADP,AUTOMATIC DATA PROCESSING INC,US,7374.0,Data processing & managed services,2021Q2,pre,0,3737000000.0,22.041548987449758,10.666903577351338,1.3389989623993281,0,0,,22.496655070912496,1.215,0.0
8670,ADP,AUTOMATIC DATA PROCESSING INC,US,7374.0,Data processing & managed services,2021Q3,pre,0,3832300000.0,22.06673098209088,10.418647535079378,10.666903577351338,0,0,,18.766798006419123,0.0,0.0
8670,ADP,AUTOMATIC DATA PROCESSING INC,US,7374.0,Data processing & managed services,2021Q4,pre,0,4025400000.0,22.115890121761172,8.921178667099602,10.418647535079378,0,0,,19.434093506235406,0.0,0.0
8670,ADP,AUTOMATIC DATA PROCESSING INC,US,7374.0,Data processing & managed services,2022Q1,pre,0,4513000000.0,22.230227957791275,10.019502681618722,8.921178667099602,0,0,,18.11433636162198,0.0,0.0
8670,ADP,AUTOMATIC DATA PROCESSING INC,US,7374.0,Data processing & managed services,2022Q2,pre,0,4127600000.0,22.140961961205832,10.452234412630453,10.019502681618722,0,0,,22.14846399844946,1.441,0.0
8670,ADP,AUTOMATIC DATA PROCESSING INC,US,7374.0,Data processing & managed services,2022Q3,pre,0,4215600000.0,22.162057767024056,10.001826579338777,10.452234412630453,0,0,,18.984248979979128,0.0,0.0
8670,ADP,AUTOMATIC DATA PROCESSING INC,US,7374.0,Data processing & managed services,2022Q4,transition,0,4391000000.0,22.202822828525992,9.082327222139416,10.001826579338777,0,0,,19.487588248690503,0.0,0.0
8670,ADP,AUTOMATIC DATA PROCESSING INC,US,7374.0,Data processing & managed services,2023Q1,post,1,4927800000.0,22.318158477938475,9.1912253489918,9.082327222139416,0,0,,19.03486342789886,0.0,0.0
8670,ADP,AUTOMATIC DATA PROCESSING INC,US,7374.0,Data processing & managed services,2023Q2,post,1,4477800000.0,22.22239769132967,8.484349258649095,9.1912253489918,0,0,,21.381035329849478,8.833,1.0
8670,ADP,AUTOMATIC DATA PROCESSING INC,US,7374.0,Data processing & managed services,2023Q3,post,1,4512400000.0,22.23009499969504,7.040516178005503,8.484349258649095,0,0,,19.50846556156369,5.968,1.0
8670,ADP,AUTOMATIC DATA PROCESSING INC,US,7374.0,Data processing & managed services,2023Q4,post,1,4668000000.0,22.26399655137072,6.3083580050102475,7.040516178005503,0,0,,19.762210796915166,4.898,1.0
8670,ADP,AUTOMATIC DATA PROCESSING INC,US,7374.0,Data processing & managed services,2024Q1,post,1,5253800000.0,22.382217461249972,6.6155282276066405,6.3083580050102475,0,0,,17.908942099052112,3.809,1.0
8670,ADP,AUTOMATIC DATA PROCESSING INC,US,7374.0,Data processing & managed services,2024Q2,post,1,4768400000.0,22.285276655808122,6.489794095314664,6.6155282276066405,0,0,,21.70958812180186,16.338,1.0
8670,ADP,AUTOMATIC DATA PROCESSING INC,US,7374.0,Data processing & managed services,2024Q3,post,1,4832700000.0,22.298671154636303,7.098218243063559,6.489794095314664,0,0,,19.175616115215096,2.919,1.0
8670,ADP,AUTOMATIC DATA PROCESSING INC,US,7374.0,Data processing & managed services,2024Q4,post,1,5048400000.0,22.34233719834875,8.149100257069408,7.098218243063559,0,0,,19.929086443229536,1.034,1.0
8670,ADP,AUTOMATIC DATA PROCESSING INC,US,7374.0,Data processing & managed services,2025Q1,post,1,5553000000.0,22.437604159205883,5.694925577677109,8.149100257069408,0,0,,18.292814694759592,0.994,1.0
8670,ADP,AUTOMATIC DATA PROCESSING INC,US,7374.0,Data processing & managed services,2025Q2,post,1,5126800000.0,22.35774751981994,7.516147974163241,5.694925577677109,0,0,,21.516345478661155,17.219,1.0
8670,ADP,AUTOMATIC DATA PROCESSING INC,US,7374.0,Data processing & managed services,2025Q3,post,1,5175200000.0,22.36714382269405,7.087135555693505,7.516147974163241,0,0,,19.444659143607975,1.125,0.0
8670,ADP,AUTOMATIC DATA PROCESSING INC,US,7374.0,Data processing & managed services,2025Q4,post,1,5359300000.0,22.402099206485662,6.158386815624752,7.087135555693505,0,0,,19.929841583788928,0.495,0.0
884144,ASUR,ASURE SOFTWARE INC,US,7373.0,Systems integration,2019Q1,pre,0,20410000.0,16.831535534786028,5.729382511396602,-65.52412935323383,0,1,-2.337089661930426,62.54777070063694,0.0,0.0
884144,ASUR,ASURE SOFTWARE INC,US,7373.0,Systems integration,2019Q2,pre,0,17274000.0,16.664713038822367,-20.641337804934075,5.729382511396602,1,1,-16.400370499015864,68.65230982980202,0.0,0.0
884144,ASUR,ASURE SOFTWARE INC,US,7373.0,Systems integration,2019Q3,pre,0,17854000.0,16.697738130721444,-23.88950464660244,-20.641337804934075,1,0,-17.038198722975242,63.82323288898846,0.0,0.0
884144,ASUR,ASURE SOFTWARE INC,US,7373.0,Systems integration,2019Q4,pre,0,17612000.0,16.68409104585778,502.513410715471,-23.88950464660244,0,1,-250.08516920281627,31.3138769021122,0.0,0.0
884144,ASUR,ASURE SOFTWARE INC,US,7373.0,Systems integration,2020Q1,pre,0,18947000.0,16.7571561656145,-7.1680548750612445,544.2709220099438,1,1,-7.985433050087084,,0.0,0.0
884144,ASUR,ASURE SOFTWARE INC,US,7373.0,Systems integration,2020Q2,pre,0,14115000.0,16.46274861966973,-18.28759986106287,-7.1680548750612445,1,1,-25.37017357421183,,0.0,0.0
884144,ASUR,ASURE SOFTWARE INC,US,7373.0,Systems integration,2020Q3,pre,0,16015000.0,16.589036341025395,-10.300212837459393,-18.28759986106287,1,1,-29.197627224477053,,0.0,0.0
884144,ASUR,ASURE SOFTWARE INC,US,7373.0,Systems integration,2020Q4,pre,0,16430000.0,16.61461949001345,-6.711333181921416,-10.300212837459393,1,0,-31.1503347534997,,0.0,0.0
884144,ASUR,ASURE SOFTWARE INC,US,7373.0,Systems integration,2021Q1,pre,0,19802000.0,16.801293500664595,4.512587744761704,-6.711333181921416,0,0,-6.4084435915564075,,0.0,0.0
884144,ASUR,ASURE SOFTWARE INC,US,7373.0,Systems integration,2021Q2,pre,0,17168000.0,16.658557743852615,21.6294721927028,4.512587744761704,0,0,-25.44850885368127,,0.0,0.0
884144,ASUR,ASURE SOFTWARE INC,US,7373.0,Systems integration,2021Q3,pre,0,17981000.0,16.704826202813774,12.275991258195441,21.6294721927028,0,0,-22.65168789277571,,0.0,0.0
884144,ASUR,ASURE SOFTWARE INC,US,7373.0,Systems integration,2021Q4,pre,0,21113000.0,16.86539952247022,28.502738892270234,12.275991258195441,0,0,-15.398095959835173,,0.0,0.0
884144,ASUR,ASURE SOFTWARE INC,US,7373.0,Systems integration,2022Q1,pre,0,24333000.0,17.00734401172059,22.88152711847288,28.502738892270234,0,0,-8.922040027945588,,0.0,0.0
884144,ASUR,ASURE SOFTWARE INC,US,7373.0,Systems integration,2022Q2,pre,0,20300000.0,16.826131444012017,18.243243243243242,22.88152711847288,0,0,-28.807881773399014,,0.0,0.0
884144,ASUR,ASURE SOFTWARE INC,US,7373.0,Systems integration,2022Q3,pre,0,21903000.0,16.902134171706333,21.81191257438407,18.243243243243242,0,0,-16.929187782495546,,0.0,0.0
884144,ASUR,ASURE SOFTWARE INC,US,7373.0,Systems integration,2022Q4,transition,0,29292000.0,17.192824999163097,38.739165443091935,21.81191257438407,0,0,1.4338385907414994,,0.0,0.0
884144,ASUR,ASURE SOFTWARE INC,US,7373.0,Systems integration,2023Q1,post,1,33064000.0,17.313955635173706,35.8813134426499,38.739165443091935,0,0,5.936970723445439,,0.0,0.0
884144,ASUR,ASURE SOFTWARE INC,US,7373.0,Systems integration,2023Q2,post,1,30420000.0,17.23061084479542,49.85221674876848,35.8813134426499,0,0,-4.773175542406312,,10.904,1.0
884144,ASUR,ASURE SOFTWARE INC,US,7373.0,Systems integration,2023Q3,post,1,29334000.0,17.194257810788837,33.92685933433776,49.85221674876848,0,1,0.8624803981727688,,3.805,1.0
884144,ASUR,ASURE SOFTWARE INC,US,7373.0,Systems integration,2023Q4,post,1,26264000.0,17.083709738163567,-10.337293458964906,33.92685933433776,1,1,-14.32759671032592,,5.753,1.0
884144,ASUR,ASURE SOFTWARE INC,US,7373.0,Systems integration,2024Q1,post,1,31652000.0,17.27031189571122,-4.270505685942415,-10.337293458964906,1,1,-1.393276886136737,,5.33,1.0
884144,ASUR,ASURE SOFTWARE INC,US,7373.0,Systems integration,2024Q2,post,1,28044000.0,17.149285263308997,-7.8106508875739635,-4.270505685942415,1,1,-14.912280701754385,,0.669,0.0
884144,ASUR,ASURE SOFTWARE INC,US,7373.0,Systems integration,2024Q3,post,1,29304000.0,17.193234583440788,-0.10227040294538761,-7.8106508875739635,1,,-12.36008736008736,,0.619,0.0
891103,MTCH,"Match Group, Inc.",US,7370.0,IT consulting & application services,2019Q1,pre,0,464625000.0,19.95674118658169,-53.307539632691004,16.14984456939674,1,1,25.30212536992198,,0.0,0.0
891103,MTCH,"Match Group, Inc.",US,7370.0,IT consulting & application services,2019Q2,pre,0,497973000.0,20.02605641665167,-52.982470385847904,-53.307539632691004,1,1,34.401262719063084,,0.0,0.0
891103,MTCH,"Match Group, Inc.",US,7370.0,IT consulting & application services,2019Q3,pre,0,541493000.0,20.109840697267288,-50.97800816953229,-52.982470385847904,1,1,32.3616371772119,,0.0,0.0
891103,MTCH,"Match Group, Inc.",US,7370.0,IT consulting & application services,2019Q4,pre,0,547167000.0,20.12026461543653,-50.44239532000184,-50.97800816953229,1,0,33.14326339124984,,0.0,0.0
891103,MTCH,"Match Group, Inc.",US,7370.0,IT consulting & application services,2020Q1,pre,0,544642000.0,20.115639256052898,17.22184557438795,-50.44239532000184,0,0,25.22243969433132,,0.0,0.0
891103,MTCH,"Match Group, Inc.",US,7370.0,IT consulting & application services,2020Q2,pre,0,555450000.0,20.135289153992005,11.54219204655674,17.22184557438795,0,0,35.21361058601134,,0.0,0.0
891103,MTCH,"Match Group, Inc.",US,7370.0,IT consulting & application services,2020Q3,pre,0,639770000.0,20.276619294727322,18.149265087452655,11.54219204655674,0,0,31.287337636963287,,0.0,0.0
891103,MTCH,"Match Group, Inc.",US,7370.0,IT consulting & application services,2020Q4,pre,0,651407000.0,20.294645196834022,19.050856502676513,18.149265087452655,0,0,32.63428240715866,,0.0,0.0
891103,MTCH,"Match Group, Inc.",US,7370.0,IT consulting & application services,2021Q1,pre,0,667612000.0,20.319217724425638,22.57813389345662,19.050856502676513,0,0,28.34850182441298,,0.0,0.0
891103,MTCH,"Match Group, Inc.",US,7370.0,IT consulting & application services,2021Q2,pre,0,707760000.0,20.377615611139404,27.42100999189846,22.57813389345662,0,0,29.658923929015486,,0.0,0.0
891103,MTCH,"Match Group, Inc.",US,7370.0,IT consulting & application services,2021Q3,pre,0,801835000.0,20.502413409003456,25.331759851196523,27.42100999189846,0,0,27.510647452406044,,0.0,0.0
891103,MTCH,"Match Group, Inc.",US,7370.0,IT consulting & application services,2021Q4,pre,0,806070000.0,20.507681145335013,23.742913416650417,25.331759851196523,0,0,28.771322589849518,,0.0,0.0
891103,MTCH,"Match Group, Inc.",US,7370.0,IT consulting & application services,2022Q1,pre,0,798631000.0,20.49840956977138,19.62502171920217,23.742913416650417,0,0,26.0217797706325,,0.0,0.0
891103,MTCH,"Match Group, Inc.",US,7370.0,IT consulting & application services,2022Q2,pre,0,794513000.0,20.493239906299316,12.257403639651859,19.62502171920217,0,0,-1.2688275711033048,,0.0,0.0
891103,MTCH,"Match Group, Inc.",US,7370.0,IT consulting & application services,2022Q3,pre,0,809546000.0,20.511984154668216,0.9616691713382429,12.257403639651859,0,1,26.018904422972877,,0.0,0.0
891103,MTCH,"Match Group, Inc.",US,7370.0,IT consulting & application services,2022Q4,transition,0,786153000.0,20.482661987938915,-2.4708772191000783,0.9616691713382429,1,1,13.563899139226079,,0.0,0.0
891103,MTCH,"Match Group, Inc.",US,7370.0,IT consulting & application services,2023Q1,post,1,787124000.0,20.48389635432613,-1.4408406385427062,-2.4708772191000783,1,0,25.19158353702847,,0.0,0.0
891103,MTCH,"Match Group, Inc.",US,7370.0,IT consulting & application services,2023Q2,post,1,829552000.0,20.536396353996427,4.4101229306506,-1.4408406385427062,0,0,25.89301213184948,,5.524,0.0
891103,MTCH,"Match Group, Inc.",US,7370.0,IT consulting & application services,2023Q3,post,1,881600000.0,20.597248996362925,8.900544255669226,4.4101229306506,0,0,27.62692831215971,,0.464,0.0
891103,MTCH,"Match Group, Inc.",US,7370.0,IT consulting & application services,2023Q4,post,1,866228000.0,20.579658711320487,10.185676325091935,8.900544255669226,0,0,30.044283952954647,,8.097,1.0
891103,MTCH,"Match Group, Inc.",US,7370.0,IT consulting & application services,2024Q1,post,1,859647000.0,20.572032397831684,9.213669002596795,10.185676325091935,0,0,21.489983679347453,,0.545,0.0
891103,MTCH,"Match Group, Inc.",US,7370.0,IT consulting & application services,2024Q2,post,1,864066000.0,20.577159712739736,4.160558952301965,9.213669002596795,0,0,23.670182601791993,,0.471,0.0
891103,MTCH,"Match Group, Inc.",US,7370.0,IT consulting & application services,2024Q3,post,1,895484000.0,20.612874912192076,1.57486388384755,4.160558952301965,0,1,23.524708425834522,,0.457,0.0
891103,MTCH,"Match Group, Inc.",US,7370.0,IT consulting & application services,2024Q4,post,1,860176000.0,20.572647577436424,-0.6986613224231958,1.57486388384755,1,1,25.970034039545396,,8.235,1.0
891103,MTCH,"Match Group, Inc.",US,7370.0,IT consulting & application services,2025Q1,post,1,831178000.0,20.538354529641556,-3.311708177891623,-0.6986613224231958,1,1,20.76486625006918,,0.5,0.0
891103,MTCH,"Match Group, Inc.",US,7370.0,IT consulting & application services,2025Q2,post,1,863738000.0,20.57678004004082,-0.037960063235910224,-3.311708177891623,1,0,22.451368354755726,,0.421,0.0
891103,MTCH,"Match Group, Inc.",US,7370.0,IT consulting & application services,2025Q3,post,1,914275000.0,20.63364195943806,2.0984182855305065,-0.037960063235910224,0,0,24.2086899455853,,0.407,0.0
891103,MTCH,"Match Group, Inc.",US,7370.0,IT consulting & application services,2025Q4,post,1,878006000.0,20.593163985289024,2.0728316065549377,2.0984182855305065,0,0,32.423582526770886,,10.461,1.0
903651,INOD,INNODATA INC,US,7374.0,Data processing & managed services,2019Q1,pre,0,13694000.0,16.432468338663146,-3.0169971671388103,-4.336441435687828,1,1,,33.60595881407916,18.251010000000004,0.0
903651,INOD,INNODATA INC,US,7374.0,Data processing & managed services,2019Q2,pre,0,13639000.0,16.428443893909012,-4.421864050455501,-3.0169971671388103,1,1,,33.82212772197375,15.331,0.0
903651,INOD,INNODATA INC,US,7374.0,Data processing & managed services,2019Q3,pre,0,13846000.0,16.443506940220107,-1.4449427005480817,-4.421864050455501,1,1,,35.714285714285715,16.258,0.0
903651,INOD,INNODATA INC,US,7374.0,Data processing & managed services,2019Q4,pre,0,14679000.0,16.50192845893937,-2.002803925495694,-1.4449427005480817,1,0,,36.2490632876899,18.251010000000004,0.0
903651,INOD,INNODATA INC,US,7374.0,Data processing & managed services,2020Q1,pre,0,14530000.0,16.491726035546467,6.104863443844019,-2.002803925495694,0,0,,31.79628355127323,11.228,0.0
903651,INOD,INNODATA INC,US,7374.0,Data processing & managed services,2020Q2,pre,0,13863000.0,16.444733978520514,1.6423491458318058,6.104863443844019,0,0,,32.17918199523913,9.498,0.0
903651,INOD,INNODATA INC,US,7374.0,Data processing & managed services,2020Q3,pre,0,14553000.0,16.49330771589546,5.106167846309403,1.6423491458318058,0,0,,31.48491719920291,8.787,0.0
903651,INOD,INNODATA INC,US,7374.0,Data processing & managed services,2020Q4,pre,0,15294000.0,16.542971152586308,4.189658696096464,5.106167846309403,0,0,,32.6860206616974,18.251010000000004,1.0
903651,INOD,INNODATA INC,US,7374.0,Data processing & managed services,2021Q1,pre,0,15967000.0,16.58603465032184,9.889883000688231,4.189658696096464,0,0,,34.602617899417545,18.251010000000004,1.0
903651,INOD,INNODATA INC,US,7374.0,Data processing & managed services,2021Q2,pre,0,17049000.0,16.65160210894737,22.98203851980091,9.889883000688231,0,0,,40.940817643263536,12.975,1.0
903651,INOD,INNODATA INC,US,7374.0,Data processing & managed services,2021Q3,pre,0,17450000.0,16.67485020661271,19.906548477977047,22.98203851980091,0,0,,41.616045845272204,12.878,1.0
903651,INOD,INNODATA INC,US,7374.0,Data processing & managed services,2021Q4,pre,0,19289000.0,16.775045543206378,26.12135477965215,19.906548477977047,0,0,,42.226139250349945,18.251010000000004,1.0
903651,INOD,INNODATA INC,US,7374.0,Data processing & managed services,2022Q1,pre,0,21192000.0,16.869134309934044,32.723742719358675,26.12135477965215,0,0,,48.08418271045677,16.867,1.0
903651,INOD,INNODATA INC,US,7374.0,Data processing & managed services,2022Q2,pre,0,19987000.0,16.810592620176678,17.232682268754765,32.723742719358675,0,0,,51.41842197428328,13.239,1.0
903651,INOD,INNODATA INC,US,7374.0,Data processing & managed services,2022Q3,pre,0,18447000.0,16.730412313603715,5.713467048710601,17.232682268754765,0,0,,49.42267035290291,12.371,1.0
903651,INOD,INNODATA INC,US,7374.0,Data processing & managed services,2022Q4,transition,0,19375000.0,16.779494133203684,0.44584996630203744,5.713467048710601,0,1,,43.12774193548387,18.251010000000004,1.0
903651,INOD,INNODATA INC,US,7374.0,Data processing & managed services,2023Q1,post,1,18839000.0,16.75143974714751,-11.10324650811627,0.44584996630203744,1,1,,41.3875471097192,14.636,1.0
903651,INOD,INNODATA INC,US,7374.0,Data processing & managed services,2023Q2,post,1,19655000.0,16.7938423168381,-1.661079701806174,-11.10324650811627,1,0,,38.53472398880692,12.588,1.0
903651,INOD,INNODATA INC,US,7374.0,Data processing & managed services,2023Q3,post,1,22169000.0,16.91420547457609,20.1767225023039,-1.661079701806174,0,0,,33.38445577157292,11.97,1.0
903651,INOD,INNODATA INC,US,7374.0,Data processing & managed services,2023Q4,post,1,26112000.0,17.07790553674597,34.77161290322581,20.1767225023039,0,0,,31.41467524509804,18.251010000000004,1.0
903651,INOD,INNODATA INC,US,7374.0,Data processing & managed services,2024Q1,post,1,26504000.0,17.09280622296187,40.686872976272625,34.77161290322581,0,0,5.018110473890734,31.33489284636281,18.159,1.0
903651,INOD,INNODATA INC,US,7374.0,Data processing & managed services,2024Q2,post,1,32553000.0,17.298380088270456,65.6219791401679,40.686872976272625,0,0,1.0168033668171905,27.70865972414217,15.099,1.0
903651,INOD,INNODATA INC,US,7374.0,Data processing & managed services,2024Q3,post,1,52224000.0,17.771052717305917,135.57219540800216,65.6219791401679,0,0,21.86925551470588,18.97594975490196,15.892,1.0
903651,INOD,INNODATA INC,US,7374.0,Data processing & managed services,2024Q4,post,1,59180000.0,17.896094204936336,126.6390931372549,135.57219540800216,0,0,19.01655964852991,26.196350118283203,18.251010000000004,1.0
903651,INOD,INNODATA INC,US,7374.0,Data processing & managed services,2025Q1,post,1,58344000.0,17.881867083646206,120.13281014186539,126.6390931372549,0,0,14.177978883861236,25.675305087069795,18.251010000000004,1.0
903651,INOD,INNODATA INC,US,7374.0,Data processing & managed services,2025Q2,post,1,58393000.0,17.88270657760061,79.37824470862901,120.13281014186539,0,0,15.260390800267153,24.167280324696453,15.203,1.0
903651,INOD,INNODATA INC,US,7374.0,Data processing & managed services,2025Q3,post,1,62550000.0,17.951476794877195,19.772518382352942,79.37824470862901,0,0,18.799360511590727,21.974420463629095,14.538,1.0
903651,INOD,INNODATA INC,US,7374.0,Data processing & managed services,2025Q4,post,1,72376000.0,18.097385310687713,22.298073673538358,19.772518382352942,0,0,15.103072841826021,23.169282635127665,18.251010000000004,1.0
909494,TCX,TUCOWS INC /PA/,US,7374.0,Data processing & managed services,2023Q1,post,1,80430000.0,18.20289779888025,-0.824917693189805,,1,0,-21.488250652741513,,0.0,0.0
909494,TCX,TUCOWS INC /PA/,US,7374.0,Data processing & managed services,2023Q2,post,1,84978000.0,18.257902957424587,2.2796206249097297,-0.824917693189805,0,0,-15.416931441078868,,0.0,0.0
909494,TCX,TUCOWS INC /PA/,US,7374.0,Data processing & managed services,2023Q3,post,1,86971000.0,18.28108528771762,11.42985265855221,2.2796206249097297,0,0,-19.738763495877937,,0.0,0.0
909494,TCX,TUCOWS INC /PA/,US,7374.0,Data processing & managed services,2023Q4,post,1,86958000.0,18.280935801432708,10.20035737368361,11.42985265855221,0,0,-18.515835230801077,,0.447,1.0
909494,TCX,TUCOWS INC /PA/,US,7374.0,Data processing & managed services,2024Q1,post,1,87457000.0,18.28665780196582,8.736789755066518,10.20035737368361,0,0,-18.888139314177252,,0.0,0.0
909494,TCX,TUCOWS INC /PA/,US,7374.0,Data processing & managed services,2024Q2,post,1,89423000.0,18.308888477748823,5.230765609922568,8.736789755066518,0,0,-9.613857732350738,,0.0,0.0
909494,TCX,TUCOWS INC /PA/,US,7374.0,Data processing & managed services,2024Q3,post,1,92297000.0,18.340522196236297,6.123880373917743,5.230765609922568,0,0,-10.885510905013165,,0.0,0.0
909494,TCX,TUCOWS INC /PA/,US,7374.0,Data processing & managed services,2024Q4,post,1,93098000.0,18.349163259739427,7.060879965040594,6.123880373917743,0,,-32.06298738963243,,0.114,0.0
923601,RIME,"Algorhythm Holdings, Inc.",US,7373.0,Systems integration,2019Q1,pre,0,889000.0,13.697852514496041,-65.86021505376344,-9.363293262510483,1,0,-122.79268841394826,,0.0,0.0
923601,RIME,"Algorhythm Holdings, Inc.",US,7373.0,Systems integration,2019Q2,pre,0,4640238.0,15.35027621599044,152.6659519055426,-65.52412935323383,0,1,-23.751023115624672,,0.0,0.0
923601,RIME,"Algorhythm Holdings, Inc.",US,7373.0,Systems integration,2019Q3,pre,0,19054515.0,16.762814639329072,-21.60231179292938,152.6659519055426,1,1,4.509870757665571,,0.0,0.0
923601,RIME,"Algorhythm Holdings, Inc.",US,7373.0,Systems integration,2019Q4,pre,0,13857576.0,16.44434264465579,-28.761796071960088,-21.60231179292938,1,0,-6.415797394869059,,0.0,0.0
923601,RIME,"Algorhythm Holdings, Inc.",US,7373.0,Systems integration,2020Q1,pre,0,948241.0,13.762363968338162,6.663779527559055,-28.761796071960088,0,1,-222.82605371419294,,0.0,0.0
923601,RIME,"Algorhythm Holdings, Inc.",US,7373.0,Systems integration,2020Q2,pre,0,3051983.0,14.931302101253015,-34.2278779666043,6.663779527559055,1,0,-25.260232445593573,,0.0,0.0
923601,RIME,"Algorhythm Holdings, Inc.",US,7373.0,Systems integration,2020Q3,pre,0,22285239.0,16.919435089007997,16.955162595321895,-34.2278779666043,0,0,10.94239554711529,,0.0,0.0
923601,RIME,"Algorhythm Holdings, Inc.",US,7373.0,Systems integration,2020Q4,pre,0,16972603.0,16.647111013779973,22.478873650052506,16.955162595321895,0,0,8.794791229135566,,0.0,0.0
923601,RIME,"Algorhythm Holdings, Inc.",US,7373.0,Systems integration,2021Q1,pre,0,3492749.0,15.06619966320534,268.3397996922723,22.478873650052506,0,0,-49.673051226984825,,0.0,0.0
923601,RIME,"Algorhythm Holdings, Inc.",US,7373.0,Systems integration,2021Q2,pre,0,6065650.0,15.618152266917829,98.74455395066093,268.3397996922723,0,1,-8.073907990075261,,0.0,0.0
923601,RIME,"Algorhythm Holdings, Inc.",US,7373.0,Systems integration,2021Q3,pre,0,17368973.0,16.670196011541304,-22.060638434256862,98.74455395066093,1,0,4.318119442064882,,0.0,0.0
923601,RIME,"Algorhythm Holdings, Inc.",US,7373.0,Systems integration,2021Q4,pre,0,21244306.0,16.87159946448772,25.168225522036895,-22.060638434256862,0,1,7.972625700269992,,0.0,0.0
923601,RIME,"Algorhythm Holdings, Inc.",US,7373.0,Systems integration,2022Q1,pre,0,2833071.0,14.856871840270585,-18.88707147292863,25.168225522036895,1,0,-66.53581925761833,,0.0,0.0
923601,RIME,"Algorhythm Holdings, Inc.",US,7373.0,Systems integration,2022Q2,pre,0,11692054.0,16.2744200237452,92.75846776520241,-18.88707147292863,0,1,1.2559127763180018,,0.0,0.0
923601,RIME,"Algorhythm Holdings, Inc.",US,7373.0,Systems integration,2022Q3,pre,0,17113636.0,16.655386130597567,-1.4700754039976918,92.75846776520241,1,1,3.416287456388578,,0.0,0.0
923601,RIME,"Algorhythm Holdings, Inc.",US,7373.0,Systems integration,2022Q4,transition,0,7110520.0,15.777085935532652,-66.5297609627728,-1.4700754039976918,1,0,-32.10028239847437,,0.0,0.0
923601,RIME,"Algorhythm Holdings, Inc.",US,7373.0,Systems integration,2023Q1,post,1,3383000.0,15.034273447762846,19.411056058955108,-65.52412935323383,0,1,-63.43482116464676,,0.0,0.0
923601,RIME,"Algorhythm Holdings, Inc.",US,7373.0,Systems integration,2023Q2,post,1,2625000.0,14.780591454007862,-68.87975818666524,19.411056058955108,1,1,-92.60952380952381,,0.0,0.0
923601,RIME,"Algorhythm Holdings, Inc.",US,7373.0,Systems integration,2023Q3,post,1,15931000.0,16.583777454555033,-6.910489389864316,-65.52412935323383,1,,0.6653694055614839,,0.0,0.0
929940,,ASPENTECH Corp,US,7371.0,IT consulting & application services,2019Q1,pre,0,147984000.0,18.812614717776178,17.56798627165908,12.426542409248851,0,0,48.074791869391284,,0.0,0.0
929940,,ASPENTECH Corp,US,7371.0,IT consulting & application services,2019Q2,pre,0,195769000.0,19.09244595070474,55.42156240076215,17.56798627165908,0,,57.52238607746886,,1.282,0.0
98338,,TSR INC,US,7371.0,IT consulting & application services,2019Q1,pre,0,14782706.0,16.50896854197661,-1.8261509308006372,-0.6856549409418831,1,1,-6.1936833486372525,20.61002904339706,0.0,0.0
98338,,TSR INC,US,7371.0,IT consulting & application services,2019Q2,pre,0,15574045.0,16.561116304545997,-4.918090535616571,-1.8261509308006372,1,1,-5.676341631220406,20.69758370416934,0.0,0.0
98338,,TSR INC,US,7371.0,IT consulting & application services,2019Q3,pre,0,14946562.0,16.519991864799422,-9.856865007679609,-4.918090535616571,1,1,-6.114804193767101,21.33910795004229,0.0,0.0
98338,,TSR INC,US,7371.0,IT consulting & application services,2019Q4,pre,0,15233869.0,16.539031730691867,-7.123897323043105,-9.856865007679609,1,1,0.4217838554342301,15.659383706135321,0.0,0.0
98338,,TSR INC,US,7371.0,IT consulting & application services,2020Q1,pre,0,14144569.0,16.46484129212279,-4.316780703072901,-7.123897323043105,1,1,-8.84203682699699,23.12352536157164,0.0,0.0
98338,,TSR INC,US,7371.0,IT consulting & application services,2020Q2,pre,0,14796401.0,16.50989453348667,-4.993205040822728,-4.316780703072901,1,1,2.363513938288101,14.077288118914863,0.0,0.0
98338,,TSR INC,US,7371.0,IT consulting & application services,2020Q3,pre,0,14514006.0,16.4906246722141,-2.894016697619158,-4.993205040822728,1,0,0.4118986860002676,15.64902894486884,0.0,0.0
98338,,TSR INC,US,7371.0,IT consulting & application services,2020Q4,pre,0,16068577.0,16.592376183699564,5.479290914212273,-2.894016697619158,0,0,-1.391118827759297,19.034778250743674,0.0,0.0
98338,,TSR INC,US,7371.0,IT consulting & application services,2021Q1,pre,0,17160494.0,16.658120439488517,21.322141381614383,5.479290914212273,0,0,-1.9732065988310128,17.974395142703933,0.0,0.0
98338,,TSR INC,US,7371.0,IT consulting & application services,2021Q2,pre,0,21078140.0,16.863747042450356,42.45450633569609,21.322141381614383,0,0,0.06796614881578736,16.104532942660025,0.0,0.0
98338,,TSR INC,US,7371.0,IT consulting & application services,2021Q3,pre,0,22866017.0,16.945162392545683,57.54449185152603,42.45450633569609,0,0,-1.5521592588687396,18.21613707363202,0.0,0.0
98338,,TSR INC,US,7371.0,IT consulting & application services,2021Q4,pre,0,23863550.0,16.987862748143414,48.51066152279695,57.54449185152603,0,0,1.7384295295544878,15.22472557519732,0.0,0.0
98338,,TSR INC,US,7371.0,IT consulting & application services,2022Q1,pre,0,24383217.0,17.009405625732462,42.08924871277016,48.51066152279695,0,0,-0.1507430295190335,15.706783071323196,0.0,0.0
98338,,TSR INC,US,7371.0,IT consulting & application services,2022Q2,pre,0,26199665.0,17.08125718239004,24.29780331661143,42.08924871277016,0,0,1.356719637445746,15.23349630615506,0.0,0.0
98338,,TSR INC,US,7371.0,IT consulting & application services,2022Q3,pre,0,26199428.0,17.081248136431935,14.578013302447907,24.29780331661143,0,0,2.8814026016140506,14.036966761259063,0.0,0.0
98338,,TSR INC,US,7371.0,IT consulting & application services,2022Q4,transition,0,26030816.0,17.0747916249235,9.081909439291303,14.578013302447907,0,1,3.8647962476474036,13.926463158127659,0.0,0.0
98338,,TSR INC,US,7371.0,IT consulting & application services,2023Q1,post,1,24257167.0,17.00422267807429,-0.5169539359798175,9.081909439291303,1,1,0.9107741229633287,15.537271932868336,0.0,0.0
98338,,TSR INC,US,7371.0,IT consulting & application services,2023Q2,post,1,24945654.0,17.03221017661249,-4.786362726393639,-0.5169539359798175,1,1,2.8646673284252238,14.902764224982837,0.0,0.0
98338,,TSR INC,US,7371.0,IT consulting & application services,2023Q3,post,1,22513290.0,16.929616359466422,-14.06953617460656,-4.786362726393639,1,1,3.4421890358983513,14.443739675542759,0.0,0.0
98338,,TSR INC,US,7371.0,IT consulting & application services,2023Q4,post,1,21657477.0,16.890861310758105,-16.800622001246523,-14.06953617460656,1,1,2.922584195749117,14.706717684613032,0.0,0.0
98338,,TSR INC,US,7371.0,IT consulting & application services,2024Q1,post,1,19702992.0,16.796281060348484,-18.774554340991262,-16.800622001246523,1,,-0.190032051984795,17.09262735324665,0.0,0.0
NSE:BSOFT,BSOFT,Birlasoft Ltd,India,,IT consulting & application services,2019Q1,pre,0,111945536.0,18.53352302526984,-11.184967571299964,,1,1,8.461120772158347,,,
NSE:BSOFT,BSOFT,Birlasoft Ltd,India,,IT consulting & application services,2019Q2,pre,0,111777760.0,18.532023172242003,-11.184967571299964,-12.234207290469655,1,1,7.271295291657302,,,
NSE:BSOFT,BSOFT,Birlasoft Ltd,India,,IT consulting & application services,2019Q3,pre,0,109883924.0,18.514935130239174,-11.184967571299964,-12.234207290469655,1,0,8.413044113714031,,,
NSE:BSOFT,BSOFT,Birlasoft Ltd,India,,IT consulting & application services,2019Q4,pre,0,117022059.0,18.577873013452425,47.82542363259629,-12.234207290469655,0,0,10.484635208819903,,,
NSE:BSOFT,BSOFT,Birlasoft Ltd,India,,IT consulting & application services,2020Q1,pre,0,125086119.0,18.644513010048094,15.068604367946739,47.82542363259629,0,0,10.512837159813072,,,
NSE:BSOFT,BSOFT,Birlasoft Ltd,India,,IT consulting & application services,2020Q2,pre,0,120583571.0,18.607853605780246,17.683767095174556,15.068604367946739,0,0,9.994423701384662,,,
NSE:BSOFT,BSOFT,Birlasoft Ltd,India,,IT consulting & application services,2020Q3,pre,0,115329449.0,18.56330336459598,10.865793141612944,17.683767095174556,0,0,11.504847300536396,,,
NSE:BSOFT,BSOFT,Birlasoft Ltd,India,,IT consulting & application services,2020Q4,pre,0,119372681.0,18.59776093039847,5.699243717043128,10.865793141612944,0,1,14.101412365866189,,,
NSE:BSOFT,BSOFT,Birlasoft Ltd,India,,IT consulting & application services,2021Q1,pre,0,123844790.0,18.63453964599825,-0.46468196570944753,5.699243717043128,1,0,14.908119267673674,,,
NSE:BSOFT,BSOFT,Birlasoft Ltd,India,,IT consulting & application services,2021Q2,pre,0,128116983.0,18.66845433419194,3.354908542252058,-0.46468196570944753,0,0,14.02876307194964,,,
NSE:BSOFT,BSOFT,Birlasoft Ltd,India,,IT consulting & application services,2021Q3,pre,0,136535487.0,18.732095116822837,17.987045399414082,3.354908542252058,0,0,13.075388232218337,,,
NSE:BSOFT,BSOFT,Birlasoft Ltd,India,,IT consulting & application services,2021Q4,pre,0,143038664.0,18.778625529301117,21.700044392621514,17.987045399414082,0,0,13.434293541779724,,,
NSE:BSOFT,BSOFT,Birlasoft Ltd,India,,IT consulting & application services,2022Q1,pre,0,146388927.0,18.801777521385095,21.995177530882522,21.700044392621514,0,0,14.03378480942073,,,
NSE:BSOFT,BSOFT,Birlasoft Ltd,India,,IT consulting & application services,2022Q2,pre,0,149564100.0,18.82323562144443,22.1192935688104,21.995177530882522,0,0,13.006881330479708,,,
NSE:BSOFT,BSOFT,Birlasoft Ltd,India,,IT consulting & application services,2022Q3,pre,0,149423715.0,18.822296553005692,17.830613618638967,22.1192935688104,0,0,13.059810485905802,,,
NSE:BSOFT,BSOFT,Birlasoft Ltd,India,,IT consulting & application services,2022Q4,transition,0,148732075.0,18.817657090927117,13.992458293917565,17.830613618638967,0,0,3.965408600062402,,,
NSE:BSOFT,BSOFT,Birlasoft Ltd,India,,IT consulting & application services,2023Q1,post,1,149197435.0,18.820781053897147,11.34385650810483,13.992458293917565,0,0,11.904878257457979,,,
NSE:BSOFT,BSOFT,Birlasoft Ltd,India,,IT consulting & application services,2023Q2,post,1,153679733.0,18.8503813390467,9.386510188736777,11.34385650810483,0,0,13.60040754365444,,,
NSE:BSOFT,BSOFT,Birlasoft Ltd,India,,IT consulting & application services,2023Q3,post,1,158415764.0,18.880733552594812,9.881744216187377,9.386510188736777,0,0,14.172650141055406,,,
NSE:BSOFT,BSOFT,Birlasoft Ltd,India,,IT consulting & application services,2023Q4,post,1,161325318.0,18.89893349296043,9.907504100198707,9.881744216187377,0,0,14.388462572254157,,,
NSE:BSOFT,BSOFT,Birlasoft Ltd,India,,IT consulting & application services,2024Q1,post,1,164106060.0,18.916023484080483,11.102522203413603,9.907504100198707,0,0,14.720875633721263,,,
NSE:BSOFT,BSOFT,Birlasoft Ltd,India,,IT consulting & application services,2024Q2,post,1,159140536.0,18.885298244011548,5.120485028560206,11.102522203413603,0,0,13.147274431701048,,,
NSE:BSOFT,BSOFT,Birlasoft Ltd,India,,IT consulting & application services,2024Q3,post,1,163361002.0,18.911473046054276,4.454012787479721,5.120485028560206,0,0,10.460036845268615,,,
NSE:BSOFT,BSOFT,Birlasoft Ltd,India,,IT consulting & application services,2024Q4,post,1,161396891.0,18.89937705091323,1.4707908181311158,4.454012787479721,0,1,10.431987193607094,,,
NSE:BSOFT,BSOFT,Birlasoft Ltd,India,,IT consulting & application services,2025Q1,post,1,152061902.0,18.839798245906778,-3.351074604344214,1.4707908181311158,1,1,11.537883433813684,,,
NSE:BSOFT,BSOFT,Birlasoft Ltd,India,,IT consulting & application services,2025Q2,post,1,150172098.0,18.827292514391928,-3.2041590109015083,-3.351074604344214,1,1,10.74279857234198,,,
NSE:BSOFT,BSOFT,Birlasoft Ltd,India,,IT consulting & application services,2025Q3,post,1,152160516.0,18.840446547922795,-2.873374618207492,-3.2041590109015083,1,1,14.53002959059366,,,
NSE:BSOFT,BSOFT,Birlasoft Ltd,India,,IT consulting & application services,2025Q4,post,1,151241215.0,18.834386570543735,-1.1133020181213367,-2.873374618207492,1,0,13.657115224841323,,,
NSE:COFORGE,COFORGE,Coforge Ltd,India,,IT consulting & application services,2020Q3,pre,0,155174826.0,18.860062948948716,11.092922484352432,,0,0,13.22700887062699,,,
NSE:COFORGE,COFORGE,Coforge Ltd,India,,IT consulting & application services,2020Q4,pre,0,161363334.0,18.899169113270847,10.918576485932551,11.092922484352432,0,0,13.052242710850285,,,
NSE:COFORGE,COFORGE,Coforge Ltd,India,,IT consulting & application services,2021Q1,pre,0,173039808.0,18.96903223003842,13.720364193635625,10.918576485932551,0,0,13.071740116586353,,,
NSE:COFORGE,COFORGE,Coforge Ltd,India,,IT consulting & application services,2021Q2,pre,0,198088237.0,19.104223130804307,38.27814569536424,13.720364193635625,0,0,10.878489468306995,,,
NSE:COFORGE,COFORGE,Coforge Ltd,India,,IT consulting & application services,2021Q3,pre,0,211803447.0,19.171169265786684,36.031897373667334,38.27814569536424,0,0,13.693131254846858,,,
NSE:COFORGE,COFORGE,Coforge Ltd,India,,IT consulting & application services,2021Q4,pre,0,221262320.0,19.214859523917855,39.26591634470015,36.031897373667334,0,0,14.878475467490352,,,
NSE:COFORGE,COFORGE,Coforge Ltd,India,,IT consulting & application services,2022Q1,pre,0,231642938.0,19.260707683715786,38.160919540229884,39.26591634470015,0,0,14.579149829294602,,,
NSE:COFORGE,COFORGE,Coforge Ltd,India,,IT consulting & application services,2022Q2,pre,0,237014657.0,19.283632541069007,25.164203612479476,38.160919540229884,0,0,12.33191203023364,,,
NSE:COFORGE,COFORGE,Coforge Ltd,India,,IT consulting & application services,2022Q3,pre,0,245605635.0,19.31923769778513,24.85026124633618,25.164203612479476,0,0,14.07063400642253,,,
NSE:COFORGE,COFORGE,Coforge Ltd,India,,IT consulting & application services,2022Q4,transition,0,250237664.0,19.337921680239287,23.98528436161872,24.85026124633618,0,0,14.451794914453805,,,
NSE:COFORGE,COFORGE,Coforge Ltd,India,,IT consulting & application services,2023Q1,post,1,263993479.0,19.391434960047945,24.505135119628203,23.98528436161872,0,0,7.903225897485141,,,
NSE:COFORGE,COFORGE,Coforge Ltd,India,,IT consulting & application services,2023Q2,post,1,270296584.0,19.415030373356977,21.405925440034984,24.505135119628203,0,0,10.36920318608244,,,
NSE:COFORGE,COFORGE,Coforge Ltd,India,,IT consulting & application services,2023Q3,post,1,275282727.0,19.433309225681676,16.16821475962029,21.405925440034984,0,0,11.58509810897071,,,
NSE:COFORGE,COFORGE,Coforge Ltd,India,,IT consulting & application services,2023Q4,post,1,279092173.0,19.447052654401386,13.011966144566593,16.16821475962029,0,0,13.51525827275708,,,
NSE:COFORGE,COFORGE,Coforge Ltd,India,,IT consulting & application services,2024Q1,post,1,284059088.0,19.46469283082279,8.68663594470046,13.011966144566593,0,0,13.258427063597416,,,
NSE:COFORGE,COFORGE,Coforge Ltd,India,,IT consulting & application services,2024Q2,post,1,287822569.0,19.47785476838393,8.095452498874382,8.68663594470046,0,0,8.82205939868461,,,
NSE:COFORGE,COFORGE,Coforge Ltd,India,,IT consulting & application services,2024Q3,post,1,365629425.0,19.717130878441264,34.535629558035325,8.095452498874382,0,0,9.391633619203379,,,
NSE:COFORGE,COFORGE,Coforge Ltd,India,,IT consulting & application services,2024Q4,post,1,393003584.0,19.789329289384828,42.82270907760513,34.535629558035325,0,0,9.52926296977485,,,
NSE:COFORGE,COFORGE,Coforge Ltd,India,,IT consulting & application services,2025Q1,post,1,393743339.0,19.791209831135628,44.57918168327327,42.82270907760513,0,0,11.777471364410815,,,
NSE:COFORGE,COFORGE,Coforge Ltd,India,,IT consulting & application services,2025Q2,post,1,431104104.0,19.881860159505035,53.64045318227257,44.57918168327327,0,0,10.654448791793456,,,
NSE:COFORGE,COFORGE,Coforge Ltd,India,,IT consulting & application services,2025Q3,post,1,456366018.0,19.93880571656316,30.153805962838387,53.64045318227257,0,0,14.06528344974187,,,
NSE:COFORGE,COFORGE,Coforge Ltd,India,,IT consulting & application services,2025Q4,post,1,470054389.0,19.968358967249785,26.21602073413296,30.153805962838387,0,0,9.832621092705082,,,
NSE:CYIENT,CYIENT,Cyient Ltd,India,,Engineering & R&D services,2020Q3,pre,0,134945742.0,18.720383344503674,-11.184967571299964,,1,1,10.943885135701429,,,
NSE:CYIENT,CYIENT,Cyient Ltd,India,,Engineering & R&D services,2020Q4,pre,0,141535134.0,18.768058541046802,-5.570123881001899,-12.234207290469655,1,0,11.012161121774893,,,
NSE:CYIENT,CYIENT,Cyient Ltd,India,,Engineering & R&D services,2021Q1,pre,0,149940400.0,18.82574843976939,1.816318926974665,-5.570123881001899,0,0,9.651450176203346,,,
NSE:CYIENT,CYIENT,Cyient Ltd,India,,Engineering & R&D services,2021Q2,pre,0,143416100.0,18.78126075318884,6.705656952707471,1.816318926974665,0,0,12.984312779388087,,,
NSE:CYIENT,CYIENT,Cyient Ltd,India,,Engineering & R&D services,2021Q3,pre,0,150019569.0,18.826276303551364,10.794378550782419,6.705656952707471,0,0,13.988845015279306,,,
NSE:CYIENT,CYIENT,Cyient Ltd,India,,Engineering & R&D services,2021Q4,pre,0,157916790.0,18.877578806695134,13.319927223977784,10.794378550782419,0,0,13.790772342826877,,,
NSE:CYIENT,CYIENT,Cyient Ltd,India,,Engineering & R&D services,2022Q1,pre,0,156989293.0,18.871688163534802,8.059646875857652,13.319927223977784,0,0,14.349813652578206,,,
NSE:CYIENT,CYIENT,Cyient Ltd,India,,Engineering & R&D services,2022Q2,pre,0,161961311.0,18.90286804368673,18.134568134568134,8.059646875857652,0,0,11.367090625735921,,,
NSE:CYIENT,CYIENT,Cyient Ltd,India,,Engineering & R&D services,2022Q3,pre,0,175009996.0,18.980353650256504,25.602734796689457,18.134568134568134,0,0,8.594757067476305,,,
NSE:CYIENT,CYIENT,Cyient Ltd,India,,Engineering & R&D services,2022Q4,transition,0,196971781.0,19.09857103278709,36.74159202298462,25.602734796689457,0,0,12.637498566355553,,,
NSE:CYIENT,CYIENT,Cyient Ltd,India,,Engineering & R&D services,2023Q1,post,1,213068286.0,19.177123263844503,48.27294277006434,36.74159202298462,0,0,13.315062289467141,,,
NSE:CYIENT,CYIENT,Cyient Ltd,India,,Engineering & R&D services,2023Q2,post,1,205247721.0,19.13972820270289,34.90920726341893,48.27294277006434,0,0,14.046842449471095,,,
NSE:CYIENT,CYIENT,Cyient Ltd,India,,Engineering & R&D services,2023Q3,post,1,215091086.0,19.186572152189104,27.381463973642745,34.90920726341893,0,0,14.270452379416598,,,
NSE:CYIENT,CYIENT,Cyient Ltd,India,,Engineering & R&D services,2023Q4,post,1,218800191.0,19.203669501455046,12.557162279075515,27.381463973642745,0,0,11.513121576754017,,,
NSE:CYIENT,CYIENT,Cyient Ltd,India,,Engineering & R&D services,2024Q1,post,1,224115816.0,19.227673511916688,6.2464314262875416,12.557162279075515,0,1,14.407781465989888,,,
NSE:CYIENT,CYIENT,Cyient Ltd,India,,Engineering & R&D services,2024Q2,post,1,200893152.0,19.11828374259395,-0.6403794841387489,6.2464314262875416,1,0,11.887569467773595,,,
NSE:CYIENT,CYIENT,Cyient Ltd,India,,Engineering & R&D services,2024Q3,post,1,220776988.0,19.212663645921335,3.9696373348327243,-0.6403794841387489,0,0,12.476339698954494,,,
NSE:CYIENT,CYIENT,Cyient Ltd,India,,Engineering & R&D services,2024Q4,post,1,228160480.0,19.24555979897481,5.764796310530361,3.9696373348327243,0,0,10.973837362193487,,,
NSE:CYIENT,CYIENT,Cyient Ltd,India,,Engineering & R&D services,2025Q1,post,1,220456548.0,19.21121117220757,2.6010318142734308,5.764796310530361,0,0,12.298345068888587,,,
NSE:CYIENT,CYIENT,Cyient Ltd,India,,Engineering & R&D services,2025Q2,post,1,200066151.0,19.114158624824935,2.1543235662708122,2.6010318142734308,0,1,9.504614801131451,,,
NSE:CYIENT,CYIENT,Cyient Ltd,India,,Engineering & R&D services,2025Q3,post,1,203926005.0,19.13326776542123,-3.6828727489048725,2.1543235662708122,1,1,9.393598918391993,,,
NSE:CYIENT,CYIENT,Cyient Ltd,India,,Engineering & R&D services,2025Q4,post,1,207467715.0,19.150486295168147,-4.043812292358804,-3.6828727489048725,1,0,6.751420094446985,,,
NSE:HCLTECH,HCLTECH,HCL Technologies Ltd,India,,IT consulting & application services,2020Q2,pre,0,2352264922.0,21.578644497544495,8.61386741340476,,0,0,20.69274746426712,,,
NSE:HCLTECH,HCLTECH,HCL Technologies Ltd,India,,IT consulting & application services,2020Q3,pre,0,2500928063.0,21.63992772513354,6.087750328065271,8.61386741340476,0,0,21.652145857823502,,,
NSE:HCLTECH,HCLTECH,HCL Technologies Ltd,India,,IT consulting & application services,2020Q4,pre,0,2616021403.0,21.684920452082817,6.435070306038047,6.087750328065271,0,0,22.987255200220545,,,
NSE:HCLTECH,HCLTECH,HCL Technologies Ltd,India,,IT consulting & application services,2021Q1,pre,0,2694153682.0,21.71434995933573,5.670630010222198,6.435070306038047,0,0,16.709943497573647,,,
NSE:HCLTECH,HCLTECH,HCL Technologies Ltd,India,,IT consulting & application services,2021Q2,pre,0,2719782938.0,21.72381791186407,12.476179800470799,5.670630010222198,0,0,19.603348618403608,,,
NSE:HCLTECH,HCLTECH,HCL Technologies Ltd,India,,IT consulting & application services,2021Q3,pre,0,2787562249.0,21.748433304963125,11.084220716360116,12.476179800470799,0,0,19.09465021600671,,,
NSE:HCLTECH,HCLTECH,HCL Technologies Ltd,India,,IT consulting & application services,2021Q4,pre,0,2979922122.0,21.81516300356519,15.69267433426588,11.084220716360116,0,0,19.06318570562966,,,
NSE:HCLTECH,HCLTECH,HCL Technologies Ltd,India,,IT consulting & application services,2022Q1,pre,0,3003290768.0,21.82297444710111,15.050150196018533,15.69267433426588,0,0,18.002389704012835,,,
NSE:HCLTECH,HCLTECH,HCL Technologies Ltd,India,,IT consulting & application services,2022Q2,pre,0,3039964967.0,21.835111828284983,16.92246362367949,15.050150196018533,0,0,17.013296982510916,,,
NSE:HCLTECH,HCLTECH,HCL Technologies Ltd,India,,IT consulting & application services,2022Q3,pre,0,3094325149.0,21.85283567375023,19.515855725006052,16.92246362367949,0,0,17.933241507581464,,,
NSE:HCLTECH,HCLTECH,HCL Technologies Ltd,India,,IT consulting & application services,2022Q4,transition,0,3249997870.0,21.90192017790323,19.564730643500067,19.515855725006052,0,0,19.58052434046672,,,
NSE:HCLTECH,HCLTECH,HCL Technologies Ltd,India,,IT consulting & application services,2023Q1,post,1,3236779036.0,21.897844547589603,17.741293092003364,19.564730643500067,0,0,18.176351195324536,,,
NSE:HCLTECH,HCLTECH,HCL Technologies Ltd,India,,IT consulting & application services,2023Q2,post,1,3200233665.0,21.886489664398738,12.069553358336174,17.741293092003364,0,0,16.877091566999685,,,
NSE:HCLTECH,HCLTECH,HCL Technologies Ltd,India,,IT consulting & application services,2023Q3,post,1,3225701117.0,21.89441616418621,8.04504577493316,12.069553358336174,0,0,18.44256149042342,,,
NSE:HCLTECH,HCLTECH,HCL Technologies Ltd,India,,IT consulting & application services,2023Q4,post,1,3417146276.0,21.9520716174747,6.539325842696629,8.04504577493316,0,0,19.84110243573313,,,
NSE:HCLTECH,HCLTECH,HCL Technologies Ltd,India,,IT consulting & application services,2024Q1,post,1,3432435850.0,21.956536006429573,7.114936480493121,6.539325842696629,0,0,17.628688734270153,,,
NSE:HCLTECH,HCLTECH,HCL Technologies Ltd,India,,IT consulting & application services,2024Q2,post,1,3363644538.0,21.936290907005528,6.696836020687558,7.114936480493121,0,0,17.090209221150467,,,
NSE:HCLTECH,HCLTECH,HCL Technologies Ltd,India,,IT consulting & application services,2024Q3,post,1,3446036139.0,21.96049046222873,8.210857828434314,6.696836020687558,0,0,18.57806111649719,,,
NSE:HCLTECH,HCLTECH,HCL Technologies Ltd,India,,IT consulting & application services,2024Q4,post,1,3540135352.0,21.987430798389404,5.076284890670042,8.210857828434314,0,0,19.474740721721425,,,
NSE:HCLTECH,HCLTECH,HCL Technologies Ltd,India,,IT consulting & application services,2025Q1,post,1,3492525008.0,21.97389080955651,6.130039650514053,5.076284890670042,0,0,17.99246180229499,,,
NSE:HCLTECH,HCLTECH,HCL Technologies Ltd,India,,IT consulting & application services,2025Q2,post,1,3547030973.0,21.9893767448678,8.16908436397334,6.130039650514053,0,0,16.283897332632623,,,
NSE:HCLTECH,HCLTECH,HCL Technologies Ltd,India,,IT consulting & application services,2025Q3,post,1,3657385992.0,22.020014519354273,10.67147113852124,8.16908436397334,0,0,17.224970248642,,,
NSE:HCLTECH,HCLTECH,HCL Technologies Ltd,India,,IT consulting & application services,2025Q4,post,1,3801648069.0,22.058700512025485,13.322181331549013,10.67147113852124,0,0,15.7327586126963,,,
NSE:INFY,INFY,Infosys Ltd,India,,IT consulting & application services,2019Q3,pre,0,3215031612.0,21.891103027247063,9.801543015187539,,0,0,21.70665959846867,,,
NSE:INFY,INFY,Infosys Ltd,India,,IT consulting & application services,2019Q4,pre,0,3242912273.0,21.89973761271853,7.906542056074767,9.801543015187539,0,0,21.92967262546729,,,
NSE:INFY,INFY,Infosys Ltd,India,,IT consulting & application services,2020Q1,pre,0,3208542138.0,21.889082508308437,8.022656576442731,7.906542056074767,0,0,21.175914380339673,,,
NSE:INFY,INFY,Infosys Ltd,India,,IT consulting & application services,2020Q2,pre,0,3119961292.0,21.861086432280587,8.540109159290006,8.022656576442731,0,0,22.670610619870473,,,
NSE:INFY,INFY,Infosys Ltd,India,,IT consulting & application services,2020Q3,pre,0,3304711332.0,21.918614963621536,8.577489062707146,8.540109159290006,0,0,25.347985341068817,,,
NSE:INFY,INFY,Infosys Ltd,India,,IT consulting & application services,2020Q4,pre,0,3513914979.0,21.979996631484067,12.276979040360297,8.577489062707146,0,0,25.413661438505734,,,
NSE:INFY,INFY,Infosys Ltd,India,,IT consulting & application services,2021Q1,pre,0,3609076806.0,22.00671784417612,13.082907121674475,12.276979040360297,0,0,24.476454713610217,,,
NSE:INFY,INFY,Infosys Ltd,India,,IT consulting & application services,2021Q2,pre,0,3780698865.0,22.053174714409433,17.878723853792522,13.082907121674475,0,0,23.67006021782166,,,
NSE:INFY,INFY,Infosys Ltd,India,,IT consulting & application services,2021Q3,pre,0,3995033537.0,22.108317810872844,20.480260480260483,17.878723853792522,0,0,23.552462683619268,,,
NSE:INFY,INFY,Infosys Ltd,India,,IT consulting & application services,2021Q4,pre,0,4252437342.0,22.170758147734205,22.910479422995333,20.480260480260483,0,0,23.485109989423098,,,
NSE:INFY,INFY,Infosys Ltd,India,,IT consulting & application services,2022Q1,pre,0,4289693889.0,22.179481212795025,22.671126144958382,22.910479422995333,0,0,21.551617293035243,,,
NSE:INFY,INFY,Infosys Ltd,India,,IT consulting & application services,2022Q2,pre,0,4465887846.0,22.21973387719638,23.566102667049037,22.671126144958382,0,0,20.05802147051948,,,
NSE:INFY,INFY,Infosys Ltd,India,,IT consulting & application services,2022Q3,pre,0,4579942165.0,22.244952207263516,23.430849266941422,23.566102667049037,0,0,21.547430064545367,,,
NSE:INFY,INFY,Infosys Ltd,India,,IT consulting & application services,2022Q4,transition,0,4664172973.0,22.263176372142237,20.243512097153797,23.430849266941422,0,0,21.50947335803277,,,
NSE:INFY,INFY,Infosys Ltd,India,,IT consulting & application services,2023Q1,post,1,4554921593.0,22.239474154118305,16.002602552980544,20.243512097153797,0,0,21.038433800324693,,,
NSE:INFY,INFY,Infosys Ltd,India,,IT consulting & application services,2023Q2,post,1,4616461196.0,22.252894273639626,10.046417174354511,16.002602552980544,0,0,20.80246750112616,,,
NSE:INFY,INFY,Infosys Ltd,India,,IT consulting & application services,2023Q3,post,1,4715918917.0,22.274209626301552,6.721769117083584,10.046417174354511,0,0,21.218649018600164,,,
NSE:INFY,INFY,Infosys Ltd,India,,IT consulting & application services,2023Q4,post,1,4663468873.0,22.263025401508294,1.3126989926405346,6.721769117083584,0,0,20.506942129213606,,,
NSE:INFY,INFY,Infosys Ltd,India,,IT consulting & application services,2024Q1,post,1,4567467797.0,22.242224795726337,1.2873587778104216,1.3126989926405346,0,0,20.095983962993227,,,
NSE:INFY,INFY,Infosys Ltd,India,,IT consulting & application services,2024Q2,post,1,4713322344.0,22.273658877202283,3.6432657580470833,1.2873587778104216,0,0,21.08101234079313,,,
NSE:INFY,INFY,Infosys Ltd,India,,IT consulting & application services,2024Q3,post,1,4893605336.0,22.311195156295828,5.108478227419603,3.6432657580470833,0,0,21.10232763159632,,,
NSE:INFY,INFY,Infosys Ltd,India,,IT consulting & application services,2024Q4,post,1,4946477512.0,22.3219415464724,7.580948455732722,5.108478227419603,0,0,21.33895220263967,,,
NSE:INFY,INFY,Infosys Ltd,India,,IT consulting & application services,2025Q1,post,1,4725635983.0,22.276267988411128,7.9160403976478655,7.580948455732722,0,0,20.952962745374457,,,
NSE:INFY,INFY,Infosys Ltd,India,,IT consulting & application services,2025Q2,post,1,4941346420.0,22.32090368566584,7.539107210988172,7.9160403976478655,0,0,20.821211478631767,,,
NSE:INFY,INFY,Infosys Ltd,India,,IT consulting & application services,2025Q3,post,1,5094142595.0,22.35135720584844,8.549260723173767,7.539107210988172,0,0,21.022701721210847,,,
NSE:INFY,INFY,Infosys Ltd,India,,IT consulting & application services,2025Q4,post,1,5104367989.0,22.35336247854826,8.895220764294608,8.549260723173767,0,0,18.008311528105228,,,
NSE:LTM,LTM,LTIMindtree Ltd (LTM Ltd),India,,IT consulting & application services,2019Q3,pre,0,365234070.0,19.71604899368093,10.273678792038435,,0,0,15.532734391400012,,,
NSE:LTM,LTM,LTIMindtree Ltd (LTM Ltd),India,,IT consulting & application services,2019Q4,pre,0,394775277.0,19.79382724198224,13.676250556027336,10.273678792038435,0,0,16.249866629819373,,,
NSE:LTM,LTM,LTIMindtree Ltd (LTM Ltd),India,,IT consulting & application services,2020Q1,pre,0,415343966.0,19.844617568636906,21.154465004022526,13.676250556027336,0,0,16.710382160698103,,,
NSE:LTM,LTM,LTIMindtree Ltd (LTM Ltd),India,,IT consulting & application services,2020Q2,pre,0,388818502.0,19.778623216866873,18.68485653346211,21.154465004022526,0,0,17.425064304167297,,,
NSE:LTM,LTM,LTIMindtree Ltd (LTM Ltd),India,,IT consulting & application services,2020Q3,pre,0,403290454.0,19.815167589838694,16.637491733769014,18.68485653346211,0,0,19.86392740156453,,,
NSE:LTM,LTM,LTIMindtree Ltd (LTM Ltd),India,,IT consulting & application services,2020Q4,pre,0,427302470.0,19.873002681079644,12.155384013375548,16.637491733769014,0,0,20.622938360267376,,,
NSE:LTM,LTM,LTIMindtree Ltd (LTM Ltd),India,,IT consulting & application services,2021Q1,pre,0,448463217.0,19.921337222721917,8.54942063149507,12.155384013375548,0,0,19.358291986742806,,,
NSE:LTM,LTM,LTIMindtree Ltd (LTM Ltd),India,,IT consulting & application services,2021Q2,pre,0,469266914.0,19.96668227753356,17.4047199240472,8.54942063149507,0,0,16.410108341880672,,,
NSE:LTM,LTM,LTIMindtree Ltd (LTM Ltd),India,,IT consulting & application services,2021Q3,pre,0,508387654.0,20.046754812956387,25.63367129135539,17.4047199240472,0,0,17.207326793187626,,,
NSE:LTM,LTM,LTIMindtree Ltd (LTM Ltd),India,,IT consulting & application services,2021Q4,pre,0,552134959.0,20.12930306530036,31.23572697284953,25.63367129135539,0,0,17.94760255345469,,,
NSE:LTM,LTM,LTIMindtree Ltd (LTM Ltd),India,,IT consulting & application services,2022Q1,pre,0,571711093.0,20.164144339579277,31.571542178993088,31.23572697284953,0,0,17.30751339470686,,,
NSE:LTM,LTM,LTIMindtree Ltd (LTM Ltd),India,,IT consulting & application services,2022Q2,pre,0,585968017.0,20.188775767553533,30.622382671480143,31.571542178993088,0,0,16.01441585164195,,,
NSE:LTM,LTM,LTIMindtree Ltd (LTM Ltd),India,,IT consulting & application services,2022Q3,pre,0,606267619.0,20.22283206206171,28.39660207061322,30.622382671480143,0,0,16.14530562616111,,,
NSE:LTM,LTM,LTIMindtree Ltd (LTM Ltd),India,,IT consulting & application services,2022Q4,transition,0,1049250249.0,20.77134169749031,82.99943826316269,28.39660207061322,0,0,13.882830634429519,,,
NSE:LTM,LTM,LTIMindtree Ltd (LTM Ltd),India,,IT consulting & application services,2023Q1,post,1,1057312133.0,20.778995801093263,82.99943826316269,83.52461422477688,0,0,16.354849869106722,,,
NSE:LTM,LTM,LTIMindtree Ltd (LTM Ltd),India,,IT consulting & application services,2023Q2,post,1,1059049033.0,20.780637203721383,82.99943826316269,83.52461422477688,0,0,16.67183779960073,,,
NSE:LTM,LTM,LTIMindtree Ltd (LTM Ltd),India,,IT consulting & application services,2023Q3,post,1,1077015549.0,20.797459672342352,82.99943826316269,83.52461422477688,0,0,15.980191758587136,,,
NSE:LTM,LTM,LTIMindtree Ltd (LTM Ltd),India,,IT consulting & application services,2023Q4,post,1,1083141430.0,20.80313138739007,4.60092807424594,83.52461422477688,0,0,15.37053882243245,,,
NSE:LTM,LTM,LTIMindtree Ltd (LTM Ltd),India,,IT consulting & application services,2024Q1,post,1,1071065959.0,20.79192021288354,2.3230928546772525,4.60092807424594,0,0,14.71623429682728,,,
NSE:LTM,LTM,LTIMindtree Ltd (LTM Ltd),India,,IT consulting & application services,2024Q2,post,1,1096070733.0,20.814997560798545,5.061996529573321,2.3230928546772525,0,0,14.994640496435919,,,
NSE:LTM,LTM,LTIMindtree Ltd (LTM Ltd),India,,IT consulting & application services,2024Q3,post,1,1126259937.0,20.84216818993336,5.923372335886092,5.061996529573321,0,0,15.45866067683805,,,
NSE:LTM,LTM,LTIMindtree Ltd (LTM Ltd),India,,IT consulting & application services,2024Q4,post,1,1144225280.0,20.857993633594138,7.145709025575051,5.923372335886092,0,0,13.755447179072988,,,
NSE:LTM,LTM,LTIMindtree Ltd (LTM Ltd),India,,IT consulting & application services,2025Q1,post,1,1128344463.0,20.844017318404823,9.882040729120984,7.145709025575051,0,0,13.768330956926937,,,
NSE:LTM,LTM,LTIMindtree Ltd (LTM Ltd),India,,IT consulting & application services,2025Q2,post,1,1150117401.0,20.86312986193705,7.634589722835955,9.882040729120984,0,0,14.292827658904361,,,
NSE:LTM,LTM,LTIMindtree Ltd (LTM Ltd),India,,IT consulting & application services,2025Q3,post,1,1190156133.0,20.89735033966501,10.191987617805765,7.634589722835955,0,0,15.855805618068434,,,
NSE:LTM,LTM,LTIMindtree Ltd (LTM Ltd),India,,IT consulting & application services,2025Q4,post,1,1210013221.0,20.91389712294165,11.594157894192053,10.191987617805765,0,0,10.637232202605826,,,
NSE:LTTS,LTTS,L&T Technology Services Ltd,India,,Engineering & R&D services,2019Q1,pre,0,190734921.0,19.06639517389011,27.332195676905574,,0,0,16.439580038937915,,,
NSE:LTTS,LTTS,L&T Technology Services Ltd,India,,Engineering & R&D services,2019Q2,pre,0,193800679.0,19.082340761026774,16.950182260024302,27.332195676905574,0,0,17.061224537814958,,,
NSE:LTTS,LTTS,L&T Technology Services Ltd,India,,Engineering & R&D services,2019Q3,pre,0,199204376.0,19.10984187074497,10.74164757918016,16.950182260024302,0,0,17.031595229614833,,,
NSE:LTTS,LTTS,L&T Technology Services Ltd,India,,Engineering & R&D services,2019Q4,pre,0,199824176.0,19.1129484178597,8.04920646973954,10.74164757918016,0,0,16.80371097839533,,,
NSE:LTTS,LTTS,L&T Technology Services Ltd,India,,Engineering & R&D services,2020Q1,pre,0,199487560.0,19.111262436460258,7.706053160598615,8.04920646973954,0,1,15.194248704029464,,,
NSE:LTTS,LTTS,L&T Technology Services Ltd,India,,Engineering & R&D services,2020Q2,pre,0,170691480.0,18.95536827439248,-3.9183673469387754,7.706053160598615,1,1,12.103189919028178,,,
NSE:LTTS,LTTS,L&T Technology Services Ltd,India,,Engineering & R&D services,2020Q3,pre,0,176708577.0,18.990012476010033,-6.297696312673846,-3.9183673469387754,1,1,13.708327242089668,,,
NSE:LTTS,LTTS,L&T Technology Services Ltd,India,,Engineering & R&D services,2020Q4,pre,0,189838420.0,19.061683847259,-1.5601939700611427,-6.297696312673846,1,1,15.22096106783864,,,
NSE:LTTS,LTTS,L&T Technology Services Ltd,India,,Engineering & R&D services,2021Q1,pre,0,197593217.0,19.101721015765783,-0.4216784183602931,-1.5601939700611427,1,0,16.598403274136682,,,
NSE:LTTS,LTTS,L&T Technology Services Ltd,India,,Engineering & R&D services,2021Q2,pre,0,205786247.0,19.14234855211468,17.2781339306403,-0.4216784183602931,0,0,17.27476277848636,,,
NSE:LTTS,LTTS,L&T Technology Services Ltd,India,,Engineering & R&D services,2021Q3,pre,0,216972347.0,19.19528047020471,22.37022377835287,17.2781339306403,0,0,18.43627519962256,,,
NSE:LTTS,LTTS,L&T Technology Services Ltd,India,,Engineering & R&D services,2021Q4,pre,0,225185553.0,19.23243530030698,20.475476547440564,22.37022377835287,0,0,18.631111295137124,,,
NSE:LTTS,LTTS,L&T Technology Services Ltd,India,,Engineering & R&D services,2022Q1,pre,0,233397306.0,19.268252735333665,21.909059354390838,20.475476547440564,0,0,18.643585371975117,,,
NSE:LTTS,LTTS,L&T Technology Services Ltd,India,,Engineering & R&D services,2022Q2,pre,0,242754107.0,19.307559583633168,23.39963119072708,21.909059354390838,0,0,18.32737355088291,,,
NSE:LTTS,LTTS,L&T Technology Services Ltd,India,,Engineering & R&D services,2022Q3,pre,0,250080536.0,19.337293567949285,24.096535423275487,23.39963119072708,0,0,18.184551955694786,,,
NSE:LTTS,LTTS,L&T Technology Services Ltd,India,,Engineering & R&D services,2022Q4,transition,0,249361260.0,19.334413246346106,21.398518518518518,24.096535423275487,0,0,18.69081307978633,,,
NSE:LTTS,LTTS,L&T Technology Services Ltd,India,,Engineering & R&D services,2023Q1,post,1,255015268.0,19.356833975840097,19.366778657251864,21.398518518518518,0,0,18.733899493421706,,,
NSE:LTTS,LTTS,L&T Technology Services Ltd,India,,Engineering & R&D services,2023Q2,post,1,280081296.0,19.450590461849337,22.82649303517105,19.366778657251864,0,0,17.180846306852278,,,
NSE:LTTS,LTTS,L&T Technology Services Ltd,India,,Engineering & R&D services,2023Q3,post,1,288622365.0,19.48062969610397,19.618064257430706,22.82649303517105,0,0,17.075214874633847,,,
NSE:LTTS,LTTS,L&T Technology Services Ltd,India,,Engineering & R&D services,2023Q4,post,1,290924729.0,19.488575128446424,18.2173191447818,19.618064257430706,0,0,17.185564517617888,,,
NSE:LTTS,LTTS,L&T Technology Services Ltd,India,,Engineering & R&D services,2024Q1,post,1,305617950.0,19.53784635044269,21.05238049804408,18.2173191447818,0,0,16.874876950126787,,,
NSE:LTTS,LTTS,L&T Technology Services Ltd,India,,Engineering & R&D services,2024Q2,post,1,295147610.0,19.502986162040685,6.974015816459546,21.05238049804408,0,0,15.581461425352556,,,
NSE:LTTS,LTTS,L&T Technology Services Ltd,India,,Engineering & R&D services,2024Q3,post,1,307196535.0,19.542998279877306,7.810601298973392,6.974015816459546,0,0,15.06859965070895,,,
NSE:LTTS,LTTS,L&T Technology Services Ltd,India,,Engineering & R&D services,2024Q4,post,1,314218103.0,19.565597898294094,9.546618217854489,7.810601298973392,0,0,15.902751471960864,,,
NSE:LTTS,LTTS,L&T Technology Services Ltd,India,,Engineering & R&D services,2025Q1,post,1,344379640.0,19.657255211464893,17.533004926108376,9.546618217854489,0,0,13.207483752523814,,,
NSE:LTTS,LTTS,L&T Technology Services Ltd,India,,Engineering & R&D services,2025Q2,post,1,334962957.0,19.62953050755595,16.414151671473252,17.533004926108376,0,0,13.3042568047308,,,
NSE:LTTS,LTTS,L&T Technology Services Ltd,India,,Engineering & R&D services,2025Q3,post,1,341155268.0,19.647848262994216,15.803179291849665,16.414151671473252,0,0,13.36465834670916,,,
NSE:LTTS,LTTS,L&T Technology Services Ltd,India,,Engineering & R&D services,2025Q4,post,1,328121107.0,19.608893326858826,10.196004523181305,15.803179291849665,0,1,13.398323991391386,,,
NSE:MASTEK,MASTEK,Mastek Ltd,India,,IT consulting & application services,2020Q3,pre,0,55110803.0,17.824856316611548,68.20197044334975,,0,0,18.282324792110177,,,
NSE:MASTEK,MASTEK,Mastek Ltd,India,,IT consulting & application services,2020Q4,pre,0,60019950.0,17.9101875649205,81.73424162836507,68.20197044334975,0,0,20.810658789285895,,,
NSE:MASTEK,MASTEK,Mastek Ltd,India,,IT consulting & application services,2021Q1,pre,0,66281859.0,18.00942679780583,43.53056496168241,81.73424162836507,0,0,19.811262384780125,,,
NSE:MASTEK,MASTEK,Mastek Ltd,India,,IT consulting & application services,2021Q2,pre,0,69996327.0,18.063953327208388,33.779723359063354,43.53056496168241,0,0,19.950819705153958,,,
NSE:MASTEK,MASTEK,Mastek Ltd,India,,IT consulting & application services,2021Q3,pre,0,72058248.0,18.092985349916216,30.309464538487823,33.779723359063354,0,0,19.176670795548624,,,
NSE:MASTEK,MASTEK,Mastek Ltd,India,,IT consulting & application services,2021Q4,pre,0,73648687.0,18.114816873151202,24.62684882014226,30.309464538487823,0,0,19.148049441804712,,,
NSE:MASTEK,MASTEK,Mastek Ltd,India,,IT consulting & application services,2022Q1,pre,0,77289184.0,18.163064581387264,20.347261025227127,24.62684882014226,0,,18.662837739365965,,,
NSE:MASTEK,MASTEK,Mastek Ltd,India,,IT consulting & application services,2023Q3,post,1,92584104.0,18.34362802181366,22.427634735327043,,0,0,12.805339672564095,,,
NSE:MASTEK,MASTEK,Mastek Ltd,India,,IT consulting & application services,2023Q4,post,1,94212378.0,18.361062132188085,19.07053715118574,22.427634735327043,0,0,14.243819426784876,,,
NSE:MASTEK,MASTEK,Mastek Ltd,India,,IT consulting & application services,2024Q1,post,1,93911127.0,18.357859435560666,9.948109083730506,19.07053715118574,0,0,12.519718776242565,,,
NSE:MASTEK,MASTEK,Mastek Ltd,India,,IT consulting & application services,2024Q2,post,1,97454218.0,18.39489326671638,12.084108927955878,9.948109083730506,0,0,12.779096949913447,,,
NSE:MASTEK,MASTEK,Mastek Ltd,India,,IT consulting & application services,2024Q3,post,1,103563762.0,18.455698038954903,13.304334195469863,12.084108927955878,0,0,15.566239279720257,,,
NSE:MASTEK,MASTEK,Mastek Ltd,India,,IT consulting & application services,2024Q4,post,1,102986079.0,18.450104381719797,10.871256072526043,13.304334195469863,0,0,14.729796635912315,,,
NSE:MASTEK,MASTEK,Mastek Ltd,India,,IT consulting & application services,2025Q1,post,1,104549428.0,18.465170512757474,16.119682454182858,10.871256072526043,0,0,12.365532023762004,,,
NSE:MASTEK,MASTEK,Mastek Ltd,India,,IT consulting & application services,2025Q2,post,1,106905309.0,18.487454037998766,12.524449802556312,16.119682454182858,0,0,12.998797842677767,,,
NSE:MASTEK,MASTEK,Mastek Ltd,India,,IT consulting & application services,2025Q3,post,1,107673160.0,18.494610900297793,8.41374698809071,12.524449802556312,0,0,13.573380775673344,,,
NSE:MASTEK,MASTEK,Mastek Ltd,India,,IT consulting & application services,2025Q4,post,1,101649641.0,18.43704256630588,4.157418375444206,8.41374698809071,0,0,14.10431936498428,,,
NSE:MPHASIS,MPHASIS,Mphasis Ltd,India,,IT consulting & application services,2019Q1,pre,0,287566372.0,19.476964250688244,16.07755398718707,,0,0,15.821900761052826,,,
NSE:MPHASIS,MPHASIS,Mphasis Ltd,India,,IT consulting & application services,2019Q2,pre,0,296642179.0,19.508037185918884,13.313533561547128,16.07755398718707,0,,15.482078157199622,,,
NSE:MPHASIS,MPHASIS,Mphasis Ltd,India,,IT consulting & application services,2020Q4,pre,0,335356135.0,19.63070361466205,8.682198394529665,,0,0,16.360914047390246,,,
NSE:MPHASIS,MPHASIS,Mphasis Ltd,India,,IT consulting & application services,2021Q1,pre,0,346255605.0,19.662687803060436,7.592520686008701,8.682198394529665,0,0,16.061432131907296,,,
NSE:MPHASIS,MPHASIS,Mphasis Ltd,India,,IT consulting & application services,2021Q2,pre,0,364684293.0,19.714542586576147,17.59538225008675,7.592520686008701,0,0,15.869057733177447,,,
NSE:MPHASIS,MPHASIS,Mphasis Ltd,India,,IT consulting & application services,2021Q3,pre,0,387225799.0,19.7745185407958,17.811974810187444,17.59538225008675,0,0,15.055971515988789,,,
NSE:MPHASIS,MPHASIS,Mphasis Ltd,India,,IT consulting & application services,2021Q4,pre,0,416839209.0,19.848211115476108,26.24219755616042,17.811974810187444,0,0,15.06358774421338,,,
NSE:MPHASIS,MPHASIS,Mphasis Ltd,India,,IT consulting & application services,2022Q1,pre,0,435623359.0,19.892288572470534,29.845385798660452,26.24219755616042,0,,15.172661115264024,,,
NSE:MPHASIS,MPHASIS,Mphasis Ltd,India,,IT consulting & application services,2023Q3,post,1,396258854.0,19.797578227385625,-6.912796677102806,,1,1,15.463594915660863,,,
NSE:MPHASIS,MPHASIS,Mphasis Ltd,India,,IT consulting & application services,2023Q4,post,1,400979399.0,19.809420609886313,-4.799023904138169,-6.912796677102806,1,0,14.89537446286611,,,
NSE:MPHASIS,MPHASIS,Mphasis Ltd,India,,IT consulting & application services,2024Q1,post,1,410949614.0,19.833981171271326,1.5122773800718905,-4.799023904138169,0,0,14.888485088101335,,,
NSE:MPHASIS,MPHASIS,Mphasis Ltd,India,,IT consulting & application services,2024Q2,post,1,410305650.0,19.832412927729496,5.241402934983922,1.5122773800718905,0,0,15.004929130271544,,,
NSE:MPHASIS,MPHASIS,Mphasis Ltd,India,,IT consulting & application services,2024Q3,post,1,422205215.0,19.8610020452681,7.924426720935925,5.241402934983922,0,0,15.392916451778078,,,
NSE:MPHASIS,MPHASIS,Mphasis Ltd,India,,IT consulting & application services,2024Q4,post,1,421800554.0,19.860043139426768,6.692403029525017,7.924426720935925,0,0,15.31941088915687,,,
NSE:MPHASIS,MPHASIS,Mphasis Ltd,India,,IT consulting & application services,2025Q1,post,1,428400812.0,19.87556979196091,8.733393062768954,6.692403029525017,0,0,15.288591236377021,,,
NSE:MPHASIS,MPHASIS,Mphasis Ltd,India,,IT consulting & application services,2025Q2,post,1,436233619.0,19.893688481205707,9.058595829551942,8.733393062768954,0,0,15.296655987442362,,,
NSE:MPHASIS,MPHASIS,Mphasis Ltd,India,,IT consulting & application services,2025Q3,post,1,446772107.0,19.917559194831,10.343605722161925,9.058595829551942,0,0,15.221003266437133,,,
NSE:MPHASIS,MPHASIS,Mphasis Ltd,India,,IT consulting & application services,2025Q4,post,1,449232308.0,19.92305070166161,12.389753513988282,10.343605722161925,0,0,14.286763631434985,,,
NSE:PERSISTENT,PERSISTENT,Persistent Systems Ltd,India,,IT consulting & application services,2019Q2,pre,0,119676630.0,18.600303913371526,-0.25974461841993285,,1,0,9.803344228526488,,,
NSE:PERSISTENT,PERSISTENT,Persistent Systems Ltd,India,,IT consulting & application services,2019Q3,pre,0,125680188.0,18.649251047773028,5.8694978319851305,-0.25974461841993285,0,0,8.948112012690498,,,
NSE:PERSISTENT,PERSISTENT,Persistent Systems Ltd,India,,IT consulting & application services,2019Q4,pre,0,129582938.0,18.679831681981096,6.766568431088725,5.8694978319851305,0,0,8.743195805608298,,,
NSE:PERSISTENT,PERSISTENT,Persistent Systems Ltd,India,,IT consulting & application services,2020Q1,pre,0,127746643.0,18.665559508816322,11.361488915122125,6.766568431088725,0,0,9.163882294738656,,,
NSE:PERSISTENT,PERSISTENT,Persistent Systems Ltd,India,,IT consulting & application services,2020Q2,pre,0,130702845.0,18.68843694576382,19.14052641825519,11.361488915122125,0,0,10.31213895917874,,,
NSE:PERSISTENT,PERSISTENT,Persistent Systems Ltd,India,,IT consulting & application services,2020Q3,pre,0,135543872.0,18.724805924476836,13.92120732534479,19.14052641825519,0,0,12.149279607417443,,,
NSE:PERSISTENT,PERSISTENT,Persistent Systems Ltd,India,,IT consulting & application services,2020Q4,pre,0,145749880.0,18.79740255986692,16.545377895351724,13.92120732534479,0,0,12.681165157734606,,,
NSE:PERSISTENT,PERSISTENT,Persistent Systems Ltd,India,,IT consulting & application services,2021Q1,pre,0,152719187.0,18.844111413899814,20.185671954359243,16.545377895351724,0,0,13.151654611676268,,,
NSE:PERSISTENT,PERSISTENT,Persistent Systems Ltd,India,,IT consulting & application services,2021Q2,pre,0,166689842.0,18.931645410051523,24.0613888650726,20.185671954359243,0,0,13.538294073132542,,,
NSE:PERSISTENT,PERSISTENT,Persistent Systems Ltd,India,,IT consulting & application services,2021Q3,pre,0,182362174.0,19.02150523471246,34.086134714367795,24.0613888650726,0,0,13.862063851026473,,,
NSE:PERSISTENT,PERSISTENT,Persistent Systems Ltd,India,,IT consulting & application services,2021Q4,pre,0,199059625.0,19.109114960926302,38.71301601825557,34.086134714367795,0,0,13.9636407935562,,,
NSE:PERSISTENT,PERSISTENT,Persistent Systems Ltd,India,,IT consulting & application services,2022Q1,pre,0,217681630.0,19.198544140467092,47.10937542102361,38.71301601825557,0,,14.045147034226085,,,
NSE:PERSISTENT,PERSISTENT,Persistent Systems Ltd,India,,IT consulting & application services,2023Q3,post,1,291666415.0,19.491121292796265,17.720479088332215,,0,0,13.715143377066571,,,
NSE:PERSISTENT,PERSISTENT,Persistent Systems Ltd,India,,IT consulting & application services,2023Q4,post,1,300104391.0,19.519640942092956,15.15870059851533,17.720479088332215,0,0,14.534491766233437,,,
NSE:PERSISTENT,PERSISTENT,Persistent Systems Ltd,India,,IT consulting & application services,2024Q1,post,1,312004432.0,19.55852795080107,14.906106618312403,15.15870059851533,0,0,14.454361661118966,,,
NSE:PERSISTENT,PERSISTENT,Persistent Systems Ltd,India,,IT consulting & application services,2024Q2,post,1,328148659.0,19.608977292329868,17.921742221073377,14.906106618312403,0,0,14.029673057417552,,,
NSE:PERSISTENT,PERSISTENT,Persistent Systems Ltd,India,,IT consulting & application services,2024Q3,post,1,345911130.0,19.661692450319478,20.13049048999241,17.921742221073377,0,0,14.021809590226253,,,
NSE:PERSISTENT,PERSISTENT,Persistent Systems Ltd,India,,IT consulting & application services,2024Q4,post,1,362693203.0,19.709067864072022,22.57883225469695,20.13049048999241,0,0,14.881882415645931,,,
NSE:PERSISTENT,PERSISTENT,Persistent Systems Ltd,India,,IT consulting & application services,2025Q1,post,1,374368751.0,19.740751834874978,25.152652395691067,22.57883225469695,0,0,15.585797116918021,,,
NSE:PERSISTENT,PERSISTENT,Persistent Systems Ltd,India,,IT consulting & application services,2025Q2,post,1,389612058.0,19.780662078945713,21.789549059795334,25.152652395691067,0,0,15.533088044210377,,,
NSE:PERSISTENT,PERSISTENT,Persistent Systems Ltd,India,,IT consulting & application services,2025Q3,post,1,409995466.0,19.831656659064897,23.594524413812053,21.789549059795334,0,0,16.282619086329117,,,
NSE:PERSISTENT,PERSISTENT,Persistent Systems Ltd,India,,IT consulting & application services,2025Q4,post,1,424049532.0,19.865360827127937,23.37866115618277,23.594524413812053,0,0,14.384079310810325,,,
NSE:SONATSOFTW,SONATSOFTW,Sonata Software Ltd,India,,Systems integration,2019Q3,pre,0,99889181.0,18.4195719394558,18.547557623889254,,0,0,11.56357163444958,,,
NSE:SONATSOFTW,SONATSOFTW,Sonata Software Ltd,India,,Systems integration,2019Q4,pre,0,173700560.0,18.972843455155473,46.5567088487606,18.547557623889254,0,0,8.128516684114317,,,
NSE:SONATSOFTW,SONATSOFTW,Sonata Software Ltd,India,,Systems integration,2020Q1,pre,0,128065884.0,18.668055408211632,11.145951768296332,46.5567088487606,0,0,7.946762777196775,,,
NSE:SONATSOFTW,SONATSOFTW,Sonata Software Ltd,India,,Systems integration,2020Q2,pre,0,125568389.0,18.648361100385358,8.896333306655386,11.145951768296332,0,0,7.125908097777697,,,
NSE:SONATSOFTW,SONATSOFTW,Sonata Software Ltd,India,,Systems integration,2020Q3,pre,0,108108581.0,18.498646659662512,14.322898146699476,8.896333306655386,0,0,9.608470395148375,,,
NSE:SONATSOFTW,SONATSOFTW,Sonata Software Ltd,India,,Systems integration,2020Q4,pre,0,189223109.0,19.058437347715465,12.877562900200504,14.322898146699476,0,0,7.234128047224929,,,
NSE:SONATSOFTW,SONATSOFTW,Sonata Software Ltd,India,,Systems integration,2021Q1,pre,0,147555015.0,18.809711647254108,15.8321488564414,12.877562900200504,0,0,8.71052603667859,,,
NSE:SONATSOFTW,SONATSOFTW,Sonata Software Ltd,India,,Systems integration,2021Q2,pre,0,171923134.0,18.962558039541403,33.18844231657637,15.8321488564414,0,0,7.180695647393212,,,
NSE:SONATSOFTW,SONATSOFTW,Sonata Software Ltd,India,,Systems integration,2021Q3,pre,0,129989068.0,18.682960912576206,19.832787986613084,33.18844231657637,0,0,11.561702250223073,,,
NSE:SONATSOFTW,SONATSOFTW,Sonata Software Ltd,India,,Systems integration,2021Q4,pre,0,247940303.0,19.328698561443385,33.08073573229429,19.832787986613084,0,0,6.404129061663687,,,
NSE:SONATSOFTW,SONATSOFTW,Sonata Software Ltd,India,,Systems integration,2022Q1,pre,0,194526108.0,19.08607694337702,36.06176385828894,33.08073573229429,0,0,6.492761372679086,,,
NSE:SONATSOFTW,SONATSOFTW,Sonata Software Ltd,India,,Systems integration,2022Q2,pre,0,230466761.0,19.25561720609804,40.228924590474094,36.06176385828894,0,0,7.233284282586849,,,
NSE:SONATSOFTW,SONATSOFTW,Sonata Software Ltd,India,,Systems integration,2022Q3,pre,0,187517157.0,19.049380903188503,55.31676322182769,40.228924590474094,0,0,9.425927889894362,,,
NSE:SONATSOFTW,SONATSOFTW,Sonata Software Ltd,India,,Systems integration,2022Q4,transition,0,275188396.0,19.43296649743679,21.67683878537368,55.31676322182769,0,0,6.309326720302552,,,
NSE:SONATSOFTW,SONATSOFTW,Sonata Software Ltd,India,,Systems integration,2023Q1,post,1,232788720.0,19.265641819039395,30.736593264691216,21.67683878537368,0,0,6.933890954853826,,,
NSE:SONATSOFTW,SONATSOFTW,Sonata Software Ltd,India,,Systems integration,2023Q2,post,1,245290803.0,19.317955015659965,13.304588331852985,30.736593264691216,0,0,7.296840232530038,,,
NSE:SONATSOFTW,SONATSOFTW,Sonata Software Ltd,India,,Systems integration,2023Q3,post,1,231305458.0,19.259249723983356,27.847297423762353,13.304588331852985,0,0,8.573803736183345,,,
NSE:SONATSOFTW,SONATSOFTW,Sonata Software Ltd,India,,Systems integration,2023Q4,post,1,299519850.0,19.517691250452096,10.287157529702139,27.847297423762353,0,0,3.965408600062402,,,
NSE:SONATSOFTW,SONATSOFTW,Sonata Software Ltd,India,,Systems integration,2024Q1,post,1,263958761.0,19.391303440575463,14.534099817089105,10.287157529702139,0,0,5.039673981497436,,,
NSE:SONATSOFTW,SONATSOFTW,Sonata Software Ltd,India,,Systems integration,2024Q2,post,1,303003746.0,19.529255726433526,25.39778619023284,14.534099817089105,0,0,5.653569048614996,,,
NSE:SONATSOFTW,SONATSOFTW,Sonata Software Ltd,India,,Systems integration,2024Q3,post,1,259071187.0,19.372613435180423,13.451010943390306,25.39778619023284,0,0,6.65167331016243,,,
NSE:SONATSOFTW,SONATSOFTW,Sonata Software Ltd,India,,Systems integration,2024Q4,post,1,336696600.0,19.634692786070218,14.014879579681955,13.451010943390306,0,0,4.61870211935612,,,
NSE:SONATSOFTW,SONATSOFTW,Sonata Software Ltd,India,,Systems integration,2025Q1,post,1,302209762.0,19.526631910391703,19.4190572227723,14.014879579681955,0,0,5.717178652885475,,,
NSE:SONATSOFTW,SONATSOFTW,Sonata Software Ltd,India,,Systems integration,2025Q2,post,1,346554592.0,19.663550916853666,17.319965340286377,19.4190572227723,0,1,4.504616981096012,,,
NSE:SONATSOFTW,SONATSOFTW,Sonata Software Ltd,India,,Systems integration,2025Q3,post,1,242661641.0,19.307178607113556,-2.3287538655102016,17.319965340286377,1,0,6.909828817979517,,,
NSE:SONATSOFTW,SONATSOFTW,Sonata Software Ltd,India,,Systems integration,2025Q4,post,1,345751093.0,19.661229689747817,8.364669919339804,-2.3287538655102016,0,1,4.621856972697986,,,
NSE:TCS,TCS,Tata Consultancy Services Ltd,India,,IT consulting & application services,2019Q3,pre,0,5537685586.0,22.434842486157876,5.760568730666956,,0,0,24.016727807052497,,,
NSE:TCS,TCS,Tata Consultancy Services Ltd,India,,IT consulting & application services,2019Q4,pre,0,5596874491.0,22.44547415226974,6.738443408859607,5.760568730666956,0,0,25.026346155383173,,,
NSE:TCS,TCS,Tata Consultancy Services Ltd,India,,IT consulting & application services,2020Q1,pre,0,5508592610.0,22.429575002802398,5.093396474611945,6.738443408859607,0,0,25.09638010787659,,,
NSE:TCS,TCS,Tata Consultancy Services Ltd,India,,IT consulting & application services,2020Q2,pre,0,5052320162.0,22.34311341274415,0.392958189248664,5.093396474611945,0,0,23.610458754612868,,,
NSE:TCS,TCS,Tata Consultancy Services Ltd,India,,IT consulting & application services,2020Q3,pre,0,5398233183.0,22.409337548645524,2.970982887343818,0.392958189248664,0,0,23.16432042872721,,,
NSE:TCS,TCS,Tata Consultancy Services Ltd,India,,IT consulting & application services,2020Q4,pre,0,5694339408.0,22.4627384320342,5.42229136347669,2.970982887343818,0,0,25.563797760169056,,,
NSE:TCS,TCS,Tata Consultancy Services Ltd,India,,IT consulting & application services,2021Q1,pre,0,5995009760.0,22.514193253447917,9.410203775096381,5.42229136347669,0,0,25.563797760169056,,,
NSE:TCS,TCS,Tata Consultancy Services Ltd,India,,IT consulting & application services,2021Q2,pre,0,6154477924.0,22.540445771539307,18.49851260372632,9.410203775096381,0,0,25.5180462972443,,,
NSE:TCS,TCS,Tata Consultancy Services Ltd,India,,IT consulting & application services,2021Q3,pre,0,6325087385.0,22.567789687274836,16.773389809393297,18.49851260372632,0,0,25.563797760169056,,,
NSE:TCS,TCS,Tata Consultancy Services Ltd,India,,IT consulting & application services,2021Q4,pre,0,6523375261.0,22.598657757003394,16.35130310603356,16.773389809393297,0,0,25.032218470744205,,,
NSE:TCS,TCS,Tata Consultancy Services Ltd,India,,IT consulting & application services,2022Q1,pre,0,6723878534.0,22.628930987784702,15.755634366777258,16.35130310603356,0,0,24.96096143785574,,,
NSE:TCS,TCS,Tata Consultancy Services Ltd,India,,IT consulting & application services,2022Q2,pre,0,6835257064.0,22.64535991636388,16.178899385611416,15.755634366777258,0,0,23.097918793943403,,,
NSE:TCS,TCS,Tata Consultancy Services Ltd,India,,IT consulting & application services,2022Q3,pre,0,6932837626.0,22.659535036179594,18.012674163057163,16.178899385611416,0,0,24.008750843344792,,,
NSE:TCS,TCS,Tata Consultancy Services Ltd,India,,IT consulting & application services,2022Q4,transition,0,7087794980.0,22.68164012488729,19.114247724250795,18.012674163057163,0,0,24.530732109296988,,,
NSE:TCS,TCS,Tata Consultancy Services Ltd,India,,IT consulting & application services,2023Q1,post,1,7197411161.0,22.696987237338654,16.94174853234765,19.114247724250795,0,0,24.488692066816885,,,
NSE:TCS,TCS,Tata Consultancy Services Ltd,India,,IT consulting & application services,2023Q2,post,1,7226691331.0,22.701047137805176,12.553546381591419,16.94174853234765,0,0,23.16397501051647,,,
NSE:TCS,TCS,Tata Consultancy Services Ltd,India,,IT consulting & application services,2023Q3,post,1,7219126840.0,22.699999846249675,7.924569238279484,12.553546381591419,0,0,24.262882794839495,,,
NSE:TCS,TCS,Tata Consultancy Services Ltd,India,,IT consulting & application services,2023Q4,post,1,7277683077.0,22.708078389846126,4.0426591560906076,7.924569238279484,0,0,23.43396662036318,,,
NSE:TCS,TCS,Tata Consultancy Services Ltd,India,,IT consulting & application services,2024Q1,post,1,7375419284.0,22.721418589624072,3.5073188871234917,4.0426591560906076,0,0,25.563797760169056,,,
NSE:TCS,TCS,Tata Consultancy Services Ltd,India,,IT consulting & application services,2024Q2,post,1,7506428893.0,22.73902567604813,5.442818409929102,3.5073188871234917,0,0,24.662610002559042,,,
NSE:TCS,TCS,Tata Consultancy Services Ltd,India,,IT consulting & application services,2024Q3,post,1,7672331656.0,22.760886402998814,7.650941499698452,5.442818409929102,0,0,24.06666770662866,,,
NSE:TCS,TCS,Tata Consultancy Services Ltd,India,,IT consulting & application services,2024Q4,post,1,7576884539.0,22.748367941426633,5.595629136886585,7.650941499698452,0,0,24.47438762534903,,,
NSE:TCS,TCS,Tata Consultancy Services Ltd,India,,IT consulting & application services,2025Q1,post,1,7445431462.0,22.73086645466038,5.2941848882211735,5.595629136886585,0,0,24.195474489212348,,,
NSE:TCS,TCS,Tata Consultancy Services Ltd,India,,IT consulting & application services,2025Q2,post,1,7414181813.0,22.726660464303862,1.316020634692476,5.2941848882211735,0,0,24.455759256142752,,,
NSE:TCS,TCS,Tata Consultancy Services Ltd,India,,IT consulting & application services,2025Q3,post,1,7534041101.0,22.742697401603557,2.396551455827199,1.316020634692476,0,0,23.450204416398762,,,
NSE:TCS,TCS,Tata Consultancy Services Ltd,India,,IT consulting & application services,2025Q4,post,1,7529557275.0,22.742102082209012,4.867678551889078,2.396551455827199,0,0,20.120142495363382,,,
NSE:TECHM,TECHM,Tech Mahindra Ltd,India,,IT consulting & application services,2019Q3,pre,0,1288610656.0,20.976830464074325,5.099016394111289,,0,0,12.786115358648717,,,
NSE:TECHM,TECHM,Tech Mahindra Ltd,India,,IT consulting & application services,2019Q4,pre,0,1355835908.0,21.027684007342685,7.948248789498903,5.099016394111289,0,0,12.211632618893583,,,
NSE:TECHM,TECHM,Tech Mahindra Ltd,India,,IT consulting & application services,2020Q1,pre,0,1308705413.0,20.992304251182816,6.72368233501091,7.948248789498903,0,0,7.7299044532950205,,,
NSE:TECHM,TECHM,Tech Mahindra Ltd,India,,IT consulting & application services,2020Q2,pre,0,1200568554.0,20.906061076534954,5.238853354126053,6.72368233501091,0,0,10.074749467409422,,,
NSE:TECHM,TECHM,Tech Mahindra Ltd,India,,IT consulting & application services,2020Q3,pre,0,1260519083.0,20.954789443708115,3.3282843540890767,5.238853354126053,0,1,14.209060252680047,,,
NSE:TECHM,TECHM,Tech Mahindra Ltd,India,,IT consulting & application services,2020Q4,pre,0,1307476180.0,20.99136453576417,-0.0779526231383956,3.3282843540890767,1,0,15.938288145333553,,,
NSE:TECHM,TECHM,Tech Mahindra Ltd,India,,IT consulting & application services,2021Q1,pre,0,1334649250.0,21.011934360195582,2.525957879416854,-0.0779526231383956,0,0,15.963165078765076,,,
NSE:TECHM,TECHM,Tech Mahindra Ltd,India,,IT consulting & application services,2021Q2,pre,0,1382063907.0,21.04684380362506,11.983414647484663,2.525957879416854,0,0,15.151604273824654,,,
NSE:TECHM,TECHM,Tech Mahindra Ltd,India,,IT consulting & application services,2021Q3,pre,0,1468527133.0,21.10752578510914,16.107840688198756,11.983414647484663,0,0,15.176850123612937,,,
NSE:TECHM,TECHM,Tech Mahindra Ltd,India,,IT consulting & application services,2021Q4,pre,0,1528029123.0,21.147244587064083,18.697093510216035,16.107840688198756,0,0,14.821487338890202,,,
NSE:TECHM,TECHM,Tech Mahindra Ltd,India,,IT consulting & application services,2022Q1,pre,0,1610333237.0,21.199706974028587,24.526214041254278,18.697093510216035,0,,13.276676658447434,,,
NSE:TECHM,TECHM,Tech Mahindra Ltd,India,,IT consulting & application services,2023Q3,post,1,1555757027.0,21.165228098195943,-2.0224467535327366,,1,1,3.965408600062402,,,
NSE:TECHM,TECHM,Tech Mahindra Ltd,India,,IT consulting & application services,2023Q4,post,1,1573830541.0,21.176778319773423,-4.610441666480701,-2.0224467535327366,1,1,5.402990714995917,,,
NSE:TECHM,TECHM,Tech Mahindra Ltd,India,,IT consulting & application services,2024Q1,post,1,1550220912.0,21.161663281592972,-6.1741111581409855,-4.610441666480701,1,1,5.004176075777257,,,
NSE:TECHM,TECHM,Tech Mahindra Ltd,India,,IT consulting & application services,2024Q2,post,1,1559175615.0,21.16742306660485,-1.1665268862929659,-6.1741111581409855,1,0,8.475459129085982,,,
NSE:TECHM,TECHM,Tech Mahindra Ltd,India,,IT consulting & application services,2024Q3,post,1,1589558733.0,21.186722288245875,3.4927541898785575,-1.1665268862929659,0,0,9.621839119548909,,,
NSE:TECHM,TECHM,Tech Mahindra Ltd,India,,IT consulting & application services,2024Q4,post,1,1573530731.0,21.176587804624383,1.4064717641099307,3.4927541898785575,0,0,10.212582622893814,,,
NSE:TECHM,TECHM,Tech Mahindra Ltd,India,,IT consulting & application services,2025Q1,post,1,1545459175.0,21.158586903788006,3.9836786036901133,1.4064717641099307,0,0,10.286879108275377,,,
NSE:TECHM,TECHM,Tech Mahindra Ltd,India,,IT consulting & application services,2025Q2,post,1,1560417804.0,21.168219445426583,2.65831457302716,3.9836786036901133,0,0,11.063425036388523,,,
NSE:TECHM,TECHM,Tech Mahindra Ltd,India,,IT consulting & application services,2025Q3,post,1,1602427876.0,21.19478573856996,5.12030821689896,2.65831457302716,0,0,12.12227313998624,,,
NSE:TECHM,TECHM,Tech Mahindra Ltd,India,,IT consulting & application services,2025Q4,post,1,1615431064.0,21.202867670699675,8.336819814097716,5.12030821689896,0,0,11.25184113706012,,,
NSE:WIPRO,WIPRO,Wipro Ltd,India,,IT consulting & application services,2019Q3,pre,0,2149690985.0,21.48858994084916,4.054741764665429,,0,0,17.28021360242156,,,
NSE:WIPRO,WIPRO,Wipro Ltd,India,,IT consulting & application services,2019Q4,pre,0,2172591128.0,21.4991863603691,2.7291742753743486,4.054741764665429,0,0,17.13389998709412,,,
NSE:WIPRO,WIPRO,Wipro Ltd,India,,IT consulting & application services,2020Q1,pre,0,2172009410.0,21.49891857142124,3.888951183636855,2.7291742753743486,0,0,16.125202376540347,,,
NSE:WIPRO,WIPRO,Wipro Ltd,India,,IT consulting & application services,2020Q2,pre,0,1967401579.0,21.399979513624697,0.9251995130528878,3.888951183636855,0,1,17.24542313178656,,,
NSE:WIPRO,WIPRO,Wipro Ltd,India,,IT consulting & application services,2020Q3,pre,0,2030534618.0,21.431564953948,-0.22404927762283058,0.9251995130528878,1,0,18.413958013100963,,,
NSE:WIPRO,WIPRO,Wipro Ltd,India,,IT consulting & application services,2020Q4,pre,0,2123772427.0,21.47645979098883,1.289551081089816,-0.22404927762283058,0,0,21.22654754665953,,,
NSE:WIPRO,WIPRO,Wipro Ltd,India,,IT consulting & application services,2021Q1,pre,0,2228379626.0,21.524540533186354,3.1421224723024666,1.289551081089816,0,0,20.488261276178083,,,
NSE:WIPRO,WIPRO,Wipro Ltd,India,,IT consulting & application services,2021Q2,pre,0,2473717665.0,21.628987983547514,22.312166617524863,3.1421224723024666,0,0,17.281562970930235,,,
NSE:WIPRO,WIPRO,Wipro Ltd,India,,IT consulting & application services,2021Q3,pre,0,2654277501.0,21.69943832692324,30.276153066564216,22.312166617524863,0,0,17.27325420297115,,,
NSE:WIPRO,WIPRO,Wipro Ltd,India,,IT consulting & application services,2021Q4,pre,0,2710713628.0,21.720477768537716,29.633694958519463,30.276153066564216,0,0,16.90197700219774,,,
NSE:WIPRO,WIPRO,Wipro Ltd,India,,IT consulting & application services,2022Q1,pre,0,2772525013.0,21.743024298969562,28.409888337621723,29.633694958519463,0,,16.31584749926294,,,
NSE:WIPRO,WIPRO,Wipro Ltd,India,,IT consulting & application services,2023Q3,post,1,2723064029.0,21.725023564500397,-0.10559146749956744,,1,1,13.660124625736444,,,
NSE:WIPRO,WIPRO,Wipro Ltd,India,,IT consulting & application services,2023Q4,post,1,2667442690.0,21.704386056373306,-4.407852253648457,-0.10559146749956744,1,1,14.713286604856728,,,
NSE:WIPRO,WIPRO,Wipro Ltd,India,,IT consulting & application services,2024Q1,post,1,2674780347.0,21.707133100651873,-4.234529091904806,-4.407852253648457,1,1,16.031393661200696,,,
NSE:WIPRO,WIPRO,Wipro Ltd,India,,IT consulting & application services,2024Q2,post,1,2633154503.0,21.691448395192108,-3.7983443563575836,-4.234529091904806,1,1,16.50534059071884,,,
NSE:WIPRO,WIPRO,Wipro Ltd,India,,IT consulting & application services,2024Q3,post,1,2662744077.0,21.702623035892998,-0.9517718589974196,-3.7983443563575836,1,0,16.46742834910454,,,
NSE:WIPRO,WIPRO,Wipro Ltd,India,,IT consulting & application services,2024Q4,post,1,2643411606.0,21.695336194835956,0.5120445303106044,-0.9517718589974196,0,0,17.309622381978755,,,
NSE:WIPRO,WIPRO,Wipro Ltd,India,,IT consulting & application services,2025Q1,post,1,2598574399.0,21.67822882352108,1.332384739039008,0.5120445303106044,0,0,17.340318682944126,,,
NSE:WIPRO,WIPRO,Wipro Ltd,India,,IT consulting & application services,2025Q2,post,1,2586975247.0,21.673755171878785,0.7776432129230826,1.332384739039008,0,0,16.02739602865632,,,
NSE:WIPRO,WIPRO,Wipro Ltd,India,,IT consulting & application services,2025Q3,post,1,2598860030.0,21.678338735826543,1.7743121569752842,0.7776432129230826,0,0,16.216466263479376,,,
NSE:WIPRO,WIPRO,Wipro Ltd,India,,IT consulting & application services,2025Q4,post,1,2643802007.0,21.695483872243866,5.542412674516551,1.7743121569752842,0,0,14.821827313939249,,,
NSE:ZENSARTECH,ZENSARTECH,Zensar Technologies Ltd,India,,IT consulting & application services,2019Q2,pre,0,154036663.0,18.85270120347197,18.389229102646297,,0,0,10.071707409034172,,,
NSE:ZENSARTECH,ZENSARTECH,Zensar Technologies Ltd,India,,IT consulting & application services,2019Q3,pre,0,152344960.0,18.841657981129057,10.691538231256,18.389229102646297,0,1,10.40026857468734,,,
NSE:ZENSARTECH,ZENSARTECH,Zensar Technologies Ltd,India,,IT consulting & application services,2019Q4,pre,0,143325993.0,18.780632265044506,-1.44464294336343,10.691538231256,1,1,3.965408600062402,,,
NSE:ZENSARTECH,ZENSARTECH,Zensar Technologies Ltd,India,,IT consulting & application services,2020Q1,pre,0,140354240.0,18.75968007050466,-3.746890988358347,-1.44464294336343,1,1,9.833069524654189,,,
NSE:ZENSARTECH,ZENSARTECH,Zensar Technologies Ltd,India,,IT consulting & application services,2020Q2,pre,0,130683728.0,18.688290671991492,-7.448973875371141,-3.746890988358347,1,1,9.952180886667083,,,
NSE:ZENSARTECH,ZENSARTECH,Zensar Technologies Ltd,India,,IT consulting & application services,2020Q3,pre,0,131737872.0,18.696324688017665,-8.657253702391166,-7.448973875371141,1,1,5.332584239708988,,,
NSE:ZENSARTECH,ZENSARTECH,Zensar Technologies Ltd,India,,IT consulting & application services,2020Q4,pre,0,126641621.0,18.656871773518283,-8.444135255097542,-8.657253702391166,1,,19.58776096209318,,,
NSE:ZENSARTECH,ZENSARTECH,Zensar Technologies Ltd,India,,IT consulting & application services,2022Q2,pre,0,155910921.0,18.864795382889472,28.45858240819812,,0,0,7.2378258864880936,,,
NSE:ZENSARTECH,ZENSARTECH,Zensar Technologies Ltd,India,,IT consulting & application services,2022Q3,pre,0,154753862.0,18.857346425598834,17.513801637159716,28.45858240819812,0,0,4.552081549990655,,,
NSE:ZENSARTECH,ZENSARTECH,Zensar Technologies Ltd,India,,IT consulting & application services,2022Q4,transition,0,145775185.0,18.797576164150748,8.625850340136054,17.513801637159716,0,0,7.114228666559401,,,
NSE:ZENSARTECH,ZENSARTECH,Zensar Technologies Ltd,India,,IT consulting & application services,2023Q1,post,1,147520043.0,18.809474609258416,5.096203848153926,8.625850340136054,0,0,11.60316703541091,,,
NSE:ZENSARTECH,ZENSARTECH,Zensar Technologies Ltd,India,,IT consulting & application services,2023Q2,post,1,149350728.0,18.82180797707049,1.9777297656639519,5.096203848153926,0,0,15.303129289065131,,,
NSE:ZENSARTECH,ZENSARTECH,Zensar Technologies Ltd,India,,IT consulting & application services,2023Q3,post,1,150061861.0,18.82655817371094,0.5021869431394783,1.9777297656639519,0,0,15.659252020071909,,,
NSE:ZENSARTECH,ZENSARTECH,Zensar Technologies Ltd,India,,IT consulting & application services,2023Q4,post,1,144645498.0,18.78979646550076,0.542752171008684,0.5021869431394783,0,0,14.649945759113775,,,
NSE:ZENSARTECH,ZENSARTECH,Zensar Technologies Ltd,India,,IT consulting & application services,2024Q1,post,1,148105771.0,18.813437245393082,1.4101929737753587,0.542752171008684,0,0,14.580791723504143,,,
NSE:ZENSARTECH,ZENSARTECH,Zensar Technologies Ltd,India,,IT consulting & application services,2024Q2,post,1,154425296.0,18.855221016332486,4.96251629726206,1.4101929737753587,0,0,13.314183966336707,,,
NSE:ZENSARTECH,ZENSARTECH,Zensar Technologies Ltd,India,,IT consulting & application services,2024Q3,post,1,156171273.0,18.86646386680431,5.415860735009671,4.96251629726206,0,0,13.096330462773393,,,
NSE:ZENSARTECH,ZENSARTECH,Zensar Technologies Ltd,India,,IT consulting & application services,2024Q4,post,1,157002456.0,18.87177200650233,10.090524042853584,5.415860735009671,0,0,13.827700886411613,,,
NSE:ZENSARTECH,ZENSARTECH,Zensar Technologies Ltd,India,,IT consulting & application services,2025Q1,post,1,156913054.0,18.871202413732497,10.506627632755956,10.090524042853584,0,0,13.886231543234128,,,
NSE:ZENSARTECH,ZENSARTECH,Zensar Technologies Ltd,India,,IT consulting & application services,2025Q2,post,1,161871492.0,18.902313319140784,7.52270786429625,10.506627632755956,0,0,13.53790635351653,,,
NSE:ZENSARTECH,ZENSARTECH,Zensar Technologies Ltd,India,,IT consulting & application services,2025Q3,post,1,162740051.0,18.907664706616046,8.662079510703363,7.52270786429625,0,0,13.705762572238594,,,
NSE:ZENSARTECH,ZENSARTECH,Zensar Technologies Ltd,India,,IT consulting & application services,2025Q4,post,1,160575635.0,18.89427563563869,7.928485214242607,8.662079510703363,0,0,14.272733842839855,,,
