cik,accession,form,report_date,words,ai_hits,ai_intensity,genai_mention
8670,0000008670-26-000011,10-Q,2025-12-31,20186,1,0.495,0
8670,0000008670-25-000047,10-Q,2025-09-30,17781,2,1.125,0
8670,0000008670-25-000037,10-K,2025-06-30,51107,88,17.219,1
8670,0000008670-25-000015,10-Q,2025-03-31,20128,2,0.994,1
8670,0000008670-25-000007,10-Q,2024-12-31,19344,2,1.034,1
8670,0000008670-24-000030,10-Q,2024-09-30,17127,5,2.919,1
8670,0000008670-24-000024,10-K,2024-06-30,50803,83,16.338,1
8670,0000008670-24-000014,10-Q,2024-03-31,18376,7,3.809,1
8670,0000008670-24-000007,10-Q,2023-12-31,18373,9,4.898,1
8670,0000008670-23-000040,10-Q,2023-09-30,16756,10,5.968,1
8670,0000008670-23-000030,10-K,2023-06-30,48683,43,8.833,1
8670,0000008670-23-000017,10-Q,2023-03-31,18151,0,0.0,0
8670,0000008670-23-000008,10-Q,2022-12-31,17931,0,0.0,0
8670,0000008670-22-000046,10-Q,2022-09-30,16176,0,0.0,0
8670,0000008670-22-000038,10-K,2022-06-30,48576,7,1.441,0
8670,0000008670-22-000023,10-Q,2022-03-31,18074,0,0.0,0
8670,0000008670-22-000014,10-Q,2021-12-31,18018,0,0.0,0
8670,0000008670-21-000035,10-Q,2021-09-30,16543,0,0.0,0
8670,0000008670-21-000027,10-K,2021-06-30,49378,6,1.215,0
8670,0000008670-21-000014,10-Q,2021-03-31,19736,0,0.0,0
8670,0000008670-21-000007,10-Q,2020-12-31,19548,0,0.0,0
8670,0000008670-20-000038,10-Q,2020-09-30,18115,0,0.0,0
8670,0000008670-20-000032,10-K,2020-06-30,49641,4,0.806,0
8670,0000008670-20-000020,10-Q,2020-03-31,22419,0,0.0,0
8670,0000008670-20-000007,10-Q,2019-12-31,20270,0,0.0,0
8670,0000008670-19-000027,10-Q,2019-09-30,18555,0,0.0,0
8670,0000008670-19-000021,10-K,2019-06-30,50019,3,0.6,0
8670,0000008670-19-000013,10-Q,2019-03-31,22972,0,0.0,0
8670,0000008670-19-000005,10-Q,2018-12-31,22629,0,0.0,0
8670,0000008670-18-000017,10-Q,2018-09-30,19928,0,0.0,0
8670,0000008670-18-000011,10-K,2018-06-30,49065,0,0.0,0
8670,0000008670-18-000007,10-Q,2018-03-31,20909,0,0.0,0
16058,0001628280-26-003026,10-Q,2025-12-31,14416,4,2.775,0
16058,0000016058-25-000087,10-Q,2025-09-30,12437,3,2.412,0
16058,0001628280-25-038739,10-K,2025-06-30,39938,4,1.002,0
16058,0000016058-25-000053,10-Q,2025-03-31,16551,4,2.417,0
16058,0000016058-25-000032,10-Q,2024-12-31,15490,4,2.582,0
16058,0000016058-24-000199,10-Q,2024-09-30,12980,4,3.082,0
16058,0000016058-24-000132,10-K,2024-06-30,39900,3,0.752,0
16058,0000016058-24-000070,10-Q,2024-03-31,14083,2,1.42,0
16058,0000016058-24-000030,10-Q,2023-12-31,14192,2,1.409,0
16058,0000016058-23-000177,10-Q,2023-09-30,12173,2,1.643,0
16058,0000016058-23-000086,10-K,2023-06-30,39369,4,1.016,0
16058,0000016058-23-000036,10-Q,2023-03-31,13962,2,1.432,0
16058,0001564590-23-000810,10-Q,2022-12-31,13410,2,1.491,0
16058,0001564590-22-035376,10-Q,2022-09-30,12161,2,1.645,0
16058,0001564590-22-029077,10-K,2022-06-30,38595,4,1.036,0
16058,0001564590-22-016285,10-Q,2022-03-31,14687,2,1.362,0
16058,0001564590-22-002601,10-Q,2021-12-31,14732,2,1.358,0
16058,0001564590-21-052491,10-Q,2021-09-30,12956,2,1.544,0
16058,0001564590-21-044839,10-K,2021-06-30,41852,3,0.717,0
16058,0001564590-21-020008,10-Q,2021-03-31,15776,2,1.268,0
16058,0001564590-21-002875,10-Q,2020-12-31,15687,2,1.275,0
16058,0001564590-20-049135,10-Q,2020-09-30,13998,2,1.429,0
16058,0001564590-20-040205,10-K,2020-06-30,42023,3,0.714,0
16058,0001564590-20-020083,10-Q,2020-03-31,16848,1,0.594,0
16058,0001564590-20-002663,10-Q,2019-12-31,16188,1,0.618,0
16058,0001564590-19-039292,10-Q,2019-09-30,14100,1,0.709,0
16058,0001564590-19-032721,10-K,2019-06-30,42598,4,0.939,0
16058,0001564590-19-015161,10-Q,2019-03-31,19719,3,1.521,0
16058,0001564590-19-001641,10-Q,2018-12-31,17703,3,1.695,0
16058,0001564590-18-026407,10-Q,2018-09-30,15421,3,1.945,0
16058,0001564590-18-022021,10-K,2018-06-30,42305,3,0.709,0
16058,0001564590-18-010965,10-Q,2018-03-31,14907,1,0.671,0
23111,0000950170-23-060936,10-Q,2023-09-29,23993,4,1.667,0
23111,0000950170-23-040587,10-Q,2023-06-30,24605,4,1.626,0
23111,0000950170-23-019556,10-Q,2023-03-31,19359,4,2.066,0
23111,0000950170-23-008194,10-K,2022-12-31,59475,16,2.69,0
23111,0000950170-22-023267,10-Q,2022-09-30,22461,4,1.781,0
23111,0001564590-22-028431,10-Q,2022-07-01,22156,1,0.451,0
23111,0001564590-22-019241,10-Q,2022-04-01,18205,1,0.549,0
23111,0001564590-22-010168,10-K,2021-12-31,57048,2,0.351,0
23111,0001564590-21-055612,10-Q,2021-10-01,20394,1,0.49,0
23111,0001564590-21-042587,10-Q,2021-07-02,19587,1,0.511,0
23111,0001564590-21-025956,10-Q,2021-04-02,17033,1,0.587,0
23111,0001564590-21-012830,10-K,2020-12-31,60476,2,0.331,0
23111,0001564590-20-049605,10-Q,2020-09-25,21198,1,0.472,0
23111,0001564590-20-035396,10-Q,2020-06-26,20055,0,0.0,0
23111,0001564590-20-021660,10-Q,2020-03-27,17478,0,0.0,0
23111,0001564590-20-010768,10-K,2019-12-31,55458,1,0.18,0
23111,0001564590-19-039391,10-Q,2019-09-27,18277,0,0.0,0
23111,0001564590-19-031224,10-Q,2019-06-28,17758,0,0.0,0
23111,0001564590-19-014356,10-Q,2019-03-29,16294,0,0.0,0
23111,0001564590-19-008025,10-K,2018-12-31,54814,0,0.0,0
23111,0001564590-18-025392,10-Q,2018-09-28,18552,0,0.0,0
23111,0001564590-18-017758,10-Q,2018-06-29,17495,0,0.0,0
23111,0001564590-18-011017,10-Q,2018-03-30,16202,0,0.0,0
36047,0000036047-21-000033,10-Q,2021-03-31,22356,0,0.0,0
36047,0001193125-21-140739,10-K/A,2020-12-31,29318,1,0.341,0
36047,0000036047-21-000018,10-K,2020-12-31,63779,4,0.627,0
36047,0000036047-20-000059,10-Q,2020-09-30,26436,0,0.0,0
36047,0000036047-20-000047,10-Q,2020-06-30,24837,0,0.0,0
36047,0000036047-20-000027,10-Q,2020-03-31,19187,0,0.0,0
36047,0000036047-20-000015,10-K,2019-12-31,55707,5,0.898,0
36047,0000036047-19-000098,10-Q,2019-09-30,23373,0,0.0,0
36047,0000036047-19-000086,10-Q,2019-06-30,22740,0,0.0,0
36047,0000036047-19-000062,10-Q,2019-03-31,17924,0,0.0,0
36047,0000036047-19-000014,10-K,2018-12-31,52136,1,0.192,0
36047,0000036047-18-000115,10-Q,2018-09-30,20237,0,0.0,0
36047,0000036047-18-000094,10-Q,2018-06-30,20362,0,0.0,0
36047,0000036047-18-000051,10-Q,2018-03-31,17399,0,0.0,0
50471,0001437749-26-004395,10-Q,2025-12-31,15636,0,0.0,0
50471,0001437749-25-034896,10-Q,2025-09-30,13555,0,0.0,0
50471,0001437749-25-030050,10-K,2025-06-30,29998,0,0.0,0
50471,0001437749-25-017260,10-Q,2025-03-31,15199,0,0.0,0
50471,0001437749-25-003595,10-Q,2024-12-31,14823,0,0.0,0
50471,0001437749-24-035376,10-Q,2024-09-30,12872,0,0.0,0
50471,0001437749-24-030271,10-K,2024-06-30,30479,0,0.0,0
50471,0001437749-24-017141,10-Q,2024-03-31,14971,0,0.0,0
50471,0001437749-24-004196,10-Q,2023-12-31,14621,0,0.0,0
50471,0001437749-23-032047,10-Q,2023-09-30,12096,0,0.0,0
50471,0001437749-23-027054,10-K,2023-06-30,28886,0,0.0,0
50471,0001437749-23-014664,10-Q,2023-03-31,13485,0,0.0,0
50471,0001851734-23-000067,10-Q,2022-12-31,12573,0,0.0,0
50471,0001851734-22-000675,10-Q,2022-09-30,11460,0,0.0,0
50471,0001851734-22-000574,10-K,2022-06-30,27784,0,0.0,0
50471,0001851734-22-000273,10-Q,2022-03-31,13023,0,0.0,0
50471,0001851734-22-000096,10-Q,2021-12-31,12463,0,0.0,0
50471,0001851734-21-000093,10-Q,2021-09-30,11822,0,0.0,0
50471,0001654954-21-010502,10-K,2021-06-30,27212,0,0.0,0
50471,0001654954-21-005915,10-Q,2021-03-31,11796,0,0.0,0
50471,0001654954-21-001744,10-Q,2020-12-31,11399,0,0.0,0
50471,0001654954-20-012517,10-Q,2020-09-30,10555,0,0.0,0
50471,0001654954-20-010541,10-K,2020-06-30,26723,0,0.0,0
50471,0001654954-20-005174,10-Q,2020-03-31,13438,0,0.0,0
50471,0001654954-20-001285,10-Q,2019-12-31,12140,0,0.0,0
50471,0001654954-19-012494,10-Q,2019-09-30,11333,0,0.0,0
50471,0001654954-19-010672,10-K,2019-06-30,26253,0,0.0,0
50471,0001654954-19-005581,10-Q,2019-03-31,12579,0,0.0,0
50471,0001654954-19-001189,10-Q,2018-12-31,11013,0,0.0,0
50471,0001654954-18-012235,10-Q,2018-09-30,10066,0,0.0,0
50471,0001654954-18-010155,10-K,2018-06-30,23070,0,0.0,0
50471,0001654954-18-005056,10-Q,2018-03-31,10254,0,0.0,0
78749,0001193125-26-022793,10-Q,2025-12-31,15670,0,0.0,0
78749,0001193125-25-251592,10-Q,2025-09-30,15302,0,0.0,0
78749,0000950170-25-098379,10-Q,2025-06-30,12608,0,0.0,0
78749,0000950170-25-076527,10-K,2025-03-31,42635,12,2.815,0
78749,0000950170-25-007222,10-Q,2024-12-31,15114,0,0.0,0
78749,0000950170-24-117726,10-Q,2024-09-30,14881,0,0.0,0
78749,0000950170-24-086879,10-Q,2024-06-30,10840,0,0.0,0
78749,0000950170-24-063222,10-K,2024-03-31,40608,12,2.955,0
78749,0000950170-24-007518,10-Q,2023-12-31,13526,0,0.0,0
78749,0000950170-23-055601,10-Q,2023-09-30,12626,0,0.0,0
78749,0000950170-23-035110,10-Q,2023-06-30,10602,0,0.0,0
78749,0000950170-23-023196,10-K,2023-03-31,37197,3,0.807,0
78749,0000950170-23-001217,10-Q,2022-12-31,12829,0,0.0,0
78749,0000950170-22-020405,10-Q,2022-09-30,12928,0,0.0,0
78749,0000950170-22-013472,10-Q,2022-06-30,10853,0,0.0,0
78749,0000950170-22-010512,10-K,2022-03-31,37873,0,0.0,0
78749,0001564590-22-002659,10-Q,2021-12-31,13620,0,0.0,0
78749,0001564590-21-052677,10-Q,2021-09-30,13199,0,0.0,0
78749,0001564590-21-039159,10-Q,2021-06-30,10828,0,0.0,0
78749,0001564590-21-038778,10-K/A,2021-03-31,17806,0,0.0,0
78749,0001564590-21-029319,10-K,2021-03-31,36895,0,0.0,0
78749,0001564590-21-002613,10-Q,2020-12-31,15705,0,0.0,0
78749,0001564590-20-048402,10-Q,2020-09-30,15484,0,0.0,0
78749,0001564590-20-035113,10-Q,2020-06-30,12812,0,0.0,0
78749,0001564590-20-034355,10-K/A,2020-03-31,16812,0,0.0,0
78749,0001564590-20-026737,10-K,2020-03-31,39180,0,0.0,0
78749,0000950123-20-000629,10-Q,2019-12-31,13393,0,0.0,0
78749,0001564590-19-038463,10-Q,2019-09-30,13405,0,0.0,0
78749,0000078749-19-000035,10-Q,2019-06-30,11508,0,0.0,0
78749,0000078749-19-000021,10-K,2019-03-31,35785,0,0.0,0
78749,0000078749-19-000010,10-Q,2018-12-31,14047,0,0.0,0
78749,0000078749-18-000046,10-Q,2018-09-30,13652,0,0.0,0
78749,0000078749-18-000033,10-Q,2018-06-30,11460,0,0.0,0
78749,0000078749-18-000022,10-K,2018-03-31,37959,0,0.0,0
98338,0001213900-24-033015,10-Q,2024-02-29,10373,0,0.0,0
98338,0001213900-24-032614,10-Q/A,2023-08-31,1299,0,0.0,0
98338,0001213900-24-003017,10-Q,2023-11-30,10037,0,0.0,0
98338,0001013762-23-003252,10-Q,2023-08-31,8577,0,0.0,0
98338,0001213900-23-078836,10-K/A,2023-05-31,9464,0,0.0,0
98338,0001213900-23-066312,10-K,2023-05-31,20927,0,0.0,0
98338,0001213900-23-028694,10-Q,2023-02-28,11486,0,0.0,0
98338,0001213900-23-001829,10-Q,2022-11-30,10801,0,0.0,0
98338,0001213900-22-062991,10-Q,2022-08-31,9370,0,0.0,0
98338,0001213900-22-056356,10-K/A,2022-05-31,8561,0,0.0,0
98338,0001213900-22-048182,10-K,2022-05-31,22676,0,0.0,0
98338,0001213900-22-019223,10-Q,2022-02-28,13233,0,0.0,0
98338,0001213900-22-001405,10-Q,2021-11-30,11710,0,0.0,0
98338,0001213900-21-052655,10-Q,2021-08-31,13336,0,0.0,0
98338,0001213900-21-050136,10-K/A,2021-05-31,8510,0,0.0,0
98338,0001213900-21-044375,10-K,2021-05-31,28038,0,0.0,0
98338,0001213900-21-021553,10-Q,2021-02-28,18829,0,0.0,0
98338,0001213900-21-002905,10-Q,2020-11-30,16628,0,0.0,0
98338,0001213900-20-031097,10-Q,2020-08-31,13676,0,0.0,0
98338,0001213900-20-028572,10-K/A,2020-05-31,11549,0,0.0,0
98338,0001213900-20-022549,10-K,2020-05-31,28942,0,0.0,0
98338,0001213900-20-009073,10-Q,2020-02-29,15534,0,0.0,0
98338,0001213900-20-000888,10-Q,2019-11-30,13367,0,0.0,0
98338,0001213900-19-020377,10-Q,2019-08-31,11395,0,0.0,0
98338,0001213900-19-018807,10-K/A,2019-05-31,10042,0,0.0,0
98338,0001213900-19-016899,10-K,2019-05-31,21874,0,0.0,0
98338,0001213900-19-006228,10-Q,2019-02-28,11278,0,0.0,0
98338,0001213900-19-000557,10-Q,2018-11-30,10862,0,0.0,0
98338,0001213900-18-013867,10-Q,2018-08-31,8345,0,0.0,0
98338,0001213900-18-011517,10-K,2018-05-31,16267,0,0.0,0
98338,0001213900-18-004379,10-Q,2018-02-28,7785,0,0.0,0
275880,0001193125-26-045495,10-K,2025-12-31,81585,31,3.8,0
275880,0001193125-25-265659,10-Q,2025-09-30,29694,1,0.337,0
275880,0000950170-25-103507,10-Q,2025-06-30,29963,1,0.334,0
275880,0000950170-25-060544,10-Q,2025-03-31,24999,1,0.4,0
275880,0000950170-25-022754,10-K,2024-12-31,81588,29,3.554,0
275880,0000950170-24-118574,10-Q,2024-09-30,28408,7,2.464,0
275880,0000950170-24-088219,10-Q,2024-06-30,27013,7,2.591,0
275880,0000950170-24-050876,10-Q,2024-03-31,23794,7,2.942,0
275880,0000950170-24-014927,10-K,2023-12-31,78279,25,3.194,0
275880,0000950170-23-057104,10-Q,2023-09-30,24939,7,2.807,0
275880,0000950170-23-037332,10-Q,2023-06-30,23363,1,0.428,0
275880,0000950170-23-016867,10-Q,2023-03-31,19584,1,0.511,0
275880,0001564590-23-002040,10-K,2022-12-31,75979,15,1.974,0
275880,0001564590-22-036205,10-Q,2022-09-30,23902,1,0.418,0
275880,0001564590-22-027607,10-Q,2022-06-30,22617,1,0.442,0
275880,0001564590-22-017655,10-Q,2022-03-31,19755,1,0.506,0
275880,0001564590-22-006026,10-K,2021-12-31,79433,15,1.888,0
275880,0001564590-21-053722,10-Q,2021-09-30,24922,1,0.401,0
275880,0001564590-21-040486,10-Q,2021-06-30,23448,1,0.426,0
275880,0001564590-21-023613,10-Q,2021-03-31,20672,1,0.484,0
275880,0001564590-21-007800,10-K,2020-12-31,80630,14,1.736,0
275880,0001564590-20-050173,10-Q,2020-09-30,26113,2,0.766,0
275880,0001564590-20-036405,10-Q,2020-06-30,23853,2,0.838,0
275880,0001564590-20-021527,10-Q,2020-03-31,21105,2,0.948,0
275880,0001564590-20-009791,10-K,2019-12-31,70632,16,2.265,0
275880,0001564590-19-042547,10-Q,2019-09-30,25282,3,1.187,0
275880,0001564590-19-031615,10-Q,2019-06-30,24405,3,1.229,0
275880,0001564590-19-022714,10-Q,2019-03-31,21090,3,1.422,0
278165,0001493152-26-016891,10-K,2025-12-31,30832,11,3.568,0
278165,0001493152-25-023481,10-Q,2025-09-30,10181,2,1.964,0
278165,0001641172-25-024877,10-Q,2025-06-30,9987,2,2.003,0
278165,0001641172-25-010783,10-Q,2025-03-31,8226,2,2.431,0
278165,0001641172-25-001813,10-K,2024-12-31,29406,6,2.04,0
278165,0001493152-24-045884,10-Q,2024-09-30,9164,2,2.182,0
278165,0001493152-24-032247,10-Q,2024-06-30,8854,2,2.259,0
278165,0001493152-24-019872,10-Q,2024-03-31,7817,2,2.559,0
278165,0001493152-24-012457,10-K,2023-12-31,31074,7,2.253,0
278165,0001493152-23-040602,10-Q,2023-09-30,10066,2,1.987,0
278165,0001493152-23-028527,10-Q,2023-06-30,9185,2,2.177,0
278165,0001493152-23-017463,10-Q,2023-03-31,7914,3,3.791,0
278165,0001493152-23-009866,10-K,2022-12-31,32352,11,3.4,0
278165,0001493152-22-032196,10-Q,2022-09-30,10274,2,1.947,0
278165,0001493152-22-022612,10-Q,2022-06-30,9890,3,3.033,0
278165,0001493152-22-013823,10-Q,2022-03-31,8897,3,3.372,0
278165,0001493152-22-008493,10-K,2021-12-31,37794,10,2.646,0
278165,0001493152-21-028718,10-Q,2021-09-30,16358,5,3.057,0
278165,0001493152-21-019557,10-Q,2021-06-30,15686,12,7.65,0
278165,0001493152-21-011334,10-Q,2021-03-31,13069,11,8.417,0
278165,0001493152-21-007489,10-K,2020-12-31,35917,16,4.455,0
278165,0001493152-20-021146,10-Q,2020-09-30,12356,3,2.428,0
278165,0001493152-20-015578,10-Q,2020-06-30,11609,3,2.584,0
278165,0001493152-20-008777,10-Q,2020-03-31,11096,3,2.704,0
278165,0001493152-20-005303,10-K,2019-12-31,43511,17,3.907,0
278165,0001493152-19-016673,10-Q,2019-09-30,12529,3,2.394,0
278165,0001493152-19-011731,10-Q,2019-06-30,12620,3,2.377,0
278165,0001493152-19-009850,10-Q,2019-03-31,11987,3,2.503,0
278165,0001493152-19-008751,10-K,2018-12-31,40683,17,4.179,0
278165,0001493152-18-016484,10-Q,2018-09-30,16708,3,1.796,0
278165,0001493152-18-012357,10-Q,2018-06-30,15887,0,0.0,0
278165,0001493152-18-007580,10-Q,2018-03-31,14310,0,0.0,0
320121,0000320121-26-000010,10-K,2025-12-31,46461,35,7.533,1
320121,0000320121-25-000051,10-Q,2025-09-30,15550,6,3.859,0
320121,0000320121-25-000039,10-Q,2025-06-30,13886,2,1.44,0
320121,0000320121-25-000025,10-Q,2025-03-31,12412,0,0.0,0
320121,0000320121-25-000011,10-K,2024-12-31,47897,22,4.593,1
320121,0000320121-24-000093,10-Q,2024-09-30,17651,14,7.932,1
320121,0000320121-24-000083,10-Q,2024-06-30,15873,3,1.89,0
320121,0000320121-24-000020,10-Q,2024-03-31,13566,3,2.211,0
320121,0000320121-24-000017,10-K,2023-12-31,46609,4,0.858,0
320121,0000320121-23-000054,10-Q,2023-09-30,17909,3,1.675,0
320121,0000320121-23-000046,10-Q,2023-06-30,17123,3,1.752,0
320121,0000320121-23-000027,10-Q,2023-03-31,14129,0,0.0,0
320121,0000320121-23-000016,10-K,2022-12-31,51258,1,0.195,0
320121,0000320121-22-000125,10-Q,2022-09-30,17775,0,0.0,0
320121,0000320121-22-000115,10-Q,2022-06-30,18061,0,0.0,0
320121,0000320121-22-000072,10-Q,2022-03-31,18540,0,0.0,0
320121,0000320121-22-000064,10-K,2021-12-31,60152,3,0.499,0
320121,0000320121-21-000062,10-Q,2021-09-30,20444,0,0.0,0
320121,0000320121-21-000039,10-Q,2021-06-30,21575,0,0.0,0
320121,0000320121-21-000018,10-Q,2021-03-31,19190,0,0.0,0
320121,0001140361-21-009988,10-K,2020-12-31,51213,5,0.976,0
320121,0000320121-20-000046,10-Q,2020-09-30,30999,0,0.0,0
320121,0000320121-20-000025,10-Q,2020-06-30,26300,0,0.0,0
320121,0000320121-20-000021,10-Q,2020-03-31,25647,0,0.0,0
320121,0000320121-20-000015,10-K/A,2020-05-11,1215,0,0.0,0
320121,0000320121-20-000009,10-K,2019-12-31,51149,0,0.0,0
320121,0000320121-19-000026,10-Q,2019-09-30,25396,0,0.0,0
320121,0000320121-19-000022,10-Q,2019-06-30,25031,0,0.0,0
320121,0000320121-19-000014,10-Q,2019-03-31,23244,0,0.0,0
320121,0000320121-19-000007,10-K,2018-12-31,46273,0,0.0,0
320121,0000320121-18-000026,10-Q,2018-09-30,27264,0,0.0,0
320121,0000320121-18-000023,10-Q,2018-06-30,27559,0,0.0,0
320121,0000320121-18-000017,10-Q,2018-03-31,26159,0,0.0,0
356037,0000356037-26-000008,10-Q,2025-12-31,17370,0,0.0,0
356037,0000356037-25-000065,10-K,2025-09-30,45247,0,0.0,0
356037,0000356037-25-000049,10-Q,2025-06-30,25579,0,0.0,0
356037,0000356037-25-000036,10-Q,2025-03-31,25536,0,0.0,0
356037,0000356037-25-000014,10-Q,2024-12-31,18861,0,0.0,0
356037,0000356037-24-000070,10-K,2024-09-30,46035,0,0.0,0
356037,0000356037-24-000055,10-Q,2024-06-30,24699,0,0.0,0
356037,0000356037-24-000028,10-Q,2024-03-31,24191,0,0.0,0
356037,0000356037-24-000016,10-Q,2023-12-31,17653,0,0.0,0
356037,0000356037-23-000045,10-K,2023-09-30,40470,0,0.0,0
356037,0000356037-23-000038,10-Q,2023-06-30,22793,0,0.0,0
356037,0000356037-23-000026,10-Q,2023-03-31,22017,0,0.0,0
356037,0000356037-23-000016,10-Q,2022-12-31,16059,0,0.0,0
356037,0000356037-22-000036,10-K,2022-09-30,42454,0,0.0,0
356037,0000356037-22-000028,10-Q,2022-06-30,22764,0,0.0,0
356037,0000356037-22-000017,10-Q,2022-03-31,22407,0,0.0,0
356037,0000356037-22-000009,10-Q,2021-12-31,15510,0,0.0,0
356037,0000356037-21-000021,10-K,2021-09-30,41903,0,0.0,0
356037,0000356037-21-000015,10-Q,2021-06-30,22350,0,0.0,0
356037,0000356037-21-000010,10-Q,2021-03-31,20311,0,0.0,0
356037,0000356037-21-000004,10-Q,2020-12-31,14866,0,0.0,0
356037,0000356037-20-000023,10-K,2020-09-30,42745,3,0.702,0
356037,0000356037-20-000019,10-Q,2020-06-30,21799,0,0.0,0
356037,0000356037-20-000014,10-Q,2020-03-31,17940,0,0.0,0
356037,0000356037-20-000004,10-Q,2019-12-31,12088,0,0.0,0
356037,0000356037-19-000049,10-K,2019-09-30,36581,0,0.0,0
356037,0000356037-19-000041,10-Q,2019-06-30,14615,0,0.0,0
356037,0000356037-19-000024,10-Q,2019-03-31,14956,0,0.0,0
356037,0000356037-19-000013,10-Q,2018-12-31,11395,0,0.0,0
356037,0000356037-18-000042,10-K,2018-09-30,36869,0,0.0,0
356037,0000356037-18-000033,10-Q,2018-06-30,13384,0,0.0,0
356037,0000356037-18-000020,10-Q,2018-03-31,11514,0,0.0,0
708818,0000950170-23-054878,10-Q,2023-09-30,29317,2,0.682,0
708818,0000950170-23-034126,10-Q,2023-06-30,25245,2,0.792,0
708818,0000950170-23-023499,10-K,2023-03-31,65123,4,0.614,0
708818,0000950170-23-001112,10-Q,2022-12-31,27973,2,0.715,0
708818,0001564590-22-035107,10-Q,2022-09-30,24063,2,0.831,0
708818,0001564590-22-026527,10-Q,2022-06-30,21390,2,0.935,0
708818,0001564590-22-020588,10-K,2022-03-31,56573,4,0.707,0
708818,0001564590-22-002379,10-Q,2021-12-31,24330,0,0.0,0
708818,0001564590-21-052757,10-Q,2021-09-30,23497,0,0.0,0
708818,0001564590-21-039487,10-Q,2021-06-30,20774,0,0.0,0
708818,0001564590-21-039149,10-K/A,2021-03-31,27501,0,0.0,0
708818,0001564590-21-030107,10-K,2021-03-31,59211,0,0.0,0
708818,0001564590-21-002679,10-Q,2020-12-31,25926,0,0.0,0
708818,0001564590-20-047321,10-Q,2020-09-30,25374,0,0.0,0
708818,0001564590-20-034855,10-Q,2020-06-30,23604,0,0.0,0
708818,0001564590-20-027880,10-K,2020-03-31,61463,0,0.0,0
708818,0001564590-20-001814,10-Q,2019-12-31,23465,0,0.0,0
708818,0001564590-19-037600,10-Q,2019-09-30,21451,0,0.0,0
708818,0001564590-19-025909,10-Q,2019-06-30,18776,0,0.0,0
708818,0001564590-19-020627,10-K,2019-03-31,54429,0,0.0,0
708818,0001564590-19-001003,10-Q,2018-12-31,24121,0,0.0,0
708818,0001564590-18-025689,10-Q,2018-09-30,23543,0,0.0,0
708818,0001564590-18-018200,10-Q,2018-06-30,21925,0,0.0,0
708818,0001564590-18-014338,10-K,2018-03-31,57554,0,0.0,0
733269,0000733269-26-000012,10-Q,2025-12-31,21053,1,0.475,0
733269,0000733269-25-000057,10-Q,2025-09-30,20474,0,0.0,0
733269,0000733269-25-000042,10-Q,2025-06-30,18727,0,0.0,0
733269,0000733269-25-000030,10-K,2025-03-31,53270,6,1.126,0
733269,0000733269-25-000015,10-Q,2024-12-31,19684,0,0.0,0
733269,0000733269-24-000039,10-Q,2024-09-30,19490,0,0.0,0
733269,0000733269-24-000027,10-Q,2024-06-30,17521,0,0.0,0
733269,0000733269-24-000018,10-K,2024-03-31,53904,6,1.113,0
733269,0000733269-24-000007,10-Q,2023-12-31,19653,0,0.0,0
733269,0000733269-23-000039,10-Q,2023-09-30,19421,0,0.0,0
733269,0000733269-23-000032,10-Q,2023-06-30,17032,0,0.0,0
733269,0000733269-23-000024,10-K,2023-03-31,53075,5,0.942,0
733269,0000733269-23-000012,10-Q,2022-12-31,19429,1,0.515,0
733269,0000733269-22-000046,10-Q,2022-09-30,18776,1,0.533,0
733269,0000733269-22-000034,10-Q,2022-06-30,16710,1,0.598,0
733269,0000733269-22-000026,10-K,2022-03-31,52204,3,0.575,0
733269,0000733269-22-000013,10-Q,2021-12-31,18943,1,0.528,0
733269,0000733269-21-000037,10-Q,2021-09-30,18549,1,0.539,0
733269,0000733269-21-000027,10-Q,2021-06-30,16799,2,1.191,0
733269,0000733269-21-000017,10-K,2021-03-31,52953,1,0.189,0
733269,0000733269-21-000008,10-Q,2020-12-31,18235,0,0.0,0
733269,0000733269-20-000040,10-Q,2020-09-30,17647,0,0.0,0
733269,0001628280-20-012369,10-Q,2020-06-30,16698,0,0.0,0
733269,0000733269-20-000028,10-K,2020-03-31,51339,0,0.0,0
733269,0000733269-20-000012,10-Q,2019-12-31,19551,0,0.0,0
733269,0000733269-19-000049,10-Q,2019-09-30,19179,0,0.0,0
733269,0000733269-19-000033,10-Q,2019-06-30,15738,0,0.0,0
733269,0000733269-19-000022,10-K,2019-03-31,49075,0,0.0,0
733269,0000733269-19-000013,10-Q,2018-12-31,18623,0,0.0,0
733269,0000733269-18-000033,10-Q,2018-09-30,17310,0,0.0,0
733269,0000733269-18-000023,10-Q,2018-06-30,18043,0,0.0,0
733269,0001193125-18-231675,10-K/A,2018-03-31,35155,0,0.0,0
733269,0000733269-18-000016,10-K,2018-03-31,53475,0,0.0,0
746210,0001437749-26-009237,10-K,2025-12-31,49393,18,3.644,0
746210,0001437749-25-034612,10-Q,2025-09-30,25393,13,5.12,0
746210,0001437749-25-026680,10-Q,2025-06-30,26124,13,4.976,0
746210,0001437749-25-016275,10-Q,2025-03-31,14254,0,0.0,0
746210,0001437749-25-008262,10-K,2024-12-31,49991,0,0.0,0
746210,0001437749-24-033771,10-Q,2024-09-30,18274,0,0.0,0
746210,0001437749-24-025172,10-Q,2024-06-30,16548,0,0.0,0
746210,0000746210-24-000019,10-Q,2024-03-31,12350,0,0.0,0
746210,0000746210-24-000009,10-K,2023-12-31,50330,0,0.0,0
746210,0000746210-23-000113,10-Q,2023-09-30,17535,0,0.0,0
746210,0000746210-23-000070,10-Q,2023-06-30,16801,0,0.0,0
746210,0000746210-23-000040,10-Q,2023-03-31,14603,0,0.0,0
746210,0000746210-23-000011,10-K,2022-12-31,50011,0,0.0,0
746210,0000746210-22-000047,10-Q,2022-09-30,14382,0,0.0,0
746210,0000746210-22-000039,10-Q,2022-06-30,14970,0,0.0,0
746210,0000746210-22-000031,10-Q,2022-03-31,11433,0,0.0,0
746210,0000746210-22-000023,10-K,2021-12-31,55606,0,0.0,0
746210,0000746210-21-000062,10-Q,2021-09-30,18769,0,0.0,0
746210,0000746210-21-000055,10-Q,2021-06-30,18311,0,0.0,0
746210,0000746210-21-000034,10-Q,2021-03-31,14503,0,0.0,0
746210,0000746210-21-000024,10-K,2020-12-31,53710,0,0.0,0
746210,0000746210-20-000045,10-Q,2020-09-30,22376,0,0.0,0
746210,0000746210-20-000037,10-Q,2020-06-30,21827,0,0.0,0
746210,0000746210-20-000029,10-Q,2020-03-31,19257,0,0.0,0
746210,0000746210-20-000027,10-K/A,2019-12-31,1285,0,0.0,0
746210,0000746210-20-000022,10-K,2019-12-31,56516,0,0.0,0
746210,0000746210-19-000060,10-Q,2019-09-30,16225,0,0.0,0
746210,0000746210-19-000038,10-Q,2019-06-30,12912,0,0.0,0
746210,0000746210-19-000029,10-Q,2019-03-31,11582,0,0.0,0
746210,0000746210-19-000009,10-K,2018-12-31,52558,0,0.0,0
746210,0000746210-18-000060,10-Q,2018-09-30,17906,0,0.0,0
746210,0000746210-18-000048,10-Q,2018-06-30,13843,0,0.0,0
746210,0000746210-18-000026,10-Q,2018-03-31,12686,0,0.0,0
746838,0000746838-26-000006,10-K,2025-12-31,59566,96,16.117,1
746838,0000746838-25-000030,10-Q,2025-09-30,22517,1,0.444,0
746838,0000746838-25-000020,10-Q,2025-06-30,22147,1,0.452,0
746838,0001628280-25-021581,10-Q,2025-03-31,15161,1,0.66,0
746838,0000746838-25-000008,10-K,2024-12-31,55233,71,12.855,1
746838,0000746838-24-000030,10-Q,2024-09-30,19115,1,0.523,0
746838,0000746838-24-000023,10-Q,2024-06-30,16911,1,0.591,0
746838,0000746838-24-000013,10-Q,2024-03-31,14169,1,0.706,0
746838,0000746838-24-000005,10-K,2023-12-31,53483,57,10.658,1
746838,0000746838-23-000050,10-Q,2023-09-30,17551,0,0.0,0
746838,0000746838-23-000039,10-Q,2023-06-30,16738,0,0.0,0
746838,0000746838-23-000019,10-Q,2023-03-31,13982,0,0.0,0
746838,0000746838-23-000009,10-K,2022-12-31,48984,9,1.837,0
746838,0000746838-22-000042,10-Q,2022-09-30,19947,0,0.0,0
746838,0001193125-22-292070,10-Q/A,2022-06-30,3729,0,0.0,0
746838,0001193125-22-292065,10-Q/A,2022-03-31,3730,0,0.0,0
746838,0001193125-22-292053,10-K/A,2021-12-31,36790,0,0.0,0
746838,0000746838-22-000031,10-Q,2022-06-30,17605,0,0.0,0
746838,0000746838-22-000017,10-Q,2022-03-31,14550,0,0.0,0
746838,0000746838-22-000006,10-K,2021-12-31,46150,3,0.65,0
746838,0000746838-21-000085,10-Q,2021-09-30,20062,0,0.0,0
746838,0000746838-21-000075,10-Q,2021-06-30,19607,0,0.0,0
746838,0000746838-21-000053,10-Q,2021-03-31,15682,0,0.0,0
746838,0000746838-21-000014,10-K,2020-12-31,48464,2,0.413,0
746838,0000746838-20-000144,10-Q,2020-09-30,23248,0,0.0,0
746838,0000746838-20-000122,10-Q,2020-06-30,22829,0,0.0,0
746838,0000746838-20-000102,10-Q,2020-03-31,19753,0,0.0,0
746838,0000746838-20-000059,10-K,2019-12-31,49618,2,0.403,0
746838,0000746838-19-000100,10-Q,2019-09-30,24319,0,0.0,0
746838,0000746838-19-000087,10-Q,2019-06-30,21684,0,0.0,0
746838,0000746838-19-000066,10-Q,2019-03-31,18513,0,0.0,0
746838,0000746838-19-000051,10-K,2018-12-31,41765,0,0.0,0
746838,0000746838-18-000043,10-Q,2018-09-30,20939,0,0.0,0
746838,0000746838-18-000030,10-Q,2018-06-30,19796,0,0.0,0
746838,0000746838-18-000018,10-Q,2018-03-31,16587,0,0.0,0
750004,0000750004-26-000012,10-K,2025-12-31,82620,29,3.51,1
750004,0000750004-25-000072,10-Q,2025-09-30,28049,0,0.0,0
750004,0000750004-25-000048,10-Q,2025-06-30,27415,0,0.0,0
750004,0000750004-25-000031,10-Q,2025-03-31,22887,0,0.0,0
750004,0000750004-25-000016,10-K,2024-12-31,80502,25,3.106,1
750004,0000750004-24-000064,10-Q,2024-09-30,23956,0,0.0,0
750004,0000750004-24-000045,10-Q,2024-06-30,22599,0,0.0,0
750004,0000750004-24-000028,10-Q,2024-03-31,19424,0,0.0,0
750004,0000750004-24-000015,10-K,2023-12-31,78854,5,0.634,1
750004,0000750004-23-000049,10-Q,2023-09-30,26110,0,0.0,0
750004,0000750004-23-000031,10-Q,2023-06-30,23898,0,0.0,0
750004,0000750004-23-000014,10-Q,2023-03-31,19318,0,0.0,0
750004,0000750004-23-000006,10-K,2022-12-31,81733,0,0.0,0
750004,0000750004-22-000033,10-Q,2022-09-30,25562,0,0.0,0
750004,0000750004-22-000025,10-Q,2022-06-30,25192,0,0.0,0
750004,0000750004-22-000016,10-Q,2022-03-31,20920,0,0.0,0
750004,0000750004-22-000007,10-K,2021-12-31,98319,0,0.0,0
750004,0000750004-21-000036,10-Q,2021-09-30,31103,0,0.0,0
750004,0000750004-21-000028,10-Q,2021-06-30,26788,0,0.0,0
750004,0000750004-21-000020,10-Q,2021-03-31,20135,0,0.0,0
750004,0000750004-21-000008,10-K,2020-12-31,98540,0,0.0,0
750004,0000750004-20-000132,10-Q,2020-09-30,39638,0,0.0,0
750004,0000750004-20-000123,10-Q,2020-06-30,37210,0,0.0,0
750004,0000750004-20-000066,10-Q,2020-03-31,32161,0,0.0,0
750004,0000750004-20-000007,10-K,2019-12-31,93917,0,0.0,0
750004,0000750004-19-000118,10-Q,2019-09-30,27897,0,0.0,0
750004,0000750004-19-000108,10-Q,2019-06-30,26928,0,0.0,0
750004,0000750004-19-000033,10-Q,2019-03-31,21526,0,0.0,0
750004,0000750004-19-000007,10-K,2018-12-31,94650,0,0.0,0
750004,0000750004-18-000196,10-Q,2018-09-30,31004,0,0.0,0
750004,0000750004-18-000171,10-Q,2018-06-30,29788,0,0.0,0
750004,0000750004-18-000079,10-Q,2018-03-31,26568,0,0.0,0
779152,0000779152-26-000009,10-Q,2025-12-31,18124,0,0.0,0
779152,0000779152-25-000092,10-Q,2025-09-30,14624,0,0.0,0
779152,0000779152-25-000055,10-K,2025-06-30,36898,21,5.691,1
779152,0000779152-25-000019,10-Q,2025-03-31,17369,0,0.0,0
779152,0000779152-25-000009,10-Q,2024-12-31,16564,0,0.0,0
779152,0000779152-24-000111,10-Q,2024-09-30,13602,0,0.0,0
779152,0000779152-24-000079,10-K,2024-06-30,36034,16,4.44,1
779152,0000779152-24-000033,10-Q,2024-03-31,17201,0,0.0,0
779152,0000779152-24-000018,10-Q,2023-12-31,17130,0,0.0,0
779152,0000779152-23-000099,10-Q,2023-09-30,13514,0,0.0,0
779152,0000779152-23-000062,10-K,2023-06-30,36156,8,2.213,0
779152,0000779152-23-000024,10-Q,2023-03-31,16962,0,0.0,0
779152,0000779152-23-000012,10-Q,2022-12-31,16308,0,0.0,0
779152,0000779152-22-000103,10-Q,2022-09-30,13369,0,0.0,0
779152,0000779152-22-000076,10-K,2022-06-30,36418,2,0.549,0
779152,0000779152-22-000039,10-Q,2022-03-31,15746,0,0.0,0
779152,0000779152-22-000015,10-Q,2021-12-31,15498,0,0.0,0
779152,0000779152-21-000099,10-Q,2021-09-30,12832,0,0.0,0
779152,0000779152-21-000073,10-K,2021-06-30,36850,0,0.0,0
779152,0000779152-21-000027,10-Q,2021-03-31,16698,0,0.0,0
779152,0000779152-21-000009,10-Q,2020-12-31,16187,0,0.0,0
779152,0000779152-20-000099,10-Q,2020-09-30,12953,0,0.0,0
779152,0000779152-20-000064,10-K,2020-06-30,39483,0,0.0,0
779152,0000779152-20-000035,10-Q,2020-03-31,18429,0,0.0,0
779152,0000779152-20-000011,10-Q,2019-12-31,16139,0,0.0,0
779152,0000779152-19-000086,10-Q,2019-09-30,13090,0,0.0,0
779152,0000779152-19-000048,10-K,2019-06-30,37753,0,0.0,0
779152,0000779152-19-000027,10-Q,2019-03-31,16164,0,0.0,0
779152,0000779152-19-000005,10-Q,2018-12-31,15697,0,0.0,0
779152,0000779152-18-000101,10-Q,2018-09-30,12965,0,0.0,0
779152,0000779152-18-000060,10-K,2018-06-30,35929,0,0.0,0
779152,0000779152-18-000020,10-Q,2018-03-31,12875,0,0.0,0
802257,0001185185-26-001385,10-K,2025-12-31,48297,20,4.141,1
802257,0001185185-25-001707,10-Q,2025-09-30,18919,6,3.171,0
802257,0001185185-25-000970,10-Q,2025-06-30,17555,7,3.987,0
802257,0001185185-25-000491,10-Q,2025-03-31,16457,7,4.254,0
802257,0001185185-25-000257,10-K,2024-12-31,58171,15,2.579,1
802257,0001185185-24-001173,10-Q,2024-09-30,27461,4,1.457,0
802257,0001185185-24-000820,10-Q,2024-06-30,23749,0,0.0,0
802257,0001185185-24-000529,10-Q,2024-03-31,20424,0,0.0,0
802257,0001185185-24-000401,10-K,2023-12-31,81636,0,0.0,0
802257,0001185185-24-000156,10-Q,2023-09-30,50641,0,0.0,0
802257,0001185185-23-001290,10-Q,2023-06-30,44805,0,0.0,0
802257,0001185185-23-001031,10-Q,2023-03-31,34338,0,0.0,0
802257,0001185185-23-000727,10-K,2022-12-31,80412,0,0.0,0
802257,0001185185-22-001304,10-Q,2022-09-30,37936,0,0.0,0
802257,0001185185-22-000908,10-Q,2022-06-30,29305,0,0.0,0
802257,0001185185-22-000651,10-Q,2022-03-31,17804,0,0.0,0
802257,0001185185-22-000399,10-K,2021-12-31,64241,0,0.0,0
802257,0001185185-21-001687,10-Q,2021-09-30,21343,0,0.0,0
802257,0001185185-21-001094,10-Q,2021-06-30,21312,0,0.0,0
802257,0001185185-21-000661,10-Q,2021-03-31,17070,0,0.0,0
802257,0001185185-21-000369,10-K,2020-12-31,69765,2,0.287,0
802257,0001185185-20-001577,10-Q,2020-09-30,34843,0,0.0,0
802257,0001185185-20-001183,10-Q,2020-06-30,22690,4,1.763,0
802257,0001185185-20-000696,10-Q,2020-03-31,17324,4,2.309,0
802257,0001185185-20-000411,10-K,2019-12-31,70074,11,1.57,0
802257,0001185185-19-001607,10-Q,2019-09-30,24430,4,1.637,0
802257,0001185185-19-001157,10-Q,2019-06-30,19163,1,0.522,0
802257,0001185185-19-000767,10-Q,2019-03-31,15232,0,0.0,0
802257,0001185185-19-000470,10-K,2018-12-31,42826,0,0.0,0
802257,0001185185-18-002026,10-Q,2018-09-30,13722,0,0.0,0
802257,0001185185-18-001470,10-Q,2018-06-30,11984,0,0.0,0
802257,0001185185-18-001053,10-Q,2018-03-31,10624,0,0.0,0
804753,0000804753-22-000024,10-Q,2022-03-31,13767,0,0.0,0
804753,0000804753-22-000009,10-K,2021-12-31,50553,9,1.78,0
804753,0000804753-21-000052,10-Q,2021-09-30,20808,0,0.0,0
804753,0000804753-21-000043,10-Q,2021-06-30,20371,0,0.0,0
804753,0000804753-21-000026,10-Q,2021-03-31,15855,0,0.0,0
804753,0000804753-21-000009,10-K,2020-12-31,48369,7,1.447,0
804753,0000804753-20-000054,10-Q,2020-09-30,23079,0,0.0,0
804753,0000804753-20-000045,10-Q,2020-06-30,20968,0,0.0,0
804753,0000804753-20-000031,10-Q,2020-03-31,16904,0,0.0,0
804753,0000804753-20-000007,10-K,2019-12-28,48658,7,1.439,0
804753,0000804753-19-000062,10-Q,2019-09-28,20133,0,0.0,0
804753,0000804753-19-000043,10-Q,2019-06-29,19432,0,0.0,0
804753,0000804753-19-000019,10-Q,2019-03-30,13101,0,0.0,0
804753,0000804753-19-000009,10-K,2018-12-29,45223,0,0.0,0
804753,0000804753-18-000039,10-Q,2018-09-29,16251,0,0.0,0
804753,0000804753-18-000033,10-Q,2018-06-30,15221,0,0.0,0
804753,0000804753-18-000018,10-Q,2018-03-31,13111,0,0.0,0
814549,0001628280-23-038965,10-Q,2023-09-30,35682,0,0.0,0
814549,0001628280-23-028522,10-Q,2023-06-30,26007,0,0.0,0
814549,0001628280-23-019557,10-Q/A,2023-03-31,722,0,0.0,0
814549,0001628280-23-017098,10-Q,2023-03-31,23847,0,0.0,0
814549,0001628280-23-009300,10-K/A,2022-12-31,1055,0,0.0,0
814549,0001628280-23-008050,10-K,2022-12-31,76282,0,0.0,0
814549,0001628280-22-029134,10-Q,2022-09-30,27281,0,0.0,0
814549,0001628280-22-021803,10-Q,2022-06-30,27145,0,0.0,0
814549,0001628280-22-013511,10-Q,2022-03-31,24885,0,0.0,0
814549,0001628280-22-005616,10-K,2021-12-31,77062,0,0.0,0
814549,0001628280-21-022442,10-Q,2021-09-30,28912,0,0.0,0
814549,0001628280-21-016191,10-Q,2021-06-30,28735,0,0.0,0
814549,0001628280-21-010471,10-Q,2021-03-31,25222,0,0.0,0
814549,0001628280-21-008311,10-K/A,2020-12-31,1940,0,0.0,0
814549,0001628280-21-007671,10-K,2020-12-31,77659,0,0.0,0
814549,0000814549-20-000026,10-Q,2020-09-30,29862,0,0.0,0
814549,0000814549-20-000019,10-Q,2020-06-30,29668,0,0.0,0
814549,0000814549-20-000011,10-Q,2020-03-31,26375,0,0.0,0
814549,0000814549-20-000006,10-K,2019-12-31,77271,0,0.0,0
814549,0000814549-19-000090,10-Q,2019-09-30,31776,0,0.0,0
814549,0000814549-19-000060,10-Q,2019-06-30,32785,0,0.0,0
814549,0000814549-19-000039,10-Q,2019-03-31,28754,0,0.0,0
814549,0000814549-19-000029,10-K/A,2019-04-30,12801,0,0.0,0
814549,0000814549-19-000017,10-K,2018-12-31,70392,0,0.0,0
814549,0000814549-18-000043,10-Q,2018-09-30,30849,0,0.0,0
814549,0000814549-18-000028,10-Q,2018-06-30,29791,0,0.0,0
814549,0000814549-18-000019,10-Q,2018-03-31,27244,0,0.0,0
819926,0001213900-26-053468,10-K,2025-12-31,42457,0,0.0,0
819926,0001213900-26-053467,10-Q,2025-09-30,11951,0,0.0,0
819926,0001213900-26-053465,10-Q,2025-06-30,11920,0,0.0,0
819926,0001213900-26-053464,10-Q,2025-03-31,11056,0,0.0,0
819926,0001213900-26-052001,10-K,2024-12-31,42541,0,0.0,0
819926,0001213900-26-052000,10-Q,2024-09-30,12657,0,0.0,0
819926,0001213900-26-051996,10-Q,2024-06-30,12523,0,0.0,0
819926,0001213900-26-051995,10-Q,2024-03-31,11716,0,0.0,0
819926,0001213900-26-048442,10-K,2023-12-31,44685,0,0.0,0
819926,0001213900-26-048440,10-Q,2023-09-30,14717,0,0.0,0
819926,0001213900-26-048438,10-Q,2023-06-30,14252,0,0.0,0
819926,0001213900-26-048433,10-Q,2023-03-31,13177,0,0.0,0
819926,0001213900-26-039839,10-K/A,2022-12-31,48243,0,0.0,0
819926,0001213900-23-031178,10-K,2022-12-31,45934,0,0.0,0
819926,0001213900-22-073642,10-Q,2022-09-30,16499,0,0.0,0
819926,0001213900-22-049644,10-Q,2022-06-30,16195,0,0.0,0
819926,0001213900-22-026824,10-Q,2022-03-31,15511,0,0.0,0
819926,0001213900-22-016536,10-K,2021-12-31,48027,0,0.0,0
819926,0001213900-21-059862,10-Q,2021-09-30,16638,0,0.0,0
819926,0001213900-21-048322,10-Q,2021-06-30,17115,0,0.0,0
819926,0001213900-21-028669,10-Q,2021-03-31,14256,0,0.0,0
819926,0001213900-21-021884,10-K,2020-12-31,34693,3,0.865,0
819926,0001213900-20-036761,10-Q,2020-09-30,16672,0,0.0,0
819926,0001213900-20-027772,10-Q,2020-06-30,16173,0,0.0,0
819926,0001213900-20-025595,10-Q/A,2020-03-31,14255,0,0.0,0
819926,0001213900-20-024480,10-Q,2020-03-31,14078,0,0.0,0
819926,0001213900-20-018468,10-K,2019-12-31,62287,3,0.482,0
819926,0001213900-19-025010,10-Q/A,2019-09-30,22219,0,0.0,0
819926,0001213900-19-023613,10-Q,2019-09-30,22256,0,0.0,0
819926,0001213900-19-020084,10-Q,2019-06-30,22817,0,0.0,0
819926,0001213900-19-013567,10-Q,2019-03-31,21147,0,0.0,0
819926,0001213900-19-006530,10-K,2018-12-31,66147,3,0.454,0
819926,0001213900-18-015495,10-Q,2018-09-30,32134,0,0.0,0
819926,0001213900-18-010716,10-Q,2018-06-30,30872,0,0.0,0
819926,0001213900-18-006081,10-Q,2018-03-31,27964,0,0.0,0
836690,0001104659-26-015306,10-Q,2025-12-31,22299,0,0.0,0
836690,0001104659-26-006952,10-K/A,2025-09-30,21517,0,0.0,0
836690,0001104659-25-123847,10-K,2025-09-30,56890,0,0.0,0
836690,0001558370-25-011532,10-Q,2025-06-30,24124,0,0.0,0
836690,0001558370-25-007895,10-Q,2025-03-31,23337,0,0.0,0
836690,0001558370-25-001027,10-Q,2024-12-31,20415,0,0.0,0
836690,0001558370-25-000364,10-K/A,2024-09-30,18851,0,0.0,0
836690,0001558370-24-016501,10-K,2024-09-30,50431,0,0.0,0
836690,0001558370-24-012215,10-Q,2024-06-30,21704,0,0.0,0
836690,0001558370-24-008148,10-Q,2024-03-31,20772,0,0.0,0
836690,0001558370-24-001167,10-Q,2023-12-31,21278,0,0.0,0
836690,0001104659-24-007805,10-K/A,2023-09-30,14310,0,0.0,0
836690,0001558370-24-000248,10-K,2023-09-30,46186,0,0.0,0
836690,0001410578-23-001775,10-Q,2023-06-30,21680,0,0.0,0
836690,0001104659-23-057210,10-Q,2023-03-31,16718,0,0.0,0
836690,0001104659-23-021519,10-Q,2022-12-31,15259,0,0.0,0
836690,0001104659-23-008119,10-K/A,2022-09-30,13122,0,0.0,0
836690,0001104659-22-127805,10-K,2022-09-30,38811,0,0.0,0
836690,0001104659-22-090046,10-Q,2022-06-30,18489,0,0.0,0
836690,0001104659-22-060309,10-Q,2022-03-31,18150,0,0.0,0
836690,0001104659-22-020473,10-Q,2021-12-31,15866,0,0.0,0
836690,0001104659-21-152604,10-K,2021-09-30,41346,0,0.0,0
836690,0001104659-21-105061,10-Q,2021-06-30,20499,0,0.0,0
836690,0001104659-21-068112,10-Q,2021-03-31,18011,0,0.0,0
836690,0001104659-21-021891,10-Q,2020-12-31,16130,0,0.0,0
836690,0001104659-20-138570,10-K,2020-09-30,40345,0,0.0,0
836690,0001104659-20-092828,10-Q,2020-06-30,17012,0,0.0,0
836690,0001104659-20-062552,10-Q,2020-03-31,18160,0,0.0,0
836690,0001104659-20-012517,10-Q,2019-12-31,14235,0,0.0,0
836690,0001104659-19-075583,10-K,2019-09-30,36814,0,0.0,0
836690,0001104659-19-045103,10-Q,2019-06-30,15907,0,0.0,0
836690,0001104659-19-028604,10-Q,2019-03-31,15149,0,0.0,0
836690,0001104659-19-008699,10-Q,2018-12-31,13690,0,0.0,0
836690,0001104659-18-074460,10-K,2018-09-30,36159,0,0.0,0
836690,0001104659-18-051190,10-Q,2018-06-30,14780,0,0.0,0
836690,0001104659-18-032546,10-Q,2018-03-31,14607,0,0.0,0
855612,0001564590-21-055475,10-Q,2021-09-30,17555,1,0.57,0
855612,0001564590-21-041561,10-Q,2021-06-30,15909,1,0.629,0
855612,0001564590-21-024930,10-Q,2021-03-31,15053,1,0.664,0
855612,0001564590-21-011255,10-K,2020-12-31,50103,2,0.399,0
855612,0001564590-20-052553,10-Q,2020-09-30,18227,1,0.549,0
855612,0001564590-20-037703,10-Q,2020-06-30,17397,1,0.575,0
855612,0001564590-20-022835,10-Q,2020-03-31,15448,1,0.647,0
855612,0001564590-20-009201,10-K,2019-12-31,49181,2,0.407,0
855612,0001564590-19-040989,10-Q,2019-09-30,16371,1,0.611,0
855612,0001564590-19-030031,10-Q,2019-06-30,15864,1,0.63,0
855612,0001564590-19-017986,10-Q,2019-03-31,14863,1,0.673,0
855612,0001564590-19-006989,10-K,2018-12-31,41108,2,0.487,0
855612,0001564590-18-028018,10-Q,2018-09-30,19198,1,0.521,0
855612,0001564590-18-019759,10-Q,2018-06-30,12584,1,0.795,0
855612,0001564590-18-011562,10-Q,2018-03-31,11332,1,0.882,0
869531,0001493152-23-035704,10-Q,2020-06-30,8217,0,0.0,0
869531,0001493152-22-029192,10-Q,2020-03-31,7594,0,0.0,0
869531,0001493152-22-025630,10-K,2019-12-31,14450,0,0.0,0
869531,0001493152-19-018171,10-Q/A,2019-09-30,18891,0,0.0,0
869531,0001493152-19-018037,10-Q,2019-09-30,18836,0,0.0,0
869531,0001654954-19-009605,10-Q,2019-06-30,17197,0,0.0,0
869531,0001654954-19-006105,10-Q,2019-03-31,13451,0,0.0,0
869531,0001654954-19-003723,10-K,2018-12-31,19029,0,0.0,0
869531,0001654954-18-012669,10-Q/A,2018-09-30,10804,0,0.0,0
869531,0001004878-18-000214,10-Q,2018-09-30,11892,0,0.0,0
869531,0001127855-18-000143,10-Q/A,2018-06-30,9347,0,0.0,0
869531,0001127855-18-000134,10-Q,2018-06-30,9297,0,0.0,0
869531,0001127855-18-000094,10-Q/A,2018-03-31,6797,0,0.0,0
869531,0001127855-18-000087,10-Q,2018-03-31,6746,0,0.0,0
884144,0001628280-26-012270,10-K,2025-12-31,42725,17,3.979,1
884144,0001628280-25-047524,10-Q,2025-09-30,18469,1,0.541,0
884144,0000884144-25-000088,10-Q,2025-06-30,16966,1,0.589,0
884144,0000884144-25-000064,10-Q,2025-03-31,14717,1,0.679,0
884144,0000884144-25-000012,10-K,2024-12-31,42840,21,4.902,1
884144,0000884144-24-000064,10-Q,2024-09-30,16168,1,0.619,0
884144,0000884144-24-000053,10-Q,2024-06-30,14954,1,0.669,0
884144,0000884144-24-000039,10-Q,2024-03-31,13132,7,5.33,1
884144,0000884144-24-000022,10-K,2023-12-31,41714,24,5.753,1
884144,0000884144-23-000054,10-Q,2023-09-30,15767,6,3.805,1
884144,0000884144-23-000045,10-Q,2023-06-30,14673,16,10.904,1
884144,0000884144-23-000037,10-Q,2023-03-31,12457,0,0.0,0
884144,0000884144-23-000012,10-K,2022-12-31,39557,0,0.0,0
884144,0000884144-22-000072,10-Q,2022-09-30,14312,0,0.0,0
884144,0000884144-22-000059,10-Q,2022-06-30,14113,0,0.0,0
884144,0000884144-22-000050,10-Q,2022-03-31,12745,0,0.0,0
884144,0000884144-22-000004,10-K,2021-12-31,41582,0,0.0,0
884144,0000884144-21-000023,10-Q,2021-09-30,16702,0,0.0,0
884144,0000884144-21-000007,10-Q,2021-06-30,14876,0,0.0,0
884144,0001628280-21-009694,10-Q,2021-03-31,13064,0,0.0,0
884144,0001628280-21-004536,10-K,2020-12-31,47710,0,0.0,0
884144,0001185185-20-001526,10-Q,2020-09-30,16991,0,0.0,0
884144,0001185185-20-001115,10-Q,2020-06-30,16809,0,0.0,0
884144,0001185185-20-000585,10-Q,2020-03-31,12078,0,0.0,0
884144,0000884144-20-000022,10-K,2019-12-31,43031,0,0.0,0
884144,0000884144-19-000036,10-Q,2019-09-30,14362,0,0.0,0
884144,0000884144-19-000016,10-Q,2019-06-30,12738,0,0.0,0
884144,0001628280-19-006538,10-Q,2019-03-31,11730,0,0.0,0
884144,0001185185-19-000390,10-K,2018-12-31,45851,0,0.0,0
884144,0001185185-18-001964,10-Q,2018-09-30,15046,0,0.0,0
884144,0001185185-18-001398,10-Q,2018-06-30,14138,0,0.0,0
884144,0001185185-18-000835,10-Q,2018-03-31,16307,0,0.0,0
891103,0000891103-26-000025,10-K,2025-12-31,62137,65,10.461,1
891103,0000891103-25-000180,10-Q,2025-09-30,24554,1,0.407,0
891103,0000891103-25-000124,10-Q,2025-06-30,23727,1,0.421,0
891103,0000891103-25-000076,10-Q,2025-03-31,19993,1,0.5,0
891103,0000891103-25-000027,10-K,2024-12-31,61931,51,8.235,1
891103,0000891103-24-000114,10-Q,2024-09-30,21896,1,0.457,0
891103,0000891103-24-000095,10-Q,2024-06-30,21226,1,0.471,0
891103,0000891103-24-000057,10-Q,2024-03-31,18332,1,0.545,0
891103,0000891103-24-000014,10-K,2023-12-31,56808,46,8.097,1
891103,0000891103-23-000114,10-Q,2023-09-30,21541,1,0.464,0
891103,0000891103-23-000099,10-Q,2023-06-30,21725,12,5.524,0
891103,0000891103-23-000047,10-Q,2023-03-31,17774,0,0.0,0
891103,0000891103-23-000013,10-K,2022-12-31,60891,0,0.0,0
891103,0000891103-22-000095,10-Q,2022-09-30,24020,0,0.0,0
891103,0000891103-22-000082,10-Q,2022-06-30,24612,0,0.0,0
891103,0000891103-22-000039,10-Q,2022-03-31,19960,0,0.0,0
891103,0000891103-22-000020,10-K,2021-12-31,64058,0,0.0,0
891103,0000891103-21-000090,10-Q,2021-09-30,26923,0,0.0,0
891103,0000891103-21-000074,10-Q,2021-06-30,24927,0,0.0,0
891103,0000891103-21-000027,10-Q,2021-03-31,20779,0,0.0,0
891103,0000891103-21-000014,10-K,2020-12-31,61645,0,0.0,0
891103,0000891103-20-000041,10-Q,2020-09-30,30197,0,0.0,0
891103,0000891103-20-000022,10-Q,2020-06-30,46035,0,0.0,0
891103,0000891103-20-000008,10-Q,2020-03-31,33651,0,0.0,0
891103,0001104659-20-053357,10-K/A,2019-12-31,21175,0,0.0,0
891103,0000891103-20-000004,10-K,2019-12-31,88126,0,0.0,0
891103,0000891103-19-000020,10-Q,2019-09-30,37739,0,0.0,0
891103,0000891103-19-000015,10-Q,2019-06-30,40287,0,0.0,0
891103,0000891103-19-000009,10-Q,2019-03-31,29302,0,0.0,0
891103,0000891103-19-000006,10-K,2018-12-31,82738,0,0.0,0
891103,0000891103-18-000016,10-Q,2018-09-30,37069,0,0.0,0
891103,0000891103-18-000013,10-Q,2018-06-30,34285,0,0.0,0
891103,0000891103-18-000006,10-Q,2018-03-31,27708,0,0.0,0
894501,0001091818-26-000026,10-K,2025-12-31,13585,29,21.347,1
894501,0001091818-25-000144,10-Q,2025-09-30,8644,24,27.765,1
894501,0001091818-25-000083,10-Q,2025-06-30,8447,25,29.596,1
894501,0001091818-25-000050,10-Q,2025-03-31,8056,13,16.137,1
894501,0001091818-25-000017,10-K,2024-12-31,13762,22,15.986,1
894501,0001091818-24-000131,10-Q,2024-09-30,8340,11,13.189,0
894501,0001091818-24-000080,10-Q,2024-06-30,8000,11,13.75,0
894501,0001091818-24-000047,10-Q,2024-03-31,8013,4,4.992,0
894501,0001091818-24-000027,10-K,2023-12-31,12300,4,3.252,0
894501,0001091818-23-000183,10-Q,2023-09-30,8089,0,0.0,0
894501,0001091818-23-000144,10-Q,2023-06-30,7077,0,0.0,0
894501,0001091818-23-000069,10-Q,2023-03-31,7095,0,0.0,0
894501,0001091818-23-000035,10-K/A,2022-12-31,11252,0,0.0,0
894501,0001091818-23-000033,10-K,2022-12-31,11110,0,0.0,0
894501,0001091818-22-000150,10-Q,2022-09-30,7676,0,0.0,0
894501,0001091818-22-000122,10-Q/A,2022-03-31,6629,0,0.0,0
894501,0001091818-22-000120,10-Q/A,2022-06-30,7186,0,0.0,0
894501,0001091818-22-000102,10-Q,2022-06-30,7131,0,0.0,0
894501,0001091818-22-000048,10-Q,2022-03-31,6569,0,0.0,0
894501,0001091818-22-000025,10-K,2021-12-31,10061,0,0.0,0
894501,0001091818-21-000140,10-Q,2021-09-30,6881,0,0.0,0
894501,0001091818-21-000105,10-Q,2021-06-30,6769,0,0.0,0
903651,0001104659-26-020655,10-K,2025-12-31,48369,218,45.07,1
903651,0001104659-25-107873,10-Q,2025-09-30,28201,41,14.538,1
903651,0001410578-25-001550,10-Q,2025-06-30,26968,41,15.203,1
903651,0001410578-25-001113,10-Q,2025-03-31,20877,41,19.639,1
903651,0001410578-25-000194,10-K,2024-12-31,47035,164,34.868,1
903651,0001410578-24-001800,10-Q,2024-09-30,27687,44,15.892,1
903651,0001410578-24-001246,10-Q,2024-06-30,26491,40,15.099,1
903651,0001410578-24-000611,10-Q,2024-03-31,20926,38,18.159,1
903651,0001410578-24-000124,10-K,2023-12-31,46338,160,34.529,1
903651,0001410578-23-002173,10-Q,2023-09-30,28405,34,11.97,1
903651,0001410578-23-001711,10-Q,2023-06-30,27009,34,12.588,1
903651,0001410578-23-001033,10-Q,2023-03-31,21181,31,14.636,1
903651,0001410578-23-000153,10-K,2022-12-31,42951,131,30.5,1
903651,0001410578-22-003169,10-Q,2022-09-30,24251,30,12.371,1
903651,0001410578-22-002350,10-Q,2022-06-30,22660,30,13.239,1
903651,0001410578-22-001445,10-Q,2022-03-31,17786,30,16.867,1
903651,0001410578-22-000489,10-K,2021-12-31,39046,109,27.916,1
903651,0001104659-21-134238,10-Q,2021-09-30,20189,26,12.878,1
903651,0001104659-21-100646,10-Q,2021-06-30,20809,27,12.975,1
903651,0001104659-21-062261,10-Q,2021-03-31,14521,27,18.594,1
903651,0001104659-21-035749,10-K,2020-12-31,36882,103,27.927,1
903651,0001104659-20-124244,10-Q,2020-09-30,19346,17,8.787,0
903651,0001104659-20-091277,10-Q,2020-06-30,17899,17,9.498,0
903651,0001104659-20-061425,10-Q,2020-03-31,15141,17,11.228,0
903651,0001104659-20-034167,10-K,2019-12-31,37419,85,22.716,0
903651,0001104659-19-060979,10-Q,2019-09-30,20913,34,16.258,0
903651,0001144204-19-038490,10-Q,2019-06-30,20220,31,15.331,0
903651,0001144204-19-025076,10-Q,2019-03-31,16821,32,19.024,0
903651,0001144204-19-015946,10-K,2018-12-31,40950,43,10.501,0
903651,0001144204-18-058312,10-Q,2018-09-30,20136,4,1.986,0
903651,0001144204-18-043830,10-Q,2018-06-30,20893,4,1.915,0
903651,0001144204-18-028916,10-Q,2018-03-31,16849,4,2.374,0
909494,0001437749-26-008009,10-K,2025-12-31,82577,1,0.121,0
909494,0001437749-25-033639,10-Q,2025-09-30,44256,0,0.0,0
909494,0001437749-25-025490,10-Q,2025-06-30,41346,0,0.0,0
909494,0001437749-25-015557,10-Q,2025-03-31,33553,0,0.0,0
909494,0001437749-25-007558,10-K,2024-12-31,88070,1,0.114,0
909494,0001437749-24-033982,10-Q,2024-09-30,41752,0,0.0,0
909494,0001437749-24-025602,10-Q,2024-06-30,38891,0,0.0,0
909494,0001437749-24-015733,10-Q,2024-03-31,33514,0,0.0,0
909494,0001437749-24-010358,10-K,2023-12-31,89419,4,0.447,1
909494,0001437749-23-030034,10-Q,2023-09-30,39360,0,0.0,0
909494,0001437749-23-021981,10-Q,2023-06-30,39319,0,0.0,0
909494,0001437749-23-016767,10-K/A,2022-12-31,91798,1,0.109,0
909494,0001437749-23-013053,10-Q,2023-03-31,31621,0,0.0,0
909494,0001437749-23-006745,10-K,2022-12-31,91444,1,0.109,0
909494,0001437749-22-025811,10-Q,2022-09-30,36148,0,0.0,0
909494,0001437749-22-019637,10-Q,2022-06-30,36713,0,0.0,0
909494,0001437749-22-011151,10-Q,2022-03-31,27083,0,0.0,0
909494,0001437749-22-004915,10-K,2021-12-31,83372,1,0.12,0
909494,0001437749-21-025331,10-Q,2021-09-30,34229,0,0.0,0
909494,0001437749-21-018790,10-Q,2021-06-30,33659,0,0.0,0
909494,0001437749-21-011178,10-Q,2021-03-31,28007,0,0.0,0
909494,0001437749-21-004866,10-K,2020-12-31,85561,1,0.117,0
909494,0001437749-20-022817,10-Q,2020-09-30,36908,0,0.0,0
909494,0001437749-20-016900,10-Q,2020-06-30,36179,0,0.0,0
909494,0001437749-20-009863,10-Q,2020-03-31,26669,0,0.0,0
909494,0001437749-20-004330,10-K,2019-12-31,76782,1,0.13,0
909494,0001437749-19-021778,10-Q,2019-09-30,29405,0,0.0,0
909494,0001437749-19-015826,10-Q,2019-06-30,28771,0,0.0,0
909494,0001437749-19-009126,10-Q,2019-03-31,24738,0,0.0,0
909494,0001437749-19-004069,10-K,2018-12-31,81016,0,0.0,0
909494,0001437749-18-019948,10-Q/A,2018-09-30,29248,0,0.0,0
909494,0001437749-18-019879,10-Q,2018-09-30,29037,0,0.0,0
909494,0001437749-18-014957,10-Q,2018-06-30,28551,0,0.0,0
909494,0001437749-18-009229,10-Q,2018-03-31,24062,0,0.0,0
923601,0001493152-26-014724,10-K,2025-12-31,62319,26,4.172,0
923601,0001493152-25-024305,10-Q,2025-09-30,21220,10,4.713,0
923601,0001641172-25-024828,10-Q,2025-06-30,19670,10,5.084,0
923601,0001641172-25-010876,10-Q,2025-03-31,16889,10,5.921,0
923601,0001641172-25-004792,10-K,2024-12-31,58678,65,11.077,1
923601,0001493152-24-046807,10-Q,2024-09-30,19690,6,3.047,0
923601,0001493152-24-032956,10-Q,2024-06-30,13588,2,1.472,0
923601,0001493152-24-020033,10-Q,2024-03-31,10322,0,0.0,0
923601,0001493152-23-042149,10-Q,2023-09-30,10634,0,0.0,0
923601,0001493152-23-029437,10-Q,2023-06-30,15255,0,0.0,0
923601,0001493152-23-024594,10-K,2023-03-31,47809,0,0.0,0
923601,0001493152-23-005556,10-Q,2022-12-31,19636,0,0.0,0
923601,0001493152-22-032009,10-Q,2022-09-30,19668,0,0.0,0
923601,0001493152-22-023654,10-Q,2022-06-30,16513,0,0.0,0
923601,0001493152-22-019311,10-K,2022-03-31,43351,0,0.0,0
923601,0001493152-22-004193,10-Q,2021-12-31,18554,0,0.0,0
923601,0001493152-21-029449,10-Q,2021-09-30,18546,0,0.0,0
923601,0001493152-21-020039,10-Q,2021-06-30,15183,0,0.0,0
923601,0001493152-21-016798,10-K,2021-03-31,34111,0,0.0,0
923601,0001493152-21-004452,10-Q,2020-12-31,15262,0,0.0,0
923601,0001493152-21-004414,10-Q/A,2020-09-30,16509,0,0.0,0
923601,0001493152-21-004401,10-Q/A,2020-06-30,14647,0,0.0,0
923601,0001493152-21-004399,10-K/A,2020-03-31,36750,0,0.0,0
923601,0001493152-20-021384,10-Q,2020-09-30,14834,0,0.0,0
923601,0001493152-20-016260,10-Q,2020-06-30,13410,0,0.0,0
923601,0001493152-20-015474,10-K,2020-03-31,34608,0,0.0,0
923601,0001493152-20-002268,10-Q,2019-12-31,14693,0,0.0,0
923601,0001493152-19-017908,10-Q,2019-09-30,14281,0,0.0,0
923601,0001493152-19-012294,10-Q,2019-06-30,11347,0,0.0,0
923601,0001493152-19-009954,10-K,2019-03-31,30481,0,0.0,0
923601,0001493152-19-001877,10-Q,2018-12-31,13082,0,0.0,0
923601,0001493152-18-015858,10-Q,2018-09-30,13112,0,0.0,0
923601,0001493152-18-011591,10-Q,2018-06-30,12086,0,0.0,0
923601,0001493152-18-009336,10-K,2018-03-31,30627,0,0.0,0
929940,0000929940-22-000029,10-Q,2022-03-31,26642,12,4.504,0
929940,0000929940-22-000007,10-Q,2021-12-31,24746,12,4.849,0
929940,0000929940-21-000067,10-Q,2021-09-30,22031,13,5.901,0
929940,0000929940-21-000060,10-K,2021-06-30,43957,55,12.512,0
929940,0000929940-21-000040,10-Q,2021-03-31,21493,2,0.931,0
929940,0000929940-21-000011,10-Q,2020-12-31,21033,2,0.951,0
929940,0000929940-20-000073,10-Q,2020-09-30,19495,2,1.026,0
929940,0000929940-20-000069,10-K,2020-06-30,46425,10,2.154,0
929940,0000929940-20-000023,10-Q,2020-03-31,22717,1,0.44,0
929940,0000929940-20-000007,10-Q,2019-12-31,20580,1,0.486,0
929940,0000929940-19-000048,10-Q,2019-09-30,17343,1,0.577,0
929940,0000929940-19-000038,10-K,2019-06-30,46793,6,1.282,0
929940,0000929940-19-000015,10-Q,2019-03-31,19811,0,0.0,0
929940,0000929940-19-000003,10-Q,2018-12-31,19582,0,0.0,0
929940,0000929940-18-000032,10-Q,2018-09-30,16908,0,0.0,0
929940,0000929940-18-000023,10-K,2018-06-30,41927,4,0.954,0
929940,0000929940-18-000014,10-Q,2018-03-31,18772,0,0.0,0
945384,0001654954-20-009018,10-Q,2020-06-30,11058,0,0.0,0
945384,0001654954-20-005431,10-Q,2020-03-31,9653,0,0.0,0
945384,0001654954-20-003366,10-K,2019-12-31,28883,1,0.346,0
945384,0001654954-19-013090,10-Q,2019-09-30,10314,0,0.0,0
945384,0001654954-19-009465,10-Q,2019-06-30,10259,0,0.0,0
945384,0001654954-19-006022,10-Q,2019-03-31,9132,0,0.0,0
945384,0001654954-19-003609,10-K,2018-12-31,29804,0,0.0,0
945384,0001654954-18-012643,10-Q,2018-09-30,9384,0,0.0,0
945384,0001654954-18-008603,10-Q,2018-06-30,9334,0,0.0,0
945384,0001654954-18-005325,10-Q,2018-03-31,8492,0,0.0,0
1002638,0001002638-26-000021,10-Q,2025-12-31,41031,10,2.437,1
1002638,0001002638-25-000096,10-Q,2025-09-30,34663,10,2.885,1
1002638,0001002638-25-000053,10-K,2025-06-30,130110,87,6.687,1
1002638,0001002638-25-000040,10-Q,2025-03-31,42157,6,1.423,0
1002638,0001002638-25-000021,10-Q,2024-12-31,40849,4,0.979,0
1002638,0001002638-24-000075,10-Q,2024-09-30,33853,3,0.886,0
1002638,0001002638-24-000052,10-K,2024-06-30,132061,77,5.831,1
1002638,0001002638-24-000025,10-Q,2024-03-31,53541,5,0.934,0
1002638,0001002638-24-000005,10-Q,2023-12-31,51458,5,0.972,0
1002638,0001002638-23-000032,10-Q,2023-09-30,41811,4,0.957,0
1002638,0001002638-23-000022,10-K,2023-06-30,130697,65,4.973,1
1002638,0001002638-23-000017,10-Q,2023-03-31,53116,4,0.753,0
1002638,0001002638-23-000011,10-Q,2022-12-31,50283,3,0.597,0
1002638,0001002638-22-000041,10-Q,2022-09-30,42221,3,0.711,0
1002638,0001002638-22-000029,10-K,2022-06-30,119515,16,1.339,0
1002638,0001002638-22-000022,10-Q,2022-03-31,47446,3,0.632,0
1002638,0001002638-22-000012,10-Q,2021-12-31,46761,3,0.642,0
1002638,0001002638-21-000041,10-Q,2021-09-30,35857,3,0.837,0
1002638,0001002638-21-000029,10-K,2021-06-30,114652,23,2.006,0
1002638,0001002638-21-000018,10-Q,2021-03-31,45451,3,0.66,0
1002638,0001002638-21-000011,10-Q,2020-12-31,44269,3,0.678,0
1002638,0001002638-20-000046,10-Q,2020-09-30,37426,3,0.802,0
1002638,0001002638-20-000026,10-K,2020-06-30,113178,18,1.59,0
1002638,0001002638-20-000019,10-Q,2020-03-31,52601,2,0.38,0
1002638,0001002638-20-000004,10-Q,2019-12-31,45989,2,0.435,0
1002638,0001002638-19-000024,10-Q,2019-09-30,36067,2,0.555,0
1002638,0001002638-19-000014,10-K,2019-06-30,102144,15,1.469,0
1002638,0001002638-19-000009,10-Q,2019-03-31,47623,2,0.42,0
1002638,0001002638-19-000004,10-Q,2018-12-31,45537,2,0.439,0
1002638,0001002638-18-000029,10-Q,2018-09-30,37888,2,0.528,0
1002638,0001002638-18-000022,10-K,2018-06-30,97682,14,1.433,0
1002638,0001002638-18-000014,10-Q,2018-03-31,39128,5,1.278,0
1005757,0001193125-26-194406,10-K/A,2025-12-31,19830,4,2.017,0
1005757,0001193125-26-059632,10-K,2025-12-31,54962,33,6.004,1
1005757,0001193125-25-269064,10-Q,2025-09-30,22488,1,0.445,0
1005757,0000950170-25-104694,10-Q,2025-06-30,18144,1,0.551,0
1005757,0000950170-25-066561,10-Q,2025-03-31,15986,1,0.626,0
1005757,0000950170-25-023962,10-K,2024-12-31,49984,17,3.401,0
1005757,0000950170-24-122869,10-Q,2024-09-30,17306,0,0.0,0
1005757,0000950170-24-093482,10-Q,2024-06-30,16205,0,0.0,0
1005757,0000950170-24-051767,10-Q,2024-03-31,14205,0,0.0,0
1005757,0000950170-24-016286,10-K,2023-12-31,49674,17,3.422,1
1005757,0000950170-23-057853,10-Q,2023-09-30,18548,0,0.0,0
1005757,0000950170-23-037789,10-Q,2023-06-30,15911,0,0.0,0
1005757,0000950170-23-017565,10-Q,2023-03-31,13979,0,0.0,0
1005757,0000950170-23-003146,10-K,2022-12-31,47827,1,0.209,0
1005757,0000950170-22-021696,10-Q,2022-09-30,17557,0,0.0,0
1005757,0000950170-22-014653,10-Q,2022-06-30,16578,0,0.0,0
1005757,0001564590-22-018177,10-Q,2022-03-31,14900,0,0.0,0
1005757,0000950170-22-001463,10-K,2021-12-31,49526,1,0.202,0
1005757,0001564590-21-054408,10-Q,2021-09-30,18933,0,0.0,0
1005757,0001564590-21-041434,10-Q,2021-06-30,16412,0,0.0,0
1005757,0001564590-21-024767,10-Q,2021-03-31,13582,0,0.0,0
1005757,0001564590-21-006874,10-K,2020-12-31,54239,1,0.184,0
1005757,0001564590-20-051017,10-Q,2020-09-30,16231,0,0.0,0
1005757,0001564590-20-037446,10-Q,2020-06-30,14674,0,0.0,0
1005757,0001564590-20-022554,10-Q,2020-03-31,13415,0,0.0,0
1005757,0001564590-20-005691,10-K,2019-12-31,53916,1,0.185,0
1005757,0001564590-19-039348,10-Q,2019-09-30,16592,0,0.0,0
1005757,0001564590-19-030588,10-Q,2019-06-30,16206,0,0.0,0
1005757,0001564590-19-015660,10-Q,2019-03-31,13798,0,0.0,0
1005757,0001564590-19-003884,10-K,2018-12-31,53914,1,0.185,0
1005757,0001564590-18-028815,10-Q,2018-09-30,19952,0,0.0,0
1005757,0001564590-18-019087,10-Q,2018-06-30,18307,0,0.0,0
1005757,0001564590-18-010923,10-Q,2018-03-31,17020,0,0.0,0
1008586,0001437749-25-020474,10-Q,2025-04-30,24134,0,0.0,0
1008586,0001437749-25-019003,10-K/A,2025-01-31,15687,0,0.0,0
1008586,0001437749-25-018479,10-K/A,2025-01-31,3071,0,0.0,0
1008586,0001437749-25-014208,10-K,2025-01-31,49838,0,0.0,0
1008586,0001437749-24-038124,10-Q,2024-10-31,25120,0,0.0,0
1008586,0001437749-24-029055,10-Q,2024-07-31,21250,0,0.0,0
1008586,0001437749-24-020087,10-Q,2024-04-30,19615,0,0.0,0
1008586,0001493152-24-017297,10-K,2024-01-31,46330,0,0.0,0
1008586,0001493152-23-044918,10-Q,2023-10-31,20348,0,0.0,0
1008586,0001493152-23-032654,10-Q,2023-07-31,16129,0,0.0,0
1008586,0001493152-23-021263,10-Q,2023-04-30,14443,2,1.385,0
1008586,0001493152-23-013852,10-K,2023-01-31,44752,0,0.0,0
1008586,0001493152-22-035567,10-Q,2022-10-31,22793,4,1.755,0
1008586,0001493152-22-025383,10-Q,2022-07-31,20280,0,0.0,0
1008586,0001493152-22-016334,10-Q,2022-04-30,18117,0,0.0,0
1008586,0001493152-22-011434,10-K,2022-01-31,47010,0,0.0,0
1008586,0001493152-21-031462,10-Q,2021-10-31,23131,0,0.0,0
1008586,0001493152-21-022700,10-Q,2021-07-31,19396,0,0.0,0
1008586,0001493152-21-013916,10-Q,2021-04-30,16302,0,0.0,0
1008586,0001493152-21-009467,10-K,2021-01-31,40612,0,0.0,0
1008586,0001493152-20-023278,10-Q,2020-10-31,19680,0,0.0,0
1008586,0001493152-20-017564,10-Q,2020-07-31,19096,0,0.0,0
1008586,0001493152-20-011010,10-Q,2020-04-30,16725,0,0.0,0
1008586,0001493152-20-006930,10-K,2020-01-31,40051,1,0.25,0
1008586,0001558370-20-000067,10-Q,2019-10-31,25959,0,0.0,0
1008586,0001558370-19-008592,10-Q,2019-07-31,23859,0,0.0,0
1008586,0001558370-19-005680,10-Q,2019-04-30,21085,0,0.0,0
1008586,0001558370-19-003142,10-K,2019-01-31,37391,1,0.267,0
1008586,0001558370-18-009709,10-Q,2018-10-31,23387,0,0.0,0
1008586,0001558370-18-007448,10-Q,2018-07-31,23025,0,0.0,0
1008586,0001628280-18-007833,10-Q,2018-04-30,20938,0,0.0,0
1008586,0001104659-18-036731,10-K/A,2018-01-31,12867,0,0.0,0
1008586,0001628280-18-004993,10-K,2018-01-31,37542,1,0.266,0
1010612,0001564590-21-042611,10-Q,2021-06-30,24245,6,2.475,0
1010612,0001564590-21-024026,10-Q,2021-03-31,19218,6,3.122,0
1010612,0001564590-21-009418,10-K,2020-12-31,58855,16,2.719,0
1010612,0001564590-20-051303,10-Q,2020-09-30,25266,5,1.979,0
1010612,0001564590-20-036112,10-Q,2020-06-30,22924,5,2.181,0
1010612,0001564590-20-021248,10-Q,2020-03-31,19784,5,2.527,0
1010612,0001564590-20-007363,10-K,2019-12-31,58182,15,2.578,0
1010612,0001564590-19-040493,10-Q,2019-09-30,30215,8,2.648,0
1010612,0001564590-19-028364,10-Q,2019-06-30,29436,8,2.718,0
1010612,0001564590-19-016495,10-Q,2019-03-31,25049,8,3.194,0
1010612,0001564590-19-004457,10-K,2018-12-31,59423,18,3.029,0
1010612,0001564590-18-027382,10-Q,2018-09-30,31927,3,0.94,0
1010612,0001193125-18-241061,10-Q,2018-06-30,30376,3,0.988,0
1010612,0001193125-18-155968,10-Q,2018-03-31,26520,3,1.131,0
1013237,0001628280-26-000223,10-Q,2025-11-30,26323,11,4.179,0
1013237,0001628280-25-045769,10-K,2025-08-31,53802,66,12.267,1
1013237,0001013237-25-000070,10-Q,2025-05-31,30409,7,2.302,1
1013237,0001013237-25-000051,10-Q,2025-02-28,29682,7,2.358,1
1013237,0001013237-25-000010,10-Q,2024-11-30,26486,7,2.643,1
1013237,0001013237-24-000141,10-K,2024-08-31,55209,31,5.615,1
1013237,0001013237-24-000084,10-Q,2024-05-31,28107,2,0.712,1
1013237,0001013237-24-000049,10-Q,2024-02-29,28182,2,0.71,1
1013237,0001013237-24-000009,10-Q,2023-11-30,24798,2,0.807,1
1013237,0001013237-23-000128,10-K,2023-08-31,55318,15,2.712,1
1013237,0001013237-23-000070,10-Q,2023-05-31,31275,0,0.0,0
1013237,0001013237-23-000044,10-Q,2023-02-28,31302,0,0.0,0
1013237,0001013237-23-000006,10-Q,2022-11-30,26376,0,0.0,0
1013237,0001013237-22-000159,10-K,2022-08-31,59402,2,0.337,0
1013237,0001013237-22-000096,10-Q,2022-05-31,35531,2,0.563,0
1013237,0001013237-22-000058,10-Q,2022-02-28,32062,2,0.624,0
1013237,0001013237-22-000005,10-Q,2021-11-30,23024,2,0.869,0
1013237,0001013237-21-000142,10-K,2021-08-31,52400,2,0.382,0
1013237,0001013237-21-000069,10-Q,2021-05-31,26577,2,0.753,0
1013237,0001013237-21-000048,10-Q,2021-02-28,27799,2,0.719,0
1013237,0001013237-21-000007,10-Q,2020-11-30,23616,2,0.847,0
1013237,0001013237-20-000153,10-K,2020-08-31,53193,0,0.0,0
1013237,0001013237-20-000103,10-Q,2020-05-31,29942,0,0.0,0
1013237,0001013237-20-000061,10-Q,2020-02-29,27165,0,0.0,0
1013237,0001013237-20-000015,10-Q,2019-11-30,22957,0,0.0,0
1013237,0001437749-19-020894,10-K,2019-08-31,56592,0,0.0,0
1013237,0001437749-19-013742,10-Q,2019-05-31,29619,0,0.0,0
1013237,0001437749-19-006813,10-Q,2019-02-28,29793,0,0.0,0
1013237,0001437749-19-000591,10-Q,2018-11-30,25041,0,0.0,0
1013237,0001437749-18-019028,10-K,2018-08-31,54044,0,0.0,0
1013237,0001437749-18-013171,10-Q,2018-05-31,29319,0,0.0,0
1013237,0001437749-18-006528,10-Q,2018-02-28,28294,0,0.0,0
1013857,0001013857-26-000017,10-K,2025-12-31,42294,64,15.132,1
1013857,0001013857-25-000218,10-Q,2025-09-30,17086,4,2.341,1
1013857,0001013857-25-000210,10-Q,2025-06-30,16600,4,2.41,1
1013857,0001013857-25-000104,10-Q,2025-03-31,14449,4,2.768,1
1013857,0001013857-25-000024,10-K,2024-12-31,42785,47,10.985,1
1013857,0001013857-24-000226,10-Q,2024-09-30,15387,3,1.95,0
1013857,0001013857-24-000155,10-Q,2024-06-30,14754,3,2.033,0
1013857,0001013857-24-000085,10-Q,2024-03-31,13266,3,2.261,0
1013857,0001013857-24-000012,10-K,2023-12-31,42488,22,5.178,1
1013857,0001013857-23-000197,10-Q,2023-09-30,14748,1,0.678,0
1013857,0001013857-23-000144,10-Q,2023-06-30,14230,1,0.703,0
1013857,0001013857-23-000075,10-Q,2023-03-31,13008,1,0.769,0
1013857,0001013857-23-000020,10-K,2022-12-31,40495,11,2.716,0
1013857,0001013857-22-000175,10-Q,2022-09-30,15983,0,0.0,0
1013857,0001013857-22-000137,10-Q,2022-06-30,15386,0,0.0,0
1013857,0001013857-22-000089,10-Q,2022-03-31,13246,0,0.0,0
1013857,0001013857-22-000042,10-K,2021-12-31,40249,8,1.988,0
1013857,0001013857-21-000242,10-Q,2021-09-30,13301,2,1.504,0
1013857,0001013857-21-000175,10-Q,2021-06-30,13153,2,1.521,0
1013857,0001013857-21-000093,10-Q,2021-03-31,11016,2,1.816,0
1013857,0001013857-21-000032,10-K,2020-12-31,39351,14,3.558,0
1013857,0001013857-20-000039,10-Q,2020-09-30,15136,2,1.321,0
1013857,0001013857-20-000023,10-Q,2020-06-30,14381,2,1.391,0
1013857,0001013857-20-000015,10-Q,2020-03-31,13705,2,1.459,0
1013857,0001013857-20-000007,10-K,2019-12-31,34555,13,3.762,0
1013857,0001013857-19-000033,10-Q,2019-09-30,12690,2,1.576,0
1013857,0001013857-19-000024,10-Q,2019-06-30,11532,2,1.734,0
1013857,0001013857-19-000014,10-Q,2019-03-31,8950,2,2.235,0
1013857,0001013857-19-000005,10-K,2018-12-31,33171,13,3.919,0
1013857,0001193125-18-320886,10-Q,2018-09-30,12343,0,0.0,0
1013857,0001193125-18-242751,10-Q,2018-06-30,12037,0,0.0,0
1013857,0001193125-18-159252,10-Q,2018-03-31,11701,0,0.0,0
1014052,0001213900-24-052894,10-Q,2024-04-30,32741,0,0.0,0
1014052,0001213900-24-025177,10-Q,2024-01-31,32208,0,0.0,0
1014052,0001213900-23-098334,10-Q,2023-10-31,27519,0,0.0,0
1014052,0001213900-23-089905,10-K,2023-07-31,55500,0,0.0,0
1014052,0001213900-23-049271,10-Q,2023-04-30,33728,0,0.0,0
1014052,0001213900-23-021011,10-Q,2023-01-31,35283,0,0.0,0
1014052,0001213900-22-080200,10-Q,2022-10-31,31562,0,0.0,0
1014052,0001213900-22-067679,10-K,2022-07-31,52336,0,0.0,0
1014052,0001213900-22-033744,10-Q,2022-04-30,30956,0,0.0,0
1014052,0001213900-22-013287,10-Q,2022-01-31,26883,0,0.0,0
1014052,0001213900-21-065182,10-Q,2021-10-31,20208,0,0.0,0
1014052,0001213900-21-054631,10-K,2021-07-31,43255,0,0.0,0
1014052,0001213900-21-031746,10-Q,2021-04-30,27097,0,0.0,0
1014052,0001213900-21-015732,10-Q,2021-01-31,27057,0,0.0,0
1014052,0001213900-20-042508,10-Q,2020-10-31,19853,0,0.0,0
1014052,0001213900-20-033960,10-K,2020-07-31,45035,0,0.0,0
1014052,0001213900-20-014518,10-Q,2020-04-30,28405,0,0.0,0
1014052,0001213900-20-005621,10-Q,2020-01-31,25501,0,0.0,0
1014052,0001213900-19-026157,10-Q,2019-10-31,20259,0,0.0,0
1014052,0001213900-19-021294,10-K,2019-07-31,45177,1,0.221,0
1014052,0001213900-19-010796,10-Q,2019-04-30,18040,0,0.0,0
1014052,0001213900-19-007227,10-Q/A,2019-01-31,915,0,0.0,0
1014052,0001213900-19-007224,10-K/A,2018-07-31,1878,0,0.0,0
1014052,0001213900-19-004372,10-Q,2019-01-31,15452,0,0.0,0
1014052,0001213900-19-002388,10-K/A,2018-07-31,848,0,0.0,0
1014052,0001213900-19-002381,10-Q/A,2018-04-30,621,0,0.0,0
1014052,0001213900-19-002377,10-Q/A,2018-01-31,621,0,0.0,0
1014052,0001213900-18-017369,10-Q,2018-10-31,10930,0,0.0,0
1014052,0001213900-18-016037,10-K,2018-07-31,30845,1,0.324,0
1014052,0001213900-18-007652,10-Q,2018-04-30,14158,0,0.0,0
1014052,0001213900-18-003300,10-Q,2018-01-31,10652,0,0.0,0
1014473,0001014473-26-000006,10-K,2025-12-31,36241,26,7.174,0
1014473,0001014473-25-000046,10-Q,2025-09-30,10288,2,1.944,0
1014473,0001014473-25-000036,10-Q,2025-06-30,10434,2,1.917,0
1014473,0001014473-25-000021,10-Q,2025-03-31,17650,6,3.399,0
1014473,0001014473-25-000006,10-K,2024-12-31,35143,2,0.569,0
1014473,0001014473-24-000040,10-Q,2024-09-30,9391,0,0.0,0
1014473,0001014473-24-000033,10-Q,2024-06-30,9004,0,0.0,0
1014473,0001014473-24-000023,10-Q,2024-03-31,8260,0,0.0,0
1014473,0001014473-24-000006,10-K,2023-12-31,34995,1,0.286,0
1014473,0001014473-23-000038,10-Q,2023-09-30,17533,1,0.57,0
1014473,0001014473-23-000033,10-Q,2023-06-30,9275,0,0.0,0
1014473,0001014473-23-000019,10-Q,2023-03-31,7666,0,0.0,0
1014473,0001014473-23-000005,10-K,2022-12-31,33548,0,0.0,0
1014473,0001014473-22-000027,10-Q,2022-09-30,9030,0,0.0,0
1014473,0001014473-22-000023,10-Q,2022-06-30,8943,0,0.0,0
1014473,0001014473-22-000016,10-Q,2022-03-31,7867,0,0.0,0
1014473,0001014473-22-000007,10-K,2021-12-31,35091,0,0.0,0
1014473,0001014473-21-000027,10-Q,2021-09-30,10566,0,0.0,0
1014473,0001014473-21-000023,10-Q,2021-06-30,10843,0,0.0,0
1014473,0001014473-21-000015,10-Q,2021-03-31,9231,0,0.0,0
1014473,0001014473-21-000005,10-K,2020-12-31,36350,0,0.0,0
1014473,0001014473-20-000034,10-Q,2020-09-30,21733,0,0.0,0
1014473,0001014473-20-000029,10-Q,2020-06-30,21419,0,0.0,0
1014473,0001014473-20-000019,10-Q,2020-03-31,20490,0,0.0,0
1014473,0001014473-20-000006,10-K,2019-12-31,37677,0,0.0,0
1014473,0001014473-19-000037,10-Q,2019-09-30,21249,0,0.0,0
1014473,0001014473-19-000030,10-Q,2019-06-30,21063,0,0.0,0
1014473,0001014473-19-000015,10-Q,2019-03-31,19632,0,0.0,0
1014473,0001014473-19-000005,10-K,2018-12-31,39838,0,0.0,0
1014473,0001014473-18-000040,10-Q,2018-09-30,22117,0,0.0,0
1014473,0001014473-18-000036,10-Q,2018-06-30,21740,0,0.0,0
1014473,0001014473-18-000028,10-Q,2018-03-31,20726,0,0.0,0
1017968,0001193125-18-323498,10-Q,2018-09-30,17442,0,0.0,0
1017968,0001193125-18-243708,10-Q,2018-06-30,16296,0,0.0,0
1017968,0001193125-18-159185,10-Q,2018-03-31,13965,0,0.0,0
1022505,0001493152-26-006931,10-Q,2025-12-31,12757,2,1.568,1
1022505,0001493152-25-028364,10-K,2025-09-30,33715,8,2.373,1
1022505,0001641172-25-023326,10-Q,2025-06-30,12667,0,0.0,0
1022505,0001641172-25-008957,10-Q,2025-03-31,12495,0,0.0,0
1022505,0001493152-25-010194,10-K/A,2024-09-30,2766,0,0.0,0
1022505,0001493152-25-004944,10-Q,2024-12-31,11441,0,0.0,0
1022505,0001493152-24-049837,10-K,2024-09-30,42069,8,1.902,1
1022505,0001493152-24-030485,10-Q,2024-06-30,12535,2,1.596,1
1022505,0001493152-24-018014,10-Q,2024-03-31,11803,0,0.0,0
1022505,0001493152-24-005198,10-Q,2023-12-31,11232,0,0.0,0
1022505,0001493152-23-046278,10-K,2023-09-30,42902,2,0.466,1
1022505,0001493152-23-027260,10-Q,2023-06-30,11739,0,0.0,0
1022505,0001493152-23-015867,10-Q,2023-03-31,11162,0,0.0,0
1022505,0001493152-23-003998,10-Q,2022-12-31,10283,0,0.0,0
1022505,0001493152-22-036042,10-K,2022-09-30,39446,0,0.0,0
1022505,0001493152-22-022846,10-Q,2022-06-30,9965,0,0.0,0
1022505,0001493152-22-013355,10-Q,2022-03-31,8811,0,0.0,0
1022505,0001493152-22-004467,10-Q,2021-12-31,8809,0,0.0,0
1022505,0001493152-21-032215,10-K,2021-09-30,41032,1,0.244,0
1022505,0001493152-21-020128,10-Q,2021-06-30,13849,0,0.0,0
1022505,0001493152-21-011823,10-Q,2021-03-31,15984,0,0.0,0
1022505,0001493152-21-003963,10-Q,2020-12-31,7872,0,0.0,0
1022505,0001493152-20-024396,10-K,2020-09-30,25979,1,0.385,0
1022505,0001493152-20-015702,10-Q,2020-06-30,7290,0,0.0,0
1022505,0001493152-20-009098,10-Q,2020-03-31,7291,0,0.0,0
1022505,0001493152-20-002637,10-Q/A,2019-12-31,6539,0,0.0,0
1022505,0001493152-20-002493,10-Q,2019-12-31,6476,0,0.0,0
1022505,0001493152-20-000463,10-K,2019-09-30,26031,0,0.0,0
1022505,0001493152-19-016248,10-Q,2019-06-30,6821,0,0.0,0
1022505,0001493152-19-008708,10-Q,2019-03-31,7759,0,0.0,0
1022505,0001493152-19-002079,10-Q,2018-12-31,7934,0,0.0,0
1022505,0001493152-18-018144,10-K,2018-09-30,21690,0,0.0,0
1022505,0001493152-18-011915,10-Q,2018-06-30,8528,0,0.0,0
1022505,0001493152-18-007011,10-Q,2018-03-31,8263,0,0.0,0
1023364,0001851734-22-000434,10-Q,2022-06-30,19222,0,0.0,0
1023364,0001851734-22-000267,10-Q,2022-03-31,15668,0,0.0,0
1023364,0001851734-22-000161,10-K,2021-12-31,46616,0,0.0,0
1023364,0001851734-21-000036,10-Q,2021-09-30,17772,0,0.0,0
1023364,0001654954-21-008566,10-Q,2021-06-30,17646,0,0.0,0
1023364,0001654954-21-005222,10-Q,2021-03-31,13109,0,0.0,0
1023364,0001654954-21-002627,10-K,2020-12-31,47977,0,0.0,0
1023364,0001654954-20-011897,10-Q,2020-09-30,17037,0,0.0,0
1023364,0001654954-20-008481,10-Q,2020-06-30,15427,0,0.0,0
1023364,0001654954-20-005068,10-Q,2020-03-31,14150,0,0.0,0
1023364,0001654954-20-003358,10-K,2019-12-31,46563,0,0.0,0
1023364,0001654954-19-012484,10-Q,2019-09-30,14325,0,0.0,0
1023364,0001654954-19-008979,10-Q,2019-06-30,13893,0,0.0,0
1023364,0001654954-19-005561,10-Q,2019-03-31,11241,0,0.0,0
1023364,0001654954-19-002504,10-K/A,2018-12-31,5929,0,0.0,0
1023364,0001654954-19-002411,10-K,2018-12-31,46518,0,0.0,0
1023364,0001654954-18-012227,10-Q,2018-09-30,18192,0,0.0,0
1023364,0001654954-18-008367,10-Q,2018-06-30,16361,0,0.0,0
1023364,0001654954-18-005052,10-Q,2018-03-31,14255,0,0.0,0
1023459,0001023459-26-000006,10-Q,2025-11-30,16223,1,0.616,0
1023459,0001023459-25-000060,10-K,2025-08-31,47864,50,10.446,1
1023459,0001023459-25-000049,10-Q,2025-05-31,22142,35,15.807,0
1023459,0001023459-25-000032,10-Q,2025-02-28,20036,35,17.469,0
1023459,0001023459-25-000012,10-Q,2024-11-30,16288,0,0.0,0
1023459,0001023459-24-000136,10-K,2024-08-31,45306,16,3.532,1
1023459,0001023459-24-000092,10-Q,2024-05-31,22992,6,2.61,0
1023459,0001023459-24-000048,10-Q,2024-02-29,21386,6,2.806,0
1023459,0001023459-24-000011,10-Q,2023-11-30,18214,1,0.549,0
1023459,0001023459-23-000124,10-K,2023-08-31,48947,13,2.656,1
1023459,0001023459-23-000087,10-Q,2023-05-31,18906,1,0.529,0
1023459,0001023459-23-000056,10-Q,2023-02-28,17471,1,0.572,0
1023459,0001023459-23-000011,10-Q,2022-11-30,13639,4,2.933,0
1023459,0001023459-22-000080,10-K,2022-08-31,41894,7,1.671,0
1023459,0001023459-22-000015,10-Q,2022-05-31,18398,2,1.087,0
1023459,0001683168-22-002474,10-Q,2022-02-28,18078,3,1.659,0
1023459,0001683168-22-000173,10-Q,2021-11-30,14999,3,2.0,0
1023459,0001683168-21-005076,10-K,2021-08-31,47084,15,3.186,0
1023459,0001683168-21-002972,10-Q,2021-05-31,21241,6,2.825,0
1023459,0001683168-21-001390,10-Q,2021-02-28,18242,5,2.741,0
1023459,0001683168-21-000102,10-Q,2020-11-30,15263,4,2.621,0
1023459,0001683168-20-003974,10-K,2020-08-31,43971,7,1.592,0
1023459,0001683168-20-002377,10-Q/A,2020-05-31,11968,0,0.0,0
1023459,0001683168-20-002230,10-Q,2020-05-31,21063,10,4.748,0
1023459,0001683168-20-001136,10-Q,2020-02-29,20878,11,5.269,0
1023459,0001683168-20-000066,10-Q,2019-11-30,18299,10,5.465,0
1023459,0001683168-19-003572,10-K,2019-08-31,38170,10,2.62,0
1023459,0001683168-19-002153,10-Q,2019-05-31,20323,10,4.921,0
1023459,0001683168-19-000984,10-Q,2019-02-28,20075,10,4.981,0
1023459,0001683168-19-000054,10-Q,2018-11-30,18512,10,5.402,0
1023459,0001683168-18-003442,10-K,2018-08-31,39467,10,2.534,0
1023459,0001683168-18-001918,10-Q,2018-05-31,20075,10,4.981,0
1023459,0001683168-18-000956,10-Q,2018-02-28,20168,1,0.496,0
1023731,0001023731-26-000010,10-Q,2025-12-31,19266,4,2.076,0
1023731,0001023731-25-000107,10-Q,2025-09-30,19230,2,1.04,0
1023731,0001023731-25-000081,10-Q,2025-06-30,17067,2,1.172,0
1023731,0001023731-25-000039,10-K,2025-03-31,57425,38,6.617,0
1023731,0001023731-25-000006,10-Q,2024-12-31,19577,6,3.065,0
1023731,0001023731-24-000120,10-Q,2024-09-30,18158,6,3.304,0
1023731,0001023731-24-000073,10-Q,2024-06-30,15600,6,3.846,0
1023731,0001023731-24-000042,10-K,2024-03-31,54443,32,5.878,1
1023731,0001023731-24-000006,10-Q,2023-12-31,17136,12,7.003,1
1023731,0001023731-23-000151,10-Q,2023-09-30,15581,12,7.702,1
1023731,0001023731-23-000129,10-Q,2023-06-30,14015,12,8.562,1
1023731,0001023731-23-000061,10-K,2023-03-31,50634,22,4.345,1
1023731,0001023731-23-000020,10-Q,2022-12-31,20985,0,0.0,0
1023731,0001023731-22-000214,10-Q,2022-09-30,20947,0,0.0,0
1023731,0001023731-22-000169,10-Q,2022-06-30,15392,0,0.0,0
1023731,0001023731-22-000087,10-K,2022-03-31,51945,7,1.348,0
1023731,0001023731-22-000034,10-Q,2021-12-31,17101,0,0.0,0
1023731,0001023731-21-000243,10-Q,2021-09-30,14909,0,0.0,0
1023731,0001023731-21-000161,10-Q,2021-06-30,13827,0,0.0,0
1023731,0001023731-21-000091,10-K,2021-03-31,48010,10,2.083,0
1023731,0001023731-21-000035,10-Q,2020-12-31,16054,0,0.0,0
1023731,0001023731-20-000179,10-Q,2020-09-30,15508,0,0.0,0
1023731,0001023731-20-000106,10-Q,2020-06-30,15191,0,0.0,0
1023731,0001023731-20-000049,10-K,2020-03-31,57983,13,2.242,0
1023731,0001023731-20-000020,10-Q,2019-12-31,17038,0,0.0,0
1023731,0001023731-19-000146,10-Q,2019-09-30,15901,0,0.0,0
1023731,0001023731-19-000079,10-Q,2019-06-30,33690,0,0.0,0
1023731,0001023731-19-000037,10-K,2019-03-31,57173,12,2.099,0
1023731,0001023731-19-000008,10-Q,2018-12-31,29435,4,1.359,0
1023731,0001136261-18-000295,10-Q,2018-09-30,28998,0,0.0,0
1023731,0001136261-18-000201,10-Q,2018-06-30,10186,0,0.0,0
1023731,0001136261-18-000158,10-K,2018-03-31,47350,7,1.478,0
1034760,0001654954-26-002749,10-K,2025-12-31,37687,5,1.327,0
1034760,0001654954-25-012988,10-Q,2025-09-30,13751,2,1.454,0
1034760,0001654954-25-009641,10-Q,2025-06-30,12764,2,1.567,0
1034760,0001654954-25-005745,10-Q,2025-03-31,10392,1,0.962,0
1034760,0001654954-25-004836,10-K/A,2024-12-31,9863,0,0.0,0
1034760,0001654954-25-004306,10-K,2024-12-31,38600,4,1.036,0
1034760,0001654954-24-014263,10-Q,2024-09-30,11823,1,0.846,0
1034760,0001654954-24-010643,10-Q,2024-06-30,11872,1,0.842,0
1034760,0001654954-24-006397,10-Q,2024-03-31,9670,1,1.034,0
1034760,0001654954-24-003664,10-K,2023-12-31,38764,4,1.032,0
1034760,0001654954-23-014354,10-Q,2023-09-30,12741,0,0.0,0
1034760,0001654954-23-010759,10-Q,2023-06-30,12070,0,0.0,0
1034760,0001654954-23-006572,10-Q,2023-03-31,10641,0,0.0,0
1034760,0001654954-23-003960,10-K,2022-12-31,39894,1,0.251,0
1034760,0001654954-22-015266,10-Q,2022-09-30,14812,0,0.0,0
1034760,0001654954-22-011366,10-Q,2022-06-30,15632,0,0.0,0
1034760,0001654954-22-006878,10-Q,2022-03-31,11717,0,0.0,0
1034760,0001654954-22-003918,10-K,2021-12-31,40199,1,0.249,0
1034760,0001654954-21-012200,10-Q,2021-09-30,13120,0,0.0,0
1034760,0001654954-21-009056,10-Q,2021-06-30,12024,0,0.0,0
1034760,0001654954-21-005694,10-Q,2021-03-31,9837,0,0.0,0
1034760,0001654954-21-003119,10-K,2020-12-31,36400,0,0.0,0
1034760,0001654954-20-012467,10-Q,2020-09-30,10942,0,0.0,0
1034760,0001654954-20-009066,10-Q,2020-06-30,10360,0,0.0,0
1034760,0001654954-20-005470,10-Q,2020-03-31,8857,0,0.0,0
1034760,0001654954-20-003103,10-K,2019-12-31,35126,0,0.0,0
1034760,0001654954-19-012974,10-Q,2019-09-30,12744,0,0.0,0
1034760,0001654954-19-009559,10-Q,2019-06-30,12175,0,0.0,0
1034760,0001654954-19-005900,10-Q,2019-03-31,10666,0,0.0,0
1034760,0001654954-19-003090,10-K,2018-12-31,36314,0,0.0,0
1034760,0001654954-18-012717,10-Q,2018-09-30,14464,0,0.0,0
1034760,0001144204-18-044683,10-Q,2018-06-30,13730,0,0.0,0
1034760,0001144204-18-028214,10-Q,2018-03-31,12180,0,0.0,0
1040426,0001193125-18-234146,10-Q,2018-06-30,29706,0,0.0,0
1040426,0001193125-18-149975,10-Q,2018-03-31,24692,0,0.0,0
1044777,0001044777-26-000008,10-K,2025-12-31,61803,22,3.56,1
1044777,0001044777-25-000034,10-Q,2025-09-30,24989,0,0.0,0
1044777,0001044777-25-000017,10-Q,2025-06-30,23901,0,0.0,0
1044777,0001044777-25-000002,10-Q,2025-03-31,17402,0,0.0,0
1044777,0001628280-25-008750,10-K,2024-12-31,59219,8,1.351,1
1044777,0001628280-24-044353,10-Q,2024-09-30,22309,0,0.0,0
1044777,0001628280-24-034222,10-Q,2024-06-30,21951,0,0.0,0
1044777,0001628280-24-020067,10-Q,2024-03-31,17707,0,0.0,0
1044777,0001628280-24-009466,10-K,2023-12-31,59309,3,0.506,1
1044777,0001628280-23-037934,10-Q,2023-09-30,22601,0,0.0,0
1044777,0001628280-23-028665,10-Q,2023-06-30,21628,0,0.0,0
1044777,0001628280-23-015809,10-Q,2023-03-31,16835,0,0.0,0
1044777,0001628280-23-005639,10-K,2022-12-31,57475,0,0.0,0
1044777,0001558370-22-015830,10-Q,2022-09-30,22256,0,0.0,0
1044777,0001558370-22-012167,10-Q,2022-06-30,20880,0,0.0,0
1044777,0001558370-22-006804,10-Q,2022-03-31,16414,0,0.0,0
1044777,0001558370-22-001601,10-K,2021-12-31,54410,1,0.184,0
1044777,0001558370-21-014082,10-Q,2021-09-30,19860,0,0.0,0
1044777,0001558370-21-010220,10-Q,2021-06-30,19726,0,0.0,0
1044777,0001558370-21-005697,10-Q,2021-03-31,18133,0,0.0,0
1044777,0001558370-21-001842,10-K,2020-12-31,57869,1,0.173,0
1044777,0001558370-20-012791,10-Q,2020-09-30,23718,0,0.0,0
1044777,0001558370-20-010617,10-Q,2020-06-30,22430,0,0.0,0
1044777,0001558370-20-005651,10-Q,2020-03-31,14974,0,0.0,0
1044777,0001558370-20-002752,10-K,2019-12-31,48138,1,0.208,0
1044777,0001558370-19-009414,10-Q,2019-09-30,16249,0,0.0,0
1044777,0001558370-19-006642,10-Q,2019-06-30,15968,0,0.0,0
1044777,0001558370-19-004285,10-Q,2019-03-31,17526,0,0.0,0
1044777,0001558370-19-002169,10-K,2018-12-31,54331,1,0.184,0
1044777,0001558370-18-008362,10-Q,2018-09-30,21435,0,0.0,0
1044777,0001558370-18-006359,10-Q,2018-06-30,20349,0,0.0,0
1044777,0001558370-18-004508,10-Q,2018-03-31,19224,0,0.0,0
1046327,0001046327-22-000077,10-Q,2022-09-30,29619,27,9.116,0
1046327,0001046327-22-000067,10-Q,2022-06-30,28087,27,9.613,0
1046327,0001046327-22-000039,10-Q,2022-03-31,21831,27,12.368,0
1046327,0001046327-22-000030,10-K/A,2021-12-31,22474,3,1.335,0
1046327,0001046327-22-000016,10-K,2021-12-31,39498,38,9.621,0
1046327,0001046327-21-000042,10-Q,2021-09-30,25462,26,10.211,0
1046327,0001046327-21-000033,10-Q,2021-06-30,24889,26,10.446,0
1046327,0001628280-21-010092,10-Q,2021-03-31,21825,23,10.538,0
1046327,0001046327-21-000020,10-K/A,2020-12-31,21622,1,0.462,0
1046327,0001046327-21-000018,10-K,2020-12-31,41970,17,4.051,0
1046327,0001046327-20-000075,10-Q,2020-09-30,28915,3,1.038,0
1046327,0001046327-20-000055,10-Q,2020-06-30,28144,3,1.066,0
1046327,0001046327-20-000039,10-Q,2020-03-31,25579,3,1.173,0
1046327,0001046327-20-000030,10-K/A,2019-12-31,20041,1,0.499,0
1046327,0001046327-20-000024,10-K,2019-12-31,44769,11,2.457,0
1046327,0001046327-19-000041,10-Q,2019-09-30,29827,2,0.671,0
1046327,0001046327-19-000034,10-Q,2019-06-30,29178,2,0.685,0
1046327,0001046327-19-000025,10-Q,2019-03-31,25731,2,0.777,0
1046327,0001046327-19-000018,10-K/A,2019-04-30,21965,3,1.366,0
1046327,0001046327-19-000010,10-K,2018-12-31,39275,1,0.255,0
1046327,0001046327-18-000042,10-Q,2018-09-30,24383,0,0.0,0
1046327,0001046327-18-000035,10-Q,2018-06-30,24385,0,0.0,0
1046327,0001046327-18-000028,10-Q,2018-03-31,22268,0,0.0,0
1052054,0001104659-22-116514,10-Q,2022-09-30,16988,0,0.0,0
1052054,0001104659-22-089553,10-Q,2022-06-30,16063,0,0.0,0
1052054,0001104659-22-059579,10-Q,2022-03-31,12506,0,0.0,0
1052054,0001104659-22-045232,10-K/A,2021-12-31,1400,0,0.0,0
1052054,0001104659-22-044364,10-K,2021-12-31,27969,5,1.788,0
1052054,0001562762-21-000443,10-Q,2021-09-30,16817,0,0.0,0
1052054,0001562762-21-000340,10-Q,2021-06-30,15319,0,0.0,0
1052054,0001562762-21-000223,10-Q,2021-03-31,12930,0,0.0,0
1052054,0001562762-21-000140,10-K/A,2020-12-31,14766,0,0.0,0
1052054,0001562762-21-000123,10-K,2020-12-31,45041,1,0.222,0
1052054,0001562762-20-000412,10-Q,2020-09-30,17278,0,0.0,0
1052054,0001562762-20-000342,10-Q,2020-06-30,17323,0,0.0,0
1052054,0001562762-20-000189,10-Q,2020-03-31,15004,0,0.0,0
1052054,0001104659-20-040523,10-K,2019-12-31,40308,1,0.248,0
1052054,0001104659-19-062690,10-Q,2019-09-30,16327,0,0.0,0
1052054,0001104659-19-046527,10-Q,2019-06-30,16114,0,0.0,0
1052054,0001104659-19-029793,10-Q,2019-03-31,13307,0,0.0,0
1052054,0001104659-19-019960,10-K,2018-12-31,43900,1,0.228,0
1052054,0001104659-18-067939,10-Q,2018-09-30,17891,0,0.0,0
1052054,0001104659-18-051983,10-Q,2018-06-30,17921,0,0.0,0
1052054,0001104659-18-033439,10-Q,2018-03-31,14531,0,0.0,0
1053374,0001144204-18-063646,10-Q/A,2018-06-30,1288,0,0.0,0
1053374,0001104659-18-068435,10-Q/A,2018-06-30,1287,0,0.0,0
1053374,0001053374-18-000079,10-Q,2018-09-30,14304,0,0.0,0
1053374,0001053374-18-000067,10-Q/A,2018-06-30,1656,0,0.0,0
1053374,0001053374-18-000065,10-Q,2018-06-30,13059,1,0.766,0
1053374,0001053374-18-000043,10-Q,2018-03-31,11559,1,0.865,0
1056386,0001628280-20-007086,10-K,2019-12-31,83409,1,0.12,0
1056386,0001628280-19-013989,10-Q,2019-09-30,20292,0,0.0,0
1056386,0001628280-19-010459,10-Q,2019-06-30,18589,0,0.0,0
1056386,0001628280-19-006464,10-Q,2019-03-31,15886,0,0.0,0
1056386,0001628280-19-003089,10-K,2018-12-31,58285,1,0.172,0
1056386,0001628280-18-013331,10-Q,2018-09-30,15871,0,0.0,0
1056386,0001628280-18-010354,10-Q,2018-06-30,14785,0,0.0,0
1056386,0001628280-18-005864,10-Q,2018-03-31,13609,0,0.0,0
1058290,0001058290-26-000008,10-K,2025-12-31,52251,113,21.626,1
1058290,0001058290-25-000341,10-Q,2025-09-30,22963,11,4.79,1
1058290,0001058290-25-000267,10-Q,2025-06-30,21663,11,5.078,1
1058290,0001058290-25-000125,10-Q,2025-03-31,18052,11,6.094,1
1058290,0001058290-25-000017,10-K,2024-12-31,52481,84,16.006,1
1058290,0001058290-24-000327,10-Q,2024-09-30,24111,9,3.733,1
1058290,0001058290-24-000242,10-Q,2024-06-30,22867,9,3.936,1
1058290,0001058290-24-000116,10-Q,2024-03-31,18312,9,4.915,1
1058290,0001058290-24-000017,10-K,2023-12-31,53031,35,6.6,1
1058290,0001058290-23-000330,10-Q,2023-09-30,24392,0,0.0,0
1058290,0001058290-23-000258,10-Q,2023-06-30,23493,0,0.0,0
1058290,0001058290-23-000133,10-Q,2023-03-31,18388,0,0.0,0
1058290,0001058290-23-000027,10-K,2022-12-31,51672,8,1.548,0
1058290,0001058290-22-000321,10-Q,2022-09-30,24037,0,0.0,0
1058290,0001058290-22-000241,10-Q,2022-06-30,22199,0,0.0,0
1058290,0001058290-22-000113,10-Q,2022-03-31,18866,0,0.0,0
1058290,0001058290-22-000023,10-K,2021-12-31,51576,12,2.327,0
1058290,0001058290-21-000279,10-Q,2021-09-30,26076,6,2.301,0
1058290,0001058290-21-000212,10-Q,2021-06-30,25013,6,2.399,0
1058290,0001058290-21-000103,10-Q,2021-03-31,20053,6,2.992,0
1058290,0001058290-21-000031,10-K,2020-12-31,53866,21,3.899,0
1058290,0001058290-20-000137,10-Q,2020-09-30,31990,3,0.938,0
1058290,0001058290-20-000048,10-Q,2020-06-30,30997,3,0.968,0
1058290,0001058290-20-000033,10-Q,2020-03-31,26249,5,1.905,0
1058290,0001058290-20-000008,10-K,2019-12-31,53434,11,2.059,0
1058290,0001058290-19-000036,10-Q,2019-09-30,30068,4,1.33,0
1058290,0001058290-19-000026,10-Q,2019-06-30,29080,4,1.376,0
1058290,0001058290-19-000017,10-Q,2019-03-31,23936,2,0.836,0
1058290,0001058290-19-000009,10-K,2018-12-31,53735,6,1.117,0
1058290,0001058290-18-000042,10-Q,2018-09-30,32093,0,0.0,0
1058290,0001058290-18-000028,10-Q,2018-06-30,31779,0,0.0,0
1058290,0001058290-18-000015,10-Q,2018-03-31,26932,0,0.0,0
1062047,0001062047-18-000048,10-Q,2018-06-30,21799,0,0.0,0
1062047,0001062047-18-000029,10-Q,2018-03-31,18158,0,0.0,0
1078075,0001078075-26-000012,10-Q,2025-12-31,23914,1,0.418,0
1078075,0001078075-25-000012,10-Q,2025-09-30,25379,15,5.91,0
1078075,0001628280-25-038913,10-Q,2025-06-30,23037,1,0.434,0
1078075,0001628280-25-025982,10-K,2025-03-31,60775,16,2.633,0
1078075,0001628280-25-004249,10-Q,2024-12-31,28237,1,0.354,0
1078075,0001628280-24-044742,10-Q,2024-09-30,26875,1,0.372,0
1078075,0001628280-24-034721,10-Q,2024-06-30,23169,1,0.432,0
1078075,0001628280-24-023777,10-K,2024-03-31,60187,12,1.994,0
1078075,0001628280-24-003860,10-Q,2023-12-31,27303,0,0.0,0
1078075,0001628280-23-036391,10-Q,2023-09-30,25742,0,0.0,0
1078075,0001628280-23-027238,10-Q,2023-06-30,22293,0,0.0,0
1078075,0001628280-23-018414,10-K,2023-03-31,58004,0,0.0,0
1078075,0001628280-23-002062,10-Q,2022-12-31,24857,0,0.0,0
1078075,0001628280-22-028170,10-Q,2022-09-30,24706,0,0.0,0
1078075,0001628280-22-021138,10-Q,2022-06-30,21639,0,0.0,0
1078075,0001628280-22-014892,10-K,2022-03-31,58115,0,0.0,0
1078075,0001628280-22-001770,10-Q,2021-12-31,24932,0,0.0,0
1078075,0001628280-21-021764,10-Q,2021-09-30,24809,0,0.0,0
1078075,0001628280-21-015914,10-Q,2021-06-30,22186,0,0.0,0
1078075,0001628280-21-010740,10-K,2021-03-31,61328,0,0.0,0
1078075,0001628280-21-001478,10-Q,2020-12-31,28130,0,0.0,0
1078075,0001628280-20-015360,10-Q,2020-09-30,27782,0,0.0,0
1078075,0001628280-20-011977,10-Q,2020-06-30,24331,0,0.0,0
1078075,0001628280-20-008116,10-K,2020-03-31,64724,0,0.0,0
1078075,0001628280-20-001141,10-Q,2019-12-31,27987,0,0.0,0
1078075,0001628280-19-012979,10-Q,2019-09-30,27849,0,0.0,0
1078075,0001628280-19-010451,10-Q,2019-06-30,23790,0,0.0,0
1078075,0001628280-19-007252,10-K,2019-03-31,59384,0,0.0,0
1078075,0001628280-19-001080,10-Q,2018-12-31,28022,0,0.0,0
1078075,0001628280-18-013987,10-Q,2018-09-30,27374,0,0.0,0
1078075,0001628280-18-010356,10-Q,2018-06-30,23565,0,0.0,0
1078075,0001628280-18-007035,10-K,2018-03-31,63224,0,0.0,0
1082733,0001654954-26-001435,10-Q,2025-12-31,16867,69,40.908,1
1082733,0001654954-25-013301,10-Q,2025-09-30,14039,1,0.712,0
1082733,0001654954-25-011506,10-K,2025-06-30,30406,5,1.644,0
1082733,0001654954-25-005761,10-Q,2025-03-31,15440,0,0.0,0
1082733,0001654954-25-001579,10-Q,2024-12-31,15360,0,0.0,0
1082733,0001654954-24-014469,10-Q,2024-09-30,14001,0,0.0,0
1082733,0001654954-24-012507,10-K,2024-06-30,31793,0,0.0,0
1082733,0001654954-24-006412,10-Q,2024-03-31,15121,0,0.0,0
1082733,0001654954-24-001969,10-Q,2023-12-31,14837,0,0.0,0
1082733,0001654954-23-014621,10-Q,2023-09-30,13193,0,0.0,0
1082733,0001654954-23-012664,10-K,2023-06-30,29231,0,0.0,0
1082733,0001654954-23-006569,10-Q,2023-03-31,15415,0,0.0,0
1082733,0001654954-23-002434,10-Q/A,2022-12-31,15063,0,0.0,0
1082733,0001654954-23-001733,10-Q,2022-12-31,14933,0,0.0,0
1082733,0001654954-22-015550,10-Q,2022-09-30,12684,0,0.0,0
1082733,0001654954-22-013289,10-K,2022-06-30,29169,0,0.0,0
1082733,0001654954-22-006715,10-Q,2022-03-31,15202,0,0.0,0
1082733,0001654954-22-000688,10-Q,2021-12-31,13611,0,0.0,0
1082733,0001654954-21-011755,10-Q/A,2021-09-30,13342,0,0.0,0
1082733,0001654954-21-011748,10-Q,2021-09-30,13017,0,0.0,0
1082733,0001654954-21-011057,10-K,2021-06-30,28321,0,0.0,0
1082733,0001654954-21-005789,10-Q,2021-03-31,14388,0,0.0,0
1082733,0001654954-21-001685,10-Q,2020-12-31,13912,0,0.0,0
1082733,0001654954-20-012256,10-Q,2020-09-30,11603,0,0.0,0
1082733,0001654954-20-010986,10-K,2020-06-30,24288,0,0.0,0
1082733,0001654954-20-007085,10-Q,2020-03-31,13303,1,0.752,0
1082733,0001493152-20-002019,10-Q,2019-12-31,12226,0,0.0,0
1082733,0001493152-19-017168,10-Q,2019-09-30,11671,0,0.0,0
1082733,0001493152-19-014676,10-K,2019-06-30,23300,0,0.0,0
1082733,0001493152-19-007474,10-Q/A,2019-03-31,14016,0,0.0,0
1082733,0001493152-19-006926,10-Q,2019-03-31,14261,0,0.0,0
1082733,0001493152-19-001833,10-Q,2018-12-31,12226,0,0.0,0
1082733,0001493152-18-017971,10-Q/A,2018-03-31,679,0,0.0,0
1082733,0001493152-18-016129,10-Q,2018-09-30,9933,0,0.0,0
1082733,0001493152-18-012383,10-K,2018-06-30,23292,0,0.0,0
1082733,0001493152-18-006578,10-Q,2018-03-31,8194,0,0.0,0
1084384,0001628280-21-017682,10-Q,2021-03-31,26668,0,0.0,0
1084384,0001628280-21-016441,10-Q,2020-09-30,26665,0,0.0,0
1084384,0001628280-21-014697,10-Q,2020-06-30,24702,0,0.0,0
1084384,0001628280-21-014268,10-Q,2020-03-31,23855,0,0.0,0
1084384,0001628280-21-013673,10-Q,2019-09-30,25418,0,0.0,0
1084384,0001628280-21-012457,10-K,2020-12-31,74945,0,0.0,0
1084384,0001104659-21-035333,10-K,2019-12-31,79309,0,0.0,0
1084384,0001104659-21-033364,10-K/A,2018-12-31,2919,0,0.0,0
1084384,0001104659-20-135062,10-K/A,2018-12-31,75439,1,0.133,0
1084384,0001144204-19-038943,10-Q,2019-06-30,12988,0,0.0,0
1084384,0001144204-19-025361,10-Q,2019-03-31,12311,0,0.0,0
1084384,0001144204-19-014694,10-K,2018-12-31,50909,1,0.196,0
1084384,0001144204-18-060001,10-Q,2018-09-30,17248,3,1.739,0
1084384,0001144204-18-044040,10-Q,2018-06-30,12352,3,2.429,0
1084384,0001144204-18-027711,10-Q,2018-03-31,9502,0,0.0,0
1085869,0001085869-24-000110,10-Q,2024-06-30,21041,0,0.0,0
1085869,0001085869-24-000084,10-Q,2024-03-31,16473,0,0.0,0
1085869,0001085869-24-000040,10-K,2023-12-31,44626,10,2.241,0
1085869,0001085869-23-000185,10-Q,2023-09-30,18693,0,0.0,0
1085869,0001085869-23-000128,10-Q,2023-06-30,18028,0,0.0,0
1085869,0001085869-23-000085,10-Q,2023-03-31,16631,0,0.0,0
1085869,0001085869-23-000030,10-K,2022-12-31,48138,10,2.077,0
1085869,0001085869-22-000127,10-Q,2022-09-30,22762,0,0.0,0
1085869,0001085869-22-000107,10-Q,2022-06-30,21580,0,0.0,0
1085869,0001085869-22-000081,10-Q,2022-03-31,19703,0,0.0,0
1085869,0001085869-22-000036,10-K,2021-12-31,48490,10,2.062,0
1085869,0001085869-21-000116,10-Q,2021-09-30,21894,0,0.0,0
1085869,0001085869-21-000090,10-Q,2021-06-30,20464,0,0.0,0
1085869,0001085869-21-000050,10-Q,2021-03-31,18624,0,0.0,0
1085869,0001085869-21-000021,10-K,2020-12-31,45888,6,1.308,0
1085869,0001085869-20-000113,10-Q,2020-09-30,23440,1,0.427,0
1085869,0001085869-20-000076,10-Q,2020-06-30,20164,1,0.496,0
1085869,0001085869-20-000041,10-Q,2020-03-31,17783,1,0.562,0
1085869,0001085869-20-000010,10-K,2019-12-31,43396,12,2.765,0
1085869,0001085869-19-000069,10-Q,2019-09-30,19693,0,0.0,0
1085869,0001085869-19-000056,10-Q,2019-06-30,19233,0,0.0,0
1085869,0001085869-19-000038,10-Q,2019-03-31,15891,0,0.0,0
1085869,0001085869-19-000010,10-K,2018-12-31,43060,0,0.0,0
1085869,0001085869-18-000076,10-Q,2018-09-30,20021,0,0.0,0
1085869,0001085869-18-000058,10-Q,2018-06-30,15871,0,0.0,0
1085869,0001085869-18-000024,10-Q,2018-03-31,14323,0,0.0,0
1087423,0001087423-19-000017,10-Q,2019-05-31,42910,0,0.0,0
1087423,0001087423-19-000012,10-K,2019-02-28,69869,0,0.0,0
1087423,0001087423-19-000006,10-Q,2018-11-30,50667,0,0.0,0
1087423,0001087423-18-000020,10-Q,2018-08-31,45176,0,0.0,0
1087423,0001087423-18-000014,10-Q,2018-05-31,41351,0,0.0,0
1087423,0001087423-18-000010,10-K,2018-02-28,63869,0,0.0,0
1093636,0001065949-24-000128,10-Q,2024-09-30,10581,0,0.0,0
1093636,0001065949-24-000100,10-Q,2024-06-30,10618,0,0.0,0
1093636,0001065949-24-000076,10-Q,2024-03-31,10087,0,0.0,0
1093636,0001065949-24-000047,10-K,2023-12-31,24918,0,0.0,0
1093636,0001065949-23-000106,10-Q,2023-09-30,10903,0,0.0,0
1093636,0001065949-23-000070,10-Q,2023-06-30,10746,0,0.0,0
1093636,0001065949-23-000049,10-Q,2023-03-31,10229,0,0.0,0
1093636,0001065949-23-000017,10-K,2022-12-31,25186,0,0.0,0
1093636,0001065949-22-000146,10-Q,2022-09-30,10837,0,0.0,0
1093636,0001065949-22-000130,10-Q,2022-06-30,10588,0,0.0,0
1093636,0001065949-22-000073,10-Q,2022-03-31,9831,0,0.0,0
1093636,0001065949-22-000047,10-K,2021-12-31,24265,0,0.0,0
1093636,0001065949-21-000229,10-Q,2021-09-30,9850,0,0.0,0
1094348,0001564590-18-020921,10-Q,2018-06-30,16910,0,0.0,0
1094348,0001564590-18-012624,10-Q,2018-03-31,15541,0,0.0,0
1095277,0001628280-18-014139,10-Q,2018-09-30,34605,2,0.578,0
1095277,0001628280-18-011243,10-Q,2018-06-30,32806,2,0.61,0
1095277,0001628280-18-006561,10-Q,2018-03-31,26863,2,0.745,0
1095565,0001437749-26-005916,10-K,2025-12-31,49696,79,15.897,1
1095565,0001437749-25-033632,10-Q,2025-09-30,14016,0,0.0,0
1095565,0001437749-25-025468,10-Q,2025-06-30,13355,0,0.0,0
1095565,0001437749-25-015812,10-Q,2025-03-31,11528,0,0.0,0
1095565,0001437749-25-005705,10-K,2024-12-31,43663,13,2.977,0
1095565,0001437749-24-032036,10-Q,2024-09-30,12841,0,0.0,0
1095565,0001437749-24-023484,10-Q,2024-06-30,12195,0,0.0,0
1095565,0001437749-24-013221,10-Q,2024-03-31,10817,0,0.0,0
1095565,0001437749-24-005530,10-K,2023-12-31,44935,11,2.448,0
1095565,0001437749-23-029097,10-Q,2023-09-30,14801,0,0.0,0
1095565,0001437749-23-020904,10-Q,2023-06-30,13319,0,0.0,0
1095565,0001437749-23-011371,10-Q,2023-03-31,11962,0,0.0,0
1095565,0001437749-23-004908,10-K,2022-12-31,47162,2,0.424,0
1095565,0001437749-22-024951,10-Q,2022-09-30,15007,0,0.0,0
1095565,0001437749-22-018012,10-Q,2022-06-30,14628,0,0.0,0
1095565,0001437749-22-010086,10-Q,2022-03-31,12459,0,0.0,0
1095565,0001437749-22-004615,10-K,2021-12-31,48200,2,0.415,0
1095565,0001437749-21-024540,10-Q,2021-09-30,17377,0,0.0,0
1095565,0001564590-21-039184,10-Q,2021-06-30,16931,0,0.0,0
1095565,0001564590-21-022023,10-Q,2021-03-31,16031,0,0.0,0
1095565,0001564590-21-008985,10-K,2020-12-31,50635,0,0.0,0
1095565,0001564590-20-048906,10-Q,2020-09-30,20230,0,0.0,0
1095565,0001564590-20-034933,10-Q,2020-06-30,19748,0,0.0,0
1095565,0001564590-20-020213,10-Q,2020-03-31,16427,0,0.0,0
1095565,0001564590-20-006849,10-K,2019-12-31,43281,0,0.0,0
1095565,0001564590-19-038143,10-Q,2019-09-30,16411,0,0.0,0
1095565,0001564590-19-026364,10-Q,2019-06-30,16403,0,0.0,0
1095565,0001564590-19-013729,10-Q,2019-03-31,14143,0,0.0,0
1095565,0001564590-19-004096,10-K,2018-12-31,41092,0,0.0,0
1095565,0001564590-18-025405,10-Q,2018-09-30,15333,0,0.0,0
1095565,0001564590-18-019981,10-Q,2018-06-30,14490,0,0.0,0
1095565,0001193125-18-154404,10-Q,2018-03-31,12126,0,0.0,0
1102942,0001493152-23-042103,10-Q,2023-09-30,14721,0,0.0,0
1102942,0001493152-23-029633,10-Q,2023-06-30,14295,0,0.0,0
1102942,0001493152-23-018527,10-Q,2023-03-31,13777,0,0.0,0
1102942,0001493152-23-012616,10-K,2022-12-31,34691,1,0.288,0
1102942,0001493152-22-032927,10-Q,2022-09-30,16244,0,0.0,0
1104188,0001193125-18-155137,10-Q,2018-03-31,51195,4,0.781,0
1104855,0001654954-21-008923,10-Q,2021-06-30,17278,3,1.736,0
1104855,0001654954-21-008562,10-K/A,2020-12-31,1055,0,0.0,0
1104855,0001654954-21-008012,10-K/A,2020-12-31,18948,0,0.0,0
1104855,0001654954-21-005563,10-Q,2021-03-31,14155,0,0.0,0
1104855,0001654954-21-004915,10-K/A,2020-12-31,17966,0,0.0,0
1104855,0001654954-21-003471,10-K,2020-12-31,34423,0,0.0,0
1104855,0001654954-20-011904,10-Q,2020-09-30,12380,0,0.0,0
1104855,0001654954-20-008616,10-Q,2020-06-30,24138,0,0.0,0
1104855,0001654954-20-005261,10-Q,2020-03-31,22831,0,0.0,0
1104855,0001654954-20-002835,10-K,2019-12-31,39777,0,0.0,0
1104855,0001654954-19-012562,10-Q,2019-09-30,24568,0,0.0,0
1104855,0001654954-19-009587,10-Q,2019-06-30,24485,0,0.0,0
1104855,0001654954-19-005801,10-Q,2019-03-31,23577,0,0.0,0
1104855,0001654954-19-002486,10-K,2018-12-31,38673,0,0.0,0
1104855,0001654954-18-012152,10-Q,2018-09-30,20361,0,0.0,0
1104855,0001654954-18-008659,10-Q,2018-06-30,18931,0,0.0,0
1104855,0001140361-18-022267,10-Q,2018-03-31,17901,0,0.0,0
1118417,0001118417-24-000103,10-Q,2024-03-31,44752,16,3.575,0
1118417,0001118417-24-000020,10-Q,2023-12-31,39799,16,4.02,0
1118417,0001118417-23-000209,10-K,2023-09-30,58986,17,2.882,0
1118417,0001118417-23-000146,10-Q,2023-06-30,41338,16,3.871,0
1118417,0001118417-23-000082,10-Q,2023-03-31,40889,0,0.0,0
1118417,0001118417-23-000015,10-Q,2022-12-31,36940,0,0.0,0
1118417,0001118417-22-000135,10-K,2022-09-30,57068,1,0.175,0
1118417,0001118417-22-000088,10-Q,2022-06-30,39603,0,0.0,0
1118417,0001118417-22-000064,10-Q,2022-03-31,39481,0,0.0,0
1118417,0001118417-22-000017,10-Q,2021-12-31,38217,0,0.0,0
1118417,0001118417-21-000166,10-K,2021-09-30,57840,1,0.173,0
1118417,0001118417-21-000121,10-Q,2021-06-30,40320,0,0.0,0
1118417,0001118417-21-000100,10-Q,2021-03-31,39104,0,0.0,0
1118417,0001118417-21-000026,10-Q,2020-12-31,37157,0,0.0,0
1118417,0001118417-20-000129,10-K,2020-09-30,59838,1,0.167,0
1118417,0001118417-20-000085,10-Q,2020-06-30,39449,0,0.0,0
1118417,0001118417-20-000056,10-Q,2020-03-31,31157,0,0.0,0
1118417,0001118417-20-000015,10-Q,2019-12-31,28074,0,0.0,0
1118417,0001118417-19-000095,10-K,2019-09-30,51382,0,0.0,0
1118417,0001118417-19-000056,10-Q,2019-06-30,32751,0,0.0,0
1118417,0001118417-19-000033,10-Q,2019-03-31,32896,0,0.0,0
1118417,0001118417-19-000011,10-Q,2018-12-31,31892,0,0.0,0
1118417,0001118417-18-000009,10-K,2018-09-30,51180,0,0.0,0
1118417,0001564590-18-020134,10-Q,2018-06-30,32192,0,0.0,0
1118417,0001564590-18-012069,10-Q,2018-03-31,32380,0,0.0,0
1124804,0001193125-26-239413,10-K,2024-12-31,113418,38,3.35,0
1124804,0000950170-25-041181,10-K,2022-12-31,129886,29,2.233,1
1124804,0000950170-22-022665,10-Q,2022-09-30,24147,0,0.0,0
1124804,0000950170-22-015497,10-Q,2022-06-30,23829,0,0.0,0
1124804,0000950170-22-008308,10-Q,2022-03-31,21931,0,0.0,0
1124804,0000950170-22-006718,10-K/A,2021-12-31,18953,0,0.0,0
1124804,0000950170-22-002112,10-K,2021-12-31,68855,0,0.0,0
1124804,0001564590-21-054892,10-Q,2021-09-30,25275,0,0.0,0
1124804,0001564590-21-042177,10-Q,2021-06-30,24220,0,0.0,0
1124804,0001564590-21-022512,10-Q,2021-03-31,20196,0,0.0,0
1124804,0001564590-21-009410,10-K,2020-12-31,77854,0,0.0,0
1124804,0001564590-20-049326,10-Q,2020-09-30,26876,0,0.0,0
1124804,0001564590-20-035191,10-Q,2020-06-30,24793,0,0.0,0
1124804,0001564590-20-023277,10-Q,2020-03-31,21935,0,0.0,0
1124804,0001564590-20-008173,10-K,2019-12-31,77285,0,0.0,0
1124804,0001564590-19-040083,10-Q,2019-09-30,26552,0,0.0,0
1124804,0001564590-19-031034,10-Q,2019-06-30,26125,0,0.0,0
1124804,0001564590-19-015508,10-Q,2019-03-31,20848,0,0.0,0
1124804,0001564590-19-003905,10-K,2018-12-31,74511,1,0.134,0
1124804,0001564590-18-026494,10-Q,2018-09-30,32987,0,0.0,0
1124804,0001564590-18-019295,10-Q,2018-06-30,32276,0,0.0,0
1124804,0001564590-18-011380,10-Q,2018-03-31,28895,1,0.346,0
1131554,0001628280-25-049026,10-Q,2025-09-30,21626,0,0.0,0
1131554,0001131554-25-000083,10-Q,2025-06-30,21844,0,0.0,0
1131554,0001131554-25-000055,10-Q,2025-03-31,17424,0,0.0,0
1131554,0001131554-25-000029,10-K,2024-12-31,72372,23,3.178,1
1131554,0001131554-24-000099,10-Q,2024-09-30,24498,0,0.0,0
1131554,0001131554-24-000074,10-Q,2024-06-30,23670,0,0.0,0
1131554,0001131554-24-000055,10-Q,2024-03-31,18806,0,0.0,0
1131554,0001131554-24-000018,10-K,2023-12-31,75269,14,1.86,1
1131554,0001131554-23-000080,10-Q,2023-09-30,21754,0,0.0,0
1131554,0001131554-23-000070,10-Q,2023-06-30,19618,0,0.0,0
1131554,0001131554-23-000043,10-Q,2023-03-31,16859,0,0.0,0
1131554,0001140361-23-022551,10-K/A,2022-12-31,29061,0,0.0,0
1131554,0001131554-23-000013,10-K,2022-12-31,71380,0,0.0,0
1131554,0001131554-22-000085,10-Q,2022-09-30,23945,0,0.0,0
1131554,0001131554-22-000065,10-Q,2022-06-30,22441,0,0.0,0
1131554,0001131554-22-000027,10-Q,2022-03-31,18662,1,0.536,0
1131554,0001131554-22-000018,10-K,2021-12-31,74967,2,0.267,0
1131554,0001131554-21-000088,10-Q,2021-09-30,25859,1,0.387,0
1131554,0001131554-21-000057,10-Q,2021-06-30,25428,1,0.393,0
1131554,0001131554-21-000023,10-Q,2021-03-31,20535,1,0.487,0
1131554,0001131554-21-000012,10-K,2020-12-31,72731,7,0.962,0
1131554,0001131554-20-000088,10-Q,2020-09-30,23538,0,0.0,0
1131554,0001131554-20-000079,10-Q,2020-06-30,23317,0,0.0,0
1131554,0001131554-20-000052,10-Q/A,2020-03-31,1013,0,0.0,0
1131554,0001131554-20-000047,10-Q,2020-03-31,20630,0,0.0,0
1131554,0001131554-20-000025,10-K,2019-12-31,84091,11,1.308,0
1131554,0001131554-19-000078,10-Q,2019-09-30,24266,0,0.0,0
1131554,0001131554-19-000067,10-Q,2019-06-30,24360,0,0.0,0
1131554,0001131554-19-000036,10-Q,2019-03-31,22805,0,0.0,0
1131554,0001131554-19-000024,10-K,2018-12-31,91664,11,1.2,0
1131554,0001131554-18-000083,10-Q,2018-09-30,31058,0,0.0,0
1131554,0001131554-18-000060,10-Q,2018-06-30,28741,0,0.0,0
1131554,0001131554-18-000028,10-Q/A,2018-03-31,25987,0,0.0,0
1131554,0001131554-18-000026,10-Q,2018-03-31,25828,0,0.0,0
1131903,0001213900-26-065803,10-K/A,2024-12-31,26257,44,16.757,1
1131903,0001096906-26-000430,10-K,2025-12-31,56711,46,8.111,0
1131903,0001096906-25-001828,10-Q,2025-09-30,24803,30,12.095,0
1131903,0001096906-25-001289,10-Q,2025-06-30,14120,18,12.748,0
1131903,0001096906-25-001093,10-Q,2025-03-31,10827,13,12.007,0
1131903,0001096906-25-001012,10-K,2024-12-31,25776,44,17.07,1
1131903,0001096906-24-002191,10-Q,2024-09-30,12088,1,0.827,0
1131903,0001096906-24-001689,10-Q,2024-06-30,8449,0,0.0,0
1131903,0001096906-24-001177,10-Q,2024-03-31,6254,1,1.599,0
1131903,0001096906-24-000647,10-K,2023-12-31,13967,2,1.432,0
1131903,0001096906-23-002212,10-Q/A,2023-06-30,6693,0,0.0,0
1131903,0001096906-23-002208,10-Q/A,2023-03-31,6474,0,0.0,0
1131903,0001096906-23-002141,10-Q,2023-09-30,6317,0,0.0,0
1131903,0001096906-23-001585,10-Q,2023-06-30,6259,0,0.0,0
1131903,0001096906-23-001078,10-Q,2023-03-31,6040,0,0.0,0
1131903,0001096906-23-000648,10-K,2022-12-31,14330,2,1.396,0
1131903,0001096906-22-002825,10-Q,2022-09-30,6167,0,0.0,0
1131903,0001096906-22-001962,10-Q,2022-06-30,6697,0,0.0,0
1131903,0001096906-22-001138,10-Q,2022-03-31,6233,0,0.0,0
1131903,0001096906-22-000475,10-K,2021-12-31,13010,1,0.769,0
1131903,0001096906-21-002629,10-Q,2021-09-30,5855,0,0.0,0
1131903,0001096906-21-001947,10-Q,2021-06-30,5921,0,0.0,0
1131903,0001096906-21-001130,10-Q,2021-03-31,5553,0,0.0,0
1131903,0001096906-21-000354,10-K,2020-12-31,14293,1,0.7,0
1131903,0001096906-20-000143,10-Q,2020-09-30,6047,0,0.0,0
1131903,0001445866-20-001133,10-Q,2020-06-30,6245,0,0.0,0
1131903,0001445866-20-000598,10-Q,2020-03-31,5697,0,0.0,0
1131903,0001096906-20-000065,10-K,2019-12-31,14086,1,0.71,0
1131903,0001096906-19-000355,10-Q,2019-09-30,5632,0,0.0,0
1131903,0001096906-19-000275,10-Q,2019-06-30,5492,0,0.0,0
1131903,0001096906-19-000188,10-Q,2019-03-31,5145,0,0.0,0
1131903,0001096906-19-000093,10-K,2018-12-31,15520,1,0.644,0
1131903,0001096906-18-000610,10-Q,2018-09-30,5321,0,0.0,0
1131903,0001096906-18-000471,10-Q,2018-06-30,5340,0,0.0,0
1131903,0001096906-18-000237,10-Q,2018-03-31,5158,0,0.0,0
1144879,0001144879-26-000006,10-Q,2025-11-30,39181,35,8.933,0
1144879,0001144879-25-000069,10-Q,2025-08-31,26805,29,10.819,0
1144879,0001144879-25-000021,10-K,2025-05-31,78370,66,8.422,1
1144879,0001628280-25-017684,10-Q,2025-02-28,35669,14,3.925,0
1144879,0001144879-25-000006,10-Q,2024-11-30,34099,13,3.812,0
1144879,0001144879-24-000253,10-Q,2024-08-31,23526,12,5.101,0
1144879,0001144879-24-000216,10-K,2024-05-31,74140,110,14.837,1
1144879,0001144879-24-000078,10-Q,2024-02-29,20075,36,17.933,1
1144879,0001144879-24-000010,10-Q,2023-11-30,14319,6,4.19,0
1144879,0001898844-23-000012,10-K/A,2023-05-31,13898,0,0.0,0
1144879,0001898844-23-000006,10-Q,2023-08-31,11584,6,5.18,0
1144879,0001144879-23-000176,10-K,2023-05-31,45653,54,11.828,0
1144879,0001144879-23-000101,10-Q,2023-02-28,16253,7,4.307,0
1144879,0001144879-23-000028,10-Q,2022-11-30,15306,9,5.88,0
1144879,0001144879-22-000052,10-Q,2022-08-31,12909,2,1.549,0
1144879,0001144879-22-000043,10-K/A,2022-05-31,13644,0,0.0,0
1144879,0001628280-22-023816,10-K,2022-05-31,48777,6,1.23,0
1144879,0001628280-22-014389,10-Q,2022-02-28,18691,2,1.07,0
1166388,0001166388-25-000117,10-Q,2025-07-31,39834,16,4.017,0
1166388,0001166388-25-000098,10-Q,2025-04-30,31886,16,5.018,0
1166388,0001166388-25-000014,10-K,2025-01-31,76466,88,11.508,1
1166388,0001166388-24-000176,10-Q,2024-10-31,36584,12,3.28,0
1166388,0001166388-24-000148,10-Q,2024-07-31,35388,11,3.108,0
1166388,0001166388-24-000090,10-Q,2024-04-30,32265,11,3.409,0
1166388,0001166388-24-000015,10-K,2024-01-31,79898,68,8.511,1
1166388,0001166388-23-000172,10-Q,2023-10-31,37116,12,3.233,0
1166388,0001166388-23-000145,10-Q,2023-07-31,36568,8,2.188,0
1166388,0001166388-23-000094,10-Q,2023-04-30,31734,6,1.891,0
1166388,0001166388-23-000012,10-K,2023-01-31,84447,31,3.671,0
1166388,0001166388-22-000152,10-Q,2022-10-31,44079,6,1.361,0
1166388,0001166388-22-000125,10-Q,2022-07-31,43036,4,0.929,0
1166388,0001166388-22-000091,10-Q,2022-04-30,37495,4,1.067,0
1166388,0001166388-22-000019,10-K,2022-01-31,94011,27,2.872,0
1166388,0001166388-21-000138,10-Q,2021-10-31,49341,4,0.811,0
1166388,0001166388-21-000115,10-Q,2021-07-31,46158,4,0.867,0
1166388,0001166388-21-000089,10-Q,2021-04-30,42679,4,0.937,0
1166388,0001166388-21-000028,10-K,2021-01-31,84794,29,3.42,0
1166388,0001166388-20-000148,10-Q,2020-10-31,44530,10,2.246,0
1166388,0001166388-20-000118,10-Q,2020-07-31,43956,10,2.275,0
1166388,0001166388-20-000066,10-Q,2020-04-30,35724,10,2.799,0
1166388,0001166388-20-000014,10-K,2020-01-31,82418,32,3.883,0
1166388,0001166388-19-000145,10-Q,2019-10-31,41939,8,1.908,0
1166388,0001166388-19-000126,10-Q,2019-07-31,37890,8,2.111,0
1166388,0001166388-19-000096,10-Q,2019-04-30,30660,6,1.957,0
1166388,0001166388-19-000013,10-K,2019-01-31,81028,27,3.332,0
1166388,0001166388-18-000129,10-Q,2018-10-31,41141,2,0.486,0
1166388,0001166388-18-000089,10-Q,2018-07-31,40816,2,0.49,0
1166388,0001166388-18-000074,10-Q,2018-04-30,35732,2,0.56,0
1166388,0001166388-18-000013,10-K,2018-01-31,78486,15,1.911,0
1169445,0001193125-26-194311,10-K/A,2025-12-31,29600,2,0.676,0
1169445,0001169445-26-000006,10-K,2025-12-31,68556,57,8.314,1
1169445,0001169445-25-000077,10-Q,2025-09-30,26626,9,3.38,1
1169445,0001169445-25-000073,10-Q,2025-06-30,25511,6,2.352,1
1169445,0001169445-25-000061,10-Q,2025-03-31,21872,6,2.743,1
1169445,0001169445-25-000042,10-K,2024-12-31,62979,35,5.557,1
1169445,0001169445-24-000073,10-Q,2024-09-30,27998,1,0.357,0
1169445,0001169445-24-000064,10-Q,2024-06-30,27114,1,0.369,0
1169445,0001169445-24-000062,10-Q/A,2024-03-31,3463,0,0.0,0
1169445,0001169445-24-000060,10-K/A,2023-12-31,39197,24,6.123,1
1169445,0001169445-24-000047,10-Q,2024-03-31,23687,1,0.422,0
1169445,0001193125-24-086005,10-K/A,2024-04-03,2889,0,0.0,0
1169445,0001169445-24-000017,10-K,2023-12-31,64482,26,4.032,1
1169445,0001169445-23-000020,10-Q,2023-09-30,25334,0,0.0,0
1169445,0001169445-23-000012,10-Q,2023-06-30,23456,0,0.0,0
1169445,0001169445-23-000008,10-Q,2023-03-31,21808,0,0.0,0
1169445,0001169445-23-000003,10-K,2022-12-31,59888,1,0.167,0
1169445,0001169445-22-000016,10-Q,2022-09-30,24365,0,0.0,0
1169445,0001169445-22-000010,10-Q,2022-06-30,24517,0,0.0,0
1169445,0001169445-22-000006,10-Q,2022-03-31,22313,0,0.0,0
1169445,0001169445-22-000003,10-K,2021-12-31,59406,0,0.0,0
1169445,0001169445-21-000009,10-Q,2021-09-30,23937,0,0.0,0
1169445,0001169445-21-000005,10-Q,2021-06-30,22991,0,0.0,0
1169445,0001169445-21-000003,10-Q,2021-03-31,18992,0,0.0,0
1169445,0001628280-21-004641,10-K,2020-12-31,56091,0,0.0,0
1169445,0001169445-20-000015,10-Q,2020-09-30,21633,0,0.0,0
1169445,0001169445-20-000012,10-Q,2020-06-30,21199,0,0.0,0
1169445,0001169445-20-000009,10-Q,2020-03-31,18307,0,0.0,0
1169445,0001169445-20-000006,10-K/A,2019-12-31,2730,0,0.0,0
1169445,0001169445-20-000002,10-K,2019-12-31,51955,0,0.0,0
1169445,0001169445-19-000010,10-Q,2019-09-30,20499,0,0.0,0
1169445,0001169445-19-000007,10-Q,2019-06-30,20715,0,0.0,0
1169445,0001169445-19-000004,10-Q,2019-03-31,16759,0,0.0,0
1169445,0001169445-19-000002,10-K,2018-12-31,55721,0,0.0,0
1169445,0001628280-18-013782,10-Q,2018-09-30,21257,0,0.0,0
1169445,0001169445-18-000013,10-Q,2018-06-30,20970,0,0.0,0
1169445,0001169445-18-000010,10-Q,2018-03-31,17734,0,0.0,0
1173489,0001437749-26-006091,10-K,2025-12-31,58841,171,29.061,1
1173489,0001437749-25-034103,10-Q,2025-09-30,22699,94,41.412,1
1173489,0001437749-25-025932,10-Q,2025-06-30,22762,77,33.828,1
1173489,0001437749-25-015509,10-Q,2025-03-31,19544,66,33.77,1
1173489,0001437749-25-005523,10-K,2024-12-31,59673,118,19.774,1
1173489,0001437749-24-034218,10-Q,2024-09-30,22066,58,26.285,1
1173489,0001437749-24-025558,10-Q,2024-06-30,21622,59,27.287,1
1173489,0001437749-24-015687,10-Q,2024-03-31,18294,43,23.505,1
1173489,0001437749-24-006970,10-K,2023-12-31,60987,88,14.429,1
1173489,0001437749-23-031089,10-Q,2023-09-30,24835,38,15.301,1
1173489,0001437749-23-022803,10-Q,2023-06-30,21744,39,17.936,1
1173489,0001437749-23-013600,10-Q,2023-03-31,18710,30,16.034,0
1173489,0001437749-23-005106,10-K,2022-12-31,61680,86,13.943,0
1173489,0001437749-22-026605,10-Q,2022-09-30,32790,24,7.319,0
1173489,0001437749-22-019607,10-Q,2022-06-30,31272,26,8.314,0
1173489,0001437749-22-011742,10-Q,2022-03-31,28420,30,10.556,0
1173489,0001437749-22-004905,10-K,2021-12-31,62204,88,14.147,0
1173489,0001437749-21-025927,10-Q,2021-09-30,31437,27,8.589,0
1173489,0001437749-21-019148,10-Q,2021-06-30,31369,27,8.607,0
1173489,0001437749-21-011542,10-Q,2021-03-31,27069,26,9.605,0
1173489,0001437749-21-004597,10-K,2020-12-31,57894,83,14.337,0
1173489,0001437749-20-022998,10-Q,2020-09-30,30445,29,9.525,0
1173489,0001437749-20-017321,10-Q,2020-06-30,29803,27,9.059,0
1173489,0001437749-20-010290,10-Q,2020-03-31,26429,26,9.838,0
1173489,0001437749-20-003932,10-K,2019-12-31,54553,83,15.215,0
1173489,0001437749-19-022449,10-Q,2019-09-30,28914,33,11.413,0
1173489,0001437749-19-016236,10-Q,2019-06-30,28119,37,13.158,0
1173489,0001437749-19-009480,10-Q,2019-03-31,25071,36,14.359,0
1173489,0001437749-19-003949,10-K,2018-12-31,51863,78,15.04,0
1173489,0001193125-18-323753,10-Q,2018-09-30,27841,24,8.62,0
1173489,0001193125-18-244307,10-Q,2018-06-30,27811,27,9.708,0
1173489,0001193125-18-157506,10-Q,2018-03-31,25448,30,11.789,0
1182731,0001683168-24-008033,10-Q,2024-09-30,8831,1,1.132,0
1182731,0001683168-24-005514,10-Q,2024-06-30,8787,1,1.138,0
1182731,0001683168-24-003595,10-Q,2024-03-31,8440,1,1.185,0
1182731,0001683168-24-001257,10-K,2023-12-31,14387,2,1.39,0
1182731,0001683168-23-008960,10-Q/A,2023-09-30,8957,1,1.116,0
1182731,0001683168-23-008103,10-Q,2023-09-30,8622,1,1.16,0
1182731,0001683168-23-005157,10-Q,2023-06-30,7849,1,1.274,0
1182731,0001683168-23-003222,10-Q,2023-03-31,7730,1,1.294,0
1182731,0001683168-23-001765,10-K,2022-12-31,12893,1,0.776,0
1182731,0001683168-22-007192,10-Q,2022-09-30,7383,1,1.354,0
1207074,0001558370-21-000815,10-Q,2020-12-31,37855,0,0.0,0
1207074,0001558370-20-012420,10-Q,2020-09-30,36650,0,0.0,0
1207074,0001558370-20-008912,10-Q,2020-06-30,27667,0,0.0,0
1207074,0001104659-20-087831,10-K/A,2020-03-31,23673,0,0.0,0
1207074,0001558370-20-007083,10-K,2020-03-31,90174,9,0.998,0
1207074,0001558370-20-000592,10-Q,2019-12-31,34486,0,0.0,0
1207074,0001558370-19-010447,10-Q,2019-09-30,32546,0,0.0,0
1207074,0001558370-19-007764,10-Q,2019-06-30,25468,0,0.0,0
1207074,0001558370-19-005297,10-K,2019-03-31,77318,6,0.776,0
1207074,0001558370-19-000477,10-Q,2018-12-31,27899,0,0.0,0
1207074,0001104659-18-067047,10-Q,2018-09-30,26600,0,0.0,0
1207074,0001104659-18-050813,10-Q,2018-06-30,23622,0,0.0,0
1207074,0001047469-18-004068,10-K,2018-03-31,90356,5,0.553,0
1210677,0001193125-26-076740,10-K,2025-12-31,68398,27,3.947,1
1210677,0001193125-25-269602,10-Q,2025-09-30,22970,3,1.306,0
1210677,0001193125-25-175442,10-Q,2025-06-30,23003,3,1.304,0
1210677,0000950170-25-066989,10-Q,2025-03-31,19002,3,1.579,0
1210677,0000950170-25-029067,10-K,2024-12-31,68482,28,4.089,0
1210677,0000950170-24-125426,10-Q,2024-09-30,23581,1,0.424,0
1210677,0000950170-24-093999,10-Q,2024-06-30,21857,1,0.458,0
1210677,0000950170-24-056995,10-Q,2024-03-31,19280,1,0.519,0
1210677,0000950170-24-023094,10-K,2023-12-31,66162,29,4.383,0
1210677,0000950170-23-062076,10-Q,2023-09-30,21882,1,0.457,0
1210677,0000950170-23-040616,10-Q,2023-06-30,20772,1,0.481,0
1210677,0000950170-23-020564,10-Q,2023-03-31,18421,0,0.0,0
1210677,0000950170-23-005110,10-K,2022-12-31,72737,8,1.1,0
1210677,0000950170-22-023232,10-Q,2022-09-30,25671,0,0.0,0
1210677,0000950170-22-014791,10-Q,2022-06-30,24953,0,0.0,0
1210677,0000950170-22-009345,10-Q,2022-03-31,21916,0,0.0,0
1210677,0000950170-22-004413,10-K,2021-12-31,68019,8,1.176,0
1210677,0000950170-21-003449,10-Q,2021-09-30,29765,0,0.0,0
1210677,0000950170-21-001382,10-Q,2021-06-30,29256,0,0.0,0
1212458,0001564590-21-039493,10-Q,2021-06-30,42429,1,0.236,0
1212458,0001564590-21-023343,10-Q,2021-03-31,40735,1,0.245,0
1212458,0001564590-21-006943,10-K,2020-12-31,64838,8,1.234,0
1212458,0001564590-20-049306,10-Q,2020-09-30,41559,1,0.241,0
1212458,0001564590-20-035201,10-Q,2020-06-30,40311,1,0.248,0
1212458,0001564590-20-023557,10-Q,2020-03-31,38201,1,0.262,0
1212458,0001564590-20-005557,10-K,2019-12-31,62032,7,1.128,0
1212458,0001564590-19-039133,10-Q,2019-09-30,40051,1,0.25,0
1212458,0001564590-19-026589,10-Q,2019-06-30,36619,1,0.273,0
1212458,0001564590-19-015322,10-Q,2019-03-31,32917,1,0.304,0
1212458,0001564590-19-003699,10-K,2018-12-31,56875,7,1.231,0
1212458,0001564590-18-026222,10-Q,2018-09-30,36493,1,0.274,0
1212458,0001564590-18-018925,10-Q,2018-06-30,36986,1,0.27,0
1212458,0001212458-18-000004,10-Q,2018-03-31,35941,1,0.278,0
1286139,0001286139-26-000012,10-K,2025-12-31,66082,45,6.81,1
1286139,0001286139-25-000103,10-Q,2025-09-30,42014,36,8.569,1
1286139,0001286139-25-000087,10-Q,2025-06-30,40607,40,9.851,1
1286139,0001286139-25-000059,10-Q,2025-03-31,37728,40,10.602,1
1286139,0001286139-25-000044,10-K,2024-12-31,64741,44,6.796,1
1286139,0001286139-24-000117,10-Q,2024-09-30,39576,29,7.328,1
1286139,0001286139-24-000093,10-Q,2024-06-30,39883,29,7.271,1
1286139,0001286139-24-000054,10-Q,2024-03-31,37172,26,6.995,1
1286139,0001286139-24-000031,10-K,2023-12-31,69733,27,3.872,1
1286139,0001286139-23-000132,10-Q,2023-09-30,46798,26,5.556,1
1286139,0001286139-23-000111,10-Q,2023-06-30,46459,21,4.52,1
1286139,0001286139-23-000078,10-Q,2023-03-31,43593,7,1.606,1
1286139,0001286139-23-000036,10-K,2022-12-31,74890,0,0.0,0
1286139,0001286139-22-000139,10-Q,2022-09-30,53660,0,0.0,0
1286139,0001286139-22-000112,10-Q,2022-06-30,52734,0,0.0,0
1286139,0001286139-22-000071,10-Q,2022-03-31,49991,0,0.0,0
1286139,0001286139-22-000048,10-K,2021-12-31,83449,4,0.479,0
1286139,0001286139-21-000013,10-Q,2021-09-30,52482,0,0.0,0
1286139,0001193125-21-244752,10-Q,2021-06-30,26871,0,0.0,0
1288847,0001288847-26-000023,10-K,2025-12-31,77321,165,21.34,1
1288847,0001288847-25-000229,10-Q,2025-09-30,26226,15,5.72,0
1288847,0001288847-25-000178,10-Q,2025-06-30,25233,15,5.945,0
1288847,0001288847-25-000119,10-Q,2025-03-31,23865,14,5.866,0
1288847,0001288847-25-000028,10-K,2024-12-31,75684,145,19.159,1
1288847,0001288847-24-000153,10-Q,2024-09-30,26436,4,1.513,0
1288847,0001288847-24-000118,10-Q,2024-06-30,25399,4,1.575,0
1288847,0001288847-24-000061,10-Q,2024-03-31,24149,4,1.656,0
1288847,0001288847-24-000012,10-K,2023-12-31,69393,75,10.808,1
1288847,0001288847-23-000156,10-Q,2023-09-30,22810,29,12.714,1
1288847,0001288847-23-000134,10-Q,2023-06-30,22826,29,12.705,1
1288847,0001288847-23-000077,10-Q,2023-03-31,20340,0,0.0,0
1288847,0001288847-23-000029,10-K,2022-12-31,69438,21,3.024,0
1288847,0001288847-22-000113,10-Q,2022-09-30,25617,0,0.0,0
1288847,0001288847-22-000086,10-Q,2022-06-30,23603,0,0.0,0
1288847,0001288847-22-000049,10-Q,2022-03-31,22657,0,0.0,0
1288847,0001288847-22-000017,10-K,2021-12-31,71707,20,2.789,0
1288847,0001288847-21-000139,10-Q,2021-09-30,28062,1,0.356,0
1288847,0001288847-21-000110,10-Q,2021-06-30,31350,1,0.319,0
1288847,0001288847-21-000069,10-Q,2021-03-31,23509,1,0.425,0
1288847,0001288847-21-000029,10-K,2020-12-31,70268,14,1.992,0
1288847,0001288847-20-000155,10-Q,2020-09-30,26878,1,0.372,0
1288847,0001288847-20-000125,10-Q,2020-06-30,26220,0,0.0,0
1288847,0001288847-20-000065,10-Q,2020-03-31,18669,0,0.0,0
1288847,0001288847-20-000028,10-K,2019-12-31,65699,15,2.283,0
1288847,0001288847-19-000134,10-Q,2019-09-30,19019,0,0.0,0
1288847,0001288847-19-000106,10-Q,2019-06-30,18975,0,0.0,0
1288847,0001288847-19-000065,10-Q,2019-03-31,16675,0,0.0,0
1288847,0001288847-19-000021,10-K,2018-12-31,64578,9,1.394,0
1288847,0001288847-18-000162,10-Q,2018-09-30,43302,0,0.0,0
1288847,0001288847-18-000129,10-Q,2018-06-30,42636,0,0.0,0
1288847,0001288847-18-000068,10-Q,2018-03-31,37762,0,0.0,0
1295560,0001078782-18-001267,10-Q,2018-09-30,5271,0,0.0,0
1295560,0001078782-18-001143,10-Q,2018-06-30,5434,0,0.0,0
1295560,0001078782-18-001137,10-Q,2018-03-31,4901,0,0.0,0
1313275,0000950170-24-125653,10-Q,2024-09-30,18746,0,0.0,0
1313275,0000950170-24-093337,10-Q,2024-06-30,18716,0,0.0,0
1313275,0000950170-24-055704,10-Q,2024-03-31,14950,0,0.0,0
1313275,0000950170-24-018770,10-K,2023-12-31,53585,25,4.665,1
1313275,0000950170-23-057469,10-Q,2023-09-30,20033,0,0.0,0
1313275,0000950170-23-037200,10-Q,2023-06-30,19867,0,0.0,0
1313275,0000950170-23-017211,10-Q,2023-03-31,17513,0,0.0,0
1313275,0000950170-23-004153,10-K,2022-12-31,52315,3,0.573,0
1313275,0000950170-22-021264,10-Q,2022-09-30,19304,0,0.0,0
1313275,0000950170-22-013877,10-Q,2022-06-30,19052,0,0.0,0
1313275,0001193125-22-123963,10-Q,2022-03-31,16139,0,0.0,0
1313275,0001193125-22-046734,10-K,2021-12-31,50550,5,0.989,0
1313275,0001193125-21-309345,10-Q,2021-09-30,17035,0,0.0,0
1313275,0001193125-21-227409,10-Q,2021-06-30,16825,0,0.0,0
1313275,0001193125-21-136947,10-Q,2021-03-31,13979,0,0.0,0
1313275,0001193125-21-054722,10-K,2020-12-31,50061,0,0.0,0
1313275,0001193125-20-275284,10-Q,2020-09-30,19845,0,0.0,0
1313275,0001193125-20-198518,10-Q,2020-06-30,19873,0,0.0,0
1313275,0001193125-20-126267,10-Q,2020-03-31,16788,0,0.0,0
1313275,0001193125-20-050382,10-K,2019-12-31,50084,0,0.0,0
1313275,0001193125-19-272587,10-Q,2019-09-30,19203,0,0.0,0
1313275,0001193125-19-201232,10-Q,2019-06-30,18306,0,0.0,0
1313275,0001193125-19-117169,10-Q,2019-03-31,14793,0,0.0,0
1313275,0001193125-19-047023,10-K,2018-12-31,50393,1,0.198,0
1313275,0001193125-18-315862,10-Q,2018-09-30,21257,0,0.0,0
1313275,0001193125-18-227776,10-Q,2018-06-30,21847,0,0.0,0
1313275,0001193125-18-148843,10-Q,2018-03-31,18754,0,0.0,0
1326801,0001628280-26-003942,10-K,2025-12-31,81299,162,19.926,1
1326801,0001628280-25-047240,10-Q,2025-09-30,61263,106,17.302,1
1326801,0001628280-25-036791,10-Q,2025-06-30,58996,96,16.272,1
1326801,0001326801-25-000054,10-Q,2025-03-31,56516,90,15.925,1
1326801,0001326801-25-000017,10-K,2024-12-31,78850,105,13.316,1
1326801,0001326801-24-000081,10-Q,2024-09-30,57965,76,13.111,1
1326801,0001326801-24-000069,10-Q,2024-06-30,57039,72,12.623,1
1326801,0001326801-24-000049,10-Q,2024-03-31,54129,70,12.932,1
1326801,0001326801-24-000012,10-K,2023-12-31,77388,82,10.596,1
1326801,0001326801-23-000103,10-Q,2023-09-30,57842,62,10.719,1
1326801,0001326801-23-000093,10-Q,2023-06-30,56561,51,9.017,1
1326801,0001326801-23-000067,10-Q,2023-03-31,54078,33,6.102,1
1326801,0001326801-23-000013,10-K,2022-12-31,73419,31,4.222,1
1326801,0001326801-22-000108,10-Q,2022-09-30,54913,14,2.549,0
1326801,0001326801-22-000082,10-Q,2022-06-30,52381,12,2.291,0
1326801,0001326801-22-000057,10-Q,2022-03-31,50361,11,2.184,0
1326801,0001326801-22-000018,10-K,2021-12-31,67111,12,1.788,0
1326801,0001326801-21-000065,10-Q,2021-09-30,50905,10,1.964,0
1326801,0001326801-21-000049,10-Q,2021-06-30,49257,10,2.03,0
1326801,0001326801-21-000033,10-Q,2021-03-31,47646,10,2.099,0
1326801,0001326801-21-000014,10-K,2020-12-31,66632,12,1.801,0
1326801,0001326801-20-000084,10-Q,2020-09-30,50740,10,1.971,0
1326801,0001326801-20-000076,10-Q,2020-06-30,48161,9,1.869,0
1326801,0001326801-20-000048,10-Q,2020-03-31,46140,9,1.951,0
1326801,0001326801-20-000013,10-K,2019-12-31,58989,11,1.865,0
1326801,0001326801-19-000069,10-Q,2019-09-30,40546,1,0.247,0
1326801,0001326801-19-000055,10-Q,2019-06-30,39199,1,0.255,0
1326801,0001326801-19-000037,10-Q,2019-03-31,35237,1,0.284,0
1326801,0001326801-19-000009,10-K,2018-12-31,50765,4,0.788,0
1326801,0001326801-18-000067,10-Q,2018-09-30,37138,1,0.269,0
1326801,0001326801-18-000057,10-Q,2018-06-30,36032,1,0.278,0
1326801,0001326801-18-000032,10-Q,2018-03-31,35087,1,0.285,0
1327318,0001327318-25-000065,10-Q,2025-09-30,52909,18,3.402,0
1327318,0001327318-25-000036,10-Q,2025-06-30,47671,18,3.776,0
1327318,0001327318-25-000016,10-Q,2025-03-31,48125,13,2.701,0
1327318,0001327318-25-000010,10-K/A,2024-12-31,21777,0,0.0,0
1327318,0001327318-25-000006,10-K,2024-12-31,75593,13,1.72,0
1327318,0001327318-24-000046,10-Q,2024-09-30,50402,5,0.992,0
1327318,0001327318-24-000032,10-Q,2024-06-30,49943,5,1.001,0
1327318,0001327318-24-000016,10-Q,2024-03-31,47295,6,1.269,0
1327318,0001327318-24-000006,10-K,2023-12-31,74731,5,0.669,0
1327318,0001327318-23-000043,10-Q,2023-09-30,48801,5,1.025,0
1327318,0001327318-23-000029,10-Q,2023-06-30,47786,5,1.046,0
1327318,0001327318-23-000018,10-Q,2023-03-31,44305,4,0.903,0
1327318,0001327318-23-000006,10-K,2022-12-31,72415,0,0.0,0
1327318,0001327318-22-000030,10-Q,2022-09-30,49326,0,0.0,0
1327318,0001327318-22-000023,10-Q,2022-06-30,49752,0,0.0,0
1327318,0001327318-22-000017,10-Q,2022-03-31,45823,0,0.0,0
1327318,0001327318-22-000005,10-K,2021-12-31,71392,0,0.0,0
1327318,0001327318-21-000053,10-Q,2021-09-30,49593,0,0.0,0
1327318,0001327318-21-000046,10-Q,2021-06-30,48961,0,0.0,0
1327318,0001327318-21-000030,10-Q,2021-03-31,47232,0,0.0,0
1327318,0001327318-21-000019,10-K,2020-12-31,82209,0,0.0,0
1327318,0001327318-20-000061,10-Q,2020-09-30,53108,0,0.0,0
1327318,0001327318-20-000042,10-Q,2020-06-30,50940,0,0.0,0
1327318,0001327318-20-000026,10-Q,2020-03-31,46389,0,0.0,0
1327318,0001327318-20-000009,10-K,2019-12-31,73176,0,0.0,0
1327318,0001327318-19-000045,10-Q,2019-09-30,45589,0,0.0,0
1327318,0001327318-19-000040,10-Q,2019-06-30,44713,0,0.0,0
1327318,0001327318-19-000018,10-Q,2019-03-31,43040,0,0.0,0
1327318,0001327318-19-000009,10-K,2018-12-31,70619,0,0.0,0
1327318,0001327318-18-000045,10-Q,2018-09-30,41702,0,0.0,0
1327318,0001327318-18-000037,10-Q,2018-06-30,41024,0,0.0,0
1327318,0001327318-18-000026,10-Q,2018-03-31,38004,0,0.0,0
1327688,0001193125-25-312961,10-Q,2025-10-31,40001,16,4.0,1
1327688,0001327688-25-000008,10-Q,2025-07-31,38937,16,4.109,1
1327688,0000950170-25-083284,10-Q,2025-04-30,37157,16,4.306,1
1327688,0000950170-25-048692,10-K,2025-01-31,58564,16,2.732,1
1327688,0000950170-24-134668,10-Q,2024-10-31,39390,11,2.793,1
1327688,0000950170-24-104426,10-Q,2024-07-31,39097,11,2.814,1
1327688,0000950170-24-070813,10-Q,2024-04-30,36992,11,2.974,1
1327688,0000950170-24-040394,10-K,2024-01-31,57193,14,2.448,1
1327688,0000950170-23-068911,10-Q,2023-10-31,38705,12,3.1,1
1327688,0000950170-23-047119,10-Q,2023-07-31,37246,4,1.074,0
1327688,0000950170-23-027042,10-Q,2023-04-30,35998,0,0.0,0
1327688,0000950170-23-012210,10-K,2023-01-31,54478,0,0.0,0
1327688,0000950170-22-026294,10-Q,2022-10-31,38592,0,0.0,0
1327688,0000950170-22-018254,10-Q,2022-07-31,38092,0,0.0,0
1327688,0001564590-22-022712,10-Q,2022-04-30,35347,0,0.0,0
1327688,0001564590-22-014016,10-K,2022-01-31,51774,0,0.0,0
1327688,0001564590-21-059757,10-Q,2021-10-31,37017,0,0.0,0
1327688,0001564590-21-047362,10-Q,2021-07-31,36724,0,0.0,0
1327688,0001564590-21-032167,10-Q,2021-04-30,35684,0,0.0,0
1327688,0001564590-21-018013,10-K,2021-01-31,53053,0,0.0,0
1327688,0001564590-20-056196,10-Q,2020-10-31,37078,0,0.0,0
1327688,0001564590-20-042667,10-Q,2020-07-31,35467,0,0.0,0
1327688,0001564590-20-028783,10-Q,2020-04-30,34151,0,0.0,0
1327688,0001564590-20-016484,10-K,2020-01-31,51739,0,0.0,0
1327688,0001564590-19-045480,10-Q,2019-10-31,36996,0,0.0,0
1327688,0001564590-19-034373,10-Q,2019-07-31,36648,0,0.0,0
1327688,0001564590-19-021957,10-Q,2019-04-30,35776,0,0.0,0
1327688,0001564590-19-010638,10-K,2019-01-31,53993,0,0.0,0
1327688,0001564590-18-030681,10-Q,2018-10-31,38539,0,0.0,0
1327688,0001564590-18-022771,10-Q,2018-07-31,37992,0,0.0,0
1327688,0001564590-18-015322,10-Q,2018-04-30,36562,0,0.0,0
1327688,0001564590-18-007302,10-K,2018-01-31,52596,1,0.19,0
1327811,0001327811-25-000198,10-Q,2025-10-31,40464,64,15.817,1
1327811,0001327811-25-000184,10-Q,2025-07-31,39071,51,13.053,1
1327811,0001327811-25-000107,10-Q,2025-04-30,36651,48,13.097,1
1327811,0001327811-25-000056,10-K,2025-01-31,54595,64,11.723,1
1327811,0001327811-24-000242,10-Q,2024-10-31,39391,35,8.885,1
1327811,0001327811-24-000165,10-Q,2024-07-31,38822,37,9.531,1
1327811,0001327811-24-000093,10-Q,2024-04-30,35789,19,5.309,1
1327811,0001327811-24-000044,10-K,2024-01-31,54897,40,7.286,1
1327811,0001327811-23-000202,10-Q,2023-10-31,43816,19,4.336,1
1327811,0001327811-23-000150,10-Q,2023-07-31,42879,17,3.965,1
1327811,0001327811-23-000078,10-Q,2023-04-30,38949,15,3.851,1
1327811,0001327811-23-000024,10-K,2023-01-31,56614,29,5.122,0
1327811,0001327811-22-000184,10-Q,2022-10-31,44013,26,5.907,0
1327811,0001327811-22-000154,10-Q,2022-07-31,44531,21,4.716,0
1327811,0001327811-22-000091,10-Q,2022-04-30,41051,21,5.116,0
1327811,0001327811-22-000030,10-K,2022-01-31,59574,12,2.014,0
1327811,0001327811-21-000174,10-Q,2021-10-31,46227,11,2.38,0
1327811,0001327811-21-000133,10-Q,2021-07-31,45324,11,2.427,0
1327811,0001327811-21-000054,10-Q,2021-04-30,42145,11,2.61,0
1327811,0001327811-21-000020,10-K,2021-01-31,59708,12,2.01,0
1327811,0001327811-20-000167,10-Q,2020-10-31,44475,12,2.698,0
1327811,0001327811-20-000129,10-Q,2020-07-31,42493,12,2.824,0
1327811,0001327811-20-000070,10-Q,2020-04-30,39055,12,3.073,0
1327811,0001327811-20-000022,10-K,2020-01-31,50478,16,3.17,0
1327811,0001327811-19-000196,10-Q,2019-10-31,38443,9,2.341,0
1327811,0001327811-19-000156,10-Q,2019-07-31,37686,3,0.796,0
1327811,0001327811-19-000092,10-Q,2019-04-30,32992,1,0.303,0
1327811,0001327811-19-000038,10-K,2019-01-31,49478,2,0.404,0
1327811,0001327811-18-000058,10-Q,2018-10-31,36437,1,0.274,0
1327811,0001327811-18-000024,10-Q,2018-07-31,35111,1,0.285,0
1327811,0001327811-18-000022,10-Q,2018-04-30,31469,1,0.318,0
1327811,0001327811-18-000009,10-K,2018-01-31,47190,2,0.424,0
1336920,0001336920-25-000060,10-Q,2025-10-03,17116,2,1.168,0
1336920,0001336920-25-000034,10-Q,2025-07-04,16476,2,1.214,0
1336920,0001336920-25-000014,10-Q,2025-04-04,13335,1,0.75,0
1336920,0001336920-25-000006,10-K,2025-01-03,67526,37,5.479,1
1336920,0001336920-24-000054,10-Q,2024-09-27,16874,0,0.0,0
1336920,0001336920-24-000049,10-Q,2024-06-28,16095,0,0.0,0
1336920,0001336920-24-000036,10-Q,2024-03-29,14455,0,0.0,0
1336920,0001336920-24-000008,10-K,2023-12-29,69406,29,4.178,1
1336920,0001336920-23-000061,10-Q,2023-09-29,17900,0,0.0,0
1336920,0001336920-23-000051,10-Q,2023-06-30,17566,0,0.0,0
1336920,0001336920-23-000036,10-Q,2023-03-31,15213,0,0.0,0
1336920,0001336920-23-000015,10-K,2022-12-30,66767,1,0.15,0
1336920,0001336920-22-000060,10-Q,2022-09-30,18076,0,0.0,0
1336920,0001336920-22-000034,10-Q,2022-07-01,17288,0,0.0,0
1336920,0001336920-22-000024,10-Q,2022-04-01,14419,0,0.0,0
1336920,0001336920-22-000007,10-K,2021-12-31,65602,2,0.305,0
1336920,0001336920-21-000052,10-Q,2021-10-01,18351,0,0.0,0
1336920,0001336920-21-000038,10-Q,2021-07-02,18139,0,0.0,0
1336920,0001336920-21-000019,10-Q,2021-04-02,15118,0,0.0,0
1336920,0001336920-21-000010,10-K,2021-01-01,70422,2,0.284,0
1336920,0001336920-20-000083,10-Q,2020-10-02,23160,0,0.0,0
1336920,0001336920-20-000069,10-Q,2020-07-03,22527,0,0.0,0
1336920,0001336920-20-000038,10-Q,2020-04-03,18127,0,0.0,0
1336920,0001336920-20-000023,10-K,2020-01-03,62362,0,0.0,0
1336920,0001336920-19-000054,10-Q,2019-09-27,21466,0,0.0,0
1336920,0001336920-19-000041,10-Q,2019-06-28,19462,0,0.0,0
1336920,0001336920-19-000015,10-Q,2019-03-29,15515,0,0.0,0
1336920,0001336920-19-000004,10-K,2018-12-28,63359,0,0.0,0
1336920,0001336920-18-000052,10-Q,2018-09-28,20417,0,0.0,0
1336920,0001336920-18-000040,10-Q,2018-06-29,19432,0,0.0,0
1336920,0001336920-18-000017,10-Q,2018-03-30,17257,0,0.0,0
1340127,0001340127-19-000187,10-Q,2019-09-30,25888,0,0.0,0
1340127,0001340127-19-000159,10-Q,2019-06-30,22591,0,0.0,0
1340127,0001340127-19-000111,10-Q,2019-03-31,21572,0,0.0,0
1340127,0001340127-19-000061,10-K,2018-12-31,54852,0,0.0,0
1340127,0001340127-18-000160,10-Q,2018-09-30,24542,0,0.0,0
1340127,0001340127-18-000116,10-Q,2018-06-30,24428,0,0.0,0
1340127,0001340127-18-000077,10-Q,2018-03-31,22105,0,0.0,0
1352010,0001352010-26-000015,10-K,2025-12-31,58136,58,9.977,1
1352010,0001352010-25-000056,10-Q,2025-09-30,27130,7,2.58,1
1352010,0001352010-25-000029,10-Q,2025-06-30,26014,7,2.691,1
1352010,0001352010-25-000015,10-Q,2025-03-31,22389,7,3.127,1
1352010,0001352010-25-000007,10-K,2024-12-31,60226,47,7.804,1
1352010,0001352010-24-000044,10-Q,2024-09-30,26384,0,0.0,0
1352010,0001352010-24-000027,10-Q,2024-06-30,25163,0,0.0,0
1352010,0001352010-24-000018,10-Q,2024-03-31,21464,0,0.0,0
1352010,0001352010-24-000008,10-K,2023-12-31,59554,42,7.052,1
1352010,0001352010-23-000051,10-Q,2023-09-30,27098,0,0.0,0
1352010,0001352010-23-000044,10-Q,2023-06-30,27172,0,0.0,0
1352010,0001352010-23-000027,10-Q,2023-03-31,23130,0,0.0,0
1352010,0001352010-23-000013,10-K,2022-12-31,58552,2,0.342,0
1352010,0001352010-22-000057,10-Q,2022-09-30,30191,0,0.0,0
1352010,0001352010-22-000048,10-Q,2022-06-30,29643,0,0.0,0
1352010,0001352010-22-000036,10-Q,2022-03-31,25091,0,0.0,0
1352010,0001352010-22-000020,10-K,2021-12-31,55990,2,0.357,0
1352010,0001352010-21-000046,10-Q,2021-09-30,24992,0,0.0,0
1352010,0001352010-21-000036,10-Q,2021-06-30,23280,0,0.0,0
1352010,0001352010-21-000020,10-Q,2021-03-31,18030,0,0.0,0
1352010,0001352010-21-000010,10-K,2020-12-31,55927,2,0.358,0
1352010,0001352010-20-000040,10-Q,2020-09-30,24529,0,0.0,0
1352010,0001352010-20-000031,10-Q,2020-06-30,23595,0,0.0,0
1352010,0001352010-20-000022,10-Q,2020-03-31,19418,0,0.0,0
1352010,0001352010-20-000012,10-K,2019-12-31,54342,2,0.368,0
1352010,0001352010-19-000035,10-Q,2019-09-30,25358,0,0.0,0
1352010,0001352010-19-000028,10-Q,2019-06-30,23740,0,0.0,0
1352010,0001352010-19-000017,10-Q,2019-03-31,17627,0,0.0,0
1352010,0001352010-19-000008,10-K,2018-12-31,52366,2,0.382,0
1352010,0001352010-18-000043,10-Q,2018-09-30,21232,0,0.0,0
1352010,0001352010-18-000032,10-Q,2018-06-30,20763,0,0.0,0
1352010,0001352010-18-000022,10-Q,2018-03-31,17552,0,0.0,0
1353499,0001477932-22-006567,10-Q,2022-06-30,12128,0,0.0,0
1353499,0001477932-22-003886,10-Q,2022-03-31,10641,0,0.0,0
1353499,0001477932-22-002481,10-K,2021-12-31,16845,0,0.0,0
1353499,0001477932-21-008745,10-Q/A,2021-09-30,13288,0,0.0,0
1353499,0001477932-21-008688,10-Q,2021-09-30,13197,0,0.0,0
1353499,0001477932-21-005928,10-Q,2021-06-30,11448,0,0.0,0
1353499,0001477932-21-003454,10-Q,2021-03-31,9459,0,0.0,0
1353499,0001344676-21-000014,10-K/A,2020-12-31,18619,0,0.0,0
1353499,0001344676-21-000004,10-K,2020-12-31,18046,0,0.0,0
1353499,0001344676-20-000163,10-Q,2020-09-30,10471,0,0.0,0
1353499,0001344676-20-000056,10-Q,2020-06-30,10608,0,0.0,0
1353499,0001344676-20-000046,10-Q/A,2020-03-31,10070,0,0.0,0
1353499,0001344676-20-000045,10-Q,2020-03-31,9412,0,0.0,0
1353499,0001344676-20-000010,10-K/A,2019-12-31,1269,0,0.0,0
1353499,0001344676-20-000004,10-K,2019-12-31,21190,0,0.0,0
1353499,0001353499-19-000033,10-Q,2019-09-30,13654,0,0.0,0
1353499,0001353499-19-000029,10-K/A,2018-12-31,24927,0,0.0,0
1353499,0001353499-19-000024,10-Q/A,2019-03-31,15250,0,0.0,0
1353499,0001353499-19-000023,10-K/A,2018-12-31,24932,0,0.0,0
1353499,0001353499-19-000010,10-Q,2019-06-30,15188,0,0.0,0
1353499,0001353499-19-000008,10-Q,2019-03-31,15148,0,0.0,0
1353499,0001353499-19-000004,10-K,2018-12-31,24726,0,0.0,0
1353499,0001353499-18-000052,10-Q/A,2018-09-30,17507,0,0.0,0
1353499,0001353499-18-000050,10-Q,2018-09-30,17328,0,0.0,0
1353499,0001353499-18-000048,10-Q/A,2018-06-30,18503,0,0.0,0
1353499,0001353499-18-000043,10-Q,2018-06-30,18330,0,0.0,0
1353499,0001353499-18-000017,10-Q,2018-03-31,18786,0,0.0,0
1355839,0001213900-26-029095,10-K,2025-12-31,42909,29,6.758,1
1355839,0001213900-25-109212,10-Q,2025-09-30,26960,5,1.855,0
1355839,0001213900-25-074973,10-Q,2025-06-30,25095,3,1.195,0
1355839,0001213900-25-043320,10-Q,2025-03-31,23138,2,0.864,0
1355839,0001013762-25-001600,10-K,2024-12-31,37805,20,5.29,1
1355839,0001213900-24-096808,10-Q,2024-09-30,20703,0,0.0,0
1355839,0001213900-24-068283,10-Q,2024-06-30,17953,0,0.0,0
1355839,0001213900-24-041028,10-Q,2024-03-31,12330,0,0.0,0
1355839,0001213900-24-023064,10-K,2023-12-31,44500,1,0.225,0
1355839,0001213900-23-084315,10-Q,2023-09-30,14876,0,0.0,0
1355839,0001213900-23-064562,10-Q,2023-06-30,14620,0,0.0,0
1355839,0001213900-23-037730,10-Q,2023-03-31,12140,0,0.0,0
1355839,0001213900-23-022476,10-K,2022-12-31,38597,0,0.0,0
1355839,0001213900-22-069779,10-Q,2022-09-30,18314,0,0.0,0
1355839,0001213900-22-045468,10-Q,2022-06-30,17686,0,0.0,0
1355839,0001213900-22-025216,10-Q,2022-03-31,14494,0,0.0,0
1355839,0001213900-22-014510,10-K,2021-12-31,41449,0,0.0,0
1355839,0001213900-21-057531,10-Q,2021-09-30,21556,0,0.0,0
1355839,0001213900-21-041245,10-Q,2021-06-30,20969,0,0.0,0
1355839,0001213900-21-025511,10-Q,2021-03-31,15938,0,0.0,0
1355839,0001213900-21-017135,10-K,2020-12-31,42974,0,0.0,0
1355839,0001213900-20-035148,10-Q,2020-09-30,19818,0,0.0,0
1355839,0001213900-20-020684,10-Q,2020-06-30,19422,0,0.0,0
1355839,0001213900-20-011284,10-Q,2020-03-31,16129,0,0.0,0
1355839,0001213900-20-007249,10-K,2019-12-31,38451,0,0.0,0
1355839,0001213900-19-022475,10-Q,2019-09-30,16624,0,0.0,0
1355839,0001213900-19-014938,10-Q,2019-06-30,16992,0,0.0,0
1355839,0001213900-19-007456,10-Q,2019-03-31,14497,0,0.0,0
1355839,0001213900-19-004686,10-K,2018-12-31,40787,0,0.0,0
1355839,0001213900-18-015148,10-Q,2018-09-30,22735,0,0.0,0
1355839,0001213900-18-010176,10-Q,2018-06-30,22447,0,0.0,0
1355839,0001213900-18-005715,10-Q,2018-03-31,14187,0,0.0,0
1356093,0001437749-26-012302,10-K,2025-12-31,59134,19,3.213,0
1356093,0001437749-25-034249,10-Q,2025-09-30,21005,0,0.0,0
1356093,0001437749-25-026358,10-Q,2025-06-30,17228,0,0.0,0
1356093,0001437749-25-016605,10-Q,2025-03-31,15124,0,0.0,0
1356093,0001437749-25-007738,10-K,2024-12-31,43235,17,3.932,0
1356093,0001437749-24-034670,10-Q,2024-09-30,14744,0,0.0,0
1356093,0001437749-24-026573,10-Q,2024-06-30,14068,0,0.0,0
1356093,0001437749-24-015814,10-Q,2024-03-31,12980,0,0.0,0
1356093,0001437749-24-013443,10-K/A,2023-12-31,10995,0,0.0,0
1356093,0001437749-24-008777,10-K,2023-12-31,42529,17,3.997,0
1356093,0001437749-23-031312,10-Q,2023-09-30,25053,0,0.0,0
1356093,0001437749-23-022050,10-Q,2023-06-30,23700,0,0.0,0
1356093,0001437749-23-014573,10-Q,2023-03-31,20668,0,0.0,0
1356093,0001437749-23-008631,10-K,2022-12-31,44393,0,0.0,0
1356093,0001213900-22-072337,10-Q,2022-09-30,25033,0,0.0,0
1356093,0001213900-22-048187,10-Q,2022-06-30,25235,0,0.0,0
1356093,0001213900-22-027272,10-Q,2022-03-31,20536,0,0.0,0
1356093,0001213900-22-014206,10-K,2021-12-31,49086,0,0.0,0
1356093,0001213900-21-059509,10-Q,2021-09-30,19556,0,0.0,0
1356093,0001213900-21-043023,10-Q,2021-06-30,18778,0,0.0,0
1356093,0001213900-21-027122,10-Q,2021-03-31,15890,0,0.0,0
1356093,0001213900-21-014469,10-K,2020-12-31,45775,0,0.0,0
1356093,0001213900-20-036611,10-Q,2020-09-30,21753,0,0.0,0
1356093,0001213900-20-021948,10-Q,2020-06-30,20436,0,0.0,0
1356093,0001213900-20-012349,10-Q,2020-03-31,15543,0,0.0,0
1356093,0001213900-20-006174,10-K,2019-12-31,43139,0,0.0,0
1356093,0001213900-19-022401,10-Q,2019-09-30,20437,0,0.0,0
1356093,0001213900-19-015857,10-Q/A,2019-06-30,4564,0,0.0,0
1356093,0001213900-19-014998,10-Q,2019-06-30,19360,0,0.0,0
1356093,0001213900-19-008166,10-Q,2019-03-31,16466,0,0.0,0
1356093,0001213900-19-005126,10-K,2018-12-31,45493,0,0.0,0
1356093,0001213900-18-015794,10-Q,2018-09-30,17271,0,0.0,0
1356093,0001213900-18-011037,10-Q,2018-06-30,14534,0,0.0,0
1356093,0001213900-18-006292,10-Q,2018-03-31,13751,0,0.0,0
1365038,0001558370-21-006247,10-Q,2021-03-31,25420,0,0.0,0
1365038,0001558370-21-005335,10-K/A,2020-12-31,18189,0,0.0,0
1365038,0001558370-21-001844,10-K,2020-12-31,67537,0,0.0,0
1365038,0001558370-20-012054,10-Q,2020-09-30,33986,0,0.0,0
1365038,0001558370-20-008846,10-Q,2020-06-30,32263,0,0.0,0
1365038,0001558370-20-006264,10-Q,2020-03-31,23606,0,0.0,0
1365038,0001558370-20-002781,10-K,2019-12-31,55647,0,0.0,0
1365038,0001558370-19-010372,10-Q,2019-09-30,20616,0,0.0,0
1365038,0001558370-19-007073,10-Q,2019-06-30,20878,0,0.0,0
1365038,0001558370-19-004462,10-Q,2019-03-31,18146,0,0.0,0
1365038,0001558370-19-001480,10-K,2018-12-31,56594,0,0.0,0
1365038,0001558370-18-008636,10-Q,2018-09-30,21196,0,0.0,0
1365038,0001558370-18-006224,10-Q,2018-06-30,20986,0,0.0,0
1365038,0001558370-18-004305,10-Q,2018-03-31,17219,0,0.0,0
1366246,0001206774-21-001260,10-K/A,2020-12-31,25153,0,0.0,0
1366246,0001558370-21-002009,10-K,2020-12-31,70830,0,0.0,0
1366246,0001558370-20-013355,10-Q,2020-09-30,43280,0,0.0,0
1366246,0001558370-20-009967,10-Q,2020-06-30,41451,0,0.0,0
1366246,0001558370-20-006292,10-Q,2020-03-31,36691,0,0.0,0
1366246,0001558370-20-001804,10-K,2019-12-31,72957,0,0.0,0
1366246,0001558370-19-010596,10-Q,2019-09-30,41048,0,0.0,0
1366246,0001558370-19-007688,10-Q,2019-06-30,41214,0,0.0,0
1366246,0001558370-19-004856,10-Q,2019-03-31,35031,0,0.0,0
1366246,0001558370-19-001331,10-K,2018-12-31,73277,0,0.0,0
1366246,0001558370-18-009040,10-Q,2018-09-30,45075,0,0.0,0
1366246,0001558370-18-006747,10-Q,2018-06-30,45484,0,0.0,0
1366246,0001558370-18-004489,10-Q,2018-03-31,43020,0,0.0,0
1368761,0001376474-21-000198,10-K,2018-12-31,15547,0,0.0,0
1368761,0001391609-18-000321,10-Q,2018-09-30,5062,0,0.0,0
1368761,0001391609-18-000249,10-Q,2018-06-30,4919,0,0.0,0
1368761,0001391609-18-000245,10-Q,2018-03-31,4757,0,0.0,0
1372414,0001372414-19-000065,10-Q,2019-06-30,51676,4,0.774,0
1372414,0001372414-19-000040,10-Q,2019-03-31,47705,6,1.258,0
1372414,0001372414-19-000010,10-K,2018-12-31,69571,19,2.731,0
1372414,0001372414-18-000060,10-Q,2018-09-30,50733,0,0.0,0
1372414,0001372414-18-000047,10-Q,2018-06-30,49696,0,0.0,0
1372414,0001372414-18-000025,10-Q,2018-03-31,47217,0,0.0,0
1376321,0001171843-26-002058,10-K,2025-12-31,80974,7,0.864,0
1376321,0001171843-25-007330,10-Q,2025-09-30,22949,2,0.871,0
1376321,0001171843-25-005426,10-Q,2025-06-30,22788,2,0.878,0
1376321,0001171843-25-003343,10-Q,2025-03-31,20608,2,0.97,0
1376321,0001171843-25-002214,10-K,2024-12-31,80388,6,0.746,0
1376321,0001171843-24-006453,10-Q,2024-09-30,23921,0,0.0,0
1376321,0001171843-24-004837,10-Q,2024-06-30,25458,0,0.0,0
1376321,0001171843-24-004216,10-Q,2024-03-31,21916,0,0.0,0
1376321,0001171843-24-003699,10-K,2023-12-31,81112,0,0.0,0
1376321,0001171843-23-007191,10-Q,2023-09-30,26428,0,0.0,0
1376321,0001171843-23-005384,10-Q,2023-06-30,25775,0,0.0,0
1376321,0001171843-23-003478,10-Q,2023-03-31,22803,0,0.0,0
1376321,0001171843-23-002333,10-K,2022-12-31,80361,0,0.0,0
1376321,0001171843-22-007589,10-Q,2022-09-30,24801,0,0.0,0
1376321,0001171843-22-005764,10-Q,2022-06-30,19951,0,0.0,0
1376321,0001171843-22-003730,10-Q,2022-03-31,16542,0,0.0,0
1376321,0001171843-22-002601,10-K,2021-12-31,71381,0,0.0,0
1376321,0001171843-21-007946,10-Q,2021-09-30,21683,0,0.0,0
1376321,0001171843-21-005990,10-Q,2021-06-30,21691,0,0.0,0
1376321,0001171843-21-003640,10-Q,2021-03-31,16270,0,0.0,0
1376321,0001171843-21-002452,10-K,2020-12-31,60238,0,0.0,0
1376321,0001171843-20-007974,10-Q,2020-09-30,18637,0,0.0,0
1376321,0001171843-20-005955,10-Q,2020-06-30,17962,0,0.0,0
1376321,0001171843-20-004597,10-Q,2020-03-31,16650,0,0.0,0
1376321,0001171843-20-004287,10-K/A,2019-12-31,1608,0,0.0,0
1376321,0001171843-20-004001,10-K,2019-12-31,62659,2,0.319,0
1376321,0001171843-19-007553,10-Q,2019-09-30,20975,0,0.0,0
1376321,0001171843-19-005548,10-Q,2019-06-30,20198,0,0.0,0
1376321,0001171843-19-003512,10-Q,2019-03-31,17664,0,0.0,0
1376321,0001171843-19-002416,10-K,2018-12-31,58738,0,0.0,0
1376321,0001171843-18-008032,10-Q,2018-09-30,22701,0,0.0,0
1376321,0001171843-18-006165,10-Q,2018-06-30,23296,0,0.0,0
1376321,0001171843-18-004112,10-Q,2018-03-31,20740,0,0.0,0
1378125,0001640334-21-001044,10-K/A,2019-07-31,52882,0,0.0,0
1378125,0001640334-21-000417,10-Q/A,2020-04-30,24404,0,0.0,0
1378125,0001640334-21-000388,10-Q/A,2020-01-31,22638,0,0.0,0
1378125,0001640334-21-000351,10-Q/A,2019-10-31,21237,0,0.0,0
1378125,0001640334-21-000290,10-K/A,2019-07-31,51734,0,0.0,0
1378125,0001640334-21-000209,10-Q/A,2019-04-30,19217,0,0.0,0
1378125,0001640334-20-001518,10-Q,2020-04-30,20176,6,2.974,0
1378125,0001640334-20-001494,10-K/A,2019-07-31,2662,0,0.0,0
1378125,0001640334-20-000517,10-Q,2020-01-31,14434,6,4.157,0
1378125,0001640334-19-002620,10-Q,2019-10-31,14406,7,4.859,0
1378125,0001640334-19-002299,10-K,2019-07-31,21717,7,3.223,0
1378125,0001640334-19-001164,10-Q,2019-04-30,8468,0,0.0,0
1378125,0001640334-19-000736,10-Q,2019-01-31,7719,0,0.0,0
1378125,0001640334-19-000559,10-Q,2018-10-31,8161,0,0.0,0
1378125,0001640334-19-000403,10-K,2018-07-31,19946,8,4.011,0
1378125,0001640334-18-001805,10-Q/A,2018-04-30,613,0,0.0,0
1378125,0001640334-18-001803,10-Q/A,2018-01-31,617,0,0.0,0
1378125,0001640334-18-001467,10-Q,2018-04-30,7162,0,0.0,0
1378125,0001640334-18-000541,10-Q,2018-01-31,6625,0,0.0,0
1380277,0001380277-18-000001,10-K,2018-06-29,25567,0,0.0,0
1381871,0001213900-24-100027,10-Q,2024-09-30,19089,0,0.0,0
1381871,0001213900-24-097618,10-Q,2024-06-30,19159,0,0.0,0
1381871,0001213900-24-091822,10-Q,2024-03-31,18763,0,0.0,0
1381871,0001213900-24-086614,10-K,2023-12-31,25121,2,0.796,0
1381871,0001213900-23-089237,10-Q,2023-09-30,17897,1,0.559,0
1381871,0001013762-23-006664,10-Q/A,2023-06-30,17131,1,0.584,0
1381871,0001213900-23-071846,10-Q,2023-06-30,17305,1,0.578,0
1381871,0001575872-23-000884,10-Q,2023-03-31,15809,1,0.633,0
1381871,0001575872-23-000553,10-K,2022-12-31,32142,4,1.244,0
1381871,0001575872-22-001154,10-Q,2022-09-30,14520,0,0.0,0
1381871,0001575872-22-000803,10-Q/A,2022-06-30,14293,0,0.0,0
1381871,0001575872-22-000786,10-Q,2022-06-30,14126,0,0.0,0
1381871,0001213900-22-032134,10-Q/A,2022-03-31,9980,0,0.0,0
1381871,0001213900-22-030866,10-Q,2022-03-31,9696,2,2.063,0
1381871,0001213900-22-021280,10-K,2021-12-31,23804,0,0.0,0
1381871,0001213900-21-060823,10-Q,2021-09-30,11875,0,0.0,0
1381871,0001213900-21-042868,10-Q,2021-06-30,10950,0,0.0,0
1381871,0001213900-21-034943,10-Q,2021-03-31,7938,0,0.0,0
1381871,0001213900-21-032326,10-K/A,2020-12-31,23438,0,0.0,0
1381871,0001213900-21-030737,10-K,2020-12-31,23894,0,0.0,0
1381871,0001213900-20-037648,10-Q,2020-09-30,9068,0,0.0,0
1381871,0001213900-20-023601,10-Q,2020-06-30,8692,0,0.0,0
1381871,0001213900-20-022477,10-Q/A,2020-03-31,8021,0,0.0,0
1381871,0001213900-20-022124,10-Q,2020-03-31,7794,0,0.0,0
1381871,0001213900-20-020636,10-K,2019-12-31,23477,0,0.0,0
1381871,0001213900-20-010507,10-Q,2019-09-30,10267,0,0.0,0
1381871,0001213900-20-006660,10-Q,2019-06-30,9471,0,0.0,0
1381871,0001213900-19-009126,10-Q,2019-03-31,8353,0,0.0,0
1381871,0001213900-19-006479,10-K,2018-12-31,22256,0,0.0,0
1381871,0001213900-18-015950,10-Q,2018-09-30,8739,0,0.0,0
1381871,0001477932-18-004228,10-Q,2018-06-30,7365,0,0.0,0
1381871,0001477932-18-003023,10-Q/A,2018-03-31,676,0,0.0,0
1381871,0001477932-18-002718,10-Q/A,2018-03-31,637,0,0.0,0
1381871,0001477932-18-002662,10-Q,2018-03-31,6261,0,0.0,0
1384905,0001384905-26-000027,10-K/A,2025-12-31,24368,3,1.231,0
1384905,0001384905-26-000021,10-K,2025-12-31,66264,102,15.393,1
1384905,0001384905-25-000053,10-Q,2025-09-30,47907,78,16.282,1
1384905,0001384905-25-000040,10-Q,2025-06-30,47048,61,12.965,1
1384905,0001384905-25-000033,10-Q,2025-03-31,44117,48,10.88,1
1384905,0001384905-25-000028,10-K/A,2024-12-31,25115,0,0.0,0
1384905,0001384905-25-000014,10-K,2024-12-31,67766,66,9.739,1
1384905,0001384905-24-000060,10-Q,2024-09-30,56756,68,11.981,1
1384905,0001384905-24-000046,10-Q,2024-06-30,54496,65,11.927,1
1384905,0001384905-24-000037,10-Q,2024-03-31,54752,60,10.959,1
1384905,0001384905-24-000024,10-K/A,2023-12-31,2205,0,0.0,0
1384905,0001384905-24-000013,10-K,2023-12-31,105867,53,5.006,1
1384905,0001384905-23-000053,10-Q,2023-09-30,58236,46,7.899,1
1384905,0001384905-23-000032,10-Q,2023-06-30,53419,16,2.995,1
1384905,0001384905-23-000024,10-Q,2023-03-31,48468,9,1.857,1
1384905,0001384905-23-000017,10-K,2022-12-31,99040,1,0.101,0
1384905,0001193125-22-283505,10-Q/A,2022-09-30,1213,0,0.0,0
1384905,0001384905-22-000052,10-Q,2022-09-30,50401,0,0.0,0
1384905,0001384905-22-000038,10-Q,2022-06-30,47739,0,0.0,0
1384905,0001384905-22-000031,10-Q,2022-03-31,45232,0,0.0,0
1384905,0001384905-22-000020,10-K/A,2021-12-31,27483,0,0.0,0
1384905,0001384905-22-000011,10-K,2021-12-31,67053,1,0.149,0
1384905,0001384905-21-000035,10-Q,2021-09-30,46989,0,0.0,0
1384905,0001384905-21-000027,10-Q,2021-06-30,45704,0,0.0,0
1384905,0001384905-21-000019,10-Q,2021-03-31,43957,0,0.0,0
1384905,0001384905-21-000007,10-K,2020-12-31,66240,0,0.0,0
1384905,0001384905-20-000032,10-Q,2020-09-30,50952,0,0.0,0
1384905,0001384905-20-000026,10-Q,2020-06-30,47839,0,0.0,0
1384905,0001384905-20-000015,10-Q,2020-03-31,44568,0,0.0,0
1384905,0001384905-20-000008,10-K,2019-12-31,58968,0,0.0,0
1384905,0001384905-19-000022,10-Q,2019-09-30,46902,0,0.0,0
1384905,0001384905-19-000015,10-Q,2019-06-30,45854,0,0.0,0
1384905,0001384905-19-000006,10-Q,2019-03-31,43822,0,0.0,0
1384905,0001564590-19-004630,10-K,2018-12-31,64200,0,0.0,0
1384905,0001564590-18-028592,10-Q,2018-09-30,50369,0,0.0,0
1384905,0001564590-18-020042,10-Q,2018-06-30,49075,0,0.0,0
1384905,0001564590-18-012579,10-Q,2018-03-31,47107,0,0.0,0
1385292,0001193125-19-203240,10-Q,2019-06-30,22802,0,0.0,0
1385292,0001193125-19-120907,10-Q,2019-03-31,18913,0,0.0,0
1385292,0001193125-19-049831,10-K,2018-12-31,61536,8,1.3,0
1385292,0001193125-18-316365,10-Q,2018-09-30,23967,0,0.0,0
1385292,0001193125-18-231462,10-Q,2018-06-30,22865,0,0.0,0
1385292,0001193125-18-143527,10-Q,2018-03-31,17370,0,0.0,0
1386049,0001096906-23-001080,10-Q,2023-03-31,11642,0,0.0,0
1386049,0001096906-23-000692,10-K,2022-12-31,43926,0,0.0,0
1386049,0001096906-22-002753,10-Q,2022-09-30,12952,0,0.0,0
1386049,0001096906-22-001849,10-Q,2022-06-30,12485,0,0.0,0
1386049,0001096906-22-001110,10-Q,2022-03-31,11159,0,0.0,0
1386049,0001096906-22-000717,10-K,2021-12-31,46389,0,0.0,0
1386049,0001096906-21-002688,10-Q,2021-09-30,15446,0,0.0,0
1386049,0001096906-21-001956,10-Q,2021-06-30,15221,0,0.0,0
1386049,0001096906-21-001156,10-Q,2021-03-31,13861,0,0.0,0
1386049,0001096906-21-000775,10-K,2020-12-31,46488,0,0.0,0
1386049,0001096906-20-000312,10-Q,2020-09-30,14989,0,0.0,0
1386049,0001445866-20-001182,10-Q,2020-06-30,13117,0,0.0,0
1386049,0001445866-20-000666,10-Q,2020-03-31,13148,0,0.0,0
1386049,0001445866-20-000403,10-K,2019-12-31,40169,0,0.0,0
1386049,0001445866-19-001369,10-Q,2019-09-30,13233,0,0.0,0
1386049,0001445866-19-000989,10-Q,2019-06-30,12570,0,0.0,0
1386049,0001445866-19-000583,10-Q,2019-03-31,10514,0,0.0,0
1386049,0001445866-19-000409,10-K,2018-12-31,34789,0,0.0,0
1388295,0001493152-26-020948,10-K/A,2025-12-31,37411,43,11.494,1
1388295,0001493152-26-016782,10-K,2025-12-31,37482,43,11.472,1
1388295,0001493152-25-023510,10-Q,2025-09-30,14841,24,16.171,1
1388295,0001641172-25-023229,10-Q,2025-06-30,12973,20,15.417,0
1388295,0001641172-25-008874,10-Q,2025-03-31,11372,20,17.587,0
1388295,0001493152-25-009285,10-K,2024-12-31,29459,27,9.165,1
1388295,0001493152-24-049885,10-Q/A,2024-09-30,13744,8,5.821,0
1388295,0001493152-24-044910,10-Q,2024-09-30,12708,8,6.295,0
1388295,0001493152-24-031498,10-Q,2024-06-30,9256,7,7.563,0
1388295,0001493152-24-018695,10-Q,2024-03-31,7325,6,8.191,0
1388295,0001493152-24-012247,10-K,2023-12-31,20373,20,9.817,1
1388295,0001493152-23-040203,10-Q,2023-09-30,9782,12,12.267,0
1389002,0000950170-24-125387,10-Q,2024-09-30,34878,0,0.0,0
1389002,0000950170-24-089330,10-Q,2024-06-30,34983,0,0.0,0
1389002,0000950170-24-052191,10-Q,2024-03-31,32112,0,0.0,0
1389002,0000950170-24-027322,10-K/A,2023-12-31,15824,0,0.0,0
1389002,0000950170-24-019131,10-K,2023-12-31,51422,0,0.0,0
1389002,0000950170-23-062944,10-Q,2023-09-30,36644,0,0.0,0
1389002,0000950170-23-039964,10-Q,2023-06-30,35744,0,0.0,0
1389002,0000950170-23-017937,10-Q,2023-03-31,34162,0,0.0,0
1389002,0000950170-23-004149,10-K,2022-12-31,46976,0,0.0,0
1389002,0000950170-22-021952,10-Q,2022-09-30,36652,0,0.0,0
1389002,0000950170-22-014848,10-Q,2022-06-30,37409,0,0.0,0
1389002,0000950170-22-007892,10-Q,2022-03-31,36165,0,0.0,0
1389002,0000950170-22-001990,10-K,2021-12-31,50995,0,0.0,0
1389002,0000950170-21-003102,10-Q,2021-09-30,37938,0,0.0,0
1389002,0001564590-21-039804,10-Q,2021-06-30,38264,0,0.0,0
1389002,0001564590-21-025024,10-Q,2021-03-31,36458,0,0.0,0
1389002,0001564590-21-009094,10-K,2020-12-31,52856,0,0.0,0
1389002,0001564590-20-051552,10-Q,2020-09-30,37490,0,0.0,0
1389002,0001564590-20-039082,10-Q,2020-06-30,36855,0,0.0,0
1389002,0001564590-20-024728,10-Q,2020-03-31,34485,0,0.0,0
1389002,0001564590-20-012228,10-K,2019-12-31,58744,0,0.0,0
1389002,0001564590-19-043028,10-Q/A,2019-09-30,33538,0,0.0,0
1389002,0001564590-19-041848,10-Q,2019-09-30,33351,0,0.0,0
1389002,0001140361-19-014606,10-Q,2019-06-30,33470,0,0.0,0
1389002,0001437749-19-009487,10-Q,2019-03-31,31501,0,0.0,0
1389002,0001437749-19-004926,10-K,2018-12-31,57616,0,0.0,0
1389002,0001437749-18-020614,10-Q,2018-09-30,31669,0,0.0,0
1389002,0001437749-18-015132,10-Q,2018-06-30,30927,0,0.0,0
1389002,0001564590-18-013104,10-Q,2018-03-31,29722,0,0.0,0
1392972,0001392972-25-000164,10-Q,2025-09-30,14957,12,8.023,1
1392972,0001392972-25-000136,10-Q,2025-06-30,12030,12,9.975,1
1392972,0001392972-25-000076,10-Q,2025-03-31,9450,12,12.698,1
1392972,0001392972-25-000019,10-K,2024-12-31,41953,56,13.348,1
1392972,0001392972-24-000121,10-Q,2024-09-30,12977,20,15.412,1
1392972,0001392972-24-000095,10-Q,2024-06-30,12204,20,16.388,1
1392972,0001392972-24-000063,10-Q,2024-03-31,10285,16,15.557,1
1392972,0001392972-24-000025,10-K,2023-12-31,45229,48,10.613,1
1392972,0001392972-23-000117,10-Q,2023-09-30,14914,15,10.058,1
1392972,0001392972-23-000098,10-Q,2023-06-30,12759,13,10.189,1
1392972,0001392972-23-000070,10-Q,2023-03-31,10363,4,3.86,0
1392972,0001392972-23-000026,10-K,2022-12-31,44368,29,6.536,0
1392972,0001392972-22-000077,10-Q,2022-09-30,13529,3,2.217,0
1392972,0001392972-22-000070,10-Q,2022-06-30,13094,3,2.291,0
1392972,0001392972-22-000048,10-Q,2022-03-31,11722,3,2.559,0
1392972,0001392972-22-000031,10-K,2021-12-31,47667,27,5.664,0
1392972,0001392972-21-000099,10-Q,2021-09-30,13549,3,2.214,0
1392972,0001392972-21-000089,10-Q,2021-06-30,12466,3,2.407,0
1392972,0001392972-21-000059,10-Q,2021-03-31,11097,3,2.703,0
1392972,0001392972-21-000039,10-K,2020-12-31,48056,30,6.243,0
1392972,0001392972-20-000147,10-Q,2020-09-30,16447,5,3.04,0
1392972,0001392972-20-000119,10-Q,2020-06-30,14809,5,3.376,0
1392972,0001392972-20-000097,10-Q,2020-03-31,12904,5,3.875,0
1392972,0001392972-20-000059,10-K,2019-12-31,49551,30,6.054,0
1392972,0001392972-19-000147,10-Q,2019-09-30,17998,6,3.334,0
1392972,0001392972-19-000110,10-Q,2019-06-30,16854,6,3.56,0
1392972,0001392972-19-000086,10-Q,2019-03-31,13558,6,4.425,0
1392972,0001392972-19-000067,10-K,2018-12-31,47836,30,6.271,0
1392972,0001392972-18-000132,10-Q,2018-09-30,18010,6,3.331,0
1392972,0001392972-18-000115,10-Q,2018-06-30,17404,5,2.873,0
1392972,0001392972-18-000094,10-Q,2018-03-31,15787,5,3.167,0
1393548,0001575705-22-000610,10-Q,2022-06-30,16950,0,0.0,0
1393548,0001575705-22-000378,10-Q,2022-03-31,16177,0,0.0,0
1393548,0001575705-22-000158,10-Q,2021-12-31,14943,0,0.0,0
1393548,0001575705-22-000124,10-K,2021-09-30,29532,0,0.0,0
1402453,0001493152-19-005324,10-K,2018-12-31,22972,0,0.0,0
1402453,0001493152-18-016414,10-Q,2018-09-30,11736,0,0.0,0
1402453,0001493152-18-011662,10-Q,2018-06-30,11737,0,0.0,0
1402453,0001493152-18-006882,10-Q,2018-03-31,11080,0,0.0,0
1408278,0001408278-21-000050,10-K,2020-12-31,56900,0,0.0,0
1408278,0001408278-20-000245,10-Q,2020-09-30,16678,0,0.0,0
1408278,0001408278-20-000197,10-Q,2020-06-30,16537,0,0.0,0
1408278,0001408278-20-000138,10-Q,2020-03-31,14422,0,0.0,0
1408278,0001408278-20-000055,10-K,2019-12-31,44736,0,0.0,0
1408278,0001408278-19-000050,10-Q,2019-09-30,16823,0,0.0,0
1408278,0001408278-19-000015,10-Q,2019-06-30,17030,0,0.0,0
1408278,0001564590-19-018321,10-Q,2019-03-31,13690,0,0.0,0
1408278,0001564590-19-007648,10-K,2018-12-31,49446,0,0.0,0
1408278,0001564590-18-028701,10-Q,2018-09-30,14030,0,0.0,0
1408278,0001564590-18-021072,10-Q,2018-06-30,29042,0,0.0,0
1408278,0001564590-18-013041,10-Q,2018-03-31,27090,0,0.0,0
1413909,0001493152-23-030494,10-Q,2023-06-30,40793,0,0.0,0
1413909,0001493152-23-024445,10-K/A,2022-12-31,52768,0,0.0,0
1413909,0001493152-23-024440,10-Q,2023-03-31,39929,0,0.0,0
1413909,0001493152-23-012658,10-K,2022-12-31,51994,0,0.0,0
1413909,0001493152-22-032287,10-Q,2022-09-30,41843,0,0.0,0
1413909,0001493152-22-023418,10-Q,2022-06-30,41496,0,0.0,0
1413909,0001493152-22-023393,10-Q/A,2022-03-31,39650,0,0.0,0
1413909,0001493152-22-016772,10-Q,2022-03-31,38432,0,0.0,0
1413909,0001493152-22-008666,10-K,2021-12-31,64544,0,0.0,0
1413909,0001493152-21-028454,10-Q,2021-09-30,42043,0,0.0,0
1413909,0001493152-21-020112,10-Q,2021-06-30,41197,0,0.0,0
1413909,0001493152-21-011895,10-Q,2021-03-31,38573,0,0.0,0
1413909,0001493152-21-005426,10-K,2020-12-31,57392,0,0.0,0
1413909,0001493152-20-021157,10-Q,2020-09-30,22260,0,0.0,0
1413909,0001493152-20-015867,10-Q,2020-06-30,19984,0,0.0,0
1413909,0001493152-20-012953,10-Q/A,2020-03-31,936,0,0.0,0
1413909,0001493152-20-012112,10-Q,2020-03-31,18084,0,0.0,0
1413909,0001493152-20-008900,10-K,2019-12-31,44787,0,0.0,0
1413909,0001493152-19-017456,10-Q,2019-09-30,19249,0,0.0,0
1413909,0001493152-19-012857,10-Q,2019-06-30,17933,0,0.0,0
1413909,0001493152-19-009268,10-Q,2019-03-31,15948,0,0.0,0
1413909,0001493152-19-008278,10-K,2018-12-31,46847,0,0.0,0
1413909,0001493152-18-018055,10-Q/A,2018-09-30,1188,0,0.0,0
1413909,0001493152-18-017659,10-Q,2018-09-30,22678,0,0.0,0
1413909,0001493152-18-011999,10-Q,2018-06-30,22463,0,0.0,0
1413909,0001493152-18-007687,10-Q/A,2018-03-31,1197,0,0.0,0
1413909,0001493152-18-007620,10-Q,2018-03-31,18918,0,0.0,0
1415605,0001062993-22-019974,10-Q/A,2018-12-31,14581,2,1.372,0
1415605,0001062993-19-002305,10-Q,2019-03-31,11624,2,1.721,0
1415605,0001062993-19-000912,10-Q,2018-12-31,11907,2,1.68,0
1415605,0001062993-18-005050,10-Q,2018-10-31,5434,2,3.681,0
1418091,0001418091-22-000147,10-Q,2022-06-30,52045,0,0.0,0
1418091,0001418091-22-000075,10-Q,2022-03-31,46896,0,0.0,0
1418091,0001418091-22-000029,10-K,2021-12-31,64782,1,0.154,0
1418091,0001418091-21-000209,10-Q,2021-09-30,46330,0,0.0,0
1418091,0001418091-21-000155,10-Q,2021-06-30,44640,0,0.0,0
1418091,0001418091-21-000085,10-Q,2021-03-31,42372,0,0.0,0
1418091,0001418091-21-000031,10-K,2020-12-31,63974,2,0.313,0
1418091,0001418091-20-000202,10-Q,2020-09-30,44086,1,0.227,0
1418091,0001418091-20-000158,10-Q,2020-06-30,43290,1,0.231,0
1418091,0001418091-20-000089,10-Q,2020-03-31,39441,1,0.254,0
1418091,0001418091-20-000037,10-K,2019-12-31,61850,1,0.162,0
1418091,0001418091-19-000008,10-Q,2019-09-30,43975,0,0.0,0
1418091,0001564590-19-027504,10-Q,2019-06-30,43532,0,0.0,0
1418091,0001564590-19-014333,10-Q,2019-03-31,40340,0,0.0,0
1418091,0001564590-19-003523,10-K,2018-12-31,68248,2,0.293,0
1418091,0001564590-18-025638,10-Q,2018-09-30,47488,0,0.0,0
1418091,0001564590-18-017905,10-Q,2018-06-30,46433,0,0.0,0
1418091,0001564590-18-010739,10-Q,2018-03-31,41173,0,0.0,0
1419582,0001387131-18-006332,10-Q,2018-09-30,26984,0,0.0,0
1419582,0001387131-18-004110,10-Q,2018-06-30,28099,0,0.0,0
1419582,0001387131-18-002188,10-Q,2018-03-31,12359,0,0.0,0
1419951,0001731122-26-000564,10-K,2025-12-31,47066,7,1.487,0
1419951,0001731122-25-001568,10-Q,2025-09-30,14744,1,0.678,0
1419951,0001731122-25-001132,10-Q,2025-06-30,18772,0,0.0,0
1419951,0001731122-25-000763,10-Q,2025-03-31,14654,0,0.0,0
1419951,0001731122-25-000629,10-K/A,2024-12-31,12026,0,0.0,0
1419951,0001731122-25-000484,10-K,2024-12-31,38265,0,0.0,0
1419951,0001731122-24-001803,10-Q,2024-09-30,18345,0,0.0,0
1419951,0001731122-24-001251,10-Q,2024-06-30,17243,0,0.0,0
1419951,0001731122-24-000815,10-Q,2024-03-31,14552,0,0.0,0
1419951,0001731122-24-000526,10-K,2023-12-31,43935,0,0.0,0
1419951,0001731122-23-002107,10-Q,2023-09-30,17537,0,0.0,0
1419951,0001731122-23-001481,10-Q,2023-06-30,16504,0,0.0,0
1419951,0001731122-23-000914,10-Q,2023-03-31,13902,0,0.0,0
1419951,0001731122-23-000536,10-K,2022-12-31,43868,0,0.0,0
1419951,0001731122-22-001973,10-Q,2022-09-30,15462,0,0.0,0
1419951,0001731122-22-001950,10-Q/A,2022-06-30,16586,0,0.0,0
1419951,0001731122-22-001351,10-Q,2022-06-30,15172,0,0.0,0
1419951,0001731122-22-000917,10-Q,2022-03-31,13411,0,0.0,0
1419951,0001731122-22-000634,10-K,2021-12-31,43203,0,0.0,0
1419951,0001731122-21-001932,10-Q,2021-09-30,17469,0,0.0,0
1419951,0001731122-21-001376,10-Q,2021-06-30,17146,0,0.0,0
1419951,0001731122-21-000904,10-Q,2021-03-31,14103,0,0.0,0
1419951,0001731122-21-000486,10-K,2020-12-31,50054,0,0.0,0
1419951,0001731122-20-001195,10-Q,2020-09-30,13829,0,0.0,0
1419951,0001731122-20-000876,10-Q,2020-06-30,13878,0,0.0,0
1419951,0001731122-20-000547,10-Q,2020-03-31,12338,0,0.0,0
1419951,0001731122-20-000381,10-K,2019-12-31,28107,0,0.0,0
1419951,0001731122-19-000722,10-Q,2019-09-30,12402,0,0.0,0
1419951,0001731122-19-000482,10-Q,2019-06-30,12156,0,0.0,0
1419951,0001731122-19-000270,10-Q,2019-03-31,11177,0,0.0,0
1419951,0001731122-19-000152,10-K,2018-12-31,26751,0,0.0,0
1419951,0001731122-18-000171,10-Q,2018-09-30,11461,0,0.0,0
1419951,0001731122-18-000061,10-Q,2018-06-30,11100,0,0.0,0
1419951,0001615774-18-003860,10-Q,2018-03-31,10959,0,0.0,0
1422930,0001422930-26-000010,10-K,2025-12-31,61989,103,16.616,1
1422930,0001422930-25-000050,10-Q,2025-09-30,21911,2,0.913,0
1422930,0001422930-25-000040,10-Q,2025-06-30,21363,2,0.936,0
1422930,0001422930-25-000025,10-Q,2025-03-31,19440,2,1.029,0
1422930,0001422930-25-000012,10-K,2024-12-31,59146,39,6.594,0
1422930,0001422930-24-000047,10-Q,2024-09-30,19731,2,1.014,0
1422930,0001422930-24-000041,10-Q,2024-06-30,19257,2,1.039,0
1422930,0001422930-24-000037,10-Q/A,2024-03-31,1299,0,0.0,0
1422930,0001422930-24-000027,10-Q,2024-03-31,16752,2,1.194,0
1422930,0001422930-24-000012,10-K,2023-12-31,59495,34,5.715,0
1422930,0001422930-23-000058,10-Q,2023-09-30,40418,20,4.948,0
1422930,0001422930-23-000038,10-Q,2023-06-30,39830,20,5.021,0
1422930,0001422930-23-000023,10-Q,2023-03-31,37172,8,2.152,0
1422930,0001422930-23-000008,10-K,2022-12-31,59677,26,4.357,0
1422930,0001422930-22-000055,10-Q,2022-09-30,39866,8,2.007,0
1422930,0001422930-22-000041,10-Q,2022-06-30,36985,8,2.163,0
1422930,0001422930-22-000025,10-Q,2022-03-31,35275,8,2.268,0
1422930,0001422930-22-000009,10-K,2021-12-31,57614,25,4.339,0
1422930,0001422930-21-000055,10-Q,2021-09-30,43719,8,1.83,0
1422930,0001422930-21-000045,10-Q,2021-06-30,43289,8,1.848,0
1422930,0001422930-21-000030,10-Q,2021-03-31,41375,8,1.934,0
1422930,0001422930-21-000009,10-K,2020-12-31,66316,36,5.429,0
1433714,0001433714-21-000031,10-Q,2021-09-30,32870,0,0.0,0
1433714,0001433714-21-000025,10-Q,2021-06-30,32896,0,0.0,0
1433714,0001433714-21-000018,10-Q,2021-03-31,30805,0,0.0,0
1433714,0001433714-21-000007,10-K,2020-12-31,54229,3,0.553,0
1433714,0001433714-20-000077,10-Q,2020-09-30,34463,0,0.0,0
1433714,0001433714-20-000064,10-Q,2020-06-30,34317,0,0.0,0
1433714,0001433714-20-000046,10-Q,2020-03-31,32299,0,0.0,0
1433714,0001433714-20-000016,10-K,2019-12-31,52355,1,0.191,0
1433714,0001433714-19-000039,10-Q,2019-09-30,32356,1,0.309,0
1433714,0001433714-19-000031,10-Q,2019-06-30,30922,1,0.323,0
1433714,0001433714-19-000023,10-Q,2019-03-31,29364,1,0.341,0
1433714,0001433714-19-000009,10-K,2018-12-31,53643,2,0.373,0
1433714,0001433714-18-000043,10-Q,2018-09-30,35512,1,0.282,0
1433714,0001433714-18-000034,10-Q,2018-06-30,34964,1,0.286,0
1433714,0001433714-18-000023,10-Q,2018-03-31,33528,1,0.298,0
1435617,0001493152-26-015155,10-K,2025-12-31,18625,0,0.0,0
1435617,0001493152-25-021266,10-Q,2025-09-30,11727,0,0.0,0
1435617,0001641172-25-026673,10-Q,2025-06-30,11272,0,0.0,0
1435617,0001641172-25-012483,10-Q,2025-03-31,10412,0,0.0,0
1435617,0001641172-25-006812,10-K,2024-12-31,19059,0,0.0,0
1435617,0001493152-24-045713,10-Q,2024-09-30,11300,0,0.0,0
1435617,0001493152-24-031560,10-Q,2024-06-30,11279,0,0.0,0
1435617,0001493152-24-020830,10-Q,2024-03-31,10057,0,0.0,0
1435617,0001493152-24-018248,10-K,2023-12-31,18922,0,0.0,0
1435617,0001493152-23-040888,10-Q,2023-09-30,10041,0,0.0,0
1435617,0001493152-23-026640,10-Q,2023-06-30,10234,0,0.0,0
1435617,0001493152-23-016352,10-Q,2023-03-31,7711,0,0.0,0
1435617,0001493152-23-010055,10-K,2022-12-31,14835,0,0.0,0
1435617,0001493152-22-029299,10-Q,2022-09-30,8329,0,0.0,0
1435617,0001493152-22-023659,10-Q,2022-06-30,8394,0,0.0,0
1435617,0001493152-22-016687,10-Q,2022-03-31,7819,0,0.0,0
1435617,0001493152-22-005723,10-K,2021-12-31,14353,0,0.0,0
1435617,0001493152-21-028219,10-Q,2021-09-30,7166,0,0.0,0
1435617,0001493152-21-018844,10-Q,2021-06-30,7146,0,0.0,0
1435617,0001493152-21-011698,10-Q,2021-03-31,6928,0,0.0,0
1435617,0001493152-21-007396,10-K,2020-12-31,19865,0,0.0,0
1437491,0001214659-24-012432,10-K,2024-03-31,70977,102,14.371,1
1437491,0001214659-24-003164,10-Q,2023-12-31,22574,6,2.658,1
1437491,0001213900-23-088761,10-Q,2023-09-30,25712,0,0.0,0
1437491,0001213900-23-069274,10-Q,2023-06-30,26979,0,0.0,0
1437491,0001213900-23-057011,10-K,2023-03-31,84557,24,2.838,0
1437491,0001213900-23-013028,10-Q,2022-12-31,32864,0,0.0,0
1437491,0001213900-22-074206,10-Q,2022-09-30,27049,0,0.0,0
1437491,0001213900-22-047377,10-Q,2022-06-30,34682,0,0.0,0
1437491,0001213900-22-037982,10-K,2022-03-31,77730,1,0.129,0
1437491,0001213900-22-006986,10-Q,2021-12-31,42360,0,0.0,0
1437491,0001213900-21-058142,10-Q,2021-09-30,48355,0,0.0,0
1437491,0001213900-21-042465,10-Q,2021-06-30,27237,0,0.0,0
1437491,0001213900-21-034916,10-K,2021-03-31,62366,1,0.16,0
1437491,0001213900-21-008954,10-Q,2020-12-31,30137,0,0.0,0
1437491,0001213900-20-035566,10-Q,2020-09-30,26709,0,0.0,0
1437491,0001213900-20-025626,10-Q/A,2020-06-30,21345,0,0.0,0
1437491,0001213900-20-021877,10-Q,2020-06-30,21645,0,0.0,0
1437491,0001213900-20-016180,10-K,2020-03-31,64636,1,0.155,0
1437491,0001213900-20-003971,10-Q,2019-12-31,18164,1,0.551,0
1437491,0001213900-19-025788,10-Q/A,2018-12-31,18855,1,0.53,0
1437491,0001213900-19-025787,10-Q/A,2018-09-30,18050,1,0.554,0
1437491,0001213900-19-025785,10-Q/A,2018-06-30,15454,1,0.647,0
1437491,0001213900-19-023908,10-Q,2019-09-30,17899,1,0.559,0
1437491,0001213900-19-018309,10-Q,2019-06-30,15237,1,0.656,0
1437491,0001213900-19-016343,10-K,2019-03-31,47518,2,0.421,0
1437491,0001213900-19-002110,10-Q,2018-12-31,15091,1,0.663,0
1437491,0001213900-18-015292,10-Q,2018-09-30,14264,1,0.701,0
1437491,0001213900-18-010314,10-Q,2018-06-30,12099,1,0.827,0
1437491,0001213900-18-009866,10-K/A,2018-03-31,10255,0,0.0,0
1437491,0001213900-18-008366,10-K,2018-03-31,42947,1,0.233,0
1438231,0001437749-26-007793,10-K,2025-12-31,39118,13,3.323,0
1438231,0001437749-25-034816,10-Q,2025-09-30,21384,0,0.0,0
1438231,0001437749-25-026996,10-Q,2025-06-30,19852,0,0.0,0
1438231,0001437749-25-014773,10-Q,2025-03-31,16752,0,0.0,0
1438231,0001193125-25-063090,10-K/A,2024-12-31,3490,0,0.0,0
1438231,0001437749-25-005471,10-K,2024-12-31,36936,13,3.52,1
1438231,0001437749-24-035303,10-Q,2024-09-30,18510,0,0.0,0
1438231,0001437749-24-026877,10-Q,2024-06-30,18275,0,0.0,0
1438231,0001437749-24-014676,10-Q,2024-03-31,15181,0,0.0,0
1438231,0001437749-24-006115,10-K,2023-12-31,37575,12,3.194,1
1438231,0001437749-23-030685,10-Q,2023-09-30,20356,0,0.0,0
1438231,0001437749-23-022530,10-Q,2023-06-30,20562,0,0.0,0
1438231,0001437749-23-013925,10-Q,2023-03-31,17204,0,0.0,0
1438231,0001437749-23-005216,10-K,2022-12-31,39246,4,1.019,0
1438231,0001564590-22-036643,10-Q,2022-09-30,21404,0,0.0,0
1438231,0001564590-22-027970,10-Q,2022-06-30,20775,0,0.0,0
1438231,0001564590-22-019954,10-Q,2022-03-31,17618,0,0.0,0
1438231,0001564590-22-008846,10-K,2021-12-31,36710,4,1.09,0
1438231,0001564590-21-057034,10-Q,2021-09-30,19737,0,0.0,0
1438231,0001564590-21-041743,10-Q,2021-06-30,17610,0,0.0,0
1438231,0001564590-21-022060,10-Q,2021-03-31,15397,0,0.0,0
1438231,0001564590-21-009019,10-K,2020-12-31,37745,3,0.795,0
1438231,0001564590-20-049359,10-Q,2020-09-30,18811,0,0.0,0
1438231,0001564590-20-034744,10-Q,2020-06-30,16702,0,0.0,0
1438231,0001564590-20-020341,10-Q,2020-03-31,13674,0,0.0,0
1438231,0001564590-20-007343,10-K,2019-12-31,33459,2,0.598,0
1438231,0001564590-19-039140,10-Q,2019-09-30,14490,1,0.69,0
1438231,0001564590-19-026072,10-Q,2019-06-30,14870,1,0.672,0
1438231,0001564590-19-015126,10-Q,2019-03-31,12979,1,0.77,0
1438231,0001564590-19-003876,10-K,2018-12-31,33616,2,0.595,0
1438231,0001564590-18-026099,10-Q,2018-09-30,14455,0,0.0,0
1438231,0001564590-18-018787,10-Q,2018-06-30,14310,0,0.0,0
1438231,0001564590-18-009233,10-Q,2018-03-31,13192,0,0.0,0
1439404,0001564590-22-018907,10-Q,2022-03-31,49113,0,0.0,0
1439404,0001193125-22-095152,10-K/A,2021-12-31,30356,0,0.0,0
1439404,0001564590-22-007217,10-K,2021-12-31,78145,1,0.128,0
1439404,0001564590-21-055405,10-Q,2021-09-30,49734,0,0.0,0
1439404,0001564590-21-042196,10-Q,2021-06-30,48184,1,0.208,0
1439404,0001564590-21-025087,10-Q,2021-03-31,43086,0,0.0,0
1439404,0001564590-21-009477,10-K,2020-12-31,71458,1,0.14,0
1439404,0001564590-20-051430,10-Q,2020-09-30,47118,0,0.0,0
1439404,0001564590-20-037888,10-Q,2020-06-30,44085,0,0.0,0
1439404,0001564590-20-022959,10-Q,2020-03-31,39603,0,0.0,0
1439404,0001564590-20-007803,10-K,2019-12-31,65943,1,0.152,0
1439404,0001564590-19-039187,10-Q,2019-09-30,43579,0,0.0,0
1439404,0001564590-19-028029,10-Q,2019-06-30,44306,0,0.0,0
1439404,0001564590-19-016560,10-Q,2019-03-31,37811,0,0.0,0
1439404,0001564590-19-005098,10-K,2018-12-31,66582,1,0.15,0
1439404,0001564590-18-026485,10-Q,2018-09-30,41131,0,0.0,0
1439404,0001564590-18-019170,10-Q,2018-06-30,40462,0,0.0,0
1439404,0001564590-18-011034,10-Q,2018-03-31,37163,0,0.0,0
1442145,0001437749-26-004452,10-K,2025-12-31,60647,23,3.792,1
1442145,0001437749-25-032073,10-Q,2025-09-30,23779,0,0.0,0
1442145,0001437749-25-023862,10-Q,2025-06-30,21316,0,0.0,0
1442145,0001437749-25-014907,10-Q,2025-03-31,17202,0,0.0,0
1442145,0001437749-25-005160,10-K,2024-12-31,61125,30,4.908,1
1442145,0001437749-24-032536,10-Q,2024-09-30,24491,1,0.408,0
1442145,0001437749-24-023985,10-Q,2024-06-30,24520,1,0.408,0
1442145,0001437749-24-014064,10-Q,2024-03-31,20150,1,0.496,0
1442145,0001437749-24-004939,10-K,2023-12-31,64493,30,4.652,1
1442145,0001437749-23-029653,10-Q,2023-09-30,26016,1,0.384,0
1442145,0001437749-23-021529,10-Q,2023-06-30,25878,1,0.386,0
1442145,0001437749-23-012195,10-Q,2023-03-31,21516,1,0.465,0
1442145,0001437749-23-004945,10-K,2022-12-31,62408,3,0.481,0
1442145,0001437749-22-025374,10-Q,2022-09-30,26269,1,0.381,0
1442145,0001437749-22-018437,10-Q,2022-06-30,26353,1,0.379,0
1442145,0001437749-22-010671,10-Q,2022-03-31,22260,1,0.449,0
1442145,0001437749-22-004083,10-K,2021-12-31,62084,3,0.483,0
1442145,0001437749-21-024931,10-Q,2021-09-30,28114,1,0.356,0
1442145,0001437749-21-018343,10-Q,2021-06-30,27537,1,0.363,0
1442145,0001437749-21-010755,10-Q,2021-03-31,22345,1,0.448,0
1442145,0001437749-21-003789,10-K,2020-12-31,61177,4,0.654,0
1442145,0001437749-20-022527,10-Q,2020-09-30,28110,1,0.356,0
1442145,0001437749-20-016475,10-Q,2020-06-30,26346,1,0.38,0
1442145,0001442145-20-000022,10-Q,2020-03-31,21290,1,0.47,0
1442145,0001442145-20-000012,10-K,2019-12-31,62479,2,0.32,0
1442145,0001442145-19-000048,10-Q,2019-09-30,26804,1,0.373,0
1442145,0001442145-19-000036,10-Q,2019-06-30,24300,1,0.412,0
1442145,0001442145-19-000022,10-Q,2019-03-31,18245,1,0.548,0
1442145,0001442145-19-000012,10-K,2018-12-31,60942,3,0.492,0
1442145,0001442145-18-000055,10-Q,2018-09-30,22682,1,0.441,0
1442145,0001442145-18-000036,10-Q,2018-06-30,21767,1,0.459,0
1442145,0001442145-18-000024,10-Q,2018-03-31,17830,1,0.561,0
1448558,0001096906-21-001267,10-Q,2021-03-31,26939,0,0.0,0
1448558,0001594062-21-000026,10-Q,2020-12-31,25211,0,0.0,0
1448558,0001096906-21-000277,10-Q/A,2020-09-30,783,0,0.0,0
1448558,0001594062-21-000009,10-Q,2020-09-30,23597,0,0.0,0
1448558,0001445866-20-001527,10-K,2020-06-30,39755,0,0.0,0
1448558,0001445866-20-000706,10-Q,2020-03-31,20249,0,0.0,0
1448558,0001445866-20-000147,10-Q,2019-12-31,17023,0,0.0,0
1448558,0001445866-19-001412,10-Q,2019-09-30,15173,0,0.0,0
1448558,0001594062-19-000090,10-K/A,2019-06-30,9836,0,0.0,0
1448558,0001445866-19-001243,10-K,2019-06-30,21419,0,0.0,0
1448558,0001445866-19-000579,10-Q,2019-03-31,13873,0,0.0,0
1448558,0001445866-19-000181,10-Q,2018-12-31,11863,0,0.0,0
1448558,0001445866-18-001279,10-Q,2018-09-30,11047,0,0.0,0
1448558,0001445866-18-001106,10-K,2018-06-30,23031,0,0.0,0
1448558,0001445866-18-000623,10-Q,2018-03-31,12652,0,0.0,0
1454938,0001454938-26-000015,10-K,2025-12-31,83090,130,15.646,1
1454938,0001454938-25-000138,10-Q,2025-09-30,34664,25,7.212,1
1454938,0001454938-25-000132,10-Q,2025-06-30,33057,24,7.26,1
1454938,0001454938-25-000071,10-Q,2025-03-31,29579,23,7.776,1
1454938,0001454938-25-000020,10-K,2024-12-31,74577,84,11.264,1
1454938,0001454938-24-000196,10-Q,2024-09-30,28646,21,7.331,1
1454938,0001454938-24-000157,10-Q,2024-06-30,28613,20,6.99,1
1454938,0001454938-24-000074,10-Q,2024-03-31,20127,20,9.937,1
1454938,0001454938-24-000024,10-K,2023-12-31,65801,89,13.526,1
1454938,0001454938-23-000151,10-Q,2023-09-30,26793,8,2.986,0
1454938,0001454938-23-000122,10-Q,2023-06-30,25378,8,3.152,0
1454938,0001454938-23-000063,10-Q,2023-03-31,22112,0,0.0,0
1454938,0001454938-23-000029,10-K,2022-12-31,66123,12,1.815,0
1454938,0001454938-22-000023,10-Q,2022-09-30,26501,0,0.0,0
1454938,0001454938-22-000019,10-Q,2022-06-30,23631,0,0.0,0
1454938,0001454938-22-000010,10-Q,2022-03-31,20692,0,0.0,0
1454938,0001454938-22-000003,10-K,2021-12-31,63460,9,1.418,0
1454938,0001454938-21-000016,10-Q,2021-09-30,40570,0,0.0,0
1454938,0001454938-21-000013,10-Q,2021-06-30,38955,0,0.0,0
1458962,0001458962-18-000009,10-Q,2018-09-30,43714,0,0.0,0
1458962,0001458962-18-000008,10-Q,2018-06-30,43689,0,0.0,0
1458962,0001458962-18-000006,10-Q,2018-03-31,35917,0,0.0,0
1462223,0001683168-26-002951,10-K,2025-12-31,42018,36,8.568,1
1462223,0001683168-25-008338,10-Q,2025-09-30,35902,47,13.091,1
1462223,0001683168-25-006041,10-Q,2025-06-30,33254,35,10.525,1
1462223,0001683168-25-003886,10-Q,2025-03-31,29731,25,8.409,0
1462223,0001683168-25-002703,10-K/A,2024-12-31,1665,0,0.0,0
1462223,0001654954-25-003709,10-K,2024-12-31,65372,75,11.473,1
1462223,0001654954-24-014482,10-Q,2024-09-30,30929,3,0.97,0
1462223,0001654954-24-010646,10-Q,2024-06-30,29067,4,1.376,0
1462223,0001654954-24-010638,10-K/A,2023-12-31,61377,16,2.607,1
1462223,0001654954-24-006538,10-Q/A,2024-03-31,27707,5,1.805,0
1462223,0001654954-24-006429,10-Q,2024-03-31,27306,5,1.831,0
1462223,0001654954-24-004693,10-K,2023-12-31,60522,16,2.644,1
1462223,0001654954-23-014620,10-Q,2023-09-30,33796,1,0.296,0
1462223,0001654954-23-010757,10-Q,2023-06-30,30854,8,2.593,1
1462223,0001654954-23-006574,10-Q,2023-03-31,26817,3,1.119,1
1462223,0001654954-23-004101,10-K,2022-12-31,74454,26,3.492,1
1462223,0001654954-22-015267,10-Q,2022-09-30,38939,2,0.514,0
1462223,0001654954-22-011368,10-Q,2022-06-30,35646,3,0.842,0
1462223,0001654954-22-006964,10-Q,2022-03-31,32821,3,0.914,0
1462223,0001654954-22-004330,10-K,2021-12-31,69569,37,5.318,0
1462223,0001654954-21-012202,10-Q,2021-09-30,37323,6,1.608,0
1462223,0001654954-21-008966,10-Q,2021-06-30,32417,6,1.851,0
1462223,0001654954-21-005703,10-Q,2021-03-31,26372,8,3.034,0
1462223,0001213900-21-014153,10-K,2020-12-31,73706,31,4.206,0
1462223,0001213900-20-036521,10-Q,2020-09-30,25441,9,3.538,0
1462223,0001213900-20-021859,10-Q,2020-06-30,23982,4,1.668,0
1462223,0001213900-20-015820,10-Q,2020-03-31,19064,4,2.098,0
1462223,0001213900-20-011374,10-K,2019-12-31,52168,14,2.684,0
1462223,0001213900-19-023559,10-Q,2019-09-30,24430,3,1.228,0
1462223,0001213900-19-023557,10-Q/A,2019-06-30,24828,3,1.208,0
1462223,0001213900-19-016309,10-Q,2019-06-30,24118,3,1.244,0
1462223,0001213900-19-009239,10-Q,2019-03-31,14877,0,0.0,0
1462223,0001213900-19-002598,10-Q,2018-12-31,12696,0,0.0,0
1462223,0001213900-18-015772,10-Q,2018-09-30,11406,0,0.0,0
1462223,0001213900-18-011003,10-Q,2018-06-30,10771,0,0.0,0
1462223,0001213900-18-008509,10-K,2018-03-31,28427,0,0.0,0
1463172,0001463172-22-000326,10-Q,2022-09-30,50799,2,0.394,0
1463172,0001463172-22-000236,10-Q,2022-06-30,50399,2,0.397,0
1463172,0001193125-22-187294,10-K/A,2021-12-31,3844,0,0.0,0
1463172,0001193125-22-134791,10-K/A,2021-12-31,26978,2,0.741,0
1463172,0001463172-22-000120,10-Q,2022-03-31,45791,2,0.437,0
1463172,0001463172-22-000027,10-K,2021-12-31,66809,9,1.347,0
1463172,0001628280-21-021018,10-Q,2021-09-30,47591,0,0.0,0
1463172,0001463172-21-000323,10-Q,2021-06-30,46108,0,0.0,0
1463172,0001463172-21-000166,10-Q,2021-03-31,44146,0,0.0,0
1463172,0001463172-21-000054,10-K,2020-12-31,67769,6,0.885,0
1463172,0001463172-20-000419,10-Q,2020-09-30,49269,0,0.0,0
1463172,0001463172-20-000316,10-Q,2020-06-30,48926,0,0.0,0
1463172,0001463172-20-000156,10-Q,2020-03-31,43670,0,0.0,0
1463172,0001463172-20-000061,10-K,2019-12-31,62231,5,0.803,0
1463172,0001463172-19-000445,10-Q,2019-09-30,42102,0,0.0,0
1463172,0001463172-19-000314,10-Q,2019-06-30,40893,0,0.0,0
1463172,0001463172-19-000163,10-Q,2019-03-31,37298,0,0.0,0
1463172,0001463172-19-000065,10-K,2018-12-31,57845,5,0.864,0
1463172,0001463172-18-000242,10-Q,2018-09-30,39174,0,0.0,0
1463172,0001463172-18-000159,10-Q,2018-06-30,38115,0,0.0,0
1463172,0001628280-18-005896,10-Q,2018-03-31,35998,0,0.0,0
1467373,0001467373-25-000222,10-Q,2025-11-30,15502,6,3.87,0
1467373,0001467373-25-000217,10-K,2025-08-31,55897,75,13.418,1
1467373,0001467373-25-000169,10-Q,2025-05-31,17807,5,2.808,0
1467373,0001467373-25-000100,10-Q,2025-02-28,20238,5,2.471,0
1467373,0001467373-24-000352,10-Q,2024-11-30,15091,5,3.313,0
1467373,0001467373-24-000278,10-K,2024-08-31,57546,87,15.118,1
1467373,0001467373-24-000196,10-Q,2024-05-31,17984,2,1.112,0
1467373,0001467373-24-000108,10-Q,2024-02-29,17363,2,1.152,0
1467373,0001467373-23-000403,10-Q,2023-11-30,14758,2,1.355,0
1467373,0001467373-23-000324,10-K,2023-08-31,54749,49,8.95,1
1467373,0001467373-23-000221,10-Q,2023-05-31,18114,1,0.552,0
1467373,0001467373-23-000124,10-Q,2023-02-28,18111,1,0.552,0
1467373,0001467373-22-000370,10-Q,2022-11-30,13243,1,0.755,0
1467373,0001467373-22-000295,10-K,2022-08-31,52766,12,2.274,0
1467373,0001467373-22-000201,10-Q,2022-05-31,16485,1,0.607,0
1467373,0001467373-22-000144,10-Q,2022-02-28,16833,1,0.594,0
1467373,0001467373-21-000297,10-Q,2021-11-30,12855,1,0.778,0
1467373,0001467373-21-000229,10-K,2021-08-31,51516,8,1.553,0
1467373,0001467373-21-000161,10-Q,2021-05-31,16353,1,0.612,0
1467373,0001467373-21-000106,10-Q,2021-02-28,17104,1,0.585,0
1467373,0001467373-20-000431,10-Q,2020-11-30,13526,1,0.739,0
1467373,0001467373-20-000376,10-K,2020-08-31,51543,6,1.164,0
1467373,0001467373-20-000251,10-Q,2020-05-31,18184,0,0.0,0
1467373,0001467373-20-000158,10-Q,2020-02-29,17331,0,0.0,0
1467373,0001467373-19-000395,10-Q,2019-11-30,13609,0,0.0,0
1467373,0001467373-19-000339,10-K,2019-08-31,53662,8,1.491,0
1467373,0001467373-19-000217,10-Q,2019-05-31,18878,0,0.0,0
1467373,0001467373-19-000130,10-Q,2019-02-28,18138,0,0.0,0
1467373,0001467373-18-000424,10-Q,2018-11-30,13930,0,0.0,0
1467373,0001467373-18-000318,10-K,2018-08-31,52797,7,1.326,0
1467373,0001467373-18-000228,10-Q,2018-05-31,16749,0,0.0,0
1467373,0001467373-18-000142,10-Q,2018-02-28,15778,0,0.0,0
1475115,0001475115-26-000005,10-K,2025-12-31,74904,52,6.942,1
1475115,0001475115-25-000115,10-Q,2025-09-30,20595,9,4.37,0
1475115,0001475115-25-000106,10-Q,2025-06-30,18573,9,4.846,0
1475115,0001475115-25-000073,10-Q,2025-03-31,14598,0,0.0,0
1475115,0001475115-25-000026,10-K,2024-12-31,63345,34,5.367,1
1475115,0001475115-24-000197,10-Q,2024-09-30,19138,0,0.0,0
1475115,0001475115-24-000163,10-Q,2024-06-30,17935,0,0.0,0
1475115,0001475115-24-000097,10-Q,2024-03-31,15880,0,0.0,0
1475115,0001475115-24-000042,10-K,2023-12-31,62960,30,4.765,1
1475115,0001475115-23-000166,10-Q,2023-09-30,25027,14,5.594,1
1475115,0001475115-23-000124,10-Q,2023-06-30,24620,14,5.686,1
1475115,0001475115-23-000079,10-Q,2023-03-31,19967,14,7.012,1
1475115,0001475115-23-000040,10-K,2022-12-31,65914,0,0.0,0
1475115,0001475115-23-000038,10-Q/A,2022-09-30,23946,0,0.0,0
1475115,0001475115-23-000037,10-Q/A,2022-06-30,23488,0,0.0,0
1475115,0001475115-22-000179,10-Q,2022-09-30,22021,0,0.0,0
1475115,0001475115-22-000132,10-Q,2022-06-30,21530,0,0.0,0
1475115,0001475115-22-000068,10-Q,2022-03-31,21463,0,0.0,0
1475115,0001475115-22-000032,10-K,2021-12-31,66946,0,0.0,0
1475115,0001475115-21-000126,10-Q,2021-09-30,24422,0,0.0,0
1475115,0001475115-21-000087,10-Q,2021-06-30,25200,0,0.0,0
1475115,0001475115-21-000048,10-Q,2021-03-31,24149,0,0.0,0
1475115,0001475115-21-000020,10-K,2020-12-31,70739,0,0.0,0
1475115,0001475115-20-000159,10-Q,2020-09-30,56998,0,0.0,0
1475115,0001475115-20-000122,10-Q,2020-06-30,60992,0,0.0,0
1475115,0001475115-20-000058,10-Q,2020-03-31,51178,0,0.0,0
1475115,0001475115-20-000021,10-K,2019-12-31,63865,0,0.0,0
1475115,0001475115-19-000080,10-Q,2019-09-30,28223,0,0.0,0
1475115,0001475115-19-000043,10-Q,2019-06-30,26163,0,0.0,0
1475115,0001475115-19-000015,10-Q,2019-03-31,21762,0,0.0,0
1475115,0001475115-19-000007,10-K,2018-12-31,63933,0,0.0,0
1475115,0001475115-18-000008,10-Q,2018-09-30,50642,0,0.0,0
1477960,0001477932-26-002727,10-K/A,2025-12-31,17497,38,21.718,0
1477960,0001477932-26-002294,10-K,2025-12-31,16526,10,6.051,0
1477960,0001477932-25-008276,10-Q,2025-09-30,8603,0,0.0,0
1477960,0001477932-25-005856,10-Q,2025-06-30,7321,0,0.0,0
1477960,0001477932-25-003973,10-Q,2025-03-31,7207,0,0.0,0
1477960,0001477932-25-002922,10-K,2024-12-31,26624,71,26.668,0
1477960,0001477932-24-007461,10-Q,2024-09-30,8624,0,0.0,0
1477960,0001477932-24-004825,10-Q,2024-06-30,7309,0,0.0,0
1482554,0001493152-25-027753,10-Q,2025-10-31,7372,0,0.0,0
1482554,0001493152-25-018158,10-K,2025-07-31,18619,0,0.0,0
1482554,0001493152-25-017647,10-Q/A,2025-01-31,8409,0,0.0,0
1482554,0001493152-25-017632,10-Q/A,2025-04-30,9101,0,0.0,0
1482554,0001641172-25-015087,10-Q,2025-04-30,8686,0,0.0,0
1482554,0001493152-25-010579,10-Q,2025-01-31,7984,0,0.0,0
1482554,0001493152-25-002558,10-Q/A,2024-10-31,7267,0,0.0,0
1482554,0001493152-24-050234,10-Q,2024-10-31,7125,0,0.0,0
1482554,0001493152-24-042877,10-K,2024-07-31,15821,0,0.0,0
1482554,0001493152-24-023196,10-Q,2024-04-30,8430,0,0.0,0
1482554,0001493152-24-009931,10-Q,2024-01-31,7295,0,0.0,0
1482554,0001493152-24-008884,10-K/A,2023-07-31,1264,0,0.0,0
1482554,0001493152-23-044548,10-Q,2023-10-31,6543,0,0.0,0
1482554,0001493152-23-038652,10-K,2023-07-31,16546,2,1.209,0
1482554,0001493152-23-020870,10-Q,2023-04-30,9579,0,0.0,0
1482554,0001493152-23-020868,10-K/A,2022-07-31,18809,2,1.063,0
1482554,0001493152-23-008818,10-Q,2023-01-31,9657,0,0.0,0
1482554,0001493152-22-035522,10-Q,2022-10-31,9262,0,0.0,0
1482554,0001493152-22-031843,10-K,2022-07-31,18151,2,1.102,0
1482554,0001493152-22-018767,10-Q,2022-04-30,12310,0,0.0,0
1482554,0001493152-22-007435,10-Q,2022-01-31,12027,0,0.0,0
1482554,0001493152-21-031557,10-Q,2021-10-31,11311,0,0.0,0
1482554,0001493152-21-026695,10-K,2021-07-31,22792,2,0.878,0
1482554,0001493152-21-014263,10-Q,2021-04-30,11774,0,0.0,0
1482554,0001493152-21-006250,10-Q,2021-01-31,11322,0,0.0,0
1482554,0001493152-21-004970,10-Q/A,2020-10-31,10471,0,0.0,0
1482554,0001493152-21-004965,10-K/A,2020-07-31,23925,3,1.254,0
1482554,0001493152-20-023632,10-Q,2020-10-31,9990,0,0.0,0
1482554,0001493152-20-020943,10-K,2020-07-31,23446,3,1.28,0
1482554,0001079973-20-000483,10-Q,2020-04-30,14237,0,0.0,0
1482554,0001079973-20-000370,10-Q/A,2020-01-31,924,0,0.0,0
1482554,0001079973-20-000326,10-Q,2020-01-31,14008,0,0.0,0
1482554,0001079973-19-000645,10-Q,2019-10-31,12702,0,0.0,0
1482554,0001079973-19-000591,10-K,2019-07-31,21250,2,0.941,0
1482554,0001079973-19-000363,10-Q,2019-04-30,10164,1,0.984,0
1482554,0001079973-19-000149,10-Q,2019-01-31,7364,3,4.074,0
1482554,0001079973-18-000693,10-Q,2018-10-31,4872,3,6.158,0
1482554,0001079973-18-000628,10-K,2018-07-31,11513,6,5.212,0
1482554,0001079973-18-000394,10-Q,2018-04-30,5361,0,0.0,0
1482554,0001079973-18-000183,10-Q,2018-01-31,4683,0,0.0,0
1487101,0001487101-19-000022,10-Q,2019-03-31,14137,0,0.0,0
1487101,0001487101-19-000007,10-K,2018-12-31,52121,1,0.192,0
1487101,0001487101-18-000037,10-Q,2018-09-30,17613,0,0.0,0
1487101,0001487101-18-000030,10-Q,2018-06-30,19014,0,0.0,0
1487101,0001487101-18-000016,10-Q,2018-03-31,16766,0,0.0,0
1487931,0001477932-23-004888,10-Q,2022-09-30,15097,0,0.0,0
1487931,0001477932-23-001354,10-Q,2022-06-30,14109,0,0.0,0
1487931,0001477932-23-000456,10-Q,2022-03-31,13053,0,0.0,0
1487931,0001477932-23-000012,10-K,2021-12-31,31658,0,0.0,0
1487931,0001477932-21-008741,10-Q,2021-09-30,16859,0,0.0,0
1487931,0001477932-21-005538,10-Q,2021-06-30,16165,0,0.0,0
1487931,0001477932-21-003403,10-Q,2021-03-31,13390,0,0.0,0
1487931,0001477932-21-002364,10-K,2020-12-31,30719,0,0.0,0
1487931,0001477932-20-006862,10-Q,2020-09-30,14388,0,0.0,0
1487931,0001477932-20-005071,10-Q,2020-06-30,13306,0,0.0,0
1487931,0001477932-20-003645,10-Q,2020-03-31,12235,0,0.0,0
1487931,0001477932-20-003226,10-K/A,2019-12-31,30332,0,0.0,0
1487931,0001477932-20-003122,10-K/A,2019-12-31,30332,0,0.0,0
1487931,0001477932-20-003073,10-K,2019-12-31,30011,0,0.0,0
1487931,0001477932-19-006769,10-Q,2019-09-30,14206,0,0.0,0
1487931,0001477932-19-005289,10-Q,2019-06-30,13649,0,0.0,0
1487931,0001477932-19-003110,10-Q,2019-03-31,11496,0,0.0,0
1487931,0001477932-19-001497,10-K,2018-12-31,32274,0,0.0,0
1487931,0001477932-18-005631,10-Q,2018-09-30,14704,0,0.0,0
1487931,0001477932-18-004184,10-Q,2018-06-30,13728,0,0.0,0
1487931,0001477932-18-002449,10-Q,2018-03-31,11294,0,0.0,0
1494259,0001193125-26-059435,10-K,2025-12-31,65633,37,5.637,1
1494259,0001193125-25-269604,10-Q,2025-09-30,33746,0,0.0,0
1494259,0000950170-25-105055,10-Q,2025-06-30,32102,0,0.0,0
1494259,0000950170-25-066988,10-Q,2025-03-31,21663,0,0.0,0
1494259,0000950170-25-024181,10-K,2024-12-31,76975,14,1.819,1
1494259,0000950170-24-123371,10-Q,2024-09-30,34624,0,0.0,0
1494259,0000950170-24-093956,10-Q,2024-06-30,32211,0,0.0,0
1494259,0000950170-24-056957,10-Q,2024-03-31,24726,0,0.0,0
1494259,0000950170-24-020157,10-K,2023-12-31,86233,11,1.276,1
1494259,0000950170-23-060248,10-Q,2023-09-30,46605,0,0.0,0
1494259,0000950170-23-040582,10-Q,2023-06-30,44302,0,0.0,0
1494259,0000950170-23-019676,10-Q,2023-03-31,39557,0,0.0,0
1494259,0000950170-23-005473,10-K,2022-12-31,78909,0,0.0,0
1494259,0000950170-22-023243,10-Q,2022-09-30,42318,0,0.0,0
1494259,0000950170-22-015541,10-Q,2022-06-30,37719,0,0.0,0
1494259,0000950170-22-008509,10-Q,2022-03-31,32541,0,0.0,0
1494259,0000950170-22-002023,10-K,2021-12-31,76192,0,0.0,0
1494259,0000950170-21-003754,10-Q,2021-09-30,41131,0,0.0,0
1494259,0001564590-21-041730,10-Q,2021-06-30,39946,0,0.0,0
1494259,0001564590-21-025253,10-Q,2021-03-31,36285,0,0.0,0
1494259,0001564590-21-005612,10-K,2020-12-31,66156,0,0.0,0
1494259,0001564590-20-051350,10-Q,2020-09-30,38074,0,0.0,0
1494259,0001564590-20-037766,10-Q,2020-06-30,41465,0,0.0,0
1494259,0001564590-20-023003,10-Q,2020-03-31,36665,0,0.0,0
1494259,0001564590-20-004805,10-K,2019-12-31,69199,0,0.0,0
1494259,0001564590-19-040396,10-Q,2019-09-30,36082,0,0.0,0
1494259,0001564590-19-030104,10-Q/A,2019-06-30,945,0,0.0,0
1494259,0001564590-19-029355,10-Q,2019-06-30,35209,0,0.0,0
1494259,0001564590-19-018005,10-Q,2019-03-31,31231,0,0.0,0
1494259,0001564590-19-005473,10-K,2018-12-31,61073,0,0.0,0
1494259,0001564590-18-028040,10-Q,2018-09-30,34007,0,0.0,0
1494259,0001564590-18-019967,10-Q,2018-06-30,33702,0,0.0,0
1494259,0001564590-18-010708,10-Q,2018-03-31,30076,0,0.0,0
1497230,0001520138-26-000027,10-Q,2025-09-30,13605,10,7.35,0
1497230,0001654954-25-010704,10-Q,2025-06-30,12360,10,8.091,0
1497230,0001654954-25-005880,10-Q,2025-03-31,10623,10,9.414,0
1497230,0001654954-25-004309,10-K,2024-12-31,32372,41,12.665,0
1497230,0001654954-24-014620,10-Q,2024-09-30,9513,9,9.461,0
1497230,0001654954-24-011021,10-Q,2024-06-30,8824,9,10.199,0
1497230,0001654954-24-006185,10-Q,2024-03-31,6842,6,8.769,0
1497230,0001654954-24-004626,10-K,2023-12-31,28220,38,13.466,0
1497230,0001654954-24-003110,10-Q/A,2023-09-30,9531,6,6.295,0
1497230,0001654954-24-002891,10-Q,2023-06-30,8799,6,6.819,0
1497230,0001829126-23-008176,10-Q,2023-09-30,8610,6,6.969,0
1505611,0001213900-24-043159,10-Q,2024-03-31,13299,0,0.0,0
1505611,0001213900-24-028228,10-K,2023-12-31,40217,0,0.0,0
1505611,0001213900-23-086525,10-Q,2023-09-30,12768,0,0.0,0
1505611,0001213900-23-066485,10-Q,2023-06-30,12599,0,0.0,0
1505611,0001213900-23-039444,10-Q,2023-03-31,10212,0,0.0,0
1505611,0001213900-23-034496,10-K/A,2022-12-31,8279,0,0.0,0
1505611,0001213900-23-023973,10-K,2022-12-31,31877,0,0.0,0
1505611,0001213900-22-071854,10-Q,2022-09-30,13118,0,0.0,0
1505611,0001477932-22-005912,10-Q,2022-06-30,12473,0,0.0,0
1505611,0001213900-22-027056,10-Q,2022-03-31,10546,0,0.0,0
1505611,0001213900-22-022259,10-K/A,2021-12-31,6820,0,0.0,0
1505611,0001213900-22-017545,10-K,2021-12-31,32743,0,0.0,0
1505611,0001213900-21-059319,10-Q,2021-09-30,12990,0,0.0,0
1505611,0001213900-21-042975,10-Q,2021-06-30,12662,0,0.0,0
1505611,0001213900-21-027104,10-Q,2021-03-31,10414,0,0.0,0
1506293,0001506293-26-000021,10-K,2025-12-31,51979,87,16.738,1
1506293,0001506293-25-000229,10-Q,2025-09-30,39249,61,15.542,1
1506293,0001506293-25-000196,10-Q,2025-06-30,38565,61,15.817,1
1506293,0001506293-25-000108,10-Q,2025-03-31,37142,61,16.423,1
1506293,0001506293-25-000022,10-K,2024-12-31,51730,68,13.145,1
1506293,0001506293-24-000182,10-Q,2024-09-30,38499,49,12.728,1
1506293,0001506293-24-000143,10-Q,2024-06-30,37563,50,13.311,1
1506293,0001506293-24-000078,10-Q,2024-03-31,35590,46,12.925,1
1506293,0001506293-24-000018,10-K,2023-12-31,50361,55,10.921,1
1506293,0001506293-23-000221,10-Q,2023-09-30,37533,33,8.792,1
1506293,0001506293-23-000163,10-Q,2023-06-30,36820,34,9.234,1
1506293,0001506293-23-000076,10-Q,2023-03-31,34825,3,0.861,0
1506293,0001506293-23-000023,10-K,2022-12-31,48945,8,1.634,0
1506293,0001506293-22-000127,10-Q,2022-09-30,38414,4,1.041,0
1506293,0001506293-22-000099,10-Q,2022-06-30,37748,4,1.06,0
1506293,0001506293-22-000041,10-Q,2022-03-31,35400,3,0.847,0
1506293,0001506293-22-000016,10-K,2021-12-31,50444,8,1.586,0
1506293,0001506293-21-000233,10-Q,2021-09-30,38049,3,0.788,0
1506293,0001506293-21-000186,10-Q,2021-06-30,37715,3,0.795,0
1506293,0001506293-21-000094,10-Q,2021-03-31,35484,3,0.845,0
1506293,0001506293-21-000025,10-K,2020-12-31,53244,14,2.629,0
1506293,0001506293-20-000245,10-Q,2020-09-30,36941,3,0.812,0
1506293,0001506293-20-000152,10-Q,2020-06-30,36660,3,0.818,0
1506293,0001506293-20-000074,10-Q,2020-03-31,34489,3,0.87,0
1506293,0001506293-20-000013,10-K,2019-12-31,49402,12,2.429,0
1506293,0001506293-19-000020,10-Q,2019-09-30,37419,3,0.802,0
1506293,0001628280-19-009806,10-Q,2019-06-30,36497,3,0.822,0
1506293,0001628280-19-006928,10-Q,2019-03-31,36688,3,0.818,0
1510247,0001493152-22-034988,10-Q,2022-09-30,13220,0,0.0,0
1510247,0001493152-22-031566,10-Q/A,2022-06-30,13253,0,0.0,0
1510247,0001493152-22-028558,10-Q,2022-06-30,12201,0,0.0,0
1510247,0001493152-22-015011,10-Q,2022-03-31,10530,0,0.0,0
1510247,0001493152-22-010127,10-K,2021-12-31,34598,0,0.0,0
1510247,0001493152-21-028151,10-Q,2021-09-30,14756,0,0.0,0
1510247,0001493152-21-020055,10-Q,2021-06-30,13758,0,0.0,0
1510247,0001493152-21-011909,10-Q,2021-03-31,9659,0,0.0,0
1510247,0001493152-21-008914,10-K,2020-12-31,31562,0,0.0,0
1510247,0001493152-20-021711,10-Q,2020-09-30,12918,0,0.0,0
1510247,0001493152-20-015939,10-Q,2020-06-30,12071,0,0.0,0
1510247,0001493152-20-012794,10-Q/A,2020-03-31,1169,0,0.0,0
1510247,0001493152-20-012641,10-Q,2020-03-31,11041,0,0.0,0
1510247,0001493152-20-008999,10-K/A,2019-12-31,1237,0,0.0,0
1510247,0001493152-20-008793,10-K,2019-12-31,31064,0,0.0,0
1510247,0001493152-19-017349,10-Q,2019-09-30,12294,0,0.0,0
1510247,0001213900-19-015799,10-Q,2019-06-30,14999,0,0.0,0
1510247,0001615774-19-008113,10-Q,2019-03-31,11114,0,0.0,0
1510247,0001615774-19-005830,10-K,2018-12-31,32625,0,0.0,0
1510247,0001615774-18-015192,10-Q,2018-09-30,10617,0,0.0,0
1510247,0001615774-18-008370,10-Q,2018-06-30,10615,0,0.0,0
1510247,0001615774-18-003883,10-Q,2018-03-31,11417,0,0.0,0
1514056,0001641172-25-011712,10-Q,2025-03-31,35408,0,0.0,0
1514056,0001641172-25-001897,10-K,2024-12-31,73207,0,0.0,0
1514056,0001493152-24-045755,10-Q,2024-09-30,41826,0,0.0,0
1514056,0001493152-24-033180,10-Q,2024-06-30,39195,0,0.0,0
1514056,0001493152-24-019697,10-Q,2024-03-31,33547,0,0.0,0
1514056,0001493152-24-014667,10-K,2023-12-31,70455,0,0.0,0
1514056,0001493152-23-041090,10-Q,2023-09-30,27637,0,0.0,0
1514056,0001493152-23-036485,10-Q,2023-06-30,25125,0,0.0,0
1514056,0001493152-23-018037,10-Q,2023-03-31,28780,6,2.085,0
1514056,0001493152-23-010251,10-K,2022-12-31,49624,4,0.806,0
1514056,0001493152-22-032226,10-Q,2022-09-30,28161,6,2.131,0
1514056,0001493152-22-021887,10-Q,2022-06-30,27089,6,2.215,0
1514056,0001493152-22-012896,10-Q,2022-03-31,24692,6,2.43,0
1514056,0001493152-22-008274,10-K,2021-12-31,47075,15,3.186,0
1514056,0001493152-21-028103,10-Q,2021-09-30,26516,6,2.263,0
1514056,0001493152-21-019007,10-Q,2021-06-30,23781,9,3.785,0
1514056,0001493152-21-010780,10-Q,2021-03-31,19785,6,3.033,0
1514056,0001493152-21-006526,10-K,2020-12-31,29348,2,0.681,0
1514056,0001493152-20-020768,10-Q,2020-09-30,16089,0,0.0,0
1514056,0001493152-20-014939,10-Q,2020-06-30,15985,0,0.0,0
1514056,0001493152-20-013825,10-Q,2020-03-31,15093,0,0.0,0
1514056,0001493152-20-010196,10-K,2019-12-31,29482,1,0.339,0
1514056,0001493152-19-018226,10-Q,2019-09-30,16048,0,0.0,0
1514056,0001493152-19-013534,10-Q,2019-06-30,15958,0,0.0,0
1514056,0001493152-19-009600,10-K/A,2018-12-31,23794,1,0.42,0
1514056,0001493152-19-007866,10-Q,2019-03-31,9670,0,0.0,0
1514056,0001493152-19-003832,10-K,2018-12-31,23736,1,0.421,0
1514056,0001493152-18-017688,10-Q/A,2018-09-30,9272,1,1.079,0
1514056,0001493152-18-017118,10-Q,2018-09-30,9188,1,1.088,0
1514056,0001493152-18-014663,10-Q/A,2018-06-30,8865,1,1.128,0
1514056,0001493152-18-013835,10-Q,2018-06-30,8803,1,1.136,0
1514056,0001493152-18-007740,10-Q,2018-03-31,8454,1,1.183,0
1516513,0001516513-26-000006,10-Q,2025-12-31,23988,9,3.752,0
1516513,0001516513-25-000111,10-Q,2025-09-30,23185,9,3.882,0
1516513,0001516513-25-000093,10-Q,2025-06-30,19068,5,2.622,0
1516513,0001516513-25-000056,10-K,2025-03-31,61882,34,5.494,1
1516513,0001516513-25-000012,10-Q,2024-12-31,21981,0,0.0,0
1516513,0001516513-24-000102,10-Q,2024-09-30,21598,0,0.0,0
1516513,0001516513-24-000064,10-Q,2024-06-30,18631,0,0.0,0
1516513,0001516513-24-000035,10-K,2024-03-31,64441,33,5.121,1
1516513,0001516513-24-000009,10-Q,2023-12-31,22796,0,0.0,0
1516513,0001516513-23-000084,10-Q,2023-09-30,22639,0,0.0,0
1516513,0001516513-23-000068,10-Q,2023-06-30,19658,0,0.0,0
1516513,0001516513-23-000036,10-K,2023-03-31,63252,17,2.688,0
1516513,0001516513-23-000009,10-Q,2022-12-31,48259,0,0.0,0
1516513,0001516513-22-000084,10-Q,2022-09-30,49162,0,0.0,0
1516513,0001516513-22-000075,10-Q,2022-06-30,47098,0,0.0,0
1516513,0001516513-22-000037,10-K,2022-03-31,63619,6,0.943,0
1516513,0001516513-22-000010,10-Q,2021-12-31,51170,0,0.0,0
1516513,0001516513-21-000028,10-Q,2021-09-30,50230,0,0.0,0
1516513,0001516513-21-000009,10-Q,2021-06-30,47413,0,0.0,0
1516805,0001493152-21-019740,10-Q,2021-06-30,13613,0,0.0,0
1516805,0001493152-21-011657,10-Q,2021-03-31,11717,0,0.0,0
1516805,0001493152-21-003991,10-Q,2020-12-31,11119,0,0.0,0
1516805,0001493152-21-001052,10-K,2020-09-30,26511,0,0.0,0
1516805,0001493152-20-015903,10-Q,2020-06-30,11116,0,0.0,0
1516805,0001493152-20-009162,10-Q,2020-03-31,11043,0,0.0,0
1516805,0001493152-20-006744,10-Q,2019-12-31,10661,0,0.0,0
1516805,0001493152-20-000570,10-K,2019-09-30,27824,0,0.0,0
1516805,0001493152-19-012599,10-Q,2019-06-30,11009,0,0.0,0
1516805,0001493152-19-007383,10-Q,2019-03-31,11213,0,0.0,0
1516805,0001144204-19-008899,10-Q,2018-12-31,10836,0,0.0,0
1516805,0001144204-19-001744,10-K,2018-09-30,29936,0,0.0,0
1516805,0001144204-18-044626,10-Q,2018-06-30,12006,0,0.0,0
1516805,0001144204-18-028838,10-Q,2018-03-31,11662,0,0.0,0
1517389,0001477932-26-000180,10-Q,2025-11-30,4711,0,0.0,0
1517389,0001477932-25-007733,10-Q,2025-08-31,4717,0,0.0,0
1517389,0001477932-25-004965,10-Q,2025-05-31,4350,0,0.0,0
1517389,0001477932-25-002447,10-K,2025-02-28,12308,0,0.0,0
1517389,0001477932-25-000108,10-Q,2024-11-30,4652,0,0.0,0
1517389,0001477932-24-006326,10-Q,2024-08-31,4622,0,0.0,0
1517389,0001477932-24-004167,10-Q,2024-05-31,4666,0,0.0,0
1517389,0001477932-24-002544,10-K,2024-02-29,12863,0,0.0,0
1517389,0001477932-24-000086,10-Q,2023-11-30,4606,0,0.0,0
1517389,0001477932-23-007268,10-Q,2023-08-31,4563,0,0.0,0
1517389,0001477932-23-005098,10-Q,2023-05-31,4598,0,0.0,0
1517389,0001477932-23-003218,10-K,2023-02-28,14032,0,0.0,0
1517389,0001477932-23-000181,10-Q,2022-11-30,4802,0,0.0,0
1517389,0001477932-22-007264,10-Q,2022-08-31,4736,0,0.0,0
1517389,0001477932-22-004933,10-Q,2022-05-31,4481,0,0.0,0
1517389,0001477932-22-003101,10-K,2022-02-28,13404,0,0.0,0
1517389,0001477932-22-000151,10-Q,2021-11-30,5060,0,0.0,0
1517389,0001477932-21-007032,10-Q,2021-08-31,5055,0,0.0,0
1517389,0001477932-21-004478,10-Q,2021-05-31,4342,0,0.0,0
1517389,0001477932-21-002933,10-K,2021-02-28,13782,0,0.0,0
1517389,0001477932-21-000050,10-Q,2020-11-30,4894,0,0.0,0
1517389,0001477932-20-005739,10-Q,2020-08-31,4760,0,0.0,0
1517389,0001477932-20-003858,10-Q,2020-05-31,4430,0,0.0,0
1517389,0001477932-20-002534,10-K,2020-02-29,13371,0,0.0,0
1517389,0001477932-20-000088,10-Q,2019-11-30,5004,0,0.0,0
1517389,0001477932-19-005659,10-Q,2019-08-31,4867,0,0.0,0
1517389,0001477932-19-004042,10-Q,2019-05-31,4463,0,0.0,0
1517389,0001477932-19-002948,10-K,2019-02-28,14319,0,0.0,0
1517389,0001477932-19-000069,10-Q,2018-11-30,4689,0,0.0,0
1517389,0001477932-18-004835,10-Q,2018-08-31,4714,0,0.0,0
1517389,0001477932-18-003464,10-Q,2018-05-31,4403,0,0.0,0
1517389,0001477932-18-002584,10-K,2018-02-28,14645,0,0.0,0
1519177,0001829126-23-002787,10-K,2022-12-31,40542,1,0.247,0
1519177,0001829126-22-019442,10-Q,2022-09-30,15830,0,0.0,0
1519177,0001829126-22-015926,10-Q,2022-06-30,14400,0,0.0,0
1519177,0001829126-22-011124,10-Q,2022-03-31,9963,0,0.0,0
1519177,0001829126-22-007032,10-K,2021-12-31,37801,1,0.265,0
1519177,0001654954-21-012134,10-Q,2021-09-30,8209,0,0.0,0
1519177,0001654954-21-008962,10-Q,2021-06-30,7217,0,0.0,0
1519177,0001654954-21-005737,10-Q,2021-03-31,5969,0,0.0,0
1519177,0001654954-20-012007,10-Q,2020-09-30,6682,0,0.0,0
1519177,0001213900-20-018761,10-Q/A,2020-06-30,6814,0,0.0,0
1519177,0001213900-20-017569,10-Q,2020-06-30,6000,0,0.0,0
1519177,0001213900-20-010334,10-K,2020-03-31,8953,0,0.0,0
1526520,0001193125-26-051281,10-K,2025-12-31,79200,43,5.429,1
1526520,0001193125-25-268047,10-Q,2025-09-30,33687,0,0.0,0
1526520,0000950170-25-104993,10-Q,2025-06-30,33988,0,0.0,0
1526520,0000950170-25-064982,10-Q,2025-03-31,28229,0,0.0,0
1526520,0000950170-25-023736,10-K,2024-12-31,77862,23,2.954,1
1526520,0000950170-24-122267,10-Q,2024-09-30,30343,0,0.0,0
1526520,0000950170-24-091768,10-Q,2024-06-30,29393,0,0.0,0
1526520,0000950170-24-055051,10-Q,2024-03-31,24563,0,0.0,0
1526520,0000950170-24-016553,10-K,2023-12-31,73921,12,1.623,1
1526520,0000950170-23-059380,10-Q,2023-09-30,31040,2,0.644,1
1526520,0000950170-23-037142,10-Q,2023-06-30,29243,2,0.684,1
1526520,0000950170-23-017169,10-Q,2023-03-31,29384,0,0.0,0
1526520,0000950170-23-003200,10-K,2022-12-31,71938,2,0.278,0
1526520,0000950170-22-022591,10-Q,2022-09-30,36736,1,0.272,0
1526520,0000950170-22-014769,10-Q,2022-06-30,35285,1,0.283,0
1526520,0000950170-22-007387,10-Q,2022-03-31,29808,1,0.335,0
1526520,0000950170-22-001481,10-K,2021-12-31,75276,3,0.399,0
1526520,0000950170-21-003456,10-Q,2021-09-30,36610,1,0.273,0
1526520,0001564590-21-041583,10-Q,2021-06-30,36090,1,0.277,0
1526520,0001564590-21-024945,10-Q,2021-03-31,31990,1,0.313,0
1526520,0001564590-21-006939,10-K,2020-12-31,73914,2,0.271,0
1526520,0001564590-20-051304,10-Q,2020-09-30,46220,1,0.216,0
1526520,0001564590-20-037810,10-Q,2020-06-30,52416,3,0.572,0
1526520,0001564590-20-023544,10-Q,2020-03-31,48623,3,0.617,0
1526520,0001564590-20-005269,10-K,2019-12-31,75013,3,0.4,0
1526520,0001564590-19-041094,10-Q,2019-09-30,47186,3,0.636,0
1526520,0001564590-19-030070,10-Q,2019-06-30,46797,3,0.641,0
1526520,0001564590-19-016488,10-Q,2019-03-31,43645,3,0.687,0
1526520,0001564590-19-003889,10-K,2018-12-31,73835,3,0.406,0
1526520,0001564590-18-028010,10-Q,2018-09-30,41634,3,0.721,0
1526520,0001564590-18-018438,10-Q,2018-06-30,40438,3,0.742,0
1526520,0001564590-18-011803,10-Q,2018-03-31,38379,3,0.782,0
1528188,0001493152-24-005956,10-Q,2023-12-31,7004,0,0.0,0
1528188,0001493152-23-040379,10-Q,2023-09-30,6696,0,0.0,0
1528188,0001493152-23-034901,10-K,2023-06-30,17997,0,0.0,0
1528188,0001493152-23-016993,10-Q,2023-03-31,6074,0,0.0,0
1528188,0001493152-23-004439,10-Q,2022-12-31,5934,0,0.0,0
1528188,0001493152-22-030848,10-Q,2022-09-30,5524,0,0.0,0
1528188,0001493152-22-027843,10-K/A,2022-06-30,18334,0,0.0,0
1528188,0001493152-22-027142,10-K,2022-06-30,17769,0,0.0,0
1528188,0001493152-22-013618,10-Q,2022-03-31,5877,0,0.0,0
1528188,0001493152-22-003264,10-Q,2021-12-31,5889,0,0.0,0
1529113,0001213900-26-043785,10-K,2025-12-31,88018,1,0.114,0
1529113,0001213900-25-112615,10-Q,2025-09-30,42532,5,1.176,0
1529113,0001213900-25-076767,10-Q,2025-06-30,34571,4,1.157,0
1529113,0001213900-25-045396,10-Q,2025-03-31,30093,2,0.665,0
1529113,0001213900-25-032213,10-K,2024-12-31,98057,14,1.428,1
1529113,0001628280-24-047969,10-Q,2024-09-30,43273,2,0.462,0
1529113,0001628280-24-037277,10-Q,2024-06-30,46479,2,0.43,0
1529113,0001628280-24-024396,10-Q,2024-03-31,36625,2,0.546,0
1529113,0001628280-24-016449,10-K,2023-12-31,119435,15,1.256,1
1529113,0001628280-23-039641,10-Q,2023-09-30,50626,2,0.395,0
1529113,0001628280-23-030012,10-Q,2023-06-30,42770,2,0.468,0
1529113,0001628280-23-018311,10-Q,2023-03-31,35191,2,0.568,0
1529113,0001628280-23-011793,10-K,2022-12-31,101800,11,1.081,0
1529113,0001628280-22-029904,10-Q,2022-09-30,46006,1,0.217,0
1529113,0001628280-22-022914,10-Q,2022-06-30,40527,1,0.247,0
1529113,0001628280-22-014543,10-Q,2022-03-31,36125,1,0.277,0
1529113,0001628280-22-006421,10-K,2021-12-31,92125,10,1.085,0
1529113,0001628280-21-023402,10-Q,2021-09-30,42181,3,0.711,0
1529113,0001628280-21-017145,10-Q,2021-06-30,38438,3,0.78,0
1529113,0001628280-21-010533,10-Q,2021-03-31,31262,3,0.96,0
1529113,0001628280-21-006279,10-K,2020-12-31,89318,10,1.12,0
1529113,0001213900-20-036607,10-Q,2020-09-30,34565,1,0.289,0
1529113,0001213900-20-022280,10-Q,2020-06-30,36450,1,0.274,0
1529113,0001213900-20-011865,10-Q,2020-03-31,32483,0,0.0,0
1529113,0001213900-20-005326,10-K,2019-12-31,84892,6,0.707,0
1529113,0001213900-19-022058,10-Q,2019-09-30,34035,0,0.0,0
1529113,0001213900-19-015902,10-Q,2019-06-30,40937,0,0.0,0
1529113,0001213900-19-008618,10-Q,2019-03-31,23775,0,0.0,0
1529113,0001213900-19-005135,10-K,2018-12-31,77527,15,1.935,0
1529113,0001213900-18-014922,10-Q,2018-09-30,27425,0,0.0,0
1529113,0001213900-18-010745,10-Q,2018-06-30,34138,0,0.0,0
1529113,0001213900-18-006366,10-Q,2018-03-31,27064,0,0.0,0
1538138,0001538138-20-000007,10-K,2020-06-30,4019,0,0.0,0
1540184,0001540184-21-000021,10-Q,2021-07-31,51725,7,1.353,0
1540184,0001540184-21-000017,10-Q,2021-04-30,47629,7,1.47,0
1540184,0001540184-21-000004,10-K,2021-01-31,72133,26,3.604,0
1540184,0001540184-20-000041,10-Q,2020-10-31,52782,7,1.326,0
1540184,0001540184-20-000036,10-Q,2020-07-31,48309,7,1.449,0
1540184,0001540184-20-000028,10-Q,2020-04-30,44816,7,1.562,0
1540184,0001540184-20-000011,10-K,2020-01-31,64094,23,3.588,0
1540184,0001564590-19-045749,10-Q,2019-10-31,44897,4,0.891,0
1540184,0001564590-19-034600,10-Q,2019-07-31,44831,4,0.892,0
1543272,0001543272-19-000026,10-K,2018-12-31,25271,0,0.0,0
1543272,0001543272-18-000055,10-Q,2018-09-30,15034,0,0.0,0
1543272,0001543272-18-000048,10-Q,2018-06-30,14802,0,0.0,0
1543272,0001543272-18-000040,10-Q,2018-03-31,14120,0,0.0,0
1546296,0001437749-26-010515,10-K,2025-12-31,54264,36,6.634,1
1546296,0001437749-25-035165,10-Q,2025-09-30,26999,5,1.852,0
1546296,0001437749-25-026700,10-Q,2025-06-30,23735,5,2.107,0
1546296,0001437749-25-016713,10-Q,2025-03-31,20886,4,1.915,0
1546296,0001437749-25-010108,10-K,2024-12-31,43505,15,3.448,1
1546296,0001437749-24-035078,10-Q,2024-09-30,22691,0,0.0,0
1546296,0001437749-24-026313,10-Q,2024-06-30,22418,0,0.0,0
1546296,0001437749-24-016938,10-Q,2024-03-31,19850,0,0.0,0
1546296,0001437749-24-010111,10-K,2023-12-31,42734,0,0.0,0
1546296,0001493152-23-040977,10-Q,2023-09-30,22397,0,0.0,0
1546296,0001493152-23-028601,10-Q,2023-06-30,22456,0,0.0,0
1546296,0001493152-23-017545,10-Q,2023-03-31,18623,0,0.0,0
1546296,0001493152-23-010178,10-K,2022-12-31,40873,0,0.0,0
1546296,0001493152-22-031802,10-Q,2022-09-30,21509,0,0.0,0
1546296,0001493152-22-022755,10-Q,2022-06-30,21648,0,0.0,0
1546296,0001493152-22-013792,10-Q,2022-03-31,18786,0,0.0,0
1546296,0001493152-22-008384,10-K,2021-12-31,39346,0,0.0,0
1546296,0001493152-21-028768,10-Q,2021-09-30,21787,0,0.0,0
1546296,0001493152-21-020068,10-Q,2021-06-30,21182,0,0.0,0
1546296,0001493152-21-011731,10-Q,2021-03-31,18391,0,0.0,0
1546296,0001493152-21-008401,10-K,2020-12-31,38854,0,0.0,0
1546296,0001493152-20-021224,10-Q,2020-09-30,19319,0,0.0,0
1546296,0001493152-20-015607,10-Q,2020-06-30,19590,0,0.0,0
1546296,0001493152-20-009502,10-Q,2020-03-31,18389,0,0.0,0
1546296,0001493152-20-007579,10-K,2019-12-31,51541,0,0.0,0
1546296,0001493152-19-018025,10-Q,2019-09-30,22786,0,0.0,0
1546296,0001493152-19-012453,10-Q,2019-06-30,21071,0,0.0,0
1546296,0001493152-19-007910,10-Q,2019-03-31,18592,0,0.0,0
1546296,0001493152-19-005364,10-K,2018-12-31,54140,0,0.0,0
1546296,0001493152-18-016473,10-Q,2018-09-30,21033,0,0.0,0
1546296,0001493152-18-011880,10-Q,2018-06-30,20761,0,0.0,0
1546296,0001493152-18-007051,10-Q,2018-03-31,17093,0,0.0,0
1549346,0001549346-26-000018,10-K/A,2025-12-31,21501,4,1.86,1
1549346,0001549346-26-000008,10-K,2025-12-31,69684,87,12.485,1
1549346,0001549346-25-000045,10-Q,2025-09-30,26038,15,5.761,1
1549346,0001549346-25-000035,10-Q,2025-06-30,25662,15,5.845,1
1549346,0001549346-25-000028,10-Q,2025-03-31,21925,15,6.842,1
1549346,0001549346-25-000016,10-K/A,2024-12-31,23120,4,1.73,1
1549346,0001549346-25-000011,10-K,2024-12-31,69758,47,6.738,1
1549346,0001549346-24-000045,10-Q,2024-09-30,25584,15,5.863,1
1549346,0001549346-24-000034,10-Q,2024-06-30,25402,17,6.692,1
1549346,0001549346-24-000012,10-Q,2024-03-31,20905,17,8.132,1
1549346,0001549346-24-000007,10-K,2023-12-31,66309,49,7.39,1
1549346,0001549346-23-000044,10-Q,2023-09-30,23441,15,6.399,1
1549346,0001549346-23-000033,10-Q,2023-06-30,22900,13,5.677,0
1549346,0001549346-23-000021,10-Q,2023-03-31,17749,9,5.071,0
1549346,0001549346-23-000011,10-K,2022-12-31,62176,38,6.112,1
1549346,0001549346-22-000038,10-Q,2022-09-30,22395,9,4.019,0
1549346,0001549346-22-000028,10-Q,2022-06-30,22938,9,3.924,0
1549346,0001549346-22-000016,10-Q,2022-03-31,16846,9,5.343,0
1549346,0001549346-22-000008,10-K,2021-12-31,60988,29,4.755,0
1549346,0001549346-21-000048,10-Q,2021-09-30,20485,10,4.882,0
1549346,0001549346-21-000039,10-Q,2021-06-30,19653,10,5.088,0
1549346,0001549346-21-000024,10-Q,2021-03-31,17039,0,0.0,0
1549346,0001549346-21-000012,10-K,2020-12-31,62560,7,1.119,0
1549346,0001549346-20-000042,10-Q,2020-09-30,19971,0,0.0,0
1549346,0001549346-20-000033,10-Q,2020-06-30,19673,0,0.0,0
1549346,0001549346-20-000023,10-Q,2020-03-31,16251,0,0.0,0
1549346,0001549346-20-000007,10-K,2019-12-31,63541,6,0.944,0
1549346,0001549346-19-000039,10-Q,2019-09-30,21681,0,0.0,0
1549346,0001549346-19-000035,10-Q,2019-06-30,20786,0,0.0,0
1549346,0001549346-19-000020,10-Q,2019-03-31,17174,0,0.0,0
1549346,0001549346-19-000008,10-K,2018-12-31,62316,8,1.284,0
1549346,0001549346-18-000028,10-Q,2018-09-30,21664,0,0.0,0
1549346,0001549346-18-000021,10-Q,2018-06-30,21123,1,0.473,0
1549346,0001549346-18-000012,10-Q,2018-03-31,17917,0,0.0,0
1554818,0001683168-26-001587,10-K,2025-12-31,49830,22,4.415,0
1554818,0001683168-25-008031,10-Q,2025-09-30,17390,12,6.901,0
1554818,0001683168-25-005802,10-Q,2025-06-30,15957,7,4.387,0
1554818,0001683168-25-003292,10-Q,2025-03-31,13327,7,5.252,0
1554818,0001683168-25-001357,10-K,2024-12-31,46537,14,3.008,0
1554818,0001683168-24-007746,10-Q,2024-09-30,18991,5,2.633,0
1554818,0001683168-24-005345,10-Q,2024-06-30,18739,4,2.135,0
1554818,0001683168-24-003403,10-Q,2024-03-31,16664,4,2.4,0
1554818,0001683168-24-002035,10-K,2023-12-31,49808,10,2.008,0
1554818,0001683168-23-008138,10-Q,2023-09-30,15404,4,2.597,0
1554818,0001683168-23-006041,10-Q,2023-06-30,15504,4,2.58,0
1554818,0001683168-23-003564,10-Q,2023-03-31,13779,4,2.903,0
1554818,0001683168-23-001703,10-K,2022-12-31,46441,10,2.153,0
1554818,0001683168-22-007728,10-Q,2022-09-30,13976,4,2.862,0
1554818,0001683168-22-005627,10-Q,2022-06-30,13502,4,2.963,0
1554818,0001683168-22-003510,10-Q,2022-03-31,12778,4,3.13,0
1554818,0001683168-22-001112,10-K,2021-12-31,44599,10,2.242,0
1554818,0001683168-21-005525,10-Q,2021-09-30,14040,4,2.849,0
1554818,0001683168-21-003579,10-Q,2021-06-30,13319,1,0.751,0
1554818,0001683168-21-001993,10-Q,2021-03-31,11302,1,0.885,0
1554818,0001683168-21-001165,10-K,2020-12-31,38113,7,1.837,0
1554875,0001193125-18-180449,10-K/A,2018-01-31,14760,0,0.0,0
1554875,0001564590-18-013900,10-K,2018-01-31,69943,0,0.0,0
1555214,0001493152-24-033598,10-Q/A,2024-06-30,8339,0,0.0,0
1555214,0001493152-24-033574,10-Q/A,2024-03-31,8328,0,0.0,0
1555214,0001493152-24-033146,10-Q,2024-06-30,8228,0,0.0,0
1555214,0001493152-24-020699,10-Q,2024-03-31,8138,0,0.0,0
1555214,0001493152-24-007236,10-Q,2023-12-31,7616,0,0.0,0
1555214,0001493152-24-002416,10-K,2023-09-30,20045,0,0.0,0
1555214,0001493152-23-028928,10-Q,2023-06-30,7950,0,0.0,0
1555214,0001493152-23-017396,10-Q,2023-03-31,7854,0,0.0,0
1555214,0001493152-23-004948,10-Q,2022-12-31,7569,0,0.0,0
1555214,0001493152-23-001434,10-K,2022-09-30,20125,0,0.0,0
1555214,0001493152-22-022924,10-Q,2022-06-30,7952,0,0.0,0
1555214,0001493152-22-013673,10-Q,2022-03-31,7778,0,0.0,0
1555214,0001493152-22-004362,10-Q,2021-12-31,7508,0,0.0,0
1555214,0001493152-21-032579,10-K,2021-09-30,19786,0,0.0,0
1555214,0001493152-21-025887,10-Q,2021-06-30,7626,0,0.0,0
1555214,0001493152-21-025885,10-Q,2021-03-31,7193,0,0.0,0
1555214,0001493152-21-025883,10-Q,2020-12-31,7034,0,0.0,0
1555214,0001493152-21-025879,10-K/A,2020-09-30,16882,0,0.0,0
1555214,0001493152-21-023892,10-K,2020-09-30,16840,0,0.0,0
1559865,0001559865-26-000012,10-K,2025-12-31,70693,36,5.092,0
1559865,0001559865-25-000054,10-Q,2025-09-30,25605,3,1.172,0
1559865,0001559865-25-000032,10-Q,2025-06-30,24828,3,1.208,0
1559865,0001559865-25-000023,10-Q,2025-03-31,21332,3,1.406,0
1559865,0001559865-25-000007,10-K,2024-12-31,71126,36,5.061,0
1559865,0001559865-24-000052,10-Q,2024-09-30,24957,0,0.0,0
1559865,0001559865-24-000044,10-Q,2024-06-30,24223,0,0.0,0
1559865,0001559865-24-000027,10-Q,2024-03-31,21605,0,0.0,0
1559865,0001559865-24-000008,10-K,2023-12-31,69619,15,2.155,0
1559865,0001559865-23-000043,10-Q,2023-09-30,26157,0,0.0,0
1559865,0001559865-23-000037,10-Q,2023-06-30,24174,0,0.0,0
1559865,0001559865-23-000024,10-Q,2023-03-31,18763,0,0.0,0
1559865,0001559865-23-000007,10-K,2022-12-31,62400,0,0.0,0
1559865,0001559865-22-000044,10-Q,2022-09-30,24181,0,0.0,0
1559865,0001559865-22-000030,10-Q,2022-06-30,22734,0,0.0,0
1559865,0001559865-22-000019,10-Q,2022-03-31,18875,0,0.0,0
1559865,0001559865-22-000007,10-K,2021-12-31,56377,0,0.0,0
1559865,0001559865-21-000054,10-Q,2021-09-30,20634,0,0.0,0
1559865,0001559865-21-000046,10-Q,2021-06-30,20728,0,0.0,0
1559865,0001559865-21-000026,10-Q,2021-03-31,18053,0,0.0,0
1559865,0001559865-21-000011,10-K/A,2020-12-31,1173,0,0.0,0
1559865,0001559865-21-000009,10-K,2020-12-31,56906,0,0.0,0
1559865,0001559865-20-000035,10-Q,2020-09-30,23483,0,0.0,0
1559865,0001559865-20-000029,10-Q,2020-06-30,24659,0,0.0,0
1559865,0001628280-20-007260,10-Q,2020-03-31,21529,0,0.0,0
1559865,0001559865-20-000006,10-K,2019-12-31,62446,0,0.0,0
1559865,0001559865-19-000082,10-Q,2019-09-30,22331,0,0.0,0
1559865,0001559865-19-000071,10-Q,2019-06-30,21887,0,0.0,0
1559865,0001559865-19-000052,10-Q,2019-03-31,18960,0,0.0,0
1559865,0001559865-19-000018,10-K,2018-12-31,62117,0,0.0,0
1559865,0001559865-18-000080,10-Q,2018-09-30,21329,0,0.0,0
1559865,0001559865-18-000059,10-Q,2018-06-30,20418,0,0.0,0
1559865,0001559865-18-000033,10-Q,2018-03-31,19621,0,0.0,0
1564408,0001564408-26-000013,10-K,2025-12-31,99582,76,7.632,1
1564408,0001564408-25-000065,10-Q,2025-09-30,60882,52,8.541,1
1564408,0001564408-25-000052,10-Q,2025-06-30,58469,42,7.183,1
1564408,0001564408-25-000030,10-Q,2025-03-31,55965,42,7.505,1
1564408,0001564408-25-000019,10-K,2024-12-31,93661,42,4.484,1
1564408,0001564408-24-000062,10-Q,2024-09-30,57032,36,6.312,1
1564408,0001564408-24-000050,10-Q,2024-06-30,56644,36,6.355,1
1564408,0001564408-24-000034,10-Q,2024-03-31,53453,36,6.735,1
1564408,0001564408-24-000019,10-K,2023-12-31,92730,35,3.774,0
1564408,0001564408-23-000052,10-Q,2023-09-30,56223,26,4.624,0
1564408,0001564408-23-000039,10-Q,2023-06-30,54725,9,1.645,0
1564408,0001564408-23-000027,10-Q,2023-03-31,52940,7,1.322,0
1564408,0001564408-23-000013,10-K,2022-12-31,93251,5,0.536,0
1564408,0001564590-22-034804,10-Q,2022-09-30,54199,0,0.0,0
1564408,0001564590-22-026210,10-Q,2022-06-30,52322,0,0.0,0
1564408,0001564590-22-015139,10-Q,2022-03-31,48688,0,0.0,0
1564408,0001564590-22-003868,10-K,2021-12-31,86322,5,0.579,0
1564408,0001564590-21-051474,10-Q,2021-09-30,49569,0,0.0,0
1564408,0001564590-21-037670,10-Q,2021-06-30,49380,0,0.0,0
1564408,0001564590-21-020182,10-Q,2021-03-31,44638,0,0.0,0
1564408,0001564590-21-004377,10-K,2020-12-31,87649,5,0.57,0
1564408,0001564590-20-047000,10-Q,2020-09-30,46287,4,0.864,0
1564408,0001564590-20-032968,10-Q,2020-06-30,45995,4,0.87,0
1564408,0001564590-20-017775,10-Q,2020-03-31,42193,4,0.948,0
1564408,0001564590-20-003323,10-K,2019-12-31,86369,4,0.463,0
1564408,0001564590-19-037449,10-Q,2019-09-30,43861,0,0.0,0
1564408,0001564590-19-025682,10-Q,2019-06-30,40763,0,0.0,0
1564408,0001564590-19-012579,10-Q,2019-03-31,37528,0,0.0,0
1564408,0001564590-19-002053,10-K,2018-12-31,82351,1,0.121,0
1564408,0001564590-18-025190,10-Q,2018-09-30,41638,0,0.0,0
1564408,0001564590-18-020094,10-Q,2018-06-30,40284,0,0.0,0
1564408,0001564590-18-010080,10-Q,2018-03-31,38019,0,0.0,0
1566469,0001566469-23-000075,10-Q,2023-09-30,73839,3,0.406,0
1566469,0001566469-23-000051,10-Q,2023-06-30,69400,3,0.432,0
1566469,0001566469-23-000028,10-Q,2023-03-31,66315,3,0.452,0
1566469,0001566469-23-000019,10-K/A,2022-12-31,12765,0,0.0,0
1566469,0001566469-23-000016,10-K,2022-12-31,93121,15,1.611,0
1566469,0001566469-22-000052,10-Q,2022-09-30,68142,5,0.734,0
1566469,0001566469-22-000033,10-Q,2022-06-30,65019,5,0.769,0
1566469,0001566469-22-000024,10-Q,2022-03-31,61262,5,0.816,0
1566469,0001566469-22-000013,10-K,2021-12-31,91052,18,1.977,0
1566469,0001566469-21-000046,10-Q,2021-09-30,69425,3,0.432,0
1566469,0001566469-21-000040,10-Q,2021-06-30,70931,3,0.423,0
1566469,0001566469-21-000025,10-Q,2021-03-31,78055,4,0.512,0
1566469,0001566469-21-000010,10-K,2020-12-31,106324,20,1.881,0
1566469,0001566469-20-000051,10-Q,2020-09-30,81101,4,0.493,0
1566469,0001566469-20-000042,10-Q,2020-06-30,77522,3,0.387,0
1566469,0001566469-20-000023,10-Q,2020-03-31,70769,2,0.283,0
1566469,0001566469-20-000015,10-K,2019-12-31,102208,6,0.587,0
1566469,0001566469-19-000054,10-Q,2019-09-30,81112,2,0.247,0
1566469,0001566469-19-000042,10-Q,2019-06-30,79100,2,0.253,0
1566469,0001566469-19-000023,10-Q,2019-03-31,74599,2,0.268,0
1566469,0001566469-19-000012,10-K,2018-12-31,124095,6,0.484,0
1566469,0001566469-18-000026,10-Q,2018-09-30,81125,2,0.247,0
1566469,0001566469-18-000017,10-Q,2018-06-30,79393,2,0.252,0
1566469,0001193125-18-216117,10-Q/A,2018-03-31,1078,0,0.0,0
1566469,0001566469-18-000010,10-Q,2018-03-31,74928,2,0.267,0
1568385,0001193125-26-121933,10-K,2025-12-31,58948,16,2.714,1
1568385,0001193125-25-272003,10-Q,2025-09-30,26850,1,0.372,0
1568385,0001568385-25-000004,10-Q,2025-06-30,25017,1,0.4,0
1568385,0000950170-25-069144,10-Q,2025-03-31,21733,1,0.46,0
1568385,0000950170-25-036193,10-K,2024-12-31,60658,8,1.319,1
1568385,0000950170-24-125527,10-Q,2024-09-30,26456,0,0.0,0
1568385,0001628280-24-037170,10-Q,2024-06-30,27733,0,0.0,0
1568385,0001628280-24-023277,10-Q,2024-03-31,21727,0,0.0,0
1568385,0001628280-24-014146,10-K,2023-12-31,60876,4,0.657,0
1568385,0001628280-23-038877,10-Q,2023-09-30,27172,4,1.472,0
1568385,0001628280-23-029384,10-Q,2023-06-30,24826,2,0.806,0
1568385,0001628280-23-017703,10-Q,2023-03-31,20381,3,1.472,0
1568385,0001493152-23-015009,10-K/A,2022-12-31,8110,0,0.0,0
1568385,0001628280-23-009609,10-K,2022-12-31,47806,4,0.837,0
1568385,0001493152-22-031650,10-Q,2022-09-30,21514,2,0.93,0
1568385,0001493152-22-022339,10-Q,2022-06-30,22914,0,0.0,0
1568385,0001493152-22-018268,10-Q,2022-03-31,23522,0,0.0,0
1568385,0001493152-22-016601,10-K,2021-12-31,51332,0,0.0,0
1568385,0001493152-22-008435,10-Q,2021-09-30,24047,0,0.0,0
1568385,0001493152-22-006189,10-Q,2021-06-30,23059,0,0.0,0
1568385,0001493152-22-003400,10-Q,2021-03-31,19942,0,0.0,0
1568385,0001493152-21-032437,10-K,2020-12-31,66727,0,0.0,0
1568385,0001493152-20-022442,10-Q,2020-09-30,27542,0,0.0,0
1568385,0001493152-20-016329,10-Q,2020-06-30,24055,0,0.0,0
1568385,0001493152-20-012976,10-Q/A,2020-03-31,719,0,0.0,0
1568385,0001493152-20-012136,10-Q,2020-03-31,21895,0,0.0,0
1568385,0001493152-20-008847,10-K,2019-12-31,48876,3,0.614,0
1568385,0001493152-19-017943,10-Q,2019-09-30,21313,0,0.0,0
1568385,0001493152-19-013030,10-Q,2019-06-30,21336,0,0.0,0
1568385,0001654954-19-006512,10-Q,2019-03-31,17845,0,0.0,0
1568385,0001654954-19-004348,10-K,2018-12-31,41095,0,0.0,0
1568385,0001654954-18-013038,10-Q,2018-09-30,21888,0,0.0,0
1568385,0001654954-18-009427,10-Q,2018-06-30,18598,0,0.0,0
1568385,0001654954-18-005697,10-Q,2018-03-31,15981,0,0.0,0
1568969,0001493152-26-016968,10-K,2025-12-31,45933,1,0.218,0
1568969,0001493152-25-024258,10-Q,2025-09-30,14403,5,3.471,0
1568969,0001641172-25-024651,10-Q,2025-06-30,13766,5,3.632,0
1568969,0001641172-25-010839,10-Q,2025-03-31,10728,5,4.661,0
1568969,0001641172-25-004834,10-K,2024-12-31,47305,7,1.48,0
1568969,0001493152-24-046798,10-Q,2024-09-30,12627,5,3.96,0
1568969,0001493152-24-031239,10-Q,2024-06-30,12691,5,3.94,0
1568969,0001493152-24-020652,10-Q,2024-03-31,11563,5,4.324,0
1568969,0001493152-24-020365,10-K/A,2023-12-31,1815,0,0.0,0
1568969,0001493152-24-012283,10-K,2023-12-31,47500,7,1.474,0
1568969,0001493152-23-041620,10-Q,2023-09-30,12004,5,4.165,0
1568969,0001493152-23-028358,10-Q,2023-06-30,11303,5,4.424,0
1568969,0001493152-23-017183,10-Q,2023-03-31,9026,5,5.54,0
1568969,0001493152-23-009907,10-K,2022-12-31,46061,7,1.52,0
1568969,0001493152-22-031777,10-Q,2022-09-30,10770,5,4.643,0
1568969,0001640334-20-000409,10-Q,2019-12-31,7373,0,0.0,0
1568969,0001640334-19-002415,10-Q,2019-09-30,6852,0,0.0,0
1568969,0001640334-19-002076,10-K,2019-06-30,19560,0,0.0,0
1568969,0001640334-19-000847,10-Q,2019-03-31,9090,0,0.0,0
1568969,0001640334-19-000285,10-Q,2018-12-31,8209,0,0.0,0
1568969,0001640334-18-002167,10-Q,2018-09-30,7600,0,0.0,0
1568969,0001640334-18-001936,10-K,2018-06-30,19643,0,0.0,0
1568969,0001640334-18-001064,10-Q,2018-03-31,8519,0,0.0,0
1571123,0001571123-25-000189,10-Q,2025-10-31,18625,7,3.758,0
1571123,0001571123-25-000166,10-Q,2025-08-01,16750,7,4.179,0
1571123,0001571123-25-000107,10-Q,2025-05-02,14230,7,4.919,0
1571123,0001571123-25-000022,10-K,2025-01-31,54906,28,5.1,0
1571123,0001571123-24-000153,10-Q,2024-11-01,18741,7,3.735,0
1571123,0001571123-24-000129,10-Q,2024-08-02,16741,7,4.181,0
1571123,0001571123-24-000086,10-Q,2024-05-03,14893,7,4.7,0
1571123,0001571123-24-000045,10-K,2024-02-02,52157,28,5.368,0
1571123,0001571123-23-000135,10-Q,2023-11-03,14058,0,0.0,0
1571123,0001571123-23-000112,10-Q,2023-08-04,13903,0,0.0,0
1571123,0001571123-23-000081,10-Q,2023-05-05,12164,0,0.0,0
1571123,0001571123-23-000031,10-K,2023-02-03,49518,6,1.212,0
1571123,0001571123-22-000084,10-Q,2022-10-28,14674,4,2.726,0
1571123,0001571123-22-000064,10-Q,2022-07-29,14597,4,2.74,0
1571123,0001571123-22-000026,10-Q,2022-04-29,12295,4,3.253,0
1571123,0001571123-22-000007,10-K,2022-01-28,48807,6,1.229,0
1571123,0001571123-21-000043,10-Q,2021-10-29,14945,4,2.676,0
1571123,0001571123-21-000037,10-Q,2021-07-30,14856,4,2.693,0
1571123,0001571123-21-000026,10-Q,2021-04-30,12297,2,1.626,0
1571123,0001571123-21-000015,10-K,2021-01-29,48913,0,0.0,0
1571123,0001571123-20-000046,10-Q,2020-10-30,16151,0,0.0,0
1571123,0001571123-20-000040,10-Q,2020-07-31,16493,0,0.0,0
1571123,0001571123-20-000029,10-Q,2020-05-01,14665,0,0.0,0
1571123,0001571123-20-000013,10-K,2020-01-31,50226,0,0.0,0
1571123,0001571123-19-000036,10-Q,2019-11-01,14424,0,0.0,0
1571123,0001571123-19-000031,10-Q,2019-08-02,14351,0,0.0,0
1571123,0001571123-19-000023,10-Q,2019-05-03,13222,0,0.0,0
1571123,0001571123-19-000004,10-K,2019-02-01,47621,0,0.0,0
1571123,0001571123-18-000079,10-Q,2018-11-02,18515,0,0.0,0
1571123,0001571123-18-000039,10-Q,2018-08-03,17659,0,0.0,0
1571123,0001571123-18-000028,10-Q,2018-05-04,13785,0,0.0,0
1571123,0001571123-18-000010,10-K,2018-02-02,42237,0,0.0,0
1575189,0001575189-20-000049,10-Q,2020-03-31,22125,0,0.0,0
1575189,0001575189-20-000034,10-K/A,2019-12-31,17573,0,0.0,0
1575189,0001575189-20-000018,10-K,2019-12-31,64422,0,0.0,0
1575189,0001575189-19-000074,10-Q,2019-09-30,22885,0,0.0,0
1575189,0001575189-19-000058,10-Q,2019-06-30,20858,0,0.0,0
1575189,0001575189-19-000027,10-Q,2019-03-31,21862,0,0.0,0
1575189,0001575189-19-000020,10-K,2018-12-31,57431,0,0.0,0
1575189,0001575189-18-000071,10-Q,2018-09-30,21995,0,0.0,0
1575189,0001575189-18-000052,10-Q,2018-06-30,21146,0,0.0,0
1575189,0001575189-18-000029,10-Q,2018-03-31,18789,0,0.0,0
1575345,0001161697-21-000165,10-Q,2021-01-31,15330,0,0.0,0
1575345,0001161697-21-000121,10-Q/A,2020-07-31,891,0,0.0,0
1575345,0001161697-21-000120,10-K/A,2020-04-30,10595,0,0.0,0
1575345,0001161697-21-000119,10-Q/A,2020-01-31,12201,0,0.0,0
1575345,0001161697-21-000118,10-Q/A,2019-10-31,985,0,0.0,0
1575345,0001161697-21-000117,10-Q/A,2019-07-31,985,0,0.0,0
1575345,0001161697-21-000116,10-K/A,2019-04-30,1903,0,0.0,0
1575345,0001161697-21-000115,10-Q/A,2019-01-31,985,0,0.0,0
1575345,0001161697-21-000114,10-Q/A,2018-10-31,978,0,0.0,0
1575345,0001161697-20-000588,10-Q/A,2020-10-31,14404,0,0.0,0
1575345,0001161697-20-000580,10-Q,2020-10-31,14182,0,0.0,0
1575345,0001161697-20-000397,10-Q,2020-07-31,11482,0,0.0,0
1575345,0001161697-20-000341,10-K,2020-04-30,20338,2,0.983,0
1575345,0001161697-20-000271,10-K,2019-04-30,19722,0,0.0,0
1575345,0001161697-20-000277,10-Q,2020-01-31,11838,0,0.0,0
1575345,0001161697-20-000275,10-Q,2019-10-31,11825,0,0.0,0
1575345,0001161697-20-000273,10-Q,2019-07-31,11013,0,0.0,0
1575345,0001161697-20-000269,10-Q,2019-01-31,12187,0,0.0,0
1575345,0001161697-20-000267,10-Q,2018-10-31,11599,0,0.0,0
1575345,0001161697-18-000488,10-Q,2018-07-31,9278,0,0.0,0
1575345,0001161697-18-000418,10-K/A,2018-04-30,16024,0,0.0,0
1575345,0001161697-18-000416,10-K,2018-04-30,15732,0,0.0,0
1575345,0001161697-18-000163,10-Q/A,2018-01-31,742,0,0.0,0
1575345,0001161697-18-000150,10-Q,2018-01-31,9801,0,0.0,0
1577445,0001493152-26-011691,10-K,2025-12-31,62179,176,28.305,0
1577445,0001493152-25-022127,10-Q,2025-09-30,12466,45,36.098,0
1577445,0001641172-25-023469,10-Q,2025-06-30,13326,45,33.769,0
1577445,0001641172-25-010522,10-Q,2025-03-31,10486,43,41.007,0
1577445,0001641172-25-000677,10-K,2024-12-31,60230,173,28.723,0
1577445,0001493152-24-047993,10-K/A,2023-12-31,1621,3,18.507,0
1577445,0001493152-24-045352,10-Q,2024-09-30,10594,40,37.757,0
1577445,0001493152-24-032172,10-Q,2024-06-30,10001,36,35.996,0
1577445,0001493152-24-019838,10-Q,2024-03-31,7606,35,46.016,0
1577445,0001493152-24-011341,10-K,2023-12-31,48623,134,27.559,0
1577445,0001493152-23-040489,10-Q,2023-09-30,21869,54,24.692,0
1577445,0001493152-23-028424,10-Q,2023-06-30,9442,36,38.128,0
1577445,0001493152-23-015723,10-Q,2023-03-31,7348,0,0.0,0
1577445,0001493152-23-009276,10-K,2022-12-31,43528,12,2.757,0
1577445,0001493152-22-032059,10-Q,2022-09-30,9365,1,1.068,0
1577445,0001493152-22-022071,10-Q,2022-06-30,8913,1,1.122,0
1577445,0001493152-22-013514,10-Q,2022-03-31,6987,1,1.431,0
1577445,0001493152-22-008167,10-K,2021-12-31,40285,16,3.972,0
1577445,0001493152-21-028581,10-Q,2021-09-30,9527,1,1.05,0
1577445,0001493152-21-019515,10-Q,2021-06-30,9491,0,0.0,0
1577445,0001493152-21-011398,10-Q,2021-03-31,6970,0,0.0,0
1577445,0001493152-21-007463,10-K,2020-12-31,39515,0,0.0,0
1577445,0001493152-20-021014,10-Q,2020-09-30,10390,0,0.0,0
1577445,0001493152-20-015308,10-Q,2020-06-30,10791,0,0.0,0
1577445,0001493152-20-011573,10-Q,2020-03-31,8913,0,0.0,0
1577445,0001493152-20-008367,10-K/A,2019-12-31,9755,0,0.0,0
1577445,0001493152-20-004026,10-K,2019-12-31,27297,0,0.0,0
1577445,0001493152-19-017240,10-Q,2019-09-30,6538,0,0.0,0
1577445,0001493152-19-012385,10-Q,2019-06-30,6215,0,0.0,0
1577445,0001558891-19-000058,10-K,2019-03-31,13349,0,0.0,0
1577445,0001558891-19-000006,10-Q,2018-12-31,4743,0,0.0,0
1577445,0001558891-18-000095,10-Q,2018-09-30,4715,0,0.0,0
1577445,0001558891-18-000077,10-Q,2018-06-30,4722,0,0.0,0
1577445,0001477932-18-003358,10-K,2018-03-31,10409,0,0.0,0
1581760,0001581760-26-000016,10-K,2025-12-31,71283,22,3.086,1
1581760,0001581760-25-000224,10-Q,2025-09-30,26273,2,0.761,0
1581760,0001581760-25-000180,10-Q,2025-06-30,26552,2,0.753,0
1581760,0001581760-25-000106,10-Q,2025-03-31,17641,1,0.567,0
1581760,0001581760-25-000086,10-K/A,2024-12-31,1141,0,0.0,0
1581760,0001581760-25-000008,10-K,2024-12-31,75220,23,3.058,1
1581760,0001581760-24-000104,10-Q,2024-09-30,57326,9,1.57,1
1581760,0001581760-24-000080,10-Q,2024-06-30,57299,8,1.396,1
1581760,0001581760-24-000031,10-Q,2024-03-31,54142,8,1.478,1
1581760,0001581760-24-000006,10-K,2023-12-31,78835,8,1.015,1
1581760,0001581760-23-000124,10-Q,2023-09-30,27995,10,3.572,1
1581760,0001581760-23-000101,10-Q,2023-06-30,23826,0,0.0,0
1581760,0001581760-23-000045,10-Q,2023-03-31,21691,0,0.0,0
1581760,0001581760-23-000031,10-K,2022-12-31,77398,0,0.0,0
1581760,0001581760-22-000021,10-Q,2022-09-30,34787,1,0.287,0
1581760,0001581760-22-000007,10-Q,2022-06-30,33651,1,0.297,0
1582961,0001582961-26-000019,10-K,2025-12-31,71376,214,29.982,1
1582961,0001582961-25-000150,10-Q,2025-09-30,21802,41,18.806,1
1582961,0001582961-25-000138,10-Q,2025-06-30,19158,42,21.923,1
1582961,0001582961-25-000087,10-Q,2025-03-31,16955,24,14.155,1
1582961,0001582961-25-000035,10-K,2024-12-31,71227,157,22.042,1
1582961,0001582961-24-000155,10-Q,2024-09-30,20775,19,9.146,0
1582961,0001582961-24-000122,10-Q,2024-06-30,20039,16,7.984,0
1582961,0001582961-24-000068,10-Q,2024-03-31,18197,16,8.793,0
1582961,0001582961-24-000031,10-K,2023-12-31,72957,107,14.666,1
1582961,0001582961-23-000068,10-Q,2023-09-30,25415,8,3.148,0
1582961,0001582961-23-000042,10-Q,2023-06-30,23518,31,13.181,1
1582961,0001582961-23-000040,10-Q/A,2023-03-31,21813,0,0.0,0
1582961,0001582961-23-000038,10-K/A,2022-12-31,57554,0,0.0,0
1582961,0001582961-23-000021,10-Q,2023-03-31,19253,0,0.0,0
1582961,0001582961-23-000009,10-K,2022-12-31,65708,0,0.0,0
1582961,0001582961-22-000051,10-Q,2022-09-30,22855,0,0.0,0
1582961,0001582961-22-000039,10-Q,2022-06-30,20299,0,0.0,0
1582961,0001582961-22-000023,10-Q,2022-03-31,19312,0,0.0,0
1582961,0001582961-22-000010,10-K,2021-12-31,63423,0,0.0,0
1582961,0001582961-21-000027,10-Q,2021-09-30,41075,0,0.0,0
1582961,0001582961-21-000020,10-Q,2021-06-30,40524,0,0.0,0
1582961,0001582961-21-000012,10-Q,2021-03-31,37984,0,0.0,0
1584423,0001584423-20-000013,10-Q,2020-03-31,57913,0,0.0,0
1584423,0001584423-20-000006,10-K,2019-12-31,103729,2,0.193,0
1584423,0001584423-19-000028,10-Q,2019-09-30,40798,0,0.0,0
1584423,0001584423-19-000021,10-Q,2019-06-30,35664,0,0.0,0
1584423,0001584423-19-000016,10-Q,2019-03-31,33402,0,0.0,0
1584423,0001584423-19-000009,10-K/A,2018-12-31,96735,2,0.207,0
1584423,0001584423-19-000007,10-K,2018-12-31,96836,2,0.207,0
1584423,0001584423-18-000032,10-Q,2018-09-30,38953,1,0.257,0
1584423,0001584423-18-000023,10-Q,2018-06-30,37915,1,0.264,0
1584423,0001584423-18-000012,10-Q,2018-03-31,34634,1,0.289,0
1585521,0001585521-25-000202,10-Q,2025-10-31,51837,81,15.626,1
1585521,0001585521-25-000141,10-Q,2025-07-31,51545,72,13.968,1
1585521,0001585521-25-000090,10-Q,2025-04-30,49197,73,14.838,1
1585521,0001585521-25-000042,10-K,2025-01-31,70400,104,14.773,1
1585521,0001585521-24-000260,10-Q,2024-10-31,51290,61,11.893,1
1585521,0001585521-24-000181,10-Q,2024-07-31,50810,58,11.415,1
1585521,0001585521-24-000094,10-Q,2024-04-30,48340,51,10.55,1
1585521,0001585521-24-000030,10-K,2024-01-31,69882,75,10.732,1
1585521,0001585521-23-000249,10-Q,2023-10-31,50122,25,4.988,1
1585521,0001585521-23-000194,10-Q,2023-07-31,50021,13,2.599,0
1585521,0001585521-23-000128,10-Q,2023-04-30,47662,10,2.098,0
1585521,0001585521-23-000035,10-K,2023-01-31,67799,11,1.622,0
1585521,0001585521-22-000213,10-Q,2022-10-31,47984,3,0.625,0
1585521,0001585521-22-000180,10-Q,2022-07-31,47873,2,0.418,0
1585521,0001585521-22-000106,10-Q,2022-04-30,44087,1,0.227,0
1585521,0001585521-22-000037,10-K,2022-01-31,65911,1,0.152,0
1585521,0001585521-21-000295,10-Q,2021-10-31,48067,0,0.0,0
1585521,0001585521-21-000235,10-Q,2021-07-31,48274,0,0.0,0
1585521,0001585521-21-000131,10-Q,2021-04-30,44487,0,0.0,0
1585521,0001585521-21-000048,10-K,2021-01-31,66946,0,0.0,0
1585521,0001585521-20-000299,10-Q,2020-10-31,49545,0,0.0,0
1585521,0001585521-20-000238,10-Q,2020-07-31,46994,0,0.0,0
1585521,0001585521-20-000154,10-Q,2020-04-30,42483,0,0.0,0
1585521,0001585521-20-000095,10-K,2020-01-31,57232,0,0.0,0
1585521,0001585521-19-000059,10-Q,2019-10-31,39756,0,0.0,0
1585521,0001585521-19-000020,10-Q,2019-07-31,39233,0,0.0,0
1585521,0001564590-19-022032,10-Q,2019-04-30,36353,0,0.0,0
1593184,0001683168-26-002975,10-K,2025-12-31,32555,27,8.294,0
1593184,0001683168-25-008429,10-Q,2025-09-30,18523,0,0.0,0
1593184,0001683168-25-006157,10-Q,2025-06-30,17216,0,0.0,0
1593184,0001683168-25-003694,10-Q,2025-03-31,14989,0,0.0,0
1593184,0001683168-25-002623,10-K/A,2024-12-31,30098,28,9.303,1
1593184,0001683168-25-002614,10-K,2024-12-31,29966,28,9.344,1
1593184,0001683168-24-008044,10-Q,2024-09-30,18811,0,0.0,0
1593184,0001683168-24-007026,10-Q,2024-06-30,18208,0,0.0,0
1593184,0001683168-24-007021,10-Q/A,2024-03-31,20079,0,0.0,0
1593184,0001683168-24-003858,10-Q/A,2024-03-31,13069,1,0.765,0
1593184,0001683168-24-003807,10-Q,2024-03-31,12221,1,0.818,0
1593184,0001683168-24-002317,10-K,2023-12-31,18120,70,38.631,0
1593184,0001683168-23-008360,10-Q,2023-09-30,6507,0,0.0,0
1593184,0001683168-23-005813,10-Q,2023-06-30,6948,0,0.0,0
1593184,0001683168-23-003620,10-Q,2023-03-31,6345,0,0.0,0
1593184,0001683168-23-002125,10-K,2022-12-31,14214,0,0.0,0
1593184,0001800943-22-000015,10-Q,2022-09-30,11735,0,0.0,0
1593184,0001800943-22-000013,10-Q,2022-06-30,11577,0,0.0,0
1593184,0001800943-22-000006,10-Q,2022-03-31,11266,0,0.0,0
1593184,0001800943-22-000004,10-K,2021-12-31,17552,0,0.0,0
1593184,0001593184-21-000021,10-Q,2021-09-30,11724,0,0.0,0
1593773,0001477932-26-002852,10-Q,2025-08-31,11393,3,2.633,0
1593773,0001477932-25-007138,10-Q,2025-05-31,10061,3,2.982,0
1593773,0001477932-25-004221,10-Q,2025-02-28,8913,6,6.732,0
1593773,0001477932-25-001401,10-K,2024-11-30,16730,9,5.38,0
1593773,0001477932-24-006633,10-Q,2024-08-31,8285,6,7.242,0
1593773,0001477932-24-004061,10-Q,2024-05-31,6935,0,0.0,0
1593773,0001477932-24-002211,10-Q,2024-02-29,6170,0,0.0,0
1593773,0001477932-24-001155,10-K,2023-11-30,14679,0,0.0,0
1593773,0001477932-23-007079,10-Q,2023-08-31,6277,0,0.0,0
1593773,0001477932-23-004763,10-Q,2023-05-31,6084,0,0.0,0
1593773,0001477932-23-002751,10-Q,2023-02-28,5107,0,0.0,0
1593773,0001477932-23-000738,10-K,2022-11-30,11798,0,0.0,0
1593773,0001477932-22-009464,10-Q,2022-08-31,5398,0,0.0,0
1593773,0001477932-22-009232,10-Q,2022-05-31,5281,0,0.0,0
1593773,0001477932-22-008905,10-Q,2022-02-28,4983,0,0.0,0
1593773,0001477932-22-001348,10-K,2021-11-30,11466,0,0.0,0
1593773,0001477932-21-007250,10-Q,2021-08-31,4646,0,0.0,0
1593773,0001477932-21-006687,10-Q,2021-05-31,4535,0,0.0,0
1593773,0001477932-21-006579,10-Q,2021-02-28,4247,0,0.0,0
1593773,0001477932-21-006333,10-K,2020-11-30,12212,0,0.0,0
1593773,0001477932-21-004952,10-K,2018-11-30,13989,0,0.0,0
1593773,0001477932-21-003961,10-Q,2018-08-31,7050,0,0.0,0
1593773,0001477932-21-003707,10-Q,2018-05-31,6745,0,0.0,0
1593773,0001640334-21-001109,10-Q,2018-02-28,6333,0,0.0,0
1595974,0001595974-26-000007,10-K,2025-12-31,74166,66,8.899,1
1595974,0001595974-25-000043,10-Q,2025-09-30,28056,12,4.277,0
1595974,0001595974-25-000027,10-Q,2025-06-30,28113,1,0.356,0
1595974,0001595974-25-000017,10-Q,2025-03-31,26269,1,0.381,0
1595974,0001595974-25-000008,10-K,2024-12-31,70678,18,2.547,0
1595974,0001595974-24-000041,10-Q,2024-09-30,28282,0,0.0,0
1595974,0001595974-24-000032,10-Q,2024-06-30,26613,0,0.0,0
1595974,0001595974-24-000022,10-Q,2024-03-31,24766,0,0.0,0
1595974,0001595974-24-000014,10-K,2023-12-31,74482,10,1.343,0
1595974,0001595974-23-000039,10-Q,2023-09-30,30083,4,1.33,0
1595974,0001595974-23-000031,10-Q,2023-06-30,30473,4,1.313,0
1595974,0001595974-23-000018,10-Q,2023-03-31,27952,2,0.716,0
1595974,0001595974-23-000010,10-K,2022-12-31,78301,2,0.255,0
1595974,0001595974-22-000059,10-Q,2022-09-30,35322,2,0.566,0
1595974,0001595974-22-000043,10-Q,2022-06-30,34770,2,0.575,0
1595974,0001595974-22-000027,10-Q,2022-03-31,32228,2,0.621,0
1595974,0001595974-22-000010,10-K,2021-12-31,79933,0,0.0,0
1595974,0001595974-21-000066,10-Q,2021-09-30,34224,0,0.0,0
1595974,0001595974-21-000055,10-Q,2021-06-30,31975,0,0.0,0
1595974,0001595974-21-000028,10-Q,2021-03-31,27911,0,0.0,0
1595974,0001193125-21-155533,10-K/A,2020-12-31,22973,0,0.0,0
1595974,0001595974-21-000016,10-K,2020-12-31,72712,0,0.0,0
1595974,0001595974-20-000151,10-Q,2020-09-30,31255,0,0.0,0
1595974,0001595974-20-000130,10-Q,2020-06-30,30287,0,0.0,0
1595974,0001595974-20-000058,10-Q,2020-03-31,23410,0,0.0,0
1595974,0001595974-20-000026,10-K,2019-12-31,84286,3,0.356,0
1595974,0001595974-19-000129,10-Q,2019-09-30,21500,0,0.0,0
1595974,0001595974-19-000114,10-Q,2019-06-30,21131,0,0.0,0
1595974,0001595974-19-000062,10-Q,2019-03-31,19866,0,0.0,0
1595974,0001595974-19-000043,10-K,2018-12-31,78273,2,0.256,0
1595974,0001595974-18-000110,10-Q,2018-09-30,30780,0,0.0,0
1595974,0001595974-18-000078,10-Q,2018-06-30,26639,0,0.0,0
1595974,0001595974-18-000040,10-Q,2018-03-31,25429,0,0.0,0
1596961,0001596961-26-000015,10-K,2025-12-31,41227,2,0.485,0
1596961,0001596961-25-000101,10-Q,2025-09-30,16264,0,0.0,0
1596961,0001596961-25-000066,10-Q,2025-06-30,15310,0,0.0,0
1596961,0001596961-25-000039,10-Q,2025-03-31,11506,0,0.0,0
1596961,0001596961-25-000024,10-K,2024-12-31,40469,0,0.0,0
1596961,0001596961-24-000113,10-Q/A,2024-09-30,973,0,0.0,0
1596961,0001596961-24-000106,10-Q,2024-09-30,16476,0,0.0,0
1596961,0001596961-24-000081,10-Q,2024-06-30,14546,0,0.0,0
1596961,0001596961-24-000053,10-Q,2024-03-31,10612,0,0.0,0
1596961,0001596961-24-000021,10-K,2023-12-31,45042,0,0.0,0
1596961,0001596961-23-000047,10-Q,2023-09-30,22282,0,0.0,0
1596961,0001596961-23-000018,10-Q,2023-06-30,22834,0,0.0,0
1596961,0001596961-23-000012,10-Q,2023-03-31,16905,0,0.0,0
1596961,0001213900-23-033935,10-K/A,2022-12-31,10060,0,0.0,0
1596961,0001596961-23-000007,10-K,2022-12-31,54441,0,0.0,0
1596961,0001596961-22-000030,10-Q,2022-09-30,20766,0,0.0,0
1596961,0001596961-22-000023,10-Q,2022-06-30,20085,0,0.0,0
1596961,0001596961-22-000013,10-Q,2022-03-31,17057,0,0.0,0
1596961,0001596961-22-000008,10-K,2021-12-31,52326,0,0.0,0
1596961,0001213900-21-059581,10-Q,2021-09-30,25874,0,0.0,0
1596961,0001213900-21-040350,10-Q,2021-06-30,23103,0,0.0,0
1596961,0001654954-21-005896,10-Q,2021-03-31,34514,0,0.0,0
1596961,0001654954-21-003633,10-K,2020-12-31,76900,1,0.13,0
1596961,0001654954-20-012496,10-Q,2020-09-30,35814,1,0.279,0
1596961,0001654954-20-009176,10-Q,2020-06-30,35392,1,0.283,0
1596961,0001654954-20-007105,10-Q,2020-03-31,31479,1,0.318,0
1596961,0001654954-20-006263,10-K/A,2019-12-31,2471,0,0.0,0
1596961,0001654954-20-006126,10-K,2019-12-31,78403,2,0.255,0
1596961,0001654954-19-012772,10-Q,2019-09-30,33061,2,0.605,0
1596961,0001654954-19-009295,10-Q,2019-06-30,32739,2,0.611,0
1596961,0001654954-19-006112,10-Q,2019-03-31,27906,2,0.717,0
1596961,0001654954-19-003849,10-K,2018-12-31,68362,1,0.146,0
1596961,0001654954-18-012614,10-Q,2018-09-30,26956,3,1.113,0
1596961,0001654954-18-008109,10-Q,2018-06-30,21420,0,0.0,0
1596961,0001654954-18-004524,10-Q,2018-03-31,18079,0,0.0,0
1597033,0001628280-26-008800,10-K,2025-12-31,77720,27,3.474,1
1597033,0001628280-25-049383,10-Q,2025-09-30,42423,16,3.772,1
1597033,0001597033-25-000090,10-Q,2025-06-30,41554,15,3.61,1
1597033,0001597033-25-000061,10-Q,2025-03-31,40969,15,3.661,1
1597033,0001597033-25-000027,10-K,2024-12-31,83693,21,2.509,1
1597033,0001597033-24-000125,10-Q,2024-09-30,45777,10,2.185,1
1597033,0001597033-24-000106,10-Q,2024-06-30,45738,10,2.186,1
1597033,0001597033-24-000073,10-Q,2024-03-31,42063,10,2.377,1
1597033,0001597033-24-000020,10-K,2023-12-31,83241,13,1.562,1
1597033,0001597033-23-000108,10-Q,2023-09-30,48590,0,0.0,0
1597033,0001597033-23-000073,10-Q,2023-06-30,47604,0,0.0,0
1597033,0001597033-23-000046,10-Q,2023-03-31,42216,0,0.0,0
1597033,0001597033-23-000011,10-K,2022-12-31,88458,0,0.0,0
1597033,0001597033-22-000093,10-Q,2022-09-30,48586,0,0.0,0
1597033,0001597033-22-000053,10-Q,2022-06-30,45819,0,0.0,0
1597033,0001597033-22-000043,10-Q,2022-03-31,42084,0,0.0,0
1597033,0001597033-22-000015,10-K,2021-12-31,86485,0,0.0,0
1597033,0001597033-21-000127,10-Q,2021-09-30,49075,0,0.0,0
1597033,0001597033-21-000098,10-Q,2021-06-30,47066,0,0.0,0
1597033,0001597033-21-000073,10-Q,2021-03-31,41846,0,0.0,0
1597033,0001597033-21-000022,10-K,2020-12-31,86731,0,0.0,0
1597033,0001597033-20-000198,10-Q,2020-09-30,54712,0,0.0,0
1597033,0001597033-20-000160,10-Q,2020-06-30,49874,0,0.0,0
1597033,0001597033-20-000097,10-Q,2020-03-31,44474,0,0.0,0
1597033,0001597033-20-000026,10-K,2019-12-31,80127,0,0.0,0
1597033,0001597033-19-000121,10-Q,2019-09-30,43974,0,0.0,0
1597033,0001597033-19-000092,10-Q,2019-06-30,42628,0,0.0,0
1597033,0001597033-19-000065,10-Q,2019-03-31,38029,0,0.0,0
1597033,0001597033-19-000018,10-K,2018-12-31,81333,0,0.0,0
1597033,0001597033-18-000153,10-Q,2018-09-30,45140,0,0.0,0
1597033,0001597033-18-000118,10-Q,2018-06-30,44634,0,0.0,0
1597033,0001597033-18-000077,10-Q,2018-03-31,40692,0,0.0,0
1598014,0001598014-22-000011,10-K,2021-11-30,96647,1,0.103,0
1598014,0001598014-21-000137,10-Q,2021-08-31,18215,0,0.0,0
1598014,0001598014-21-000107,10-Q,2021-05-31,17528,0,0.0,0
1598014,0001598014-21-000052,10-Q,2021-02-28,15552,0,0.0,0
1598014,0001598014-21-000015,10-K,2020-11-30,56439,1,0.177,0
1598014,0001598014-20-000200,10-Q,2020-08-31,18886,0,0.0,0
1598014,0001598014-20-000160,10-Q,2020-05-31,18792,0,0.0,0
1598014,0001598014-20-000065,10-Q,2020-02-29,16398,0,0.0,0
1598014,0001598014-20-000008,10-K,2019-11-30,55008,1,0.182,0
1598014,0001598014-19-000126,10-Q,2019-08-31,21413,0,0.0,0
1598014,0001598014-19-000084,10-Q,2019-05-31,18110,0,0.0,0
1598014,0001598014-19-000043,10-Q,2019-02-28,15832,0,0.0,0
1598014,0001598014-19-000017,10-K,2018-11-30,59335,1,0.169,0
1598014,0001598014-18-000124,10-Q,2018-08-31,18912,0,0.0,0
1598014,0001598014-18-000103,10-Q,2018-05-31,18331,0,0.0,0
1598014,0001598014-18-000041,10-Q,2018-02-28,15892,0,0.0,0
1603494,0001683168-20-004377,10-K,2018-12-31,27274,0,0.0,0
1603494,0001683168-18-003434,10-Q,2018-09-30,10091,0,0.0,0
1603494,0001683168-18-002757,10-Q,2018-06-30,10642,0,0.0,0
1603494,0001683168-18-001734,10-Q,2018-03-31,9851,0,0.0,0
1603652,0001193125-26-128957,10-K,2025-12-31,75145,32,4.258,0
1603652,0001193125-25-280131,10-Q,2025-09-30,20120,4,1.988,0
1603652,0000950170-25-108023,10-Q,2025-06-30,19925,4,2.008,0
1603652,0000950170-25-070947,10-Q,2025-03-31,18203,4,2.197,0
1603652,0000950170-25-055373,10-K/A,2024-12-31,13965,1,0.716,0
1603652,0000950170-25-039411,10-K,2024-12-31,64604,29,4.489,0
1603652,0000950170-24-125969,10-Q,2024-09-30,19606,4,2.04,0
1603652,0000950170-24-096160,10-Q,2024-06-30,18142,4,2.205,0
1603652,0000950170-24-059514,10-Q,2024-03-31,16557,4,2.416,0
1603652,0000950170-24-038666,10-K,2023-12-31,67760,26,3.837,0
1603652,0000950170-23-063362,10-Q,2023-09-30,21844,2,0.916,0
1603652,0000950170-23-053997,10-Q,2023-06-30,23559,2,0.849,0
1606745,0001558370-25-003919,10-K/A,2024-12-31,22838,0,0.0,0
1606745,0001558370-25-001181,10-K,2024-12-31,77595,25,3.222,1
1606745,0001558370-24-014667,10-Q,2024-09-30,23997,1,0.417,0
1606745,0001558370-24-011097,10-Q,2024-06-30,23102,1,0.433,0
1606745,0001558370-24-007189,10-Q,2024-03-31,19436,1,0.515,0
1606745,0001558370-24-001313,10-K,2023-12-31,69619,14,2.011,1
1606745,0001558370-23-017769,10-Q,2023-09-30,23191,0,0.0,0
1606745,0001558370-23-012926,10-Q,2023-06-30,21273,0,0.0,0
1606745,0001558370-23-007853,10-Q,2023-03-31,18702,0,0.0,0
1606745,0001558370-23-001528,10-K,2022-12-31,66287,2,0.302,0
1606745,0001558370-22-016651,10-Q,2022-09-30,25136,0,0.0,0
1606745,0001558370-22-012282,10-Q,2022-06-30,24967,0,0.0,0
1606745,0001558370-22-007106,10-Q,2022-03-31,20463,0,0.0,0
1606745,0001558370-22-001476,10-K,2021-12-31,71340,3,0.421,0
1606745,0001558370-21-015052,10-Q,2021-09-30,24748,0,0.0,0
1606745,0001558370-21-010598,10-Q,2021-06-30,24605,0,0.0,0
1606745,0001558370-21-006470,10-Q,2021-03-31,23652,0,0.0,0
1606745,0001104659-21-059095,10-K/A,2020-12-31,26339,0,0.0,0
1606745,0001558370-21-001294,10-K,2020-12-31,66343,2,0.301,0
1606745,0001558370-20-012930,10-Q,2020-09-30,22892,0,0.0,0
1606745,0001558370-20-009703,10-Q,2020-06-30,21930,0,0.0,0
1606745,0001558370-20-006019,10-Q,2020-03-31,22166,0,0.0,0
1606745,0001558370-20-001006,10-K,2019-12-31,61603,3,0.487,0
1606745,0001558370-19-010203,10-Q,2019-09-30,18057,0,0.0,0
1606745,0001558370-19-007495,10-Q,2019-06-30,18528,0,0.0,0
1606745,0001558370-19-004277,10-Q,2019-03-31,13777,0,0.0,0
1606745,0001558370-19-000922,10-K,2018-12-31,56058,3,0.535,0
1606745,0001558370-18-008813,10-Q,2018-09-30,16735,0,0.0,0
1606745,0001558370-18-006094,10-Q,2018-06-30,16387,0,0.0,0
1606745,0001558370-18-004492,10-Q,2018-03-31,15939,0,0.0,0
1609711,0001609711-26-000010,10-K,2025-12-31,75832,110,14.506,1
1609711,0001609711-25-000209,10-Q,2025-09-30,45029,52,11.548,1
1609711,0001609711-25-000154,10-Q,2025-06-30,45064,46,10.208,1
1609711,0001609711-25-000077,10-Q,2025-03-31,43654,49,11.225,1
1609711,0001609711-25-000023,10-K,2024-12-31,76237,78,10.231,1
1609711,0001609711-24-000167,10-Q,2024-09-30,55896,48,8.587,1
1609711,0001609711-24-000133,10-Q,2024-06-30,55565,47,8.459,1
1609711,0001609711-24-000072,10-Q,2024-03-31,51784,32,6.18,1
1609711,0001609711-24-000022,10-K,2023-12-31,85356,67,7.849,1
1609711,0001609711-23-000167,10-Q,2023-09-30,54702,26,4.753,1
1609711,0001609711-23-000129,10-Q,2023-06-30,54265,26,4.791,1
1609711,0001609711-23-000082,10-Q,2023-03-31,50786,1,0.197,0
1609711,0001609711-23-000031,10-K,2022-12-31,80960,1,0.124,0
1609711,0001609711-22-000133,10-Q,2022-09-30,52155,1,0.192,0
1609711,0001609711-22-000103,10-Q,2022-06-30,50959,1,0.196,0
1609711,0001609711-22-000061,10-Q,2022-03-31,48477,1,0.206,0
1609711,0001609711-22-000024,10-K,2021-12-31,76036,1,0.132,0
1609711,0001609711-21-000115,10-Q,2021-09-30,48748,1,0.205,0
1609711,0001609711-21-000102,10-Q,2021-06-30,47445,1,0.211,0
1609711,0001609711-21-000060,10-Q,2021-03-31,45857,1,0.218,0
1609711,0001609711-21-000017,10-K,2020-12-31,74854,1,0.134,0
1609711,0001609711-20-000145,10-Q,2020-09-30,52749,1,0.19,0
1609711,0001609711-20-000108,10-Q,2020-06-30,51384,1,0.195,0
1609711,0001609711-20-000060,10-Q,2020-03-31,50233,1,0.199,0
1609711,0001609711-20-000022,10-K,2019-12-31,80347,1,0.124,0
1609711,0001609711-19-000228,10-Q,2019-09-30,50300,1,0.199,0
1609711,0001609711-19-000192,10-Q,2019-06-30,48826,1,0.205,0
1609711,0001609711-19-000089,10-Q,2019-03-31,45208,1,0.221,0
1609711,0001609711-19-000012,10-K,2018-12-31,75921,1,0.132,0
1609711,0001609711-18-000228,10-Q,2018-09-30,19426,0,0.0,0
1609711,0001609711-18-000186,10-Q,2018-06-30,18491,0,0.0,0
1609711,0001609711-18-000129,10-Q,2018-03-31,16788,0,0.0,0
1610607,0001213900-18-010683,10-Q,2018-06-30,16671,0,0.0,0
1610607,0001213900-18-006277,10-Q,2018-03-31,16839,0,0.0,0
1614178,0001628280-25-055819,10-Q,2025-10-31,49142,63,12.82,1
1614178,0001614178-25-000119,10-Q,2025-07-31,48397,63,13.017,1
1614178,0001614178-25-000077,10-Q,2025-04-30,45485,63,13.851,1
1614178,0001614178-25-000030,10-K,2025-01-31,66176,72,10.88,1
1614178,0001614178-24-000140,10-Q,2024-10-31,45656,58,12.704,1
1614178,0001614178-24-000104,10-Q,2024-07-31,40852,58,14.198,1
1614178,0001614178-24-000056,10-Q,2024-04-30,38633,59,15.272,1
1614178,0001614178-24-000023,10-K,2024-01-31,58290,66,11.323,1
1614178,0001614178-23-000101,10-Q,2023-10-31,41576,13,3.127,1
1614178,0001614178-23-000073,10-Q,2023-07-31,40602,13,3.202,1
1614178,0001614178-23-000029,10-Q,2023-04-30,38938,14,3.595,1
1614178,0001614178-23-000017,10-K,2023-01-31,57580,20,3.473,1
1614178,0001614178-22-000057,10-Q,2022-10-31,41614,1,0.24,0
1614178,0001614178-22-000042,10-Q,2022-07-31,39323,1,0.254,0
1614178,0001614178-22-000030,10-Q,2022-04-30,37204,1,0.269,0
1614178,0001614178-22-000014,10-K,2022-01-31,55962,7,1.251,0
1614178,0001614178-21-000251,10-Q,2021-10-31,38523,1,0.26,0
1614178,0001614178-21-000211,10-Q,2021-07-31,38164,1,0.262,0
1614178,0001614178-21-000112,10-Q,2021-04-30,36668,1,0.273,0
1614178,0001614178-21-000065,10-K,2021-01-31,57617,7,1.215,0
1614178,0001614178-20-000444,10-Q,2020-10-31,38764,1,0.258,0
1614178,0001614178-20-000314,10-Q,2020-07-31,37450,1,0.267,0
1614178,0001614178-20-000157,10-Q,2020-04-30,35744,1,0.28,0
1614178,0001614178-20-000078,10-K,2020-01-31,55045,7,1.272,0
1614178,0001614178-19-000481,10-Q,2019-10-31,37176,1,0.269,0
1614178,0001614178-19-000348,10-Q,2019-07-31,36489,0,0.0,0
1614178,0001614178-19-000204,10-Q,2019-04-30,34278,0,0.0,0
1614178,0001614178-19-000075,10-K,2019-01-31,52561,4,0.761,0
1614178,0001614178-18-000467,10-Q,2018-10-31,35801,0,0.0,0
1614178,0001614178-18-000355,10-Q,2018-07-31,34763,0,0.0,0
1614178,0001614178-18-000206,10-Q,2018-04-30,32979,0,0.0,0
1614178,0001614178-18-000095,10-K,2018-01-31,51143,4,0.782,0
1615165,0001628280-26-028366,10-K/A,2025-12-31,19788,6,3.032,0
1615165,0001628280-26-025214,10-K,2025-12-31,77214,236,30.564,1
1615165,0001628280-26-025211,10-Q/A,2025-09-30,35791,17,4.75,0
1615165,0001615165-25-000027,10-Q,2025-09-30,31066,17,5.472,0
1615165,0001615165-25-000012,10-Q,2025-06-30,30405,17,5.591,0
1615165,0000950170-25-069243,10-Q,2025-03-31,25001,17,6.8,0
1615165,0000950170-25-048602,10-K,2024-12-31,78483,186,23.699,1
1615165,0000950170-24-125533,10-Q,2024-09-30,34834,22,6.316,0
1615165,0000950170-24-096973,10-Q,2024-06-30,32580,22,6.753,1
1615165,0000950170-24-057780,10-Q,2024-03-31,27596,23,8.335,1
1615165,0000950170-24-038819,10-K,2023-12-31,74655,166,22.236,1
1615165,0000950170-23-063678,10-Q,2023-09-30,32784,19,5.796,0
1615165,0000950170-23-040530,10-Q,2023-06-30,27091,19,7.013,0
1615165,0000950170-23-019950,10-Q,2023-03-31,22704,18,7.928,0
1615165,0000950170-23-008493,10-K,2022-12-31,64056,131,20.451,1
1615165,0000950170-22-025023,10-Q,2022-09-30,25337,19,7.499,0
1615165,0001564590-22-029403,10-Q,2022-06-30,25320,21,8.294,0
1615165,0001564590-22-029402,10-Q/A,2022-03-31,23845,19,7.968,0
1615165,0001564590-22-019037,10-Q,2022-03-31,20435,19,9.298,0
1615165,0001564590-22-010802,10-K,2021-12-31,58480,108,18.468,0
1615165,0001564590-21-056915,10-Q,2021-09-30,22956,20,8.712,0
1615165,0001564590-21-041111,10-Q,2021-06-30,16591,16,9.644,0
1615165,0001564590-21-024339,10-Q,2021-03-31,14438,15,10.389,0
1615165,0001564590-21-022552,10-K/A,2020-12-31,19045,0,0.0,0
1615165,0001564590-21-011303,10-K,2020-12-31,56761,121,21.317,0
1615165,0001564590-20-052583,10-Q,2020-09-30,16743,8,4.778,0
1615165,0001564590-20-038981,10-Q,2020-06-30,16406,8,4.876,0
1615165,0001564590-20-024366,10-Q,2020-03-31,14324,8,5.585,0
1615165,0001564590-20-019720,10-K/A,2019-12-31,17910,0,0.0,0
1615165,0001564590-20-010119,10-K,2019-12-31,57663,48,8.324,0
1615165,0001564590-19-042295,10-Q,2019-09-30,18378,9,4.897,0
1615165,0001564590-19-030840,10-Q,2019-06-30,17733,9,5.075,0
1615165,0001564590-19-017984,10-Q,2019-03-31,16019,8,4.994,0
1615165,0001193125-19-125369,10-K/A,2018-12-31,19431,0,0.0,0
1615165,0001564590-19-008261,10-K,2018-12-31,61698,41,6.645,0
1615165,0001564590-18-029064,10-Q,2018-09-30,19835,18,9.075,0
1615165,0001193125-18-247436,10-Q,2018-06-30,15446,31,20.07,0
1615165,0001193125-18-156123,10-Q,2018-03-31,10776,25,23.2,0
1616156,0001079973-26-000103,10-Q,2025-11-30,10791,0,0.0,0
1616156,0001079973-25-001601,10-Q,2025-08-31,10726,0,0.0,0
1616156,0001079973-25-001354,10-K,2025-05-31,16061,0,0.0,0
1616156,0001079973-25-000655,10-Q,2025-02-28,11746,0,0.0,0
1616156,0001079973-25-000502,10-K/A,2024-05-31,15965,0,0.0,0
1616156,0001079973-25-000454,10-K/A,2024-05-31,15922,0,0.0,0
1616156,0001079973-25-000076,10-Q,2024-11-30,11000,0,0.0,0
1616156,0001079973-24-001405,10-Q,2024-08-31,10082,0,0.0,0
1616156,0001079973-24-001330,10-K,2024-05-31,15397,0,0.0,0
1616156,0001079973-24-000538,10-Q,2024-02-29,10969,0,0.0,0
1616156,0001079973-24-000068,10-Q,2023-11-30,10844,0,0.0,0
1616156,0001079973-23-001424,10-Q,2023-08-31,9956,0,0.0,0
1616156,0001553350-23-000413,10-K,2023-05-31,16415,0,0.0,0
1616156,0001553350-23-000276,10-Q,2023-02-28,12176,0,0.0,0
1616156,0001079973-23-000083,10-Q,2022-11-30,11982,0,0.0,0
1616156,0001553350-22-000825,10-Q,2022-08-31,11099,0,0.0,0
1616156,0001553350-22-000730,10-K,2022-05-31,16427,0,0.0,0
1616156,0001553350-22-000312,10-Q,2022-02-28,11582,0,0.0,0
1616156,0001079973-22-000046,10-Q,2021-11-30,11557,0,0.0,0
1616156,0001553350-21-000902,10-Q,2021-08-31,10643,0,0.0,0
1616156,0001553350-21-000757,10-K,2021-05-31,15682,0,0.0,0
1616156,0001553350-21-000290,10-Q,2021-02-28,11588,0,0.0,0
1616156,0001553350-21-000041,10-Q,2020-11-30,11301,0,0.0,0
1616156,0001553350-20-000923,10-Q,2020-08-31,10255,0,0.0,0
1616156,0001553350-20-000816,10-K,2020-05-31,16484,0,0.0,0
1616156,0001553350-20-000302,10-Q,2020-02-29,9825,0,0.0,0
1616156,0001553350-20-000040,10-Q,2019-11-30,6236,0,0.0,0
1616156,0001553350-19-001046,10-Q,2019-08-31,5764,0,0.0,0
1616156,0001553350-19-000976,10-K,2019-05-31,14627,0,0.0,0
1616156,0001553350-19-000372,10-Q,2019-02-28,6990,0,0.0,0
1616156,0001553350-19-000068,10-Q,2018-11-30,6629,0,0.0,0
1616156,0001553350-18-001135,10-Q,2018-08-31,6322,0,0.0,0
1616156,0001553350-18-001050,10-K,2018-05-31,14216,0,0.0,0
1616156,0001553350-18-000338,10-Q,2018-02-28,6443,0,0.0,0
1617553,0001617553-26-000016,10-K,2025-12-31,65283,104,15.931,1
1617553,0001617553-25-000106,10-Q,2025-09-30,43332,79,18.231,1
1617553,0001617553-25-000088,10-Q,2025-06-30,41854,74,17.681,1
1617553,0001617553-25-000049,10-Q,2025-03-31,38851,70,18.018,1
1617553,0001617553-25-000011,10-K,2024-12-31,65474,82,12.524,1
1617553,0001617553-24-000056,10-Q,2024-09-30,41936,37,8.823,1
1617553,0001617553-24-000046,10-Q,2024-06-30,39078,30,7.677,1
1617553,0001617553-24-000032,10-Q,2024-03-31,36842,29,7.871,1
1617553,0001617553-24-000011,10-K,2023-12-31,65991,38,5.758,1
1617553,0001617553-23-000042,10-Q,2023-09-30,40278,28,6.952,1
1617553,0001617553-23-000035,10-Q,2023-06-30,38974,28,7.184,1
1617553,0001617553-23-000026,10-Q,2023-03-31,36037,23,6.382,0
1617553,0001617553-23-000007,10-K,2022-12-31,63301,28,4.423,0
1617553,0001617553-22-000054,10-Q,2022-09-30,43195,21,4.862,0
1617553,0001617553-22-000045,10-Q,2022-06-30,40585,15,3.696,0
1617553,0001617553-22-000030,10-Q,2022-03-31,37642,15,3.985,0
1617553,0001617553-22-000012,10-K,2021-12-31,58490,21,3.59,0
1617553,0001617553-21-000030,10-Q,2021-09-30,38620,14,3.625,0
1617553,0001617553-21-000016,10-Q,2021-06-30,37348,14,3.749,0
1619227,0001640334-26-000750,10-K,2025-12-31,12667,0,0.0,0
1619227,0001640334-25-001984,10-Q,2025-09-30,6402,0,0.0,0
1619227,0001640334-25-001432,10-Q,2025-06-30,6310,0,0.0,0
1619227,0001640334-25-000776,10-Q,2025-03-31,5999,0,0.0,0
1619227,0001640334-25-000318,10-K,2024-12-31,12438,0,0.0,0
1619227,0001640334-24-001561,10-Q,2024-09-30,6181,0,0.0,0
1619227,0001640334-24-001184,10-Q,2024-06-30,6003,0,0.0,0
1619227,0001640334-24-000720,10-Q,2024-03-31,5705,0,0.0,0
1619227,0001640334-24-000460,10-K,2023-12-31,11772,0,0.0,0
1619227,0001640334-23-001930,10-Q,2023-09-30,6299,0,0.0,0
1619227,0001640334-23-001454,10-Q,2023-06-30,6111,0,0.0,0
1619227,0001640334-23-000769,10-Q,2023-03-31,5763,0,0.0,0
1619227,0001640334-23-000500,10-K,2022-12-31,12599,0,0.0,0
1619227,0001640334-22-002300,10-Q,2022-09-30,6600,0,0.0,0
1619227,0001640334-22-001591,10-Q,2022-06-30,6525,0,0.0,0
1619227,0001640334-22-000928,10-Q,2022-03-31,6313,0,0.0,0
1619227,0001640334-22-000465,10-K,2021-12-31,12569,0,0.0,0
1619227,0001640334-21-002701,10-Q,2021-09-30,6266,0,0.0,0
1619227,0001640334-21-001819,10-Q,2021-06-30,5551,0,0.0,0
1619227,0001640334-21-000980,10-Q,2021-03-31,5184,0,0.0,0
1619227,0001640334-21-000556,10-K,2020-12-31,12575,0,0.0,0
1619227,0001640334-20-002831,10-Q,2020-09-30,7632,0,0.0,0
1619227,0001640334-20-001838,10-Q,2020-06-30,7290,0,0.0,0
1619227,0001640334-20-001186,10-Q,2020-03-31,8825,0,0.0,0
1619227,0001640334-20-000719,10-K,2019-12-31,13741,0,0.0,0
1619227,0001640334-19-002173,10-Q,2019-09-30,8533,0,0.0,0
1619227,0001640334-19-001509,10-Q,2019-06-30,8393,0,0.0,0
1619227,0001640334-19-000762,10-Q,2019-03-31,8015,0,0.0,0
1619227,0001640334-19-000398,10-K,2018-12-31,14020,0,0.0,0
1619227,0001640334-18-002039,10-Q,2018-09-30,8296,0,0.0,0
1619227,0001640334-18-001500,10-Q,2018-06-30,8204,0,0.0,0
1619227,0001640334-18-000996,10-Q,2018-03-31,8190,0,0.0,0
1619954,0001619954-21-000130,10-Q,2021-09-30,19625,4,2.038,0
1619954,0001619954-21-000113,10-Q,2021-06-30,15659,4,2.554,0
1619954,0001619954-21-000068,10-Q,2021-03-31,14366,4,2.784,0
1619954,0001619954-21-000042,10-K,2020-12-31,57887,5,0.864,0
1619954,0001619954-20-000132,10-Q,2020-09-30,17729,2,1.128,0
1619954,0001619954-20-000108,10-Q,2020-06-30,17421,2,1.148,0
1619954,0001619954-20-000061,10-Q,2020-03-31,16553,2,1.208,0
1619954,0001619954-20-000026,10-K,2019-12-31,56599,5,0.883,0
1619954,0001619954-19-000121,10-Q,2019-09-30,18603,2,1.075,0
1619954,0001619954-19-000099,10-Q,2019-06-30,17960,2,1.114,0
1619954,0001619954-19-000067,10-Q,2019-03-31,15464,2,1.293,0
1619954,0001619954-19-000032,10-K,2018-12-31,59767,3,0.502,0
1619954,0001619954-18-000119,10-Q,2018-09-30,19309,0,0.0,0
1619954,0001619954-18-000108,10-Q,2018-06-30,18851,0,0.0,0
1619954,0001619954-18-000083,10-Q,2018-03-31,15211,0,0.0,0
1621672,0001437749-26-014255,10-K/A,2025-12-31,19377,2,1.032,1
1621672,0001437749-26-010734,10-K,2025-12-31,101791,60,5.894,1
1621672,0001437749-25-035238,10-Q,2025-09-30,64431,0,0.0,0
1621672,0001437749-25-027014,10-Q,2025-06-30,63271,0,0.0,0
1621672,0001437749-25-017257,10-Q,2025-03-31,44082,0,0.0,0
1621672,0001437749-25-013890,10-K/A,2024-12-31,19727,0,0.0,0
1621672,0001437749-25-010233,10-K,2024-12-31,105332,65,6.171,1
1621672,0001437749-24-035353,10-Q,2024-09-30,49096,0,0.0,0
1621672,0001437749-24-026873,10-Q,2024-06-30,41179,0,0.0,0
1621672,0001437749-24-017138,10-Q,2024-03-31,33913,0,0.0,0
1621672,0001437749-24-013755,10-K/A,2023-12-31,18668,0,0.0,0
1621672,0001437749-24-011939,10-K,2023-12-31,89253,10,1.12,1
1621672,0001437749-23-032038,10-Q,2023-09-30,36074,0,0.0,0
1621672,0001437749-23-023756,10-Q,2023-06-30,33023,0,0.0,0
1621672,0001437749-23-014652,10-Q,2023-03-31,25324,0,0.0,0
1621672,0001437749-23-011860,10-K/A,2022-12-31,15422,0,0.0,0
1621672,0001437749-23-008795,10-K,2022-12-31,68082,1,0.147,0
1621672,0001851734-22-000687,10-Q,2022-09-30,33195,0,0.0,0
1621672,0001851734-22-000455,10-Q,2022-06-30,30301,0,0.0,0
1621672,0001851734-22-000274,10-Q,2022-03-31,25174,0,0.0,0
1621672,0001851734-22-000178,10-K,2021-12-31,62011,1,0.161,0
1621672,0001851734-21-000091,10-Q,2021-09-30,25671,0,0.0,0
1621672,0001654954-21-009071,10-Q,2021-06-30,21525,0,0.0,0
1621672,0001654954-21-005877,10-Q,2021-03-31,15558,0,0.0,0
1621672,0001654954-21-003010,10-K,2020-12-31,48585,1,0.206,0
1621672,0001654954-20-012367,10-Q,2020-09-30,29778,0,0.0,0
1621672,0001654954-20-008963,10-Q,2020-06-30,29932,0,0.0,0
1621672,0001654954-20-005659,10-Q,2020-03-31,28271,0,0.0,0
1621672,0001654954-20-002946,10-K,2019-12-31,48953,2,0.409,0
1621672,0001654954-19-013024,10-Q,2019-09-30,35279,0,0.0,0
1621672,0001654954-19-009604,10-Q,2019-06-30,33072,0,0.0,0
1621672,0001654954-19-006111,10-Q,2019-03-31,27970,0,0.0,0
1621697,0001214659-19-005975,10-K/A,2018-09-30,17908,0,0.0,0
1621697,0001214659-19-005219,10-Q,2019-06-30,9778,0,0.0,0
1621697,0001214659-19-005098,10-Q/A,2018-06-30,9903,0,0.0,0
1621697,0001214659-19-004279,10-Q/A,2018-03-31,8713,0,0.0,0
1621697,0001214659-19-003626,10-Q,2019-03-31,9827,0,0.0,0
1621697,0001214659-19-001180,10-Q,2018-12-31,8342,0,0.0,0
1621697,0001214659-18-007833,10-K,2018-09-30,18256,0,0.0,0
1621697,0001214659-18-005459,10-Q,2018-06-30,9254,0,0.0,0
1621697,0001214659-18-003637,10-Q,2018-03-31,7813,0,0.0,0
1622231,0001829126-22-009961,10-Q/A,2022-02-28,12726,0,0.0,0
1622231,0001829126-22-009932,10-Q,2022-02-28,12547,0,0.0,0
1622231,0001640334-22-000128,10-Q,2021-11-30,10914,0,0.0,0
1622231,0001640334-22-000006,10-K,2021-08-31,22064,0,0.0,0
1622231,0001640334-21-001587,10-Q,2021-05-31,11254,0,0.0,0
1622231,0001640334-21-000976,10-Q,2021-02-28,10970,0,0.0,0
1622231,0001640334-21-000076,10-Q,2020-11-30,9423,0,0.0,0
1622231,0001640334-20-002995,10-K,2020-08-31,18561,0,0.0,0
1622231,0001640334-20-001799,10-Q,2020-05-31,4906,0,0.0,0
1622231,0001640334-20-000800,10-Q,2020-02-29,4418,0,0.0,0
1622231,0001640334-20-000206,10-Q,2019-11-30,3865,0,0.0,0
1622231,0001640334-20-000176,10-K,2019-08-31,11931,0,0.0,0
1622231,0001640334-19-001970,10-Q,2019-05-31,4694,0,0.0,0
1622231,0001640334-19-001824,10-Q,2019-02-28,4597,0,0.0,0
1622231,0001640334-19-001522,10-Q,2018-11-30,3557,0,0.0,0
1622231,0001640334-19-001081,10-K,2018-08-31,11782,0,0.0,0
1622231,0001640334-19-001079,10-Q,2018-05-31,3694,0,0.0,0
1622231,0001640334-19-001066,10-Q,2018-02-28,3727,0,0.0,0
1622822,0001213900-18-011032,10-Q,2018-06-30,20492,4,1.952,0
1622822,0001213900-18-006150,10-Q,2018-03-31,13678,3,2.193,0
1625278,0001625278-26-000014,10-K,2025-12-31,53011,22,4.15,1
1625278,0001625278-25-000130,10-Q,2025-09-30,14205,0,0.0,0
1625278,0001625278-25-000114,10-Q,2025-06-30,13702,0,0.0,0
1625278,0001625278-25-000069,10-Q,2025-03-31,10752,0,0.0,0
1625278,0001625278-25-000019,10-K,2024-12-31,58877,11,1.868,0
1625278,0001625278-24-000162,10-Q,2024-09-30,15330,0,0.0,0
1625278,0001625278-24-000141,10-Q,2024-06-30,13550,0,0.0,0
1625278,0001625278-24-000101,10-Q,2024-03-31,11302,0,0.0,0
1625278,0001625278-24-000030,10-K,2023-12-31,60230,11,1.826,0
1625278,0001625278-23-000118,10-Q,2023-09-30,14852,0,0.0,0
1625278,0001625278-23-000094,10-Q,2023-06-30,12941,0,0.0,0
1625278,0001625278-23-000058,10-Q,2023-03-31,10945,0,0.0,0
1625278,0001625278-23-000021,10-K,2022-12-31,58828,11,1.87,0
1625278,0001625278-22-000171,10-Q,2022-09-30,15253,0,0.0,0
1625278,0001625278-22-000119,10-Q,2022-06-30,13118,0,0.0,0
1625278,0001625278-22-000054,10-Q,2022-03-31,10233,0,0.0,0
1625278,0001625278-22-000029,10-K,2021-12-31,62233,11,1.768,0
1625376,0001477932-19-007320,10-Q,2019-07-31,6397,0,0.0,0
1625376,0001477932-19-006064,10-Q,2019-04-30,6459,0,0.0,0
1625376,0001625376-19-000019,10-Q/A,2019-01-31,4526,0,0.0,0
1625376,0001625376-19-000017,10-K/A,2018-10-31,10946,0,0.0,0
1625376,0001625376-19-000013,10-Q/A,2019-01-31,4497,0,0.0,0
1625376,0001625376-19-000010,10-Q,2019-01-31,4416,0,0.0,0
1625376,0001625376-19-000004,10-K,2018-10-31,10750,0,0.0,0
1625376,0001625376-18-000011,10-Q,2018-07-31,4105,0,0.0,0
1625376,0001625376-18-000007,10-Q,2018-04-30,4022,0,0.0,0
1625376,0001625376-18-000005,10-Q,2018-01-31,3957,0,0.0,0
1627475,0001627475-26-000012,10-K,2025-12-31,64247,59,9.183,0
1627475,0001627475-25-000058,10-Q,2025-09-30,40490,36,8.891,1
1627475,0001627475-25-000046,10-Q,2025-06-30,38625,30,7.767,1
1627475,0001627475-25-000033,10-Q,2025-03-31,35940,30,8.347,1
1627475,0001627475-25-000011,10-K,2024-12-31,63617,71,11.161,1
1627475,0001627475-24-000043,10-Q,2024-09-30,40984,35,8.54,1
1627475,0001627475-24-000034,10-Q,2024-06-30,41474,35,8.439,1
1627475,0001627475-24-000022,10-Q,2024-03-31,39356,32,8.131,1
1627475,0001627475-24-000012,10-K,2023-12-31,67664,46,6.798,1
1627475,0001627475-23-000057,10-Q,2023-09-30,47152,37,7.847,1
1627475,0001627475-23-000050,10-Q,2023-06-30,47515,37,7.787,1
1627475,0001627475-23-000033,10-Q,2023-03-31,45111,26,5.764,1
1627475,0001627475-23-000010,10-K,2022-12-31,72375,17,2.349,1
1627475,0001627475-22-000043,10-Q,2022-09-30,53294,6,1.126,0
1627475,0001627475-22-000033,10-Q,2022-06-30,52670,5,0.949,0
1627475,0001627475-22-000015,10-Q,2022-03-31,51396,4,0.778,0
1627475,0001627475-22-000009,10-K,2021-12-31,76702,11,1.434,0
1627475,0001627475-21-000040,10-Q,2021-09-30,54880,4,0.729,0
1627475,0001627475-21-000032,10-Q,2021-06-30,51054,4,0.783,0
1627475,0001627475-21-000022,10-Q,2021-03-31,51647,4,0.774,0
1627475,0001627475-21-000015,10-K,2020-12-31,83216,11,1.322,0
1627475,0001627475-20-000044,10-Q,2020-09-30,53678,3,0.559,0
1627475,0001627475-20-000031,10-Q,2020-06-30,52623,4,0.76,0
1627475,0001627475-20-000018,10-Q,2020-03-31,48836,4,0.819,0
1627475,0001627475-20-000006,10-K,2019-12-31,79026,12,1.518,0
1627475,0001628280-19-013517,10-Q,2019-09-30,51429,4,0.778,0
1627475,0001627475-19-000025,10-Q,2019-06-30,48430,4,0.826,0
1627475,0001627475-19-000015,10-Q,2019-03-31,45911,4,0.871,0
1627475,0001627475-19-000007,10-K,2018-12-31,71507,12,1.678,0
1627475,0001564590-18-028629,10-Q,2018-09-30,45540,3,0.659,0
1627611,0001493152-22-008422,10-K,2021-12-31,50182,8,1.594,0
1627611,0001493152-21-029361,10-Q,2021-09-30,25454,0,0.0,0
1627611,0001493152-21-019769,10-Q,2021-06-30,24708,0,0.0,0
1627611,0001493152-21-015520,10-Q,2021-03-31,22515,0,0.0,0
1627611,0001493152-21-015518,10-K,2020-12-31,49369,0,0.0,0
1627611,0001493152-21-015517,10-Q,2020-09-30,25152,0,0.0,0
1627611,0001493152-21-015516,10-Q,2020-06-30,25088,0,0.0,0
1627611,0001493152-21-015515,10-Q,2020-03-31,23589,0,0.0,0
1627611,0001493152-20-011425,10-K,2019-12-31,50777,0,0.0,0
1627611,0001493152-19-017906,10-Q,2019-09-30,22562,0,0.0,0
1627611,0001493152-19-013037,10-Q,2019-06-30,21148,0,0.0,0
1627611,0001493152-19-007940,10-Q,2019-03-31,17479,0,0.0,0
1627611,0001493152-19-005320,10-K,2018-12-31,53609,0,0.0,0
1627611,0001493152-18-018142,10-Q/A,2018-06-30,22743,0,0.0,0
1627611,0001493152-18-016524,10-Q,2018-09-30,21811,0,0.0,0
1627611,0001493152-18-012346,10-Q,2018-06-30,19255,0,0.0,0
1627611,0001493152-18-006783,10-Q,2018-03-31,12913,0,0.0,0
1628104,0001654954-19-011065,10-Q,2019-06-30,19527,0,0.0,0
1628104,0001140361-19-010155,10-Q,2019-03-31,18226,0,0.0,0
1628104,0001140361-19-003446,10-Q,2018-12-31,16653,0,0.0,0
1628104,0001140361-19-001959,10-K,2018-09-30,36547,1,0.274,0
1628104,0001140361-18-037031,10-Q,2018-06-30,13216,0,0.0,0
1628104,0001140361-18-021761,10-Q,2018-03-31,12471,0,0.0,0
1630212,0001213900-26-036474,10-K,2025-12-31,64305,109,16.95,1
1630212,0001213900-25-111067,10-Q,2025-09-30,36709,1,0.272,0
1630212,0001213900-25-076784,10-Q,2025-06-30,34448,1,0.29,0
1630212,0001213900-25-042738,10-Q,2025-03-31,29791,1,0.336,0
1630212,0001213900-25-026308,10-K,2024-12-31,89914,2,0.222,0
1630212,0001213900-24-096205,10-Q,2024-09-30,30143,1,0.332,0
1630212,0001213900-24-070762,10-Q,2024-06-30,32593,1,0.307,0
1630212,0001213900-24-048093,10-Q,2024-03-31,28264,1,0.354,0
1630212,0001213900-24-033023,10-K,2023-12-31,84409,2,0.237,0
1630212,0001213900-23-087005,10-Q,2023-09-30,31881,1,0.314,0
1630212,0001213900-23-067151,10-Q,2023-06-30,29176,1,0.343,0
1630212,0001213900-23-041984,10-Q,2023-03-31,20121,0,0.0,0
1630212,0001213900-23-024687,10-K,2022-12-31,80528,0,0.0,0
1630212,0001213900-22-072300,10-Q,2022-09-30,32344,0,0.0,0
1630212,0001213900-22-045075,10-Q,2022-06-30,29954,0,0.0,0
1630212,0001213900-22-025619,10-Q,2022-03-31,25471,0,0.0,0
1630212,0001213900-22-016231,10-K,2021-12-31,75232,0,0.0,0
1630212,0001213900-21-059406,10-Q,2021-09-30,31980,0,0.0,0
1630212,0001213900-21-043113,10-Q,2021-06-30,30459,0,0.0,0
1630212,0001213900-21-026450,10-Q,2021-03-31,22487,0,0.0,0
1630212,0001213900-21-018744,10-K,2020-12-31,69575,0,0.0,0
1630212,0001213900-20-035963,10-Q,2020-09-30,25984,0,0.0,0
1630212,0001213900-20-020912,10-Q,2020-06-30,25191,0,0.0,0
1630212,0001213900-20-012325,10-Q,2020-03-31,22505,0,0.0,0
1630212,0001213900-20-008655,10-K,2019-12-31,71730,0,0.0,0
1630212,0001213900-19-023552,10-Q/A,2019-09-30,30847,0,0.0,0
1630212,0001213900-19-023433,10-Q,2019-09-30,30826,0,0.0,0
1630212,0001213900-19-015968,10-Q,2019-06-30,28402,0,0.0,0
1630212,0001213900-19-008592,10-Q,2019-03-31,26037,0,0.0,0
1630212,0001213900-19-004862,10-K,2018-12-31,67802,0,0.0,0
1630212,0001615774-18-012584,10-Q/A,2018-09-30,28275,0,0.0,0
1630212,0001615774-18-012490,10-Q,2018-09-30,28127,0,0.0,0
1630212,0001615774-18-008088,10-Q,2018-06-30,29083,0,0.0,0
1630212,0001615774-18-003636,10-Q,2018-03-31,24083,0,0.0,0
1633369,0001213900-26-038786,10-Q/A,2025-12-31,40579,0,0.0,0
1633369,0001213900-26-036447,10-Q,2025-12-31,39221,0,0.0,0
1635327,0001635327-26-000005,10-K,2025-12-31,101501,39,3.842,0
1635327,0001635327-25-000030,10-Q,2025-09-30,39878,0,0.0,0
1635327,0001628280-25-038893,10-Q,2025-06-30,38475,0,0.0,0
1635327,0001628280-25-023168,10-Q,2025-03-31,23898,0,0.0,0
1635327,0001628280-25-009852,10-K,2024-12-31,116043,35,3.016,1
1635327,0001628280-24-047147,10-Q,2024-09-30,34259,0,0.0,0
1635327,0001193125-24-199779,10-Q,2024-06-30,31047,0,0.0,0
1635327,0001193125-24-137671,10-Q,2024-03-31,22636,0,0.0,0
1635327,0001193125-24-076966,10-K,2023-12-31,127788,21,1.643,1
1635748,0001079973-21-000981,10-K/A,2020-12-31,40060,0,0.0,0
1635748,0001079973-21-000972,10-K,2020-12-31,39944,0,0.0,0
1635748,0001079973-20-001035,10-Q,2020-09-30,18813,0,0.0,0
1635748,0001079973-20-000729,10-Q,2020-06-30,17230,0,0.0,0
1635748,0001079973-20-000407,10-Q,2020-03-31,17949,0,0.0,0
1635748,0001079974-20-000144,10-K,2019-12-31,36905,0,0.0,0
1635748,0001079974-20-000058,10-Q/A,2019-09-30,18987,0,0.0,0
1635748,0001079974-20-000048,10-Q,2019-09-30,18984,0,0.0,0
1635748,0001079974-20-000047,10-Q,2019-06-30,19157,0,0.0,0
1635748,0001079974-20-000046,10-Q,2019-03-31,18166,0,0.0,0
1635748,0001079974-19-000610,10-K,2018-12-31,34425,0,0.0,0
1635748,0001079974-19-000605,10-Q,2018-09-30,18895,0,0.0,0
1635748,0001079974-19-000599,10-Q,2018-06-30,19058,0,0.0,0
1635748,0001079974-19-000596,10-Q/A,2018-03-31,17834,0,0.0,0
1635748,0001079974-19-000578,10-Q,2018-03-31,17342,0,0.0,0
1635965,0001635965-19-000037,10-Q,2019-09-30,9915,0,0.0,0
1635965,0001635965-19-000030,10-Q,2019-06-30,10634,0,0.0,0
1635965,0001635965-19-000019,10-Q,2019-03-31,8738,0,0.0,0
1635965,0001635965-19-000011,10-K,2018-12-31,31003,0,0.0,0
1635965,0001635965-18-000042,10-Q,2018-09-30,13058,0,0.0,0
1635965,0001635965-18-000038,10-Q,2018-06-30,12198,0,0.0,0
1635965,0001635965-18-000036,10-Q,2018-03-31,11843,0,0.0,0
1636422,0001636422-26-000055,10-K/A,2025-12-31,28413,0,0.0,0
1636422,0001636422-26-000035,10-K,2025-12-31,89844,87,9.683,1
1636422,0001636422-25-000146,10-Q,2025-09-30,66002,63,9.545,1
1636422,0001636422-25-000111,10-Q,2025-06-30,65505,63,9.618,1
1636422,0001636422-25-000069,10-Q,2025-03-31,61674,63,10.215,1
1636422,0001636422-25-000051,10-K/A,2024-12-31,25299,1,0.395,0
1636422,0001636422-25-000028,10-K,2024-12-31,89518,77,8.602,1
1636422,0001636422-24-000152,10-Q,2024-09-30,63677,4,0.628,0
1636422,0001636422-24-000120,10-Q,2024-06-30,62455,4,0.64,0
1636422,0001636422-24-000075,10-Q,2024-03-31,55582,4,0.72,0
1636422,0001636422-24-000050,10-K/A,2023-12-31,1823,0,0.0,0
1636422,0001636422-24-000016,10-K,2023-12-31,82341,17,2.065,0
1636422,0001636422-23-000133,10-Q,2023-09-30,59182,4,0.676,0
1636422,0001636422-23-000096,10-Q,2023-06-30,58129,4,0.688,0
1636422,0001636422-23-000058,10-Q,2023-03-31,54473,3,0.551,0
1636422,0001636422-23-000033,10-K,2022-12-31,81110,17,2.096,0
1636422,0001636422-22-000051,10-Q,2022-09-30,58349,3,0.514,0
1636422,0001636422-22-000041,10-Q,2022-06-30,55711,3,0.538,0
1636422,0001636422-22-000024,10-Q,2022-03-31,51570,3,0.582,0
1636422,0001636422-22-000011,10-K,2021-12-31,78600,13,1.654,0
1636422,0001636422-21-000077,10-Q,2021-09-30,56825,3,0.528,0
1636422,0001636422-21-000068,10-Q,2021-06-30,54926,3,0.546,0
1636422,0001636422-21-000046,10-Q,2021-03-31,51240,3,0.585,0
1636422,0001636422-21-000026,10-K,2020-12-31,79276,10,1.261,0
1636422,0001636422-20-000084,10-Q,2020-09-30,60272,3,0.498,0
1636422,0001636422-20-000069,10-Q,2020-06-30,58166,3,0.516,0
1636422,0001636422-20-000049,10-Q,2020-03-31,52293,3,0.574,0
1636422,0001636422-20-000016,10-K,2019-12-31,70424,9,1.278,0
1636422,0001636422-19-000027,10-Q,2019-09-30,53508,3,0.561,0
1636422,0001636422-19-000013,10-Q,2019-06-30,54070,3,0.555,0
1639225,0001639225-20-000019,10-Q,2020-06-30,69682,8,1.148,0
1639225,0001628280-20-007020,10-Q,2020-03-31,58847,8,1.359,0
1639225,0001628280-20-003960,10-K,2019-12-31,86736,43,4.958,0
1639225,0001628280-19-013723,10-Q,2019-09-30,60628,8,1.32,0
1639225,0001628280-19-011446,10-Q,2019-06-30,59223,8,1.351,0
1640428,0001193125-26-066957,10-K,2025-12-31,44275,27,6.098,0
1640428,0001193125-25-264817,10-Q,2025-09-30,21322,1,0.469,0
1640428,0000950170-25-102291,10-Q,2025-06-30,19654,1,0.509,0
1640428,0000950170-25-065862,10-Q,2025-03-31,16835,1,0.594,0
1640428,0000950170-25-026724,10-K,2024-12-31,45829,22,4.8,0
1640428,0000950170-24-121035,10-Q,2024-09-30,18853,1,0.53,0
1640428,0000950170-24-091761,10-Q,2024-06-30,18583,1,0.538,0
1640428,0000950170-24-053832,10-Q,2024-03-31,16240,1,0.616,0
1640428,0000950170-24-021082,10-K,2023-12-31,47069,22,4.674,0
1640428,0000950170-23-060247,10-Q,2023-09-30,23455,0,0.0,0
1640428,0000950170-23-039939,10-Q,2023-06-30,20784,0,0.0,0
1640428,0000950170-23-019073,10-Q,2023-03-31,16529,0,0.0,0
1640428,0000950170-23-004649,10-K,2022-12-31,57452,3,0.522,0
1640428,0000950170-22-021827,10-Q,2022-09-30,44064,0,0.0,0
1640428,0001193125-22-212493,10-Q,2022-06-30,43683,0,0.0,0
1640428,0001193125-22-143654,10-Q,2022-03-31,40634,0,0.0,0
1640428,0001193125-22-054390,10-K,2021-12-31,59247,3,0.506,0
1640428,0001193125-21-323096,10-Q,2021-09-30,41745,0,0.0,0
1640428,0001193125-21-240637,10-Q,2021-06-30,37666,0,0.0,0
1640428,0001193125-21-240625,10-Q/A,2021-03-31,22093,0,0.0,0
1640428,0001193125-21-240620,10-K/A,2020-12-31,38473,0,0.0,0
1640428,0001193125-21-153287,10-Q,2021-03-31,34656,0,0.0,0
1640428,0001193125-21-063397,10-K,2020-12-31,49738,3,0.603,0
1640428,0001193125-20-288081,10-Q,2020-09-30,41556,0,0.0,0
1640428,0001193125-20-213200,10-Q,2020-06-30,39373,0,0.0,0
1640428,0001193125-20-136547,10-Q,2020-03-31,36400,0,0.0,0
1640428,0001193125-20-072378,10-K,2019-12-31,53073,2,0.377,0
1640428,0001193125-19-287395,10-Q,2019-09-30,37173,0,0.0,0
1640428,0001193125-19-216812,10-Q,2019-06-30,36484,0,0.0,0
1640428,0001193125-19-144341,10-Q,2019-03-31,34900,0,0.0,0
1640428,0001193125-19-094588,10-K,2018-12-31,54625,2,0.366,0
1640428,0001193125-18-326822,10-Q,2018-09-30,35742,0,0.0,0
1640428,0001193125-18-246112,10-Q,2018-06-30,35792,0,0.0,0
1642896,0001628280-25-056069,10-Q,2025-11-01,21174,0,0.0,0
1642896,0001642896-25-000074,10-Q,2025-08-02,19970,0,0.0,0
1642896,0001642896-25-000058,10-Q,2025-05-03,20330,0,0.0,0
1642896,0001642896-25-000022,10-K,2025-02-01,78884,63,7.986,1
1642896,0001642896-24-000076,10-Q,2024-11-02,20879,0,0.0,0
1642896,0001642896-24-000064,10-Q,2024-08-03,19639,0,0.0,0
1642896,0001642896-24-000047,10-Q,2024-05-04,17550,0,0.0,0
1642896,0001642896-24-000016,10-K,2024-02-03,78065,61,7.814,1
1642896,0001642896-23-000087,10-Q,2023-10-28,20879,0,0.0,0
1642896,0001642896-23-000075,10-Q,2023-07-29,54003,26,4.815,1
1642896,0001642896-23-000060,10-Q,2023-04-29,51621,21,4.068,1
1642896,0001642896-23-000016,10-K,2023-01-28,73989,45,6.082,0
1642896,0001642896-22-000062,10-Q,2022-10-29,56585,13,2.297,0
1642896,0001642896-22-000054,10-Q,2022-07-30,54327,13,2.393,0
1642896,0001642896-22-000040,10-Q,2022-04-30,52323,13,2.485,0
1642896,0001642896-22-000016,10-K,2022-01-29,76017,45,5.92,0
1643542,0001493152-23-007382,10-Q/A,2022-09-30,5552,0,0.0,0
1643542,0001493152-22-033128,10-Q,2022-09-30,5290,0,0.0,0
1643542,0001493152-22-013320,10-Q,2022-03-31,5288,0,0.0,0
1643542,0001493152-22-002513,10-K,2021-12-31,16004,0,0.0,0
1643542,0001493152-21-027963,10-Q,2021-09-30,5759,0,0.0,0
1643542,0001493152-21-019987,10-Q,2021-06-30,5741,0,0.0,0
1643542,0001493152-21-012525,10-Q,2021-03-31,5478,0,0.0,0
1643542,0001493152-21-007693,10-K/A,2020-12-31,1062,0,0.0,0
1643542,0001493152-21-007552,10-K,2020-12-31,16602,0,0.0,0
1643542,0001493152-20-005138,10-Q,2018-09-30,6416,0,0.0,0
1643542,0001493152-20-005133,10-Q,2018-06-30,6352,0,0.0,0
1643542,0001493152-20-005132,10-Q,2018-03-31,6085,0,0.0,0
1645070,0001645070-24-000140,10-Q,2024-06-30,32904,2,0.608,0
1645070,0001645070-24-000075,10-Q,2024-03-31,28358,2,0.705,0
1645070,0001645070-24-000029,10-K,2023-12-31,93795,33,3.518,0
1645070,0001645070-23-000113,10-Q,2023-09-30,30502,3,0.984,0
1645070,0001645070-23-000078,10-Q,2023-06-30,30694,3,0.977,0
1645070,0001645070-23-000029,10-Q,2023-03-31,25459,2,0.786,0
1645070,0001645070-23-000013,10-K,2022-12-31,91622,38,4.147,0
1645070,0001645070-22-000054,10-Q,2022-09-30,31563,2,0.634,0
1645070,0001645070-22-000046,10-Q,2022-06-30,29816,2,0.671,0
1645070,0001645070-22-000031,10-Q,2022-03-31,26086,2,0.767,0
1645070,0001645070-22-000016,10-K,2021-12-31,89119,30,3.366,0
1645070,0001193125-21-325957,10-Q,2021-09-30,35015,2,0.571,0
1650164,0001650164-26-000057,10-K,2025-12-31,67555,44,6.513,1
1650164,0001650164-25-000341,10-Q,2025-09-30,14806,0,0.0,0
1650164,0001650164-25-000290,10-Q,2025-06-30,13846,0,0.0,0
1650164,0001650164-25-000177,10-Q,2025-03-31,13752,0,0.0,0
1650164,0001650164-25-000072,10-K,2024-12-31,67904,31,4.565,1
1650164,0001650164-24-000383,10-Q,2024-09-30,13832,0,0.0,0
1650164,0001650164-24-000283,10-Q,2024-06-30,13339,0,0.0,0
1650164,0001650164-24-000177,10-Q,2024-03-31,11818,0,0.0,0
1650164,0001650164-24-000084,10-K,2023-12-31,69645,14,2.01,1
1650164,0001650164-23-000369,10-Q,2023-09-30,49372,15,3.038,0
1650164,0001650164-23-000305,10-Q,2023-06-30,49668,15,3.02,0
1650164,0001650164-23-000168,10-Q,2023-03-31,48835,0,0.0,0
1650164,0001650164-23-000069,10-K,2022-12-31,76414,0,0.0,0
1650164,0001650164-22-000142,10-Q,2022-09-30,53183,0,0.0,0
1650164,0001650164-22-000092,10-Q,2022-06-30,51891,0,0.0,0
1650164,0001650164-22-000031,10-Q,2022-03-31,49713,0,0.0,0
1650164,0001650164-22-000009,10-K,2021-12-31,84883,0,0.0,0
1650164,0001650164-21-000018,10-Q,2021-09-30,65856,0,0.0,0
1650575,0001213900-18-016230,10-Q,2018-09-30,43915,1,0.228,0
1650575,0001213900-18-011077,10-Q,2018-06-30,42076,1,0.238,0
1650575,0001213900-18-006375,10-Q,2018-03-31,39369,1,0.254,0
1652044,0001652044-26-000018,10-K,2025-12-31,54978,116,21.099,1
1652044,0001652044-25-000091,10-Q,2025-09-30,26722,9,3.368,0
1652044,0001652044-25-000062,10-Q,2025-06-30,26585,9,3.385,0
1652044,0001652044-25-000043,10-Q,2025-03-31,22576,8,3.544,0
1652044,0001652044-25-000014,10-K,2024-12-31,55649,118,21.204,1
1652044,0001652044-24-000118,10-Q,2024-09-30,26222,15,5.72,1
1652044,0001652044-24-000079,10-Q,2024-06-30,25159,11,4.372,0
1652044,0001652044-24-000053,10-Q,2024-03-31,22115,8,3.617,0
1652044,0001652044-24-000022,10-K,2023-12-31,54159,118,21.788,1
1652044,0001652044-23-000094,10-Q,2023-09-30,25897,4,1.545,0
1652044,0001652044-23-000070,10-Q,2023-06-30,25618,4,1.561,0
1652044,0001652044-23-000045,10-Q,2023-03-31,21585,1,0.463,0
1652044,0001652044-23-000016,10-K,2022-12-31,51042,27,5.29,0
1652044,0001652044-22-000090,10-Q,2022-09-30,25344,1,0.395,0
1652044,0001652044-22-000071,10-Q,2022-06-30,24023,1,0.416,0
1652044,0001652044-22-000029,10-Q,2022-03-31,20874,1,0.479,0
1652044,0001652044-22-000019,10-K,2021-12-31,52868,12,2.27,0
1652044,0001652044-21-000057,10-Q,2021-09-30,25921,1,0.386,0
1652044,0001652044-21-000047,10-Q,2021-06-30,25865,1,0.387,0
1652044,0001652044-21-000020,10-Q,2021-03-31,21934,1,0.456,0
1652044,0001652044-21-000010,10-K,2020-12-31,55412,16,2.887,0
1652044,0001652044-20-000050,10-Q,2020-09-30,40146,3,0.747,0
1652044,0001652044-20-000032,10-Q,2020-06-30,39621,3,0.757,0
1652044,0001652044-20-000021,10-Q,2020-03-31,36145,3,0.83,0
1652044,0001652044-20-000008,10-K,2019-12-31,52216,17,3.256,0
1652044,0001652044-19-000032,10-Q,2019-09-30,24964,1,0.401,0
1652044,0001652044-19-000023,10-Q,2019-06-30,24699,1,0.405,0
1652044,0001652044-19-000015,10-Q,2019-03-31,21403,1,0.467,0
1652044,0001193125-19-028757,10-K/A,2018-12-31,2190,0,0.0,0
1652044,0001652044-19-000004,10-K,2018-12-31,50927,14,2.749,0
1652044,0001652044-18-000035,10-Q,2018-09-30,23869,0,0.0,0
1652044,0001652044-18-000027,10-Q,2018-06-30,23762,0,0.0,0
1652044,0001652044-18-000016,10-Q,2018-03-31,20997,0,0.0,0
1653909,0001628280-26-022192,10-K,2025-12-31,80587,0,0.0,0
1653909,0001628280-25-050327,10-Q,2025-09-30,55708,0,0.0,0
1653909,0001653909-25-000051,10-Q,2025-06-30,54788,0,0.0,0
1653909,0001653909-25-000026,10-Q,2025-03-31,52873,0,0.0,0
1653909,0001628280-25-012130,10-K,2024-12-31,67294,0,0.0,0
1653909,0001628280-24-045882,10-Q,2024-09-30,56492,0,0.0,0
1653909,0001628280-24-035760,10-Q,2024-06-30,55861,0,0.0,0
1653909,0001628280-24-021813,10-Q,2024-03-31,53492,0,0.0,0
1653909,0001653909-24-000015,10-K,2023-12-31,70058,0,0.0,0
1653909,0001653909-23-000102,10-Q,2023-09-30,58076,0,0.0,0
1653909,0001653909-23-000087,10-Q,2023-06-30,56284,0,0.0,0
1653909,0001653909-23-000064,10-Q,2023-03-31,52760,0,0.0,0
1653909,0001653909-23-000030,10-K,2022-12-31,80662,0,0.0,0
1653909,0001653909-22-000085,10-Q,2022-09-30,60248,0,0.0,0
1653909,0001653909-22-000065,10-Q,2022-06-30,58356,0,0.0,0
1653909,0001653909-22-000039,10-Q,2022-03-31,53435,0,0.0,0
1653909,0001653909-22-000016,10-K,2021-12-31,83476,0,0.0,0
1653909,0001653909-21-000014,10-Q,2021-09-30,55963,0,0.0,0
1653979,0001520138-20-000204,10-K,2019-12-31,7667,0,0.0,0
1653979,0001520138-19-000465,10-Q,2019-09-30,4950,0,0.0,0
1653979,0001520138-19-000274,10-Q,2019-06-30,4398,0,0.0,0
1653979,0001520138-19-000176,10-Q,2019-03-31,4331,0,0.0,0
1653979,0001520138-19-000071,10-K,2018-12-31,7935,0,0.0,0
1653979,0001520138-18-000321,10-Q,2018-09-30,4108,0,0.0,0
1653979,0001520138-18-000167,10-Q,2018-06-30,4170,0,0.0,0
1653979,0001520138-18-000093,10-Q,2018-03-31,4059,0,0.0,0
1657249,0001599916-22-000218,10-Q,2022-06-30,3885,0,0.0,0
1657249,0001599916-22-000122,10-Q,2022-03-31,3720,0,0.0,0
1657249,0001599916-22-000046,10-Q,2021-12-31,3297,0,0.0,0
1657249,0001599916-22-000013,10-K,2021-09-30,16687,0,0.0,0
1657249,0001599916-21-000169,10-Q,2021-06-30,3839,0,0.0,0
1657249,0001599916-21-000085,10-Q,2021-03-31,3381,0,0.0,0
1657249,0001599916-21-000020,10-Q,2020-12-31,3200,0,0.0,0
1657249,0001599916-20-000158,10-K,2020-09-30,17555,0,0.0,0
1657249,0001599916-20-000097,10-Q,2020-06-30,3831,0,0.0,0
1657249,0001599916-20-000059,10-Q,2020-03-31,3768,0,0.0,0
1657249,0001599916-20-000024,10-Q,2019-12-31,3579,0,0.0,0
1657249,0001599916-19-000172,10-K,2019-09-30,17540,0,0.0,0
1657249,0001599916-19-000135,10-Q,2019-06-30,3762,0,0.0,0
1657249,0001599916-19-000079,10-Q,2019-03-31,3691,0,0.0,0
1657249,0001599916-19-000024,10-Q,2018-12-31,3271,0,0.0,0
1657249,0001599916-18-000224,10-K,2018-09-30,18205,0,0.0,0
1657249,0001599916-18-000152,10-Q,2018-06-30,3385,0,0.0,0
1657249,0001599916-18-000098,10-Q,2018-03-31,3350,0,0.0,0
1657803,0001493152-20-004857,10-K,2019-12-31,9692,0,0.0,0
1657803,0001493152-19-017241,10-Q,2019-09-30,3797,0,0.0,0
1657803,0001493152-19-016244,10-Q/A,2019-06-30,4409,0,0.0,0
1657803,0001493152-19-016242,10-Q/A,2018-06-30,4926,0,0.0,0
1657803,0001493152-19-012027,10-Q,2019-06-30,4245,0,0.0,0
1657803,0001493152-19-006409,10-Q,2019-03-31,4232,0,0.0,0
1657803,0001493152-19-004166,10-K,2018-12-31,9625,0,0.0,0
1657803,0001493152-18-015921,10-Q,2018-09-30,4728,0,0.0,0
1657803,0001493152-18-011582,10-Q,2018-06-30,4765,0,0.0,0
1657803,0001493152-18-006702,10-Q,2018-03-31,4235,0,0.0,0
1658520,0001477932-23-004490,10-Q,2023-03-31,4342,0,0.0,0
1658520,0001477932-23-003328,10-Q,2022-12-31,4224,0,0.0,0
1658520,0001477932-23-001216,10-Q,2022-09-30,3895,0,0.0,0
1658520,0001477932-22-008704,10-K,2022-06-30,9387,0,0.0,0
1658520,0001477932-22-004456,10-Q,2022-03-31,4624,0,0.0,0
1658520,0001477932-22-003755,10-Q,2021-12-31,4129,0,0.0,0
1658520,0001477932-22-003754,10-Q,2021-09-30,3782,0,0.0,0
1658520,0001477932-21-008973,10-K,2021-06-30,8523,0,0.0,0
1658520,0001477932-21-004773,10-Q,2021-03-31,3927,0,0.0,0
1658520,0001477932-21-001167,10-Q,2020-12-31,3879,0,0.0,0
1658520,0001477932-20-006898,10-Q,2020-09-30,3594,0,0.0,0
1658520,0001477932-20-005404,10-K,2020-06-30,8598,0,0.0,0
1658520,0001477932-20-005274,10-Q,2020-03-31,3926,0,0.0,0
1658520,0001477932-20-005273,10-Q,2019-12-31,3850,0,0.0,0
1658520,0001477932-20-005272,10-Q,2019-09-30,3589,0,0.0,0
1658520,0001477932-20-004495,10-K,2019-06-30,8702,0,0.0,0
1658520,0001477932-20-004494,10-Q,2019-03-31,3905,0,0.0,0
1658520,0001477932-20-004493,10-Q,2018-12-31,3924,0,0.0,0
1658520,0001477932-20-004492,10-Q,2018-09-30,3695,0,0.0,0
1658520,0001477932-20-003376,10-K,2018-06-30,8743,0,0.0,0
1658520,0001477932-20-003374,10-Q,2018-03-31,4005,0,0.0,0
1659183,0001477932-22-003337,10-Q,2022-03-31,13135,0,0.0,0
1659183,0001477932-22-002301,10-K,2021-12-31,27115,2,0.738,0
1659183,0001477932-21-008369,10-Q,2021-09-30,13951,0,0.0,0
1659183,0001477932-21-005605,10-Q,2021-06-30,12673,0,0.0,0
1659183,0001477932-21-003161,10-Q,2021-03-31,11132,0,0.0,0
1659183,0001477932-21-001792,10-K,2020-12-31,24452,2,0.818,0
1659183,0001477932-20-006521,10-Q,2020-09-30,12044,0,0.0,0
1659183,0001477932-20-004790,10-Q,2020-06-30,10341,0,0.0,0
1659183,0001477932-20-002561,10-Q,2020-03-31,9632,0,0.0,0
1659183,0001477932-20-001509,10-K,2019-12-31,24054,2,0.831,0
1659183,0001477932-19-006336,10-Q,2019-09-30,10530,0,0.0,0
1659183,0001477932-19-004604,10-Q,2019-06-30,11007,0,0.0,0
1659183,0001079974-19-000266,10-Q,2019-03-31,10261,0,0.0,0
1659183,0001079974-19-000154,10-K,2018-12-31,24556,2,0.814,0
1659183,0001079974-18-000600,10-Q,2018-09-30,10793,0,0.0,0
1659183,0001079974-18-000452,10-Q,2018-06-30,10974,0,0.0,0
1659183,0001079974-18-000299,10-Q,2018-03-31,9742,0,0.0,0
1660839,0001640334-19-002229,10-Q,2019-09-30,6045,0,0.0,0
1660839,0001640334-19-001428,10-Q,2019-06-30,5924,0,0.0,0
1660839,0001640334-19-000826,10-Q,2019-03-31,5521,0,0.0,0
1660839,0001640334-19-000401,10-K,2018-12-31,11039,0,0.0,0
1660839,0001640334-18-002171,10-Q,2018-09-30,5757,0,0.0,0
1660839,0001640334-18-001624,10-Q,2018-06-30,5662,0,0.0,0
1660839,0001640334-18-000991,10-Q,2018-03-31,5060,0,0.0,0
1662574,0001683168-24-003704,10-Q,2024-03-31,19412,0,0.0,0
1662574,0001683168-24-002468,10-K,2023-12-31,59325,0,0.0,0
1662574,0001683168-23-008354,10-Q,2023-09-30,21327,0,0.0,0
1662574,0001683168-23-005901,10-Q,2023-06-30,20709,0,0.0,0
1662574,0001683168-23-003502,10-Q,2023-03-31,19014,0,0.0,0
1662574,0001683168-23-002483,10-K,2022-12-31,66252,0,0.0,0
1662574,0001683168-22-007355,10-Q,2022-09-30,24785,0,0.0,0
1662574,0001683168-22-005837,10-Q,2022-06-30,23155,0,0.0,0
1662574,0001683168-22-003677,10-Q,2022-03-31,17621,0,0.0,0
1662574,0001683168-22-002738,10-K,2021-12-31,66193,0,0.0,0
1662574,0001683168-21-005890,10-Q,2021-09-30,26552,0,0.0,0
1662574,0001683168-21-003856,10-Q,2021-06-30,23878,0,0.0,0
1662574,0001683168-21-002065,10-Q,2021-03-31,17896,0,0.0,0
1662574,0001683168-21-001364,10-K,2020-12-31,55950,0,0.0,0
1662574,0001683168-20-004064,10-Q,2020-09-30,16539,0,0.0,0
1662574,0001683168-20-002991,10-Q,2020-06-30,17432,0,0.0,0
1662574,0001683168-20-002551,10-Q,2020-03-31,15335,0,0.0,0
1662574,0001683168-20-002140,10-K,2019-12-31,44065,0,0.0,0
1662574,0001683168-19-003750,10-Q,2019-09-30,17276,0,0.0,0
1662574,0001683168-19-002635,10-Q,2019-06-30,16718,0,0.0,0
1662574,0001683168-19-001645,10-Q,2019-03-31,15472,0,0.0,0
1662574,0001683168-19-001077,10-K,2018-12-31,43768,0,0.0,0
1662574,0001683168-18-003368,10-Q,2018-09-30,17056,0,0.0,0
1662574,0001683168-18-002312,10-Q,2018-06-30,16500,0,0.0,0
1662574,0001683168-18-001367,10-Q,2018-03-31,15583,0,0.0,0
1664998,0001664998-22-000118,10-Q,2022-09-30,45313,7,1.545,0
1664998,0001664998-22-000077,10-Q,2022-06-30,42530,7,1.646,0
1664998,0001664998-22-000051,10-Q,2022-03-31,39530,7,1.771,0
1664998,0001664998-22-000025,10-K,2021-12-31,55630,27,4.853,0
1664998,0001664998-21-000100,10-Q,2021-09-30,44866,5,1.114,0
1664998,0001664998-21-000063,10-Q,2021-06-30,44516,5,1.123,0
1664998,0001664998-21-000052,10-Q,2021-03-31,42203,5,1.185,0
1665300,0001193125-26-126850,10-K,2025-12-31,60955,79,12.96,1
1665300,0001193125-25-272407,10-Q,2025-09-30,15672,32,20.419,1
1665300,0000950170-25-105877,10-Q,2025-06-30,15076,31,20.562,1
1665300,0000950170-25-072874,10-Q,2025-03-31,14024,20,14.261,1
1665300,0000950170-25-047919,10-K,2024-12-31,68573,57,8.312,1
1665300,0000950170-25-005926,10-Q/A,2024-09-30,8571,33,38.502,1
1665300,0001493152-25-002441,10-K/A,2023-12-31,3191,0,0.0,0
1665300,0000950170-24-124197,10-Q,2024-09-30,17976,3,1.669,1
1665300,0001493152-24-031015,10-Q,2024-06-30,15882,0,0.0,0
1665300,0001628280-24-022743,10-Q,2024-03-31,14313,0,0.0,0
1665300,0001628280-24-011484,10-K,2023-12-31,70635,2,0.283,1
1665300,0001628280-23-038352,10-Q,2023-09-30,22455,0,0.0,0
1665300,0001628280-23-029388,10-Q,2023-06-30,20025,0,0.0,0
1665300,0001628280-23-017868,10-Q,2023-03-31,17019,0,0.0,0
1665300,0001628280-23-010188,10-K,2022-12-31,77754,1,0.129,1
1665300,0001628280-22-029530,10-Q,2022-09-30,20197,0,0.0,0
1665300,0001628280-22-022920,10-Q,2022-06-30,19947,0,0.0,0
1665300,0001628280-22-014526,10-Q,2022-03-31,16570,0,0.0,0
1665300,0001628280-22-008722,10-K,2021-12-31,77090,0,0.0,0
1665300,0001628280-21-023228,10-Q,2021-09-30,22222,0,0.0,0
1665300,0001628280-21-017003,10-Q,2021-06-30,19615,0,0.0,0
1665300,0001628280-21-010391,10-Q,2021-03-31,17306,0,0.0,0
1665300,0001628280-21-008472,10-K/A,2020-12-31,11532,0,0.0,0
1665300,0001628280-21-006256,10-K,2020-12-31,60448,0,0.0,0
1665300,0001628280-20-016344,10-Q,2020-09-30,25663,0,0.0,0
1665300,0001628280-20-012736,10-Q,2020-06-30,23034,0,0.0,0
1665300,0001628280-20-007915,10-Q,2020-03-31,19169,0,0.0,0
1665300,0001628280-20-005857,10-K/A,2019-12-31,12300,0,0.0,0
1665300,0001628280-20-004377,10-K,2019-12-31,69881,0,0.0,0
1665300,0001628280-19-014220,10-Q,2019-09-30,28012,0,0.0,0
1665300,0001628280-19-010693,10-Q,2019-06-30,26512,0,0.0,0
1665300,0001213900-19-008896,10-Q,2019-03-31,21654,0,0.0,0
1665300,0001213900-19-007463,10-K/A,2018-12-31,16819,0,0.0,0
1665300,0001213900-19-004502,10-K,2018-12-31,66096,0,0.0,0
1665300,0001213900-19-003625,10-K,2018-11-30,49660,0,0.0,0
1665300,0001213900-18-013919,10-Q,2018-08-31,13358,0,0.0,0
1665300,0001213900-18-009180,10-Q,2018-05-31,13174,0,0.0,0
1665300,0001213900-18-004361,10-Q,2018-02-28,12517,0,0.0,0
1666071,0001666071-26-000010,10-K,2025-12-31,69653,32,4.594,1
1666071,0001666071-25-000159,10-Q,2025-09-30,47734,12,2.514,1
1666071,0001666071-25-000126,10-Q,2025-06-30,47003,12,2.553,1
1666071,0001666071-25-000069,10-Q,2025-03-31,43788,12,2.74,1
1666071,0001666071-25-000034,10-K,2024-12-31,68411,12,1.754,1
1666071,0001666071-24-000167,10-Q,2024-09-30,47659,10,2.098,1
1666071,0001666071-24-000130,10-Q,2024-06-30,46986,10,2.128,1
1666071,0001666071-24-000094,10-Q,2024-03-31,44416,10,2.251,1
1666071,0001666071-24-000037,10-K,2023-12-31,70158,10,1.425,1
1666071,0001666071-23-000150,10-Q,2023-09-30,50549,0,0.0,0
1666071,0001666071-23-000105,10-Q,2023-06-30,49287,0,0.0,0
1666071,0001666071-23-000073,10-Q,2023-03-31,44644,0,0.0,0
1666071,0001666071-23-000032,10-K,2022-12-31,73734,0,0.0,0
1666071,0001666071-22-000134,10-Q,2022-09-30,52224,0,0.0,0
1666071,0001666071-22-000108,10-Q,2022-06-30,51708,0,0.0,0
1666071,0001666071-22-000059,10-Q,2022-03-31,47412,0,0.0,0
1666071,0001666071-22-000057,10-K/A,2021-12-31,70630,0,0.0,0
1666071,0001666071-22-000022,10-K,2021-12-31,70338,0,0.0,0
1666071,0001666071-21-000214,10-Q,2021-09-30,49667,0,0.0,0
1666071,0001666071-21-000159,10-Q,2021-06-30,48748,0,0.0,0
1666071,0001666071-21-000082,10-Q,2021-03-31,44713,0,0.0,0
1666071,0001666071-21-000029,10-K,2020-12-31,68537,0,0.0,0
1666071,0001666071-20-000279,10-Q,2020-09-30,43604,0,0.0,0
1666071,0001666071-20-000232,10-Q,2020-06-30,38491,0,0.0,0
1666071,0001666071-20-000128,10-Q,2020-03-31,36666,0,0.0,0
1666071,0001666071-20-000054,10-K,2019-12-31,66171,0,0.0,0
1666071,0001666071-19-000147,10-Q,2019-09-30,40408,0,0.0,0
1666071,0001666071-19-000084,10-Q,2019-06-30,39307,0,0.0,0
1666071,0001666071-19-000039,10-Q,2019-03-31,37311,0,0.0,0
1666071,0001666071-19-000017,10-K,2018-12-31,81256,0,0.0,0
1666071,0001666071-18-000019,10-Q,2018-09-30,50249,0,0.0,0
1666071,0001666071-18-000010,10-Q,2018-06-30,47246,0,0.0,0
1666071,0001628280-18-006582,10-Q,2018-03-31,44917,0,0.0,0
1667489,0001654954-20-012508,10-Q,2020-09-30,12835,0,0.0,0
1667489,0001654954-20-009114,10-Q,2020-06-30,12180,0,0.0,0
1667489,0001654954-20-007584,10-Q/A,2019-09-30,13343,0,0.0,0
1667489,0001654954-20-007583,10-Q/A,2019-06-30,12810,0,0.0,0
1667489,0001654954-20-007582,10-Q/A,2019-03-31,11169,0,0.0,0
1667489,0001654954-20-007581,10-Q/A,2018-09-30,10417,0,0.0,0
1667489,0001654954-20-007580,10-Q/A,2018-06-30,10730,0,0.0,0
1667489,0001654954-20-007579,10-Q/A,2018-03-31,9977,0,0.0,0
1667489,0001654954-20-007578,10-Q,2020-03-31,9896,0,0.0,0
1667489,0001654954-20-006016,10-K/A,2018-12-31,38510,0,0.0,0
1667489,0001654954-20-005581,10-K,2019-12-31,38894,0,0.0,0
1667489,0001654954-20-004947,10-K/A,2018-12-31,38963,0,0.0,0
1667489,0001654954-19-013003,10-Q,2019-09-30,11422,0,0.0,0
1667489,0001654954-19-009590,10-Q,2019-06-30,11013,0,0.0,0
1667489,0001654954-19-006333,10-Q,2019-03-31,9552,0,0.0,0
1667489,0001654954-19-004585,10-K/A,2018-12-31,827,0,0.0,0
1667489,0001654954-19-002740,10-K,2018-12-31,37169,0,0.0,0
1667489,0001654954-18-012729,10-Q,2018-09-30,8580,0,0.0,0
1667489,0001654954-18-009138,10-Q,2018-06-30,8763,0,0.0,0
1667489,0001654954-18-005444,10-Q,2018-03-31,8050,0,0.0,0
1668082,0001493152-22-006064,10-K/A,2021-03-31,5082,0,0.0,0
1668082,0001493152-22-005141,10-Q,2021-12-31,7033,0,0.0,0
1668082,0001493152-21-029550,10-Q,2021-09-30,7050,0,0.0,0
1668082,0001493152-21-020993,10-Q,2021-06-30,6182,0,0.0,0
1668082,0001493152-21-016628,10-K,2021-03-31,10163,0,0.0,0
1668082,0001493152-21-007875,10-Q,2020-12-31,6236,0,0.0,0
1668082,0001493152-21-007872,10-Q,2020-09-30,6140,0,0.0,0
1668082,0001493152-21-007869,10-Q,2020-06-30,5906,0,0.0,0
1668082,0001493152-21-006109,10-K,2020-03-31,10070,0,0.0,0
1668082,0001493152-21-005089,10-Q,2019-12-31,6485,0,0.0,0
1668082,0001493152-21-005087,10-Q,2019-09-30,6479,0,0.0,0
1668082,0001493152-21-005085,10-Q,2019-06-30,6210,0,0.0,0
1668082,0001493152-21-001429,10-K,2019-03-31,10646,0,0.0,0
1668082,0001493152-19-002135,10-Q,2018-12-31,6084,0,0.0,0
1668082,0001493152-18-016412,10-Q,2018-09-30,7033,0,0.0,0
1668082,0001493152-18-013803,10-Q,2018-06-30,5773,0,0.0,0
1668082,0001668082-18-000010,10-K,2018-03-31,7300,0,0.0,0
1671933,0001671933-26-000014,10-K,2025-12-31,63121,45,7.129,1
1671933,0001671933-25-000144,10-Q,2025-09-30,41045,16,3.898,0
1671933,0001671933-25-000125,10-Q,2025-06-30,39103,4,1.023,0
1671933,0001671933-25-000062,10-Q,2025-03-31,36625,2,0.546,0
1671933,0001671933-25-000029,10-K,2024-12-31,59055,5,0.847,0
1671933,0001671933-24-000122,10-Q,2024-09-30,35696,2,0.56,0
1671933,0001671933-24-000090,10-Q,2024-06-30,34524,2,0.579,0
1671933,0001671933-24-000059,10-Q,2024-03-31,33456,2,0.598,0
1671933,0001671933-24-000014,10-K,2023-12-31,56845,5,0.88,0
1671933,0001671933-23-000050,10-Q,2023-09-30,34460,2,0.58,0
1671933,0001671933-23-000042,10-Q,2023-06-30,34620,2,0.578,0
1671933,0001671933-23-000032,10-Q,2023-03-31,32788,2,0.61,0
1671933,0001671933-23-000007,10-K,2022-12-31,54445,3,0.551,0
1671933,0001671933-22-000016,10-Q,2022-09-30,33176,2,0.603,0
1671933,0001628280-22-021984,10-Q,2022-06-30,31974,2,0.626,0
1671933,0001564590-22-019334,10-Q,2022-03-31,30182,2,0.663,0
1671933,0001564590-22-005385,10-K,2021-12-31,52864,3,0.567,0
1671933,0001564590-21-055245,10-Q,2021-09-30,31996,2,0.625,0
1671933,0001564590-21-042669,10-Q,2021-06-30,31493,2,0.635,0
1671933,0001564590-21-026067,10-Q,2021-03-31,29466,2,0.679,0
1671933,0001564590-21-006726,10-K,2020-12-31,53259,3,0.563,0
1671933,0001564590-20-051533,10-Q,2020-09-30,31399,2,0.637,0
1671933,0001564590-20-037939,10-Q,2020-06-30,30967,2,0.646,0
1671933,0001564590-20-023075,10-Q,2020-03-31,29072,2,0.688,0
1671933,0001564590-20-007498,10-K,2019-12-31,50712,3,0.592,0
1671933,0001564590-19-041899,10-Q,2019-09-30,30347,2,0.659,0
1671933,0001564590-19-030952,10-Q,2019-06-30,29938,2,0.668,0
1671933,0001564590-19-017961,10-Q,2019-03-31,28569,2,0.7,0
1671933,0001564590-19-003906,10-K,2018-12-31,52114,1,0.192,0
1671933,0001564590-18-028667,10-Q,2018-09-30,28183,0,0.0,0
1671933,0001564590-18-021105,10-Q,2018-06-30,27601,0,0.0,0
1671933,0001564590-18-013017,10-Q,2018-03-31,26431,0,0.0,0
1673743,0001628280-26-013808,10-K,2025-12-31,95471,107,11.208,1
1673743,0001193125-25-272353,10-Q,2025-09-30,74900,89,11.883,1
1673743,0000950170-25-106577,10-Q,2025-06-30,75303,84,11.155,1
1674227,0001213900-26-037303,10-K,2025-12-31,38891,0,0.0,0
1674227,0001213900-25-109183,10-Q,2025-09-30,16287,0,0.0,0
1674227,0001213900-25-076369,10-Q,2025-06-30,15948,0,0.0,0
1674227,0001213900-25-044293,10-Q,2025-03-31,14114,0,0.0,0
1674227,0001213900-25-026169,10-K,2024-12-31,37846,1,0.264,0
1674227,0001213900-24-098398,10-Q,2024-09-30,15843,0,0.0,0
1674227,0001213900-24-087332,10-Q,2024-06-30,15049,0,0.0,0
1674227,0001213900-24-086944,10-Q,2024-03-31,14038,0,0.0,0
1674227,0001213900-24-081111,10-K,2023-12-31,38790,1,0.258,0
1674227,0001213900-23-086866,10-Q,2023-09-30,15468,1,0.646,0
1674227,0001213900-23-066853,10-Q,2023-06-30,15972,1,0.626,0
1674227,0001213900-23-039696,10-Q,2023-03-31,14800,1,0.676,0
1674227,0001213900-23-030171,10-K,2022-12-31,39272,1,0.255,0
1674227,0001213900-22-072087,10-Q,2022-09-30,16824,1,0.594,0
1674227,0001213900-22-047878,10-Q,2022-06-30,17128,1,0.584,0
1674227,0001213900-22-026540,10-Q,2022-03-31,16980,1,0.589,0
1674227,0001213900-22-016685,10-K,2021-12-31,45568,1,0.219,0
1674227,0001213900-21-059124,10-Q,2021-09-30,19149,0,0.0,0
1674227,0001213900-21-042585,10-Q,2021-06-30,18733,0,0.0,0
1674227,0001213900-21-028675,10-Q,2021-03-31,17147,0,0.0,0
1674227,0001213900-21-027941,10-K,2020-12-31,52623,1,0.19,0
1674227,0001213900-21-024712,10-Q/A,2020-09-30,22770,0,0.0,0
1674227,0001213900-20-037390,10-Q,2020-09-30,20927,0,0.0,0
1674227,0001213900-20-022282,10-Q,2020-06-30,20266,0,0.0,0
1674227,0001213900-20-016459,10-Q,2020-03-31,19439,0,0.0,0
1674227,0001213900-20-014867,10-K,2019-12-31,51851,1,0.193,0
1674227,0001104659-19-064174,10-Q,2019-09-30,21466,0,0.0,0
1674227,0001144204-19-040035,10-Q,2019-06-30,19662,0,0.0,0
1674227,0001144204-19-028215,10-Q/A,2019-03-31,1483,0,0.0,0
1674227,0001144204-19-027813,10-Q,2019-03-31,17617,0,0.0,0
1674227,0001144204-19-017404,10-K,2018-12-31,45201,1,0.221,0
1674227,0001144204-18-060522,10-Q,2018-09-30,20673,0,0.0,0
1674227,0001144204-18-053218,10-Q/A,2018-06-30,19513,0,0.0,0
1674227,0001144204-18-047912,10-Q,2018-06-30,19479,0,0.0,0
1674227,0001144204-18-028918,10-Q,2018-03-31,15538,0,0.0,0
1674440,0001493152-25-029123,10-Q,2025-10-31,15216,0,0.0,0
1674440,0001493152-25-013474,10-Q,2025-07-31,14392,0,0.0,0
1674440,0001641172-25-023612,10-K,2025-04-30,43714,33,7.549,1
1674440,0001641172-25-000383,10-Q,2025-01-31,26883,29,10.787,1
1674440,0001493152-24-050014,10-Q,2024-10-31,37756,34,9.005,1
1674440,0001493152-24-035597,10-Q,2024-07-31,37196,29,7.797,1
1674440,0001493152-24-028975,10-K,2024-04-30,89048,23,2.583,0
1674440,0001493152-24-014146,10-K/A,2023-04-30,19907,2,1.005,0
1674440,0001493152-24-011097,10-K/A,2023-04-30,19792,2,1.011,0
1674440,0001493152-24-008851,10-Q,2024-01-31,30685,3,0.978,0
1674440,0001493152-23-042848,10-Q/A,2023-10-31,24196,3,1.24,0
1674440,0001493152-23-042728,10-Q,2023-10-31,24091,3,1.245,0
1674440,0001493152-23-035768,10-Q,2023-07-31,21295,4,1.878,0
1674440,0001493152-23-032670,10-K,2023-04-30,64425,20,3.104,0
1674440,0001493152-23-026492,10-Q/A,2023-01-31,26830,10,3.727,0
1674440,0001493152-23-025383,10-Q,2023-01-31,26694,10,3.746,0
1674440,0001493152-23-024832,10-K/A,2022-04-30,77678,23,2.961,0
1674440,0001493152-23-024801,10-Q,2022-10-31,26258,7,2.666,0
1674440,0001493152-23-023054,10-Q,2022-07-31,23585,6,2.544,0
1674440,0001493152-23-017930,10-K,2022-04-30,77621,23,2.963,0
1674440,0001493152-22-007138,10-Q,2022-01-31,21515,7,3.254,0
1674440,0001493152-21-032013,10-Q,2021-10-31,19462,7,3.597,0
1674440,0001493152-21-022662,10-Q,2021-07-31,16567,5,3.018,0
1674440,0001493152-21-018846,10-K,2021-04-30,42441,5,1.178,0
1674440,0001493152-21-006493,10-Q,2021-01-31,17167,3,1.748,0
1674440,0001493152-20-023529,10-Q,2020-10-31,15623,0,0.0,0
1674440,0001493152-20-018063,10-Q,2020-07-31,13312,0,0.0,0
1674440,0001493152-20-016628,10-K,2020-04-30,38592,0,0.0,0
1674440,0001493152-20-003792,10-Q,2020-01-31,26941,0,0.0,0
1674440,0001493152-19-019260,10-Q,2019-10-31,24407,0,0.0,0
1674440,0001674440-19-000013,10-Q,2019-07-31,4330,0,0.0,0
1674440,0001674440-19-000010,10-K,2019-04-30,7876,0,0.0,0
1674440,0001674440-19-000003,10-Q,2019-01-31,4584,0,0.0,0
1674440,0001674440-18-000015,10-Q,2018-10-31,4629,0,0.0,0
1674440,0001674440-18-000013,10-Q/A,2018-07-31,4714,0,0.0,0
1674440,0001674440-18-000010,10-Q,2018-07-31,4280,0,0.0,0
1674440,0001674440-18-000008,10-K,2018-04-30,7676,0,0.0,0
1674440,0001674440-18-000004,10-Q,2018-01-31,4330,0,0.0,0
1679379,0001213900-25-015354,10-K/A,2023-12-31,60654,6,0.989,0
1679379,0001213900-25-015062,10-Q,2024-09-30,32363,6,1.854,0
1679379,0001213900-25-015059,10-Q,2024-06-30,32199,6,1.863,0
1679379,0001213900-25-015056,10-Q,2024-03-31,30341,5,1.648,0
1679379,0001213900-24-071547,10-K,2023-12-31,60548,6,0.991,0
1679379,0001213900-23-087079,10-Q,2023-09-30,28945,0,0.0,0
1679379,0001213900-23-073396,10-Q/A,2023-06-30,26435,0,0.0,0
1679379,0001213900-23-073390,10-Q/A,2023-03-31,16084,0,0.0,0
1679379,0001213900-23-067188,10-Q,2023-06-30,24476,0,0.0,0
1679379,0001213900-23-058605,10-Q,2023-03-31,14314,0,0.0,0
1679379,0001213900-23-058599,10-K,2022-12-31,67246,1,0.149,0
1681400,0001493152-20-011113,10-K,2018-12-31,23169,1,0.432,0
1681400,0001213900-18-015768,10-Q,2018-09-30,6773,0,0.0,0
1681400,0001213900-18-010834,10-Q,2018-06-30,6774,0,0.0,0
1681400,0001213900-18-006303,10-Q,2018-03-31,6787,0,0.0,0
1682325,0001558370-22-008786,10-Q,2022-03-31,19415,0,0.0,0
1682325,0001558370-22-001433,10-K,2021-12-31,51733,1,0.193,0
1682325,0001558370-21-014593,10-Q,2021-09-30,24673,0,0.0,0
1682325,0001558370-21-010597,10-Q,2021-06-30,24159,0,0.0,0
1682325,0001558370-21-007077,10-Q,2021-03-31,20238,0,0.0,0
1682325,0001558370-21-001283,10-K,2020-12-31,57209,1,0.175,0
1682325,0001558370-20-012711,10-Q,2020-09-30,31605,0,0.0,0
1682325,0001558370-20-009815,10-Q,2020-06-30,30021,0,0.0,0
1682325,0001558370-20-006931,10-K/A,2019-12-31,1071,0,0.0,0
1682325,0001558370-20-005870,10-Q,2020-03-31,20379,0,0.0,0
1682325,0001558370-20-002686,10-K,2019-12-31,47631,1,0.21,0
1682325,0001104659-19-060838,10-Q,2019-09-30,24597,0,0.0,0
1682325,0001144204-19-038705,10-Q,2019-06-30,24108,0,0.0,0
1682325,0001144204-19-025473,10-Q,2019-03-31,20824,0,0.0,0
1682325,0001144204-19-014652,10-K,2018-12-31,29732,0,0.0,0
1682325,0001144204-18-058728,10-Q,2018-09-30,20500,0,0.0,0
1682325,0001144204-18-042972,10-Q,2018-06-30,13349,0,0.0,0
1682325,0001144204-18-027110,10-Q,2018-03-31,12257,0,0.0,0
1683606,0001193125-26-076546,10-K,2025-12-31,40140,30,7.474,1
1683606,0001193125-25-269472,10-Q,2025-09-30,13629,4,2.935,0
1683606,0001683606-25-000005,10-Q,2025-06-30,12721,4,3.144,0
1683606,0000950170-25-066905,10-Q,2025-03-31,11432,4,3.499,0
1683606,0000950170-25-029023,10-K,2024-12-31,42744,20,4.679,1
1683606,0000950170-24-123243,10-Q,2024-09-30,14355,6,4.18,0
1683606,0000950170-24-093890,10-Q,2024-06-30,14027,6,4.277,0
1683606,0000950170-24-056894,10-Q,2024-03-31,12068,0,0.0,0
1683606,0000950170-24-018824,10-K,2023-12-31,43741,11,2.515,1
1683606,0000950170-23-058163,10-Q,2023-09-30,13828,0,0.0,0
1683606,0000950170-23-037941,10-Q,2023-06-30,13761,0,0.0,0
1683606,0000950170-23-017831,10-Q,2023-03-31,11623,0,0.0,0
1683606,0000950170-23-004093,10-K,2022-12-31,43003,1,0.233,0
1683606,0000950170-22-021841,10-Q,2022-09-30,14675,0,0.0,0
1683606,0000950170-22-014231,10-Q,2022-06-30,13829,0,0.0,0
1683606,0000950170-22-008039,10-Q,2022-03-31,12295,0,0.0,0
1683606,0000950170-22-002101,10-K,2021-12-31,41737,2,0.479,0
1683606,0000950170-21-003054,10-Q,2021-09-30,13632,0,0.0,0
1683606,0000950170-21-000931,10-Q,2021-06-30,13526,0,0.0,0
1683606,0001564590-21-024949,10-Q,2021-03-31,11765,1,0.85,0
1683606,0001564590-21-008812,10-K,2020-12-31,45086,3,0.665,0
1683606,0001564590-20-052492,10-Q,2020-09-30,20869,1,0.479,0
1683606,0001564590-20-034889,10-Q,2020-06-30,19440,1,0.514,0
1683606,0001564590-20-021913,10-Q,2020-03-31,16598,1,0.602,0
1683606,0001564590-20-006776,10-K,2019-12-31,41995,4,0.952,0
1683606,0001564590-19-041004,10-Q,2019-09-30,16690,1,0.599,0
1683606,0001564590-19-028814,10-Q,2019-06-30,15229,1,0.657,0
1683606,0001564590-19-018530,10-Q,2019-03-31,12086,1,0.827,0
1683606,0001564590-19-014355,10-K/A,2018-12-31,17730,0,0.0,0
1683606,0001564590-19-005502,10-K,2018-12-31,42112,3,0.712,0
1683606,0001564590-18-028002,10-Q,2018-09-30,16605,0,0.0,0
1683606,0001564590-18-020460,10-Q,2018-06-30,16826,0,0.0,0
1683606,0001564590-18-012400,10-Q,2018-03-31,14381,0,0.0,0
1686515,0001493152-22-021402,10-Q,2022-06-30,3954,0,0.0,0
1686515,0001493152-22-020573,10-Q,2021-12-31,5653,0,0.0,0
1686515,0001493152-22-020571,10-Q,2021-09-30,5653,0,0.0,0
1686515,0001493152-22-020568,10-Q,2021-06-30,5221,0,0.0,0
1686515,0001493152-22-020096,10-K,2022-03-31,12816,0,0.0,0
1686515,0001493152-22-020095,10-K,2021-03-31,14428,2,1.386,0
1686515,0001493152-21-004544,10-Q,2020-12-31,6746,0,0.0,0
1686515,0001493152-20-022189,10-Q,2020-09-30,6333,0,0.0,0
1686515,0001493152-20-022058,10-K/A,2020-03-31,18063,0,0.0,0
1686515,0001493152-20-017331,10-Q,2020-06-30,6314,0,0.0,0
1686515,0001493152-20-016379,10-K,2020-03-31,17363,0,0.0,0
1686515,0001493152-20-002170,10-Q,2019-12-31,5531,0,0.0,0
1686515,0001493152-19-016774,10-Q,2019-09-30,6322,0,0.0,0
1686515,0001493152-19-012043,10-Q,2019-06-30,6284,0,0.0,0
1686515,0001493152-19-010845,10-K,2019-03-31,18841,0,0.0,0
1686515,0001493152-19-001198,10-Q,2018-12-31,6196,0,0.0,0
1686515,0001493152-18-016312,10-Q,2018-09-30,5937,0,0.0,0
1686515,0001493152-18-011586,10-Q,2018-06-30,5553,0,0.0,0
1686515,0001493152-18-007888,10-K,2018-02-28,16285,0,0.0,0
1688126,0001493152-26-029927,10-K,2025-12-31,32200,0,0.0,0
1688126,0001493152-26-029925,10-K/A,2024-12-31,26873,1,0.372,0
1688126,0001493152-25-024255,10-Q,2025-09-30,23228,2,0.861,0
1688126,0001641172-25-024368,10-Q,2025-06-30,19509,2,1.025,0
1688126,0001641172-25-021488,10-K/A,2023-12-31,21111,0,0.0,0
1688126,0001641172-25-015699,10-Q,2025-03-31,17355,1,0.576,0
1688126,0001641172-25-015110,10-K,2024-12-31,24813,1,0.403,0
1688126,0001641172-25-013278,10-K/A,2023-12-31,20251,0,0.0,0
1688126,0001493152-24-046833,10-Q,2024-09-30,18532,0,0.0,0
1688126,0001493152-24-032964,10-Q,2024-06-30,19741,0,0.0,0
1688126,0001493152-24-020676,10-Q,2024-03-31,16647,0,0.0,0
1688126,0001493152-24-014823,10-K,2023-12-31,23039,0,0.0,0
1688126,0001493152-23-041975,10-Q,2023-09-30,15684,0,0.0,0
1688126,0001493152-23-029509,10-Q,2023-06-30,13926,0,0.0,0
1688126,0001493152-23-018535,10-Q,2023-03-31,13813,0,0.0,0
1688126,0001493152-23-012450,10-K,2022-12-31,21315,0,0.0,0
1688126,0001493152-22-032030,10-Q,2022-09-30,12820,0,0.0,0
1688126,0001493152-22-023592,10-Q,2022-06-30,12235,0,0.0,0
1688126,0001493152-22-013768,10-Q,2022-03-31,11702,0,0.0,0
1688126,0001493152-22-006549,10-K,2021-12-31,18224,0,0.0,0
1688126,0001493152-21-026886,10-Q,2021-09-30,9743,0,0.0,0
1688126,0001493152-21-019879,10-Q,2021-06-30,9530,0,0.0,0
1688126,0001493152-21-011831,10-Q,2021-03-31,8261,0,0.0,0
1688126,0001493152-21-007183,10-K,2020-12-31,20612,0,0.0,0
1688126,0001493152-20-021307,10-Q,2020-09-30,11374,0,0.0,0
1688126,0001493152-20-015727,10-Q,2020-06-30,10409,0,0.0,0
1688126,0001493152-20-012072,10-Q,2020-03-31,11084,0,0.0,0
1688126,0001493152-20-009361,10-K,2019-12-31,24157,0,0.0,0
1688126,0001493152-19-017537,10-Q,2019-09-30,17514,0,0.0,0
1688126,0001493152-19-012586,10-Q,2019-06-30,19159,0,0.0,0
1688126,0001493152-19-011216,10-Q,2019-03-31,17842,0,0.0,0
1688126,0001493152-19-011205,10-K,2018-12-31,33226,0,0.0,0
1688126,0001493152-19-011192,10-Q,2018-09-30,19964,0,0.0,0
1688126,0001493152-18-013050,10-Q,2018-06-30,18973,0,0.0,0
1688126,0001493152-18-007597,10-Q,2018-03-31,17786,0,0.0,0
1688568,0001688568-26-000005,10-Q,2025-12-31,22993,3,1.305,0
1688568,0001688568-25-000098,10-Q,2025-09-30,22636,1,0.442,0
1688568,0001688568-25-000072,10-Q,2025-06-30,19590,1,0.51,0
1688568,0001688568-25-000029,10-K,2025-03-31,66531,29,4.359,1
1688568,0001688568-25-000007,10-Q,2024-12-31,20995,0,0.0,0
1688568,0001688568-24-000099,10-Q,2024-09-30,20783,0,0.0,0
1688568,0001688568-24-000075,10-Q,2024-06-30,17725,0,0.0,0
1688568,0001688568-24-000032,10-K,2024-03-31,68898,21,3.048,0
1688568,0001688568-24-000009,10-Q,2023-12-31,22400,0,0.0,0
1688568,0001688568-23-000115,10-Q,2023-09-30,21820,0,0.0,0
1688568,0001688568-23-000090,10-Q,2023-06-30,19189,0,0.0,0
1688568,0001688568-23-000030,10-K,2023-03-31,69075,2,0.29,0
1688568,0001688568-23-000010,10-Q,2022-12-31,23693,0,0.0,0
1688568,0001688568-22-000073,10-Q,2022-09-30,23245,0,0.0,0
1688568,0001688568-22-000062,10-Q,2022-06-30,20144,0,0.0,0
1688568,0001688568-22-000027,10-K,2022-03-31,73998,2,0.27,0
1688568,0001688568-22-000006,10-Q,2021-12-31,31034,0,0.0,0
1688568,0001688568-21-000090,10-Q,2021-09-30,31048,0,0.0,0
1688568,0001688568-21-000057,10-Q,2021-06-30,27245,0,0.0,0
1688568,0001688568-21-000029,10-K,2021-03-31,79778,2,0.251,0
1688568,0001688568-21-000008,10-Q,2020-12-31,32657,0,0.0,0
1688568,0001688568-20-000093,10-Q,2020-09-30,33889,0,0.0,0
1688568,0001688568-20-000058,10-Q,2020-06-30,30790,0,0.0,0
1688568,0001688568-20-000032,10-K,2020-03-31,81534,1,0.123,0
1688568,0001688568-20-000008,10-Q,2019-12-31,36594,0,0.0,0
1688568,0001688568-19-000109,10-Q,2019-09-30,37839,0,0.0,0
1688568,0001688568-19-000087,10-Q,2019-06-30,29450,0,0.0,0
1688568,0001688568-19-000055,10-K,2019-03-31,73786,1,0.136,0
1688568,0001688568-19-000008,10-Q,2018-12-31,38630,0,0.0,0
1688568,0001688568-18-000133,10-Q,2018-09-30,35489,0,0.0,0
1688568,0001688568-18-000077,10-Q,2018-06-30,31926,0,0.0,0
1688568,0001688568-18-000036,10-K,2018-03-31,75403,2,0.265,0
1688667,0001493152-18-016050,10-Q,2018-09-30,21076,0,0.0,0
1688667,0001493152-18-011709,10-Q,2018-06-30,18892,0,0.0,0
1688667,0001493152-18-007124,10-Q,2018-03-31,16780,0,0.0,0
1691077,0001493152-23-018564,10-Q,2023-03-31,14027,0,0.0,0
1691077,0001493152-23-013262,10-K,2022-12-31,28653,0,0.0,0
1691077,0001493152-22-032976,10-Q,2022-09-30,15305,0,0.0,0
1691077,0001493152-22-022859,10-Q,2022-06-30,14847,0,0.0,0
1691077,0001493152-22-013903,10-Q,2022-03-31,14239,0,0.0,0
1691077,0001493152-22-008429,10-K,2021-12-31,30198,1,0.331,0
1691077,0001493152-21-028369,10-Q,2021-09-30,15736,0,0.0,0
1691077,0001493152-21-020131,10-Q,2021-06-30,15080,0,0.0,0
1691077,0001493152-21-011825,10-Q,2021-03-31,13452,0,0.0,0
1691077,0001493152-21-007448,10-K,2020-12-31,27774,1,0.36,0
1691077,0001493152-20-022527,10-K/A,2019-12-31,2170,0,0.0,0
1691077,0001493152-20-021040,10-Q,2020-09-30,11047,0,0.0,0
1691077,0001493152-20-014780,10-Q,2020-06-30,12677,0,0.0,0
1691077,0001493152-20-009280,10-Q,2020-03-31,9787,0,0.0,0
1691077,0001493152-20-005514,10-K,2019-12-31,52958,0,0.0,0
1691077,0001493152-19-019574,10-Q,2019-09-30,12410,0,0.0,0
1699683,0001493152-18-011433,10-Q,2018-06-30,19579,0,0.0,0
1699683,0001493152-18-007500,10-Q,2018-03-31,19258,0,0.0,0
1701963,0001213900-26-044110,10-K,2025-12-31,39996,13,3.25,0
1701963,0001213900-25-110337,10-Q,2025-09-30,10863,2,1.841,0
1701963,0001213900-25-076539,10-Q/A,2025-06-30,6241,0,0.0,0
1701963,0001213900-25-076075,10-Q,2025-06-30,10724,3,2.797,0
1701963,0001213900-25-044132,10-Q,2025-03-31,9464,3,3.17,0
1701963,0001213900-25-026006,10-K,2024-12-31,40067,13,3.245,0
1701963,0001213900-24-098269,10-Q,2024-09-30,15192,3,1.975,0
1701963,0001213900-24-068862,10-Q,2024-06-30,16849,3,1.781,0
1701963,0001213900-24-043555,10-Q,2024-03-31,16324,3,1.838,0
1701963,0001213900-24-028552,10-K,2023-12-31,47817,12,2.51,0
1703975,0001213900-19-001777,10-Q,2018-12-31,4387,0,0.0,0
1703975,0001213900-18-015450,10-Q,2018-09-30,4356,0,0.0,0
1703975,0001213900-18-010678,10-Q,2018-06-30,3892,0,0.0,0
1703975,0001213900-18-008505,10-K,2018-03-31,9599,0,0.0,0
1704760,0001213900-23-038730,10-Q,2023-03-31,13708,0,0.0,0
1704760,0001213900-23-028156,10-K,2022-12-31,48723,0,0.0,0
1704760,0001213900-22-071614,10-Q,2022-09-30,26551,0,0.0,0
1704760,0001213900-22-048405,10-Q,2022-06-30,28652,0,0.0,0
1704760,0001213900-22-027084,10-Q,2022-03-31,23784,0,0.0,0
1704760,0001213900-22-019952,10-K,2021-12-31,60500,0,0.0,0
1704760,0001213900-21-058662,10-Q,2021-09-30,26342,0,0.0,0
1704760,0001213900-21-042020,10-Q,2021-06-30,23357,0,0.0,0
1704760,0001213900-21-027592,10-Q,2021-03-31,19568,0,0.0,0
1704760,0001213900-21-026406,10-K/A,2020-12-31,59276,0,0.0,0
1704760,0001213900-21-018977,10-K,2020-12-31,56334,0,0.0,0
1704760,0001213900-21-014359,10-K/A,2020-03-31,45351,0,0.0,0
1704760,0001213900-20-037094,10-Q,2020-09-30,25556,0,0.0,0
1704760,0001213900-20-022051,10-Q,2020-06-30,24534,0,0.0,0
1704760,0001213900-20-016148,10-K,2020-03-31,45259,0,0.0,0
1704760,0001104659-20-013779,10-Q,2019-12-31,18119,0,0.0,0
1704760,0001104659-19-065120,10-Q,2019-09-30,19455,0,0.0,0
1704760,0001213900-19-015889,10-Q,2019-06-30,17307,0,0.0,0
1704760,0001213900-19-010810,10-K,2019-03-31,45168,0,0.0,0
1704760,0001615774-19-002552,10-Q,2018-12-31,14874,0,0.0,0
1704760,0001615774-18-012713,10-Q,2018-09-30,13124,0,0.0,0
1704760,0001615774-18-008153,10-Q,2018-06-30,12987,0,0.0,0
1704760,0001615774-18-005902,10-K,2018-03-31,40489,0,0.0,0
1708055,0001708055-26-000012,10-K,2025-12-31,74659,75,10.046,1
1708055,0001708055-25-000035,10-Q,2025-09-30,33386,0,0.0,0
1708055,0001708055-25-000007,10-Q,2025-06-30,32111,0,0.0,0
1708055,0001708055-25-000003,10-Q,2025-03-31,27067,0,0.0,0
1708055,0001558370-25-001773,10-K,2024-12-31,73014,31,4.246,1
1708055,0001708055-24-000014,10-Q,2024-09-30,32583,0,0.0,0
1708055,0001708055-24-000010,10-Q,2024-06-30,29128,0,0.0,0
1708055,0001708055-24-000007,10-Q,2024-03-31,25822,0,0.0,0
1708055,0001708055-24-000003,10-K,2023-12-31,72147,9,1.247,1
1708055,0001708055-23-000014,10-Q,2023-09-30,30215,0,0.0,0
1708055,0001708055-23-000010,10-Q,2023-06-30,31241,0,0.0,0
1708055,0001708055-23-000007,10-Q,2023-03-31,26071,0,0.0,0
1708055,0001104659-23-052342,10-K/A,2022-12-31,20615,0,0.0,0
1708055,0001708055-23-000003,10-K,2022-12-31,73779,2,0.271,0
1708055,0001708055-22-000012,10-Q,2022-09-30,31090,0,0.0,0
1708055,0001708055-22-000007,10-Q,2022-06-30,29454,0,0.0,0
1708055,0001708055-22-000005,10-Q,2022-03-31,25291,0,0.0,0
1708055,0001708055-22-000003,10-K,2021-12-31,78612,4,0.509,0
1708055,0001708055-21-000094,10-Q,2021-09-30,34728,0,0.0,0
1708055,0001708055-21-000092,10-Q,2021-06-30,33113,0,0.0,0
1708055,0001708055-21-000088,10-Q,2021-03-31,29674,0,0.0,0
1708055,0001708055-21-000014,10-K,2020-12-31,81828,4,0.489,0
1708055,0001708055-20-000182,10-Q,2020-09-30,40086,1,0.249,0
1708055,0001708055-20-000154,10-Q,2020-06-30,38292,1,0.261,0
1708055,0001708055-20-000074,10-Q,2020-03-31,33269,1,0.301,0
1708055,0001708055-20-000019,10-K,2019-12-31,76125,6,0.788,0
1708055,0001708055-19-000030,10-Q,2019-09-30,30135,2,0.664,0
1708055,0001708055-19-000024,10-Q,2019-06-30,29966,2,0.667,0
1708055,0001708055-19-000014,10-Q,2019-03-31,27705,2,0.722,0
1708055,0001708055-19-000007,10-K/A,2018-12-31,74876,5,0.668,0
1708055,0001708055-19-000005,10-K,2018-12-31,74798,5,0.668,0
1708055,0001708055-18-000024,10-Q,2018-09-30,30709,0,0.0,0
1708055,0001708055-18-000022,10-Q,2018-06-30,28966,0,0.0,0
1708055,0001708055-18-000013,10-Q,2018-03-31,26048,0,0.0,0
1709542,0001683168-26-005287,10-K,2025-12-31,23417,0,0.0,0
1709542,0001683168-26-005063,10-Q,2025-09-30,8086,0,0.0,0
1709542,0001683168-26-005062,10-Q,2025-06-30,7702,0,0.0,0
1709542,0001683168-26-004905,10-Q,2025-03-31,7309,0,0.0,0
1709542,0001683168-26-004740,10-K,2024-12-31,25643,0,0.0,0
1709542,0001683168-26-004421,10-Q,2024-09-30,9535,0,0.0,0
1709542,0001683168-26-004419,10-Q,2024-06-30,9535,0,0.0,0
1709542,0001683168-26-003482,10-Q,2024-03-31,8999,0,0.0,0
1709542,0001683168-24-002022,10-K,2023-12-31,25547,0,0.0,0
1709542,0001683168-23-008168,10-Q/A,2023-09-30,9647,0,0.0,0
1709542,0001683168-23-008141,10-Q,2023-09-30,8979,0,0.0,0
1709542,0001214659-23-011311,10-Q,2023-06-30,8026,0,0.0,0
1709542,0001214659-23-007091,10-Q,2023-03-31,8065,0,0.0,0
1709542,0001214659-23-004363,10-K,2022-12-31,25582,0,0.0,0
1709542,0001214659-22-013569,10-Q,2022-09-30,7516,0,0.0,0
1709542,0001214659-22-010444,10-Q,2022-06-30,7441,0,0.0,0
1709542,0001214659-22-007309,10-Q,2022-03-31,7267,0,0.0,0
1709542,0001214659-22-005093,10-K,2021-12-31,25738,0,0.0,0
1709542,0001214659-21-012203,10-Q/A,2021-09-30,8419,0,0.0,0
1709542,0001214659-21-011729,10-Q,2021-09-30,8361,0,0.0,0
1709542,0001214659-21-009056,10-Q/A,2021-03-31,6325,0,0.0,0
1709542,0001214659-21-008870,10-Q,2021-06-30,8260,0,0.0,0
1709542,0001214659-21-005374,10-Q,2021-03-31,5856,0,0.0,0
1709542,0001214659-21-003587,10-K,2020-12-31,25252,0,0.0,0
1709542,0001214659-20-009418,10-Q,2020-09-30,6924,0,0.0,0
1709542,0001214659-20-007356,10-K/A,2019-12-31,26054,0,0.0,0
1709542,0001214659-20-007004,10-Q,2020-06-30,6818,0,0.0,0
1709542,0001214659-20-004589,10-Q,2020-03-31,6203,0,0.0,0
1709542,0001214659-20-003250,10-K,2019-12-31,25763,0,0.0,0
1709542,0001214659-19-007165,10-Q,2019-09-30,6634,0,0.0,0
1709542,0001214659-19-005739,10-Q,2019-06-30,6106,0,0.0,0
1709542,0001214659-19-005035,10-Q,2019-03-31,5540,0,0.0,0
1709542,0001214659-19-002708,10-K,2018-12-31,24356,0,0.0,0
1709542,0001214659-18-007760,10-Q,2018-09-30,5323,0,0.0,0
1709542,0001214659-18-007569,10-Q/A,2018-06-30,5368,0,0.0,0
1709542,0001214659-18-006440,10-Q,2018-06-30,4907,0,0.0,0
1709542,0001021432-18-000163,10-Q,2018-03-31,3944,0,0.0,0
1709628,0001683168-26-002561,10-K,2025-12-31,49095,76,15.48,0
1709628,0001683168-25-008294,10-Q,2025-09-30,13010,15,11.53,0
1709628,0001683168-25-006169,10-Q,2025-06-30,13862,16,11.542,0
1709628,0001683168-25-003608,10-Q,2025-03-31,12426,15,12.071,0
1709628,0001683168-25-002122,10-K,2024-12-31,42050,87,20.69,0
1710583,0001710583-22-000046,10-Q,2022-09-30,23392,0,0.0,0
1710583,0001710583-22-000037,10-Q,2022-06-30,22467,0,0.0,0
1710583,0001710583-22-000021,10-Q,2022-03-31,15770,0,0.0,0
1710583,0001710583-22-000009,10-K,2021-12-31,73465,0,0.0,0
1710583,0001710583-21-000052,10-Q,2021-09-30,26092,0,0.0,0
1710583,0001710583-21-000039,10-Q,2021-06-30,22453,0,0.0,0
1710583,0001710583-21-000024,10-Q,2021-03-31,16706,0,0.0,0
1710583,0001710583-21-000013,10-K,2020-12-31,67230,0,0.0,0
1710583,0001710583-20-000044,10-Q,2020-09-30,22007,0,0.0,0
1710583,0001710583-20-000029,10-Q,2020-06-30,20202,0,0.0,0
1710583,0001710583-20-000013,10-Q,2020-03-31,18177,0,0.0,0
1710583,0001710583-20-000007,10-K,2019-12-31,69953,0,0.0,0
1710583,0001710583-19-000036,10-Q,2019-09-30,21861,0,0.0,0
1710583,0001710583-19-000028,10-Q,2019-06-30,20601,0,0.0,0
1710583,0001710583-19-000019,10-Q,2019-03-31,17043,0,0.0,0
1710583,0001710583-19-000010,10-K,2018-12-31,71004,0,0.0,0
1710583,0001710583-18-000061,10-Q,2018-09-30,22071,0,0.0,0
1710583,0001710583-18-000051,10-Q,2018-06-30,20730,0,0.0,0
1710583,0001710583-18-000041,10-Q,2018-03-31,17585,0,0.0,0
1712041,0001493152-18-012372,10-Q,2018-06-30,6427,0,0.0,0
1712041,0001493152-18-006927,10-Q,2018-03-31,6246,0,0.0,0
1713445,0001713445-26-000022,10-K,2025-12-31,66361,84,12.658,1
1713445,0001713445-25-000227,10-Q,2025-09-30,50441,55,10.904,1
1713445,0001713445-25-000196,10-Q,2025-06-30,50278,55,10.939,1
1713445,0001713445-25-000102,10-Q,2025-03-31,47475,52,10.953,1
1713445,0001713445-25-000018,10-K,2024-12-31,69565,67,9.631,1
1713445,0001713445-24-000102,10-Q,2024-09-30,58986,68,11.528,1
1713445,0001713445-24-000054,10-Q,2024-06-30,60251,68,11.286,1
1713445,0001713445-24-000006,10-Q,2024-03-31,58905,68,11.544,1
1713683,0001713683-25-000205,10-Q,2025-10-31,47537,50,10.518,1
1713683,0001713683-25-000158,10-K,2025-07-31,75027,137,18.26,1
1713683,0001713683-25-000079,10-Q,2025-04-30,50339,23,4.569,1
1713683,0001713683-25-000033,10-Q,2025-01-31,49023,23,4.692,1
1713683,0001713683-24-000150,10-Q,2024-10-31,45140,22,4.874,1
1713683,0001713683-24-000109,10-K,2024-07-31,75099,35,4.661,1
1713683,0001713683-24-000075,10-Q,2024-04-30,51646,23,4.453,1
1713683,0001713683-24-000041,10-Q,2024-01-31,49210,21,4.267,1
1713683,0001713683-23-000171,10-Q,2023-10-31,45706,21,4.595,1
1713683,0001713683-23-000113,10-K,2023-07-31,75630,32,4.231,1
1713683,0001713683-23-000059,10-Q,2023-04-30,51620,4,0.775,0
1713683,0001713683-23-000030,10-Q,2023-01-31,48556,0,0.0,0
1713683,0001713683-22-000123,10-Q,2022-10-31,44992,0,0.0,0
1713683,0001713683-22-000081,10-K,2022-07-31,72892,1,0.137,0
1713683,0001713683-22-000056,10-Q,2022-04-30,48124,0,0.0,0
1713683,0001713683-22-000029,10-Q,2022-01-31,47738,0,0.0,0
1713683,0001713683-21-000238,10-Q,2021-10-31,44200,0,0.0,0
1713683,0001713683-21-000175,10-K,2021-07-31,76267,1,0.131,0
1713683,0001713683-21-000096,10-Q,2021-04-30,50755,0,0.0,0
1713683,0001713683-21-000037,10-Q,2021-01-31,49756,0,0.0,0
1713683,0001713683-20-000193,10-Q,2020-10-31,45618,0,0.0,0
1713683,0001713683-20-000163,10-K,2020-07-31,75611,2,0.265,0
1713683,0001713683-20-000095,10-Q,2020-04-30,46678,0,0.0,0
1713683,0001713683-20-000037,10-Q,2020-01-31,43880,0,0.0,0
1713683,0001713683-19-000053,10-Q,2019-10-31,41473,0,0.0,0
1713683,0001713683-19-000030,10-K,2019-07-31,67807,0,0.0,0
1713683,0001713683-19-000016,10-Q,2019-04-30,47059,0,0.0,0
1713683,0001713683-19-000006,10-Q,2019-01-31,46290,0,0.0,0
1713683,0001713683-18-000009,10-Q,2018-10-31,42282,0,0.0,0
1713683,0001628280-18-011833,10-K,2018-07-31,63817,2,0.313,0
1713683,0001713683-18-000007,10-Q,2018-04-30,45710,0,0.0,0
1713809,0001477932-21-003361,10-Q,2021-03-31,3973,0,0.0,0
1713809,0001477932-21-002403,10-K,2020-12-31,7362,0,0.0,0
1713809,0001477932-20-006498,10-Q,2020-09-30,4269,0,0.0,0
1713809,0001477932-20-004640,10-Q,2020-06-30,4140,0,0.0,0
1713809,0001477932-20-002429,10-Q,2020-03-31,4330,0,0.0,0
1713809,0001477932-20-001563,10-K,2019-12-31,10387,0,0.0,0
1713809,0001477932-19-006125,10-Q,2019-09-30,4599,0,0.0,0
1713809,0001477932-19-004490,10-Q,2019-06-30,4580,0,0.0,0
1713809,0001477932-19-002338,10-Q,2019-03-31,4322,0,0.0,0
1713809,0001477932-19-001214,10-K,2018-12-31,10579,0,0.0,0
1713809,0001477932-18-005215,10-Q,2018-09-30,4194,0,0.0,0
1713809,0001477932-18-003832,10-Q,2018-06-30,4167,0,0.0,0
1713809,0001477932-18-002270,10-Q,2018-03-31,4155,0,0.0,0
1715433,0001493152-23-030120,10-Q,2023-05-31,25797,1,0.388,0
1715433,0001493152-23-023021,10-Q,2023-02-28,25294,1,0.395,0
1715433,0001493152-23-023019,10-Q,2022-11-30,22869,1,0.437,0
1715433,0001493152-22-035440,10-K,2022-08-31,48327,6,1.242,0
1715433,0001493152-22-019929,10-Q,2022-05-31,24775,1,0.404,0
1715433,0001493152-22-010635,10-Q,2022-02-28,23248,1,0.43,0
1715433,0001493152-22-001605,10-Q,2021-11-30,21107,1,0.474,0
1715433,0001493152-21-031425,10-K,2021-08-31,43532,6,1.378,0
1715433,0001493152-21-017197,10-Q,2021-05-31,20504,1,0.488,0
1715433,0001493152-21-017196,10-Q/A,2021-02-28,19985,1,0.5,0
1715433,0001493152-21-017195,10-Q/A,2020-11-30,18935,2,1.056,0
1715433,0001493152-21-017193,10-K/A,2020-08-31,34043,2,0.587,0
1715433,0001493152-21-017191,10-Q/A,2020-05-31,18749,0,0.0,0
1715433,0001493152-21-017190,10-Q/A,2020-02-29,15423,0,0.0,0
1715433,0001493152-21-017189,10-Q/A,2019-11-30,9923,0,0.0,0
1715433,0001493152-21-009145,10-Q,2021-02-28,19524,1,0.512,0
1715433,0001493152-21-001338,10-Q,2020-11-30,18559,2,1.078,0
1715433,0001493152-20-023636,10-K,2020-08-31,33640,2,0.595,0
1715433,0001493152-20-013370,10-Q,2020-05-31,18381,0,0.0,0
1715433,0001493152-20-006359,10-Q,2020-02-29,15011,0,0.0,0
1715433,0001493152-20-000580,10-Q,2019-11-30,9452,0,0.0,0
1715433,0001493152-19-018573,10-K,2019-08-31,19153,0,0.0,0
1715433,0001493152-19-010951,10-Q,2019-05-31,6697,0,0.0,0
1715433,0001493152-19-005352,10-Q,2019-02-28,5818,0,0.0,0
1715433,0001493152-19-000794,10-Q,2018-11-30,5556,0,0.0,0
1715433,0001493152-18-017491,10-K,2018-08-31,14845,0,0.0,0
1715433,0001493152-18-010324,10-Q,2018-05-31,5994,0,0.0,0
1715433,0001493152-18-005256,10-Q,2018-02-28,5924,0,0.0,0
1717115,0001193125-26-066961,10-K,2025-12-31,132945,328,24.672,1
1717115,0001193125-25-264652,10-Q,2025-09-30,42417,58,13.674,1
1717115,0000950170-25-105449,10-Q,2025-06-30,41049,52,12.668,1
1717115,0000950170-25-064447,10-Q,2025-03-31,31361,30,9.566,1
1717115,0000950170-25-025603,10-K,2024-12-31,124127,317,25.538,1
1717115,0000950170-24-120677,10-Q,2024-09-30,88397,155,17.535,1
1717115,0001193125-24-194869,10-Q,2024-06-30,87578,149,17.013,1
1719489,0000950170-23-039113,10-Q,2023-06-30,34006,0,0.0,0
1719489,0000950170-23-020594,10-Q,2023-03-31,30595,0,0.0,0
1719489,0000950170-23-008497,10-K,2022-12-31,103888,2,0.193,0
1719489,0001564590-22-036863,10-Q,2022-09-30,30608,0,0.0,0
1719489,0001564590-22-028463,10-Q,2022-06-30,31813,0,0.0,0
1719489,0001564590-22-018887,10-Q,2022-03-31,29595,0,0.0,0
1719489,0001564590-22-009084,10-K,2021-12-31,95822,3,0.313,0
1719489,0001564590-21-055746,10-Q,2021-09-30,35135,0,0.0,0
1719489,0001564590-21-042332,10-Q,2021-06-30,32621,0,0.0,0
1719489,0001564590-21-026082,10-Q,2021-03-31,26303,0,0.0,0
1719489,0001564590-21-013298,10-K,2020-12-31,102201,3,0.294,0
1719489,0001564590-20-052198,10-Q,2020-09-30,38656,0,0.0,0
1719489,0001564590-20-038926,10-Q,2020-06-30,40787,0,0.0,0
1719489,0001193125-20-146135,10-Q/A,2020-03-31,941,0,0.0,0
1719489,0001564590-20-025817,10-Q,2020-03-31,32132,0,0.0,0
1719489,0001564590-20-017813,10-K,2019-12-31,89107,4,0.449,0
1719489,0001564590-19-045763,10-K,2019-09-30,61607,14,2.272,0
1719489,0001564590-19-030864,10-Q,2019-06-30,16921,0,0.0,0
1719489,0001564590-19-017330,10-Q,2019-03-31,15830,0,0.0,0
1719489,0001564590-19-002115,10-Q,2018-12-31,11750,0,0.0,0
1719489,0001564590-18-030611,10-K,2018-09-30,51089,11,2.153,0
1719489,0001564590-18-020714,10-Q,2018-06-30,11024,0,0.0,0
1719489,0001564590-18-012397,10-Q,2018-03-31,11728,0,0.0,0
1719893,0001615774-19-007928,10-Q,2019-03-31,14477,0,0.0,0
1719893,0001615774-19-004058,10-K,2018-12-31,46685,0,0.0,0
1719893,0001615774-18-012548,10-Q,2018-09-30,13490,0,0.0,0
1719893,0001615774-18-007733,10-Q,2018-06-30,11287,0,0.0,0
1719893,0001615774-18-003853,10-Q,2018-03-31,11886,0,0.0,0
1720420,0001720420-26-000006,10-Q,2025-12-31,20165,11,5.455,1
1720420,0001720420-25-000040,10-Q,2025-09-30,16944,11,6.492,1
1720420,0001720420-25-000027,10-K,2025-06-30,57913,63,10.878,1
1720420,0001628280-25-023847,10-Q,2025-03-31,22456,11,4.898,1
1720420,0001720420-25-000009,10-Q,2024-12-31,21646,11,5.082,1
1720420,0001720420-24-000062,10-Q,2024-09-30,17686,11,6.22,1
1720420,0001720420-24-000042,10-K,2024-06-30,58177,50,8.594,1
1720420,0001720420-24-000031,10-Q,2024-03-31,21004,16,7.618,1
1720420,0001720420-24-000010,10-Q,2023-12-31,19364,16,8.263,1
1720420,0001720420-23-000030,10-Q,2023-09-30,16790,16,9.529,1
1720420,0001720420-23-000013,10-K,2023-06-30,59493,27,4.538,1
1720671,0001720671-24-000023,10-Q,2024-10-31,52559,23,4.376,1
1720671,0001720671-24-000017,10-Q,2024-07-31,51786,23,4.441,1
1720671,0001628280-24-025771,10-Q,2024-04-30,49422,23,4.654,1
1720671,0001628280-24-012350,10-K,2024-01-31,70607,23,3.257,1
1720671,0001628280-23-041061,10-Q,2023-10-31,52668,23,4.367,1
1720671,0001628280-23-031141,10-Q,2023-07-31,52418,0,0.0,0
1720671,0001628280-23-021271,10-Q,2023-04-30,46475,0,0.0,0
1720671,0001628280-23-009241,10-K,2023-01-31,68647,0,0.0,0
1720671,0000950170-22-026148,10-Q,2022-10-31,49949,0,0.0,0
1720671,0000950170-22-018066,10-Q,2022-07-31,49050,0,0.0,0
1720671,0000950170-22-011388,10-Q,2022-04-30,45873,0,0.0,0
1720671,0000950170-22-004668,10-K,2022-01-31,70837,0,0.0,0
1721056,0001477932-26-000509,10-Q,2025-09-30,5330,0,0.0,0
1721056,0001477932-26-000508,10-Q,2025-12-31,5566,0,0.0,0
1721056,0001477932-26-000170,10-K,2025-06-30,12961,0,0.0,0
1721056,0001477932-25-009057,10-Q,2025-03-31,5653,0,0.0,0
1721056,0001477932-25-009056,10-Q,2024-12-31,5534,0,0.0,0
1721056,0001477932-25-009055,10-Q,2024-09-30,5275,0,0.0,0
1721056,0001477932-25-007511,10-Q/A,2024-03-31,5903,0,0.0,0
1721056,0001477932-25-007510,10-Q/A,2023-12-31,5711,0,0.0,0
1721056,0001477932-25-007509,10-Q/A,2023-09-30,5393,0,0.0,0
1721056,0001477932-25-006434,10-K,2024-06-30,12891,0,0.0,0
1721056,0001477932-25-006370,10-K/A,2023-06-30,13500,0,0.0,0
1721056,0001477932-24-008389,10-Q/A,2023-03-31,6286,0,0.0,0
1721056,0001477932-24-008052,10-Q/A,2022-12-31,5310,0,0.0,0
1721056,0001477932-24-007763,10-Q/A,2022-09-30,4542,0,0.0,0
1721056,0001477932-24-004184,10-Q,2024-03-31,5399,0,0.0,0
1721056,0001477932-24-001163,10-Q,2023-12-31,5109,0,0.0,0
1721056,0001477932-24-000181,10-Q,2023-09-30,4789,0,0.0,0
1721056,0001477932-23-009040,10-K,2023-06-30,13173,0,0.0,0
1721056,0001477932-23-003922,10-Q,2023-03-31,4689,0,0.0,0
1721056,0001477932-23-001001,10-Q,2022-12-31,4080,0,0.0,0
1721056,0001477932-22-008449,10-Q,2022-09-30,3660,0,0.0,0
1721056,0001477932-22-007514,10-K,2022-06-30,11499,0,0.0,0
1721056,0001477932-22-003476,10-Q,2022-03-31,4043,0,0.0,0
1721056,0001477932-22-000600,10-Q,2021-12-31,3924,0,0.0,0
1721056,0001477932-21-008335,10-Q,2021-09-30,3633,0,0.0,0
1721056,0001562884-21-000053,10-K,2021-06-30,10983,0,0.0,0
1721056,0001562884-21-000033,10-Q,2021-03-31,3927,0,0.0,0
1721056,0001562884-21-000032,10-Q,2020-12-31,3814,0,0.0,0
1721056,0001562884-21-000029,10-Q,2020-09-30,3562,0,0.0,0
1721056,0001078782-21-000658,10-K,2020-06-30,10739,0,0.0,0
1721056,0001078782-20-000909,10-Q,2020-03-31,3181,0,0.0,0
1721056,0001078782-20-000816,10-Q,2019-12-31,3128,0,0.0,0
1721056,0001078782-20-000814,10-Q,2019-09-30,2985,0,0.0,0
1721056,0001078782-20-000587,10-K,2019-06-30,10463,0,0.0,0
1721056,0001078782-20-000278,10-Q,2019-03-31,3159,0,0.0,0
1721056,0001078782-20-000256,10-Q,2018-12-31,3140,0,0.0,0
1721056,0001078782-20-000254,10-Q/A,2018-09-30,3020,0,0.0,0
1721056,0001078782-19-000835,10-K,2018-06-30,10763,0,0.0,0
1721056,0001078782-19-000761,10-Q,2018-03-31,3061,0,0.0,0
1721056,0001078782-19-000461,10-Q,2018-09-30,3032,0,0.0,0
1723648,0001723648-23-000079,10-Q,2023-09-30,37182,4,1.076,0
1723648,0001723648-23-000053,10-Q,2023-06-30,34230,4,1.169,0
1723648,0001723648-23-000040,10-Q,2023-03-31,31141,4,1.284,0
1723648,0001723648-23-000016,10-K,2022-12-31,75077,35,4.662,0
1723648,0001723648-22-000092,10-Q,2022-09-30,35263,5,1.418,0
1723648,0001723648-22-000078,10-Q,2022-06-30,33603,5,1.488,0
1723648,0001723648-22-000055,10-Q,2022-03-31,29493,5,1.695,0
1723648,0001723648-22-000030,10-K,2021-12-31,75596,36,4.762,0
1723648,0001723648-21-000029,10-Q,2021-09-30,35208,4,1.136,0
1723648,0001723648-21-000010,10-Q,2021-06-30,35360,3,0.848,0
1723648,0001564590-21-028473,10-Q,2021-03-31,16560,0,0.0,0
1723648,0001564590-21-025111,10-K/A,2020-12-31,78167,0,0.0,0
1723648,0001564590-21-010384,10-K,2020-12-31,68639,0,0.0,0
1723648,0001564590-20-053921,10-Q,2020-09-30,14558,0,0.0,0
1723648,0001564590-20-040319,10-Q,2020-06-30,14316,0,0.0,0
1723648,0001564590-20-025856,10-Q,2020-03-31,12205,0,0.0,0
1723648,0001564590-20-012055,10-K,2019-12-31,60354,0,0.0,0
1723648,0001564590-19-042318,10-Q,2019-09-30,13586,0,0.0,0
1723648,0001564590-19-031299,10-Q,2019-06-30,13544,0,0.0,0
1723648,0001564590-19-019365,10-Q,2019-03-31,13458,0,0.0,0
1724670,0001724670-21-000012,10-Q,2021-01-01,20275,0,0.0,0
1724670,0001724670-20-000152,10-Q,2020-10-02,17934,0,0.0,0
1724670,0001724670-20-000100,10-Q,2020-07-03,15983,0,0.0,0
1724670,0001724670-20-000034,10-K,2020-03-31,61352,1,0.163,0
1724670,0001724670-20-000010,10-Q,2019-12-31,18522,0,0.0,0
1724670,0001724670-19-000138,10-Q,2019-09-30,17659,0,0.0,0
1724670,0001724670-19-000104,10-Q,2019-06-30,15280,0,0.0,0
1724670,0001724670-19-000059,10-K,2019-03-31,61521,0,0.0,0
1724670,0001724670-19-000013,10-Q,2018-12-31,29590,0,0.0,0
1724670,0001724670-18-000037,10-Q,2018-09-30,27164,0,0.0,0
1724670,0001724670-18-000022,10-Q,2018-06-30,25763,0,0.0,0
1724670,0001724670-18-000008,10-K,2018-03-31,75245,4,0.532,0
1725579,0001725579-21-000010,10-K,2020-12-31,110328,9,0.816,0
1725579,0001725579-20-000062,10-Q,2020-09-30,25378,0,0.0,0
1725579,0001725579-20-000047,10-Q,2020-06-30,31450,0,0.0,0
1725579,0001725579-20-000032,10-Q,2020-03-31,23586,0,0.0,0
1725579,0001725579-20-000014,10-K/A,2019-12-31,77140,4,0.519,0
1725579,0001725579-20-000008,10-K,2019-12-31,76776,4,0.521,0
1725579,0001725579-19-000056,10-Q,2019-09-30,30981,0,0.0,0
1725579,0001725579-19-000043,10-Q,2019-06-30,31417,0,0.0,0
1725579,0001725579-19-000036,10-K/A,2018-12-31,79977,5,0.625,0
1725579,0001725579-19-000023,10-Q,2019-03-31,24194,0,0.0,0
1725579,0001725579-19-000007,10-K,2018-12-31,65617,5,0.762,0
1725579,0001725579-18-000021,10-Q,2018-09-30,24298,0,0.0,0
1725579,0001725579-18-000008,10-Q,2018-06-30,23026,0,0.0,0
1729750,0001410578-23-001352,10-Q,2023-03-31,10359,11,10.619,0
1729750,0001410578-23-000455,10-K,2022-12-31,46015,29,6.302,0
1729750,0001410578-22-003348,10-Q,2022-09-30,13714,11,8.021,0
1729750,0001410578-22-002571,10-Q,2022-06-30,14192,11,7.751,0
1729750,0001410578-22-001653,10-Q,2022-03-31,12324,11,8.926,0
1729750,0001410578-22-000664,10-K,2021-12-31,48543,29,5.974,0
1729750,0001410578-21-000160,10-Q,2021-09-30,18619,7,3.76,0
1729750,0001104659-21-106313,10-Q,2021-06-30,17981,8,4.449,0
1729750,0001104659-21-066154,10-Q,2021-03-31,12779,5,3.913,0
1729750,0001104659-21-043439,10-K,2020-12-31,48131,21,4.363,0
1729750,0001104659-20-125081,10-Q,2020-09-30,19531,8,4.096,0
1729750,0001104659-20-107890,10-Q,2020-06-30,17674,9,5.092,0
1730732,0001477932-23-008381,10-Q,2023-09-30,9704,0,0.0,0
1730732,0001477932-23-006056,10-Q,2023-06-30,10026,0,0.0,0
1730732,0001477932-23-003875,10-Q,2023-03-31,8858,0,0.0,0
1730732,0001096906-23-000237,10-K,2022-12-31,25692,0,0.0,0
1730732,0001096906-22-002755,10-Q,2022-09-30,9848,0,0.0,0
1730732,0001096906-22-001857,10-Q,2022-06-30,9057,0,0.0,0
1730732,0001096906-22-001073,10-Q,2022-03-31,8161,0,0.0,0
1730732,0001096906-22-000634,10-K,2021-12-31,25712,0,0.0,0
1730732,0001096906-21-002652,10-Q,2021-09-30,8814,0,0.0,0
1730732,0001096906-21-002024,10-Q,2021-06-30,8057,0,0.0,0
1730732,0001096906-21-001161,10-Q,2021-03-31,7112,0,0.0,0
1730732,0001096906-21-000625,10-K,2020-12-31,25517,0,0.0,0
1730732,0001096906-20-000281,10-Q,2020-09-30,7267,0,0.0,0
1730732,0001445866-20-001171,10-Q,2020-06-30,6859,0,0.0,0
1730732,0001445866-20-000681,10-Q,2020-03-31,6323,0,0.0,0
1730732,0001445866-20-000255,10-K,2019-12-31,26724,0,0.0,0
1730732,0001099910-19-000094,10-Q,2019-09-30,7094,0,0.0,0
1734750,0001213900-26-048135,10-K/A,2025-12-31,11982,5,4.173,0
1734750,0001213900-26-036609,10-K,2025-12-31,82778,204,24.644,1
1734750,0001213900-25-110877,10-Q,2025-09-30,23124,0,0.0,0
1734750,0001213900-25-091181,10-Q,2025-06-30,17537,0,0.0,0
1734750,0001213900-25-091180,10-Q,2025-03-31,15816,0,0.0,0
1734750,0001213900-25-030345,10-K,2024-12-31,51168,13,2.541,0
1734750,0001213900-24-098474,10-Q,2024-09-30,17046,0,0.0,0
1734750,0001213900-24-068994,10-Q,2024-06-30,15619,0,0.0,0
1734750,0001213900-24-044765,10-Q,2024-03-31,13460,0,0.0,0
1734750,0001213900-24-037175,10-K/A,2023-12-31,8085,1,1.237,0
1734750,0001213900-24-033365,10-K,2023-12-31,41120,1,0.243,0
1734750,0001213900-23-086893,10-Q,2023-09-30,14948,0,0.0,0
1734750,0001213900-23-067128,10-Q,2023-06-30,14460,0,0.0,0
1734750,0001213900-23-039737,10-Q,2023-03-31,13542,0,0.0,0
1734750,0001213900-23-024616,10-K,2022-12-31,45413,1,0.22,0
1734750,0001213900-22-072293,10-Q,2022-09-30,19839,0,0.0,0
1734750,0001213900-22-048031,10-Q,2022-06-30,20425,0,0.0,0
1734750,0001213900-22-025991,10-Q,2022-03-31,18179,0,0.0,0
1734750,0001213900-22-016132,10-K,2021-12-31,43059,2,0.464,0
1734750,0001213900-21-058669,10-Q,2021-09-30,34130,0,0.0,0
1734750,0001213900-21-042137,10-Q,2021-06-30,34348,0,0.0,0
1734750,0001213900-21-026194,10-Q,2021-03-31,31450,0,0.0,0
1735092,0001477932-24-005107,10-Q,2024-06-30,15370,0,0.0,0
1735092,0001477932-24-003156,10-Q,2024-03-31,14448,0,0.0,0
1735092,0001477932-24-002174,10-K,2023-12-31,34922,0,0.0,0
1735092,0001477932-23-008430,10-Q,2023-09-30,15572,0,0.0,0
1735092,0001477932-23-006119,10-Q,2023-06-30,14993,0,0.0,0
1735092,0001477932-23-003609,10-Q,2023-03-31,13923,0,0.0,0
1735092,0001477932-23-002072,10-K,2022-12-31,33577,0,0.0,0
1735092,0001477932-22-008477,10-Q,2022-09-30,15510,0,0.0,0
1735092,0001477932-22-006136,10-Q,2022-06-30,15080,0,0.0,0
1735092,0001477932-22-003536,10-Q,2022-03-31,13717,0,0.0,0
1735092,0001477932-22-002022,10-K,2021-12-31,32864,0,0.0,0
1735092,0001477932-21-008402,10-Q,2021-09-30,14967,0,0.0,0
1735092,0001477932-21-005622,10-Q,2021-06-30,14484,0,0.0,0
1735092,0001477932-21-003300,10-Q,2021-03-31,13030,0,0.0,0
1735092,0001477932-21-001684,10-K,2020-12-31,32804,0,0.0,0
1735092,0001477932-20-006602,10-Q,2020-09-30,14304,0,0.0,0
1735092,0001477932-20-004995,10-Q,2020-06-30,14478,0,0.0,0
1735092,0001477932-20-002928,10-Q,2020-03-31,13364,0,0.0,0
1735092,0001477932-20-001972,10-K,2019-12-31,32442,0,0.0,0
1735092,0001477932-19-006673,10-Q,2019-09-30,11627,0,0.0,0
1735858,0001193125-20-213542,10-Q,2020-06-30,14417,0,0.0,0
1735858,0001193125-20-137682,10-Q,2020-03-31,14793,0,0.0,0
1735858,0001193125-20-071576,10-K,2019-12-31,63602,0,0.0,0
1735858,0001193125-19-289923,10-Q,2019-09-30,12930,0,0.0,0
1735858,0001193125-19-219125,10-Q,2019-06-30,12786,0,0.0,0
1735858,0001193125-19-146708,10-Q,2019-03-31,12041,0,0.0,0
1735858,0001193125-19-092860,10-K,2018-12-31,59416,0,0.0,0
1735858,0001193125-18-326462,10-Q,2018-09-30,11772,0,0.0,0
1735858,0001193125-18-227953,10-Q,2018-06-30,12510,0,0.0,0
1735858,0001193125-18-227941,10-Q,2018-03-31,10820,0,0.0,0
1737193,0001683168-26-002789,10-K/A,2024-12-31,33823,0,0.0,0
1737193,0001683168-25-003369,10-Q,2025-03-31,9963,0,0.0,0
1737193,0001683168-25-002219,10-K,2024-12-31,32191,0,0.0,0
1737193,0001683168-24-007479,10-Q,2024-09-30,10523,0,0.0,0
1737193,0001683168-24-005440,10-Q,2024-06-30,10399,0,0.0,0
1737193,0001683168-24-003162,10-Q,2024-03-31,9814,0,0.0,0
1737193,0001683168-24-002096,10-K/A,2023-12-31,1143,0,0.0,0
1737193,0001683168-24-001806,10-K,2023-12-31,47224,3,0.635,0
1737193,0001683168-23-008325,10-Q,2023-09-30,9811,0,0.0,0
1737193,0001683168-23-005789,10-Q,2023-06-30,9745,0,0.0,0
1737193,0001683168-23-003483,10-Q,2023-03-31,8290,0,0.0,0
1737193,0001683168-23-002444,10-K,2022-12-31,48563,0,0.0,0
1737193,0001683168-22-007927,10-Q,2022-09-30,16257,0,0.0,0
1737193,0001683168-22-005801,10-Q,2022-06-30,16027,0,0.0,0
1737193,0001683168-22-003974,10-Q/A,2022-03-31,15659,0,0.0,0
1737193,0001683168-22-003906,10-Q,2022-03-31,15463,0,0.0,0
1737193,0001683168-22-002719,10-K,2021-12-31,50618,0,0.0,0
1737193,0001683168-21-005590,10-Q,2021-09-30,20657,0,0.0,0
1737193,0001683168-21-003648,10-Q,2021-06-30,12749,0,0.0,0
1737193,0001683168-21-003378,10-K/A,2020-12-31,9378,0,0.0,0
1737193,0001683168-21-002184,10-Q,2021-03-31,10304,0,0.0,0
1737193,0001683168-21-001054,10-K,2020-12-31,21813,0,0.0,0
1737193,0001683168-20-003840,10-Q,2020-09-30,14366,0,0.0,0
1737193,0001737193-20-000074,10-Q,2020-06-30,13775,0,0.0,0
1737193,0001737193-20-000036,10-Q,2020-03-31,6455,0,0.0,0
1737193,0001737193-20-000028,10-K,2019-12-31,10389,0,0.0,0
1737193,0001737193-19-000023,10-Q,2019-09-30,4433,0,0.0,0
1737193,0001737193-19-000020,10-Q,2019-06-30,4294,0,0.0,0
1737193,0001737193-19-000011,10-Q,2019-03-31,4200,0,0.0,0
1737193,0001737193-19-000007,10-K,2018-12-31,10033,0,0.0,0
1737193,0001737193-18-000058,10-Q,2018-09-30,4205,0,0.0,0
1737193,0001737193-18-000032,10-Q,2018-06-30,4183,0,0.0,0
1737372,0001213900-23-067094,10-Q,2023-06-30,19606,0,0.0,0
1737372,0001213900-23-053495,10-Q,2023-03-31,20479,0,0.0,0
1737372,0001213900-23-048561,10-K,2022-12-31,59938,2,0.334,0
1737372,0001213900-22-072272,10-Q,2022-09-30,19922,1,0.502,0
1737372,0001213900-22-048024,10-Q,2022-06-30,22217,0,0.0,0
1737372,0001213900-22-030740,10-K/A,2021-12-31,26861,0,0.0,0
1737372,0001213900-22-029056,10-Q,2022-03-31,23341,0,0.0,0
1737372,0001213900-22-029052,10-K/A,2021-12-31,60196,0,0.0,0
1737372,0001213900-22-019723,10-K,2021-12-31,53483,0,0.0,0
1737372,0001213900-21-059803,10-Q,2021-09-30,31104,0,0.0,0
1737372,0001213900-21-043129,10-Q,2021-06-30,30165,0,0.0,0
1737372,0001213900-21-027374,10-Q/A,2021-03-31,22557,0,0.0,0
1737372,0001213900-21-027197,10-Q,2021-03-31,22356,0,0.0,0
1737372,0001213900-21-018255,10-K,2020-12-31,52579,0,0.0,0
1737372,0001213900-20-035574,10-Q,2020-09-30,19259,0,0.0,0
1737372,0001213900-20-022246,10-Q,2020-06-30,19262,0,0.0,0
1737372,0001213900-20-012008,10-Q,2020-03-31,18175,0,0.0,0
1737372,0001213900-20-008250,10-K,2019-12-31,51510,0,0.0,0
1737372,0001213900-19-022926,10-Q,2019-09-30,19319,0,0.0,0
1737372,0001213900-19-015354,10-Q,2019-06-30,19330,0,0.0,0
1737372,0001213900-19-008435,10-Q,2019-03-31,17336,0,0.0,0
1737372,0001213900-19-005105,10-K,2018-12-31,51948,0,0.0,0
1737372,0001213900-18-016086,10-Q,2018-09-30,20072,0,0.0,0
1738758,0001213900-20-011753,10-Q/A,2020-03-31,1171,0,0.0,0
1738758,0001213900-20-011634,10-Q,2020-03-31,17954,0,0.0,0
1738758,0001213900-20-008220,10-K,2019-12-31,61223,0,0.0,0
1738758,0001213900-19-023570,10-Q,2019-09-30,13210,0,0.0,0
1738758,0001213900-19-015868,10-Q,2019-06-30,12195,0,0.0,0
1738758,0001213900-19-008802,10-Q,2019-03-31,11876,0,0.0,0
1738758,0001213900-19-003920,10-K,2018-12-31,55721,0,0.0,0
1738758,0001213900-18-015497,10-Q,2018-09-30,11703,0,0.0,0
1739936,0000950170-23-017912,10-Q,2023-03-31,45769,6,1.311,0
1739936,0001140361-23-018456,10-K/A,2022-12-31,31469,3,0.953,0
1739936,0000950170-23-003212,10-K,2022-12-31,62313,19,3.049,0
1739936,0000950170-22-021916,10-Q,2022-09-30,45086,3,0.665,0
1739936,0000950170-22-014817,10-Q,2022-06-30,45191,3,0.664,0
1739936,0000950170-22-007794,10-Q,2022-03-31,42865,3,0.7,0
1739936,0000950170-22-001217,10-K,2021-12-31,65581,17,2.592,0
1739936,0000950170-21-003722,10-Q,2021-09-30,45102,1,0.222,0
1739936,0001564590-21-041563,10-Q,2021-06-30,41422,1,0.241,0
1739936,0001564590-21-025538,10-Q,2021-03-31,38755,0,0.0,0
1739936,0001564590-21-006682,10-K,2020-12-31,58994,4,0.678,0
1739936,0001564590-20-051943,10-Q,2020-09-30,41853,0,0.0,0
1739936,0001564590-20-038373,10-Q,2020-06-30,41735,0,0.0,0
1739936,0001564590-20-023541,10-Q,2020-03-31,38376,0,0.0,0
1739936,0001564590-20-007349,10-K,2019-12-31,63856,3,0.47,0
1739936,0001564590-19-041756,10-Q,2019-09-30,48925,0,0.0,0
1739936,0001564590-19-029312,10-Q,2019-06-30,47972,0,0.0,0
1739936,0001564590-19-017266,10-Q,2019-03-31,44578,0,0.0,0
1739936,0001564590-19-004449,10-K,2018-12-31,62396,3,0.481,0
1739936,0001564590-18-029333,10-Q,2018-09-30,49712,0,0.0,0
1740797,0001740797-26-000009,10-Q,2025-12-31,25036,31,12.382,0
1740797,0001740797-25-000054,10-Q,2025-09-30,24170,30,12.412,0
1740797,0001740797-25-000043,10-Q,2025-06-30,22392,30,13.398,0
1740797,0001740797-25-000038,10-K,2025-03-31,31778,37,11.643,0
1740797,0001740797-25-000017,10-K/A,2024-03-31,35584,30,8.431,0
1740797,0001740797-25-000014,10-Q,2024-12-31,23290,29,12.452,0
1740797,0001740797-25-000009,10-Q/A,2024-09-30,22752,23,10.109,0
1740797,0001740797-25-000007,10-Q/A,2024-06-30,22801,23,10.087,0
1740797,0001740797-25-000005,10-K/A,2024-03-31,35623,30,8.422,0
1740797,0001740797-24-000054,10-Q,2024-09-30,22581,23,10.186,0
1740797,0001740797-24-000044,10-Q/A,2024-06-30,22807,23,10.085,0
1740797,0001740797-24-000042,10-Q,2024-06-30,22636,23,10.161,0
1740797,0001740797-24-000031,10-K,2024-03-31,35372,30,8.481,0
1740797,0001740797-24-000010,10-Q,2023-12-31,23044,19,8.245,0
1740797,0001740797-23-000081,10-Q,2023-09-30,19706,19,9.642,0
1740797,0001740797-23-000066,10-Q,2023-06-30,17390,20,11.501,0
1740797,0001740797-23-000051,10-K/A,2023-03-31,28466,21,7.377,0
1740797,0001740797-23-000049,10-K/A,2023-03-31,28446,21,7.382,0
1740797,0001740797-23-000046,10-K,2023-03-31,28036,21,7.49,0
1740797,0001740797-23-000012,10-Q,2022-12-31,8227,3,3.647,0
1740797,0001740797-22-000016,10-Q,2022-09-30,7861,3,3.816,0
1740797,0001740797-22-000013,10-Q,2022-06-30,7205,3,4.164,0
1740797,0001740797-22-000007,10-K,2022-03-31,10748,2,1.861,0
1740797,0001740797-22-000003,10-Q,2021-12-31,7489,2,2.671,0
1740797,0001740797-21-000026,10-Q,2021-09-30,7292,2,2.743,0
1740797,0001740797-21-000023,10-Q,2021-06-30,6785,2,2.948,0
1740797,0001740797-21-000020,10-K/A,2021-03-31,10864,2,1.841,0
1740797,0001740797-21-000014,10-K,2021-03-31,10525,2,1.9,0
1740797,0001740797-21-000005,10-Q,2020-12-31,7110,5,7.032,0
1740797,0001740797-20-000028,10-Q,2020-09-30,6734,5,7.425,0
1740797,0001740797-20-000024,10-Q,2020-06-30,6471,5,7.727,0
1740797,0001740797-20-000020,10-K/A,2020-03-31,11339,5,4.41,0
1740797,0001740797-20-000018,10-K,2020-03-31,11001,5,4.545,0
1740797,0001740797-20-000003,10-Q,2019-12-31,6637,0,0.0,0
1740797,0001740797-19-000031,10-Q,2019-09-30,6173,0,0.0,0
1740797,0001740797-19-000029,10-Q/A,2019-06-30,5585,0,0.0,0
1740797,0001740797-19-000027,10-Q/A,2019-06-30,5548,0,0.0,0
1740797,0001740797-19-000024,10-Q,2019-06-30,5503,0,0.0,0
1740797,0001740797-19-000013,10-K,2019-03-31,9039,0,0.0,0
1740797,0001740797-19-000005,10-Q,2018-12-31,5135,0,0.0,0
1740797,0001740797-18-000015,10-Q,2018-09-30,5231,0,0.0,0
1740797,0001740797-18-000012,10-Q,2018-06-30,5569,0,0.0,0
1744895,0001144204-19-025338,10-Q,2019-03-31,14049,0,0.0,0
1744895,0001144204-19-010485,10-K,2018-12-31,64554,0,0.0,0
1744895,0001144204-18-059367,10-Q,2018-09-30,11748,0,0.0,0
1746278,0001575872-24-000723,10-Q/A,2023-09-30,13847,0,0.0,0
1746278,0001575872-24-000722,10-Q/A,2023-06-30,13778,0,0.0,0
1746278,0001575872-24-000721,10-Q/A,2023-03-31,12743,0,0.0,0
1746278,0001575872-24-000720,10-K/A,2022-12-31,34263,1,0.292,0
1746278,0001575872-24-000719,10-Q/A,2022-09-30,13756,0,0.0,0
1746278,0001575872-24-000718,10-Q/A,2022-06-30,14233,0,0.0,0
1746278,0001575872-24-000717,10-Q/A,2022-03-31,12342,0,0.0,0
1746278,0001575872-24-000560,10-K/A,2022-12-31,2507,0,0.0,0
1746278,0001575872-24-000448,10-Q/A,2023-09-30,13882,0,0.0,0
1746278,0001575872-24-000446,10-K/A,2022-12-31,34623,1,0.289,0
1746278,0001575872-24-000444,10-Q/A,2022-06-30,14265,0,0.0,0
1746278,0001575872-24-000442,10-Q/A,2023-03-31,12777,0,0.0,0
1746278,0001575872-24-000440,10-Q/A,2023-06-30,13806,0,0.0,0
1746278,0001575872-24-000438,10-Q/A,2022-09-30,13781,0,0.0,0
1746278,0001575872-24-000437,10-Q/A,2022-03-31,12373,0,0.0,0
1746278,0001575872-23-001748,10-Q,2023-09-30,11247,0,0.0,0
1746278,0001575872-23-001342,10-Q,2023-06-30,10972,0,0.0,0
1746278,0001575872-23-000819,10-Q,2023-03-31,8648,0,0.0,0
1746278,0001575872-23-000447,10-K,2022-12-31,27602,1,0.362,0
1746278,0001213900-22-072422,10-Q,2022-09-30,10671,0,0.0,0
1746278,0001213900-22-048080,10-Q,2022-06-30,10229,0,0.0,0
1746278,0001213900-22-028574,10-Q,2022-03-31,8121,0,0.0,0
1746278,0001213900-22-019613,10-K,2021-12-31,24319,0,0.0,0
1746278,0001746278-21-000030,10-Q,2021-09-30,4609,0,0.0,0
1746278,0001746278-21-000025,10-Q,2021-06-30,4501,0,0.0,0
1746278,0001746278-21-000021,10-Q,2021-03-31,4665,0,0.0,0
1746278,0001746278-21-000018,10-K/A,2020-12-31,7853,0,0.0,0
1746278,0001746278-21-000016,10-K,2020-12-31,7678,0,0.0,0
1746278,0001746278-21-000012,10-Q/A,2020-09-30,5175,0,0.0,0
1746278,0001746278-21-000010,10-Q/A,2020-06-30,4872,0,0.0,0
1746278,0001746278-21-000008,10-Q/A,2020-03-31,4904,0,0.0,0
1746278,0001746278-21-000006,10-K/A,2019-12-31,8589,0,0.0,0
1746278,0001746278-21-000002,10-Q/A,2019-09-30,5052,0,0.0,0
1746278,0001746278-20-000011,10-Q,2020-09-30,5056,0,0.0,0
1746278,0001746278-20-000006,10-Q,2020-06-30,4751,0,0.0,0
1746278,0001746278-20-000004,10-Q,2020-03-31,4725,0,0.0,0
1746278,0001746278-20-000002,10-K,2019-12-31,8229,0,0.0,0
1746278,0001746278-19-000018,10-Q,2019-09-30,4872,0,0.0,0
1748401,0001121781-19-000093,10-Q,2019-09-30,13191,0,0.0,0
1748401,0001121781-19-000072,10-Q,2019-06-30,14358,0,0.0,0
1751008,0001751008-26-000010,10-K,2025-12-31,60171,62,10.304,1
1751008,0001751008-25-000081,10-Q,2025-09-30,45113,49,10.862,1
1751008,0001751008-25-000072,10-Q,2025-06-30,45412,40,8.808,1
1751008,0001751008-25-000053,10-Q,2025-03-31,50886,40,7.861,1
1751008,0001751008-25-000018,10-K,2024-12-31,72870,43,5.901,1
1751008,0001751008-24-000062,10-Q,2024-09-30,51150,38,7.429,1
1751008,0001751008-24-000055,10-Q,2024-06-30,50923,36,7.069,1
1751008,0001751008-24-000043,10-Q,2024-03-31,49544,36,7.266,1
1751008,0001751008-24-000012,10-K,2023-12-31,79564,36,4.525,1
1751008,0001751008-23-000072,10-Q,2023-09-30,56226,37,6.581,1
1751008,0001751008-23-000062,10-Q,2023-06-30,54957,34,6.187,1
1751008,0001751008-23-000048,10-Q,2023-03-31,50250,12,2.388,0
1751008,0001751008-23-000006,10-K,2022-12-31,82157,1,0.122,0
1751008,0001751008-22-000020,10-Q,2022-09-30,58774,1,0.17,0
1751008,0001751008-22-000016,10-Q,2022-06-30,58054,1,0.172,0
1751008,0001751008-22-000010,10-Q,2022-03-31,51221,0,0.0,0
1751008,0001751008-22-000005,10-K,2021-12-31,85681,0,0.0,0
1751008,0001751008-21-000009,10-Q,2021-09-30,59569,0,0.0,0
1751008,0001751008-21-000005,10-Q,2021-06-30,57471,0,0.0,0
1751008,0001193125-21-161989,10-Q,2021-03-31,53871,0,0.0,0
1752474,0000950170-24-093926,10-Q,2024-06-30,23541,3,1.274,0
1752474,0000950170-24-056878,10-Q,2024-03-31,19953,3,1.504,0
1752474,0000950170-24-038058,10-K,2023-12-31,66246,22,3.321,0
1752474,0000950170-23-062006,10-Q,2023-09-30,21438,3,1.399,0
1752474,0000950170-23-041271,10-Q,2023-06-30,21760,3,1.379,0
1752474,0000950170-23-021182,10-Q,2023-03-31,18501,3,1.622,0
1752474,0000950170-23-008474,10-K,2022-12-31,78446,22,2.804,0
1752474,0000950170-22-024440,10-Q,2022-09-30,22934,3,1.308,0
1752474,0001564590-22-029125,10-Q,2022-06-30,22065,3,1.36,0
1752474,0001564590-22-019897,10-Q,2022-03-31,19818,3,1.514,0
1752474,0001564590-22-010868,10-K,2021-12-31,70621,25,3.54,0
1752474,0001564590-21-056719,10-Q,2021-09-30,41991,5,1.191,0
1752474,0001564590-21-044014,10-Q,2021-06-30,19208,1,0.521,0
1752474,0001564590-21-027600,10-Q,2021-03-31,17030,0,0.0,0
1752474,0001564590-21-014159,10-K,2020-12-31,61231,1,0.163,0
1752474,0001564590-20-053580,10-Q,2020-09-30,21110,0,0.0,0
1752474,0001564590-20-039821,10-Q,2020-06-30,21111,0,0.0,0
1752474,0001564590-20-025689,10-Q,2020-03-31,17368,0,0.0,0
1752474,0001564590-20-013043,10-K,2019-12-31,50162,1,0.199,0
1752474,0001193125-19-292462,10-Q,2019-09-30,7207,0,0.0,0
1752474,0001193125-19-221252,10-Q,2019-06-30,6457,0,0.0,0
1752474,0001193125-19-148095,10-Q,2019-03-31,5886,0,0.0,0
1752474,0001193125-19-094727,10-K,2018-12-31,15729,0,0.0,0
1753391,0001683168-26-002488,10-K,2025-12-31,36009,0,0.0,0
1753391,0001683168-25-008383,10-Q,2025-09-30,11753,0,0.0,0
1753391,0001683168-25-006089,10-Q,2025-06-30,11346,0,0.0,0
1753391,0001683168-25-003492,10-Q,2025-03-31,9952,0,0.0,0
1753391,0001683168-25-001892,10-K,2024-12-31,34414,0,0.0,0
1753391,0001683168-24-008012,10-Q,2024-09-30,10582,0,0.0,0
1753391,0001683168-24-005687,10-Q,2024-06-30,10499,0,0.0,0
1753391,0001683168-24-003439,10-Q,2024-03-31,9407,0,0.0,0
1753391,0001683168-24-001846,10-K,2023-12-31,34416,0,0.0,0
1753391,0001683168-23-007981,10-Q,2023-09-30,10817,0,0.0,0
1753391,0001683168-23-005661,10-Q,2023-06-30,10360,0,0.0,0
1753391,0001683168-23-003329,10-Q,2023-03-31,9433,0,0.0,0
1753391,0001683168-22-008436,10-Q,2022-10-31,4467,0,0.0,0
1753391,0001753391-22-000019,10-K,2022-07-31,8741,0,0.0,0
1753391,0001753391-22-000008,10-Q,2022-04-30,4650,0,0.0,0
1753391,0001753391-22-000006,10-Q,2022-01-31,4428,0,0.0,0
1753391,0001753391-21-000013,10-Q,2021-10-31,4177,0,0.0,0
1753391,0001753391-21-000010,10-K,2021-07-31,8495,0,0.0,0
1753391,0001753391-21-000005,10-Q,2021-04-30,5234,0,0.0,0
1753391,0001753391-21-000002,10-Q,2021-01-31,5699,0,0.0,0
1753391,0001753391-20-000015,10-Q,2020-10-31,5458,0,0.0,0
1753391,0001753391-20-000012,10-K,2020-07-31,10501,0,0.0,0
1753391,0001753391-20-000008,10-Q,2020-04-30,5766,0,0.0,0
1753391,0001753391-20-000002,10-Q,2020-01-31,5713,0,0.0,0
1753391,0001753391-19-000027,10-Q,2019-10-31,5403,0,0.0,0
1753391,0001753391-19-000025,10-K,2019-07-31,10611,0,0.0,0
1753391,0001753391-19-000019,10-Q,2019-04-30,5199,0,0.0,0
1753673,0001213900-20-011165,10-Q,2020-03-31,14434,0,0.0,0
1753673,0001213900-20-007012,10-K,2019-12-31,31543,0,0.0,0
1753673,0001213900-19-023404,10-Q,2019-09-30,12693,0,0.0,0
1753673,0001213900-19-015528,10-Q,2019-06-30,12555,0,0.0,0
1753673,0001615774-19-007924,10-Q,2019-03-31,12192,0,0.0,0
1753673,0001615774-19-005151,10-K,2018-12-31,29644,0,0.0,0
1753931,0001493152-22-033162,10-Q,2022-09-30,10389,0,0.0,0
1753931,0001493152-22-033113,10-Q/A,2021-09-30,10999,0,0.0,0
1753931,0001493152-22-033106,10-Q/A,2020-09-30,6958,0,0.0,0
1753931,0001493152-22-030682,10-K/A,2022-06-30,13340,0,0.0,0
1753931,0001493152-22-029892,10-K,2022-06-30,23867,0,0.0,0
1753931,0001493152-22-029843,10-K/A,2021-06-30,19976,0,0.0,0
1753931,0001493152-22-029841,10-K/A,2020-06-30,13981,0,0.0,0
1753931,0001493152-22-014562,10-Q,2022-03-31,9703,0,0.0,0
1753931,0001493152-22-006361,10-Q,2021-12-31,9128,0,0.0,0
1753931,0001493152-21-028883,10-Q,2021-09-30,9460,0,0.0,0
1753931,0001493152-21-024032,10-K,2021-06-30,17762,0,0.0,0
1753931,0001493152-21-019211,10-Q,2021-03-31,7749,0,0.0,0
1753931,0001493152-21-009189,10-Q,2020-12-31,6080,0,0.0,0
1753931,0001493152-21-000730,10-Q,2020-09-30,5581,0,0.0,0
1753931,0001493152-20-021320,10-K,2020-06-30,12731,0,0.0,0
1753931,0001493152-20-007515,10-Q,2020-03-31,7932,0,0.0,0
1753931,0001477932-20-000300,10-Q,2019-12-31,7464,0,0.0,0
1753931,0001165527-19-000170,10-Q,2019-09-30,6999,0,0.0,0
1753931,0001165527-19-000160,10-K,2019-06-30,10149,0,0.0,0
1753931,0001165527-19-000068,10-Q,2019-03-31,7317,0,0.0,0
1753931,0001165527-19-000012,10-Q,2018-12-31,6665,0,0.0,0
1756497,0001756497-22-000011,10-Q,2022-06-30,16739,0,0.0,0
1756497,0001193125-22-206683,10-K/A,2022-03-31,27149,1,0.368,0
1756497,0001756497-22-000007,10-K,2022-03-31,83543,10,1.197,0
1756497,0001756497-22-000004,10-Q,2021-12-31,19713,0,0.0,0
1756497,0001756497-21-000003,10-Q,2021-09-30,18598,0,0.0,0
1756497,0001562762-21-000311,10-Q,2021-06-30,16165,0,0.0,0
1756497,0001193125-21-229164,10-K/A,2021-03-31,25915,1,0.386,0
1756497,0001193125-21-175345,10-K,2021-03-31,84511,9,1.065,0
1756497,0001193125-21-028838,10-Q,2020-12-31,24379,0,0.0,0
1756497,0001193125-20-286867,10-Q,2020-09-30,21538,0,0.0,0
1756497,0001193125-20-211978,10-Q,2020-06-30,19973,0,0.0,0
1756497,0001193125-20-160834,10-K,2020-03-31,89693,11,1.226,0
1756497,0001193125-20-035668,10-Q,2019-12-31,25511,0,0.0,0
1756497,0001193125-19-292363,10-Q,2019-09-30,24118,0,0.0,0
1756497,0001193125-19-221197,10-Q,2019-06-30,20151,0,0.0,0
1758699,0001640334-26-000952,10-K,2025-12-31,20839,10,4.799,0
1758699,0001640334-25-002157,10-Q,2025-09-30,12396,48,38.722,0
1758699,0001640334-25-001435,10-Q,2025-06-30,9492,39,41.087,0
1758699,0001640334-25-000829,10-Q,2025-03-31,7998,17,21.255,0
1758699,0001640334-25-000412,10-K,2024-11-30,12593,30,23.823,0
1758699,0001758699-24-000033,10-Q,2024-08-31,5906,0,0.0,0
1758699,0001758699-24-000023,10-Q,2024-05-31,6434,2,3.108,0
1758699,0001758699-24-000017,10-Q,2024-02-29,6165,2,3.244,0
1758699,0001758699-24-000012,10-K,2023-11-30,9129,2,2.191,0
1758699,0001758699-23-000016,10-Q,2023-08-31,5316,0,0.0,0
1758699,0001758699-23-000011,10-Q,2023-05-31,5221,0,0.0,0
1758699,0001758699-23-000007,10-Q,2023-02-28,4907,0,0.0,0
1758699,0001758699-23-000004,10-K,2022-11-30,9232,2,2.166,0
1758699,0001758699-22-000027,10-Q,2022-08-31,5116,0,0.0,0
1758699,0001758699-22-000020,10-Q,2022-05-31,4917,0,0.0,0
1758699,0001758699-22-000017,10-Q/A,2022-02-28,4791,0,0.0,0
1758699,0001758699-22-000015,10-Q,2022-02-28,4644,0,0.0,0
1758699,0001758699-22-000009,10-K/A,2021-11-30,8247,2,2.425,0
1758699,0001758699-22-000005,10-K,2021-11-30,8079,2,2.476,0
1758766,0001758766-26-000016,10-K,2025-12-31,70896,20,2.821,0
1758766,0001758766-25-000066,10-Q,2025-09-30,27262,0,0.0,0
1758766,0001758766-25-000027,10-Q,2025-06-30,26464,2,0.756,0
1758766,0001758766-25-000012,10-Q,2025-03-31,21120,4,1.894,0
1758766,0001758766-25-000005,10-K,2024-12-31,69684,16,2.296,0
1758766,0001758766-24-000176,10-Q,2024-09-30,25210,6,2.38,0
1758766,0001758766-24-000149,10-Q,2024-06-30,22993,5,2.175,0
1758766,0001758766-24-000091,10-Q,2024-03-31,19507,5,2.563,0
1758766,0001758766-24-000029,10-K,2023-12-31,69921,15,2.145,0
1758766,0001758766-23-000129,10-Q,2023-09-30,24542,5,2.037,0
1758766,0001758766-23-000114,10-Q,2023-06-30,23931,6,2.507,0
1758766,0001758766-23-000078,10-Q,2023-03-31,19738,6,3.04,0
1758766,0001758766-23-000009,10-K,2022-12-31,66307,16,2.413,0
1758766,0001758766-22-000185,10-Q,2022-09-30,26096,5,1.916,0
1758766,0001758766-22-000129,10-Q,2022-06-30,27105,3,1.107,0
1758766,0001758766-22-000093,10-Q,2022-03-31,23144,5,2.16,0
1758766,0001758766-22-000032,10-K,2021-12-31,64820,15,2.314,0
1758766,0001758766-21-000184,10-Q,2021-09-30,25187,5,1.985,0
1758766,0001758766-21-000145,10-Q,2021-06-30,22264,3,1.347,0
1758766,0001104659-21-067339,10-Q,2021-03-31,13796,0,0.0,0
1758766,0001104659-21-054613,10-K/A,2020-12-31,62182,0,0.0,0
1758766,0001104659-21-031725,10-K,2020-12-31,60373,0,0.0,0
1758766,0001104659-20-125801,10-Q,2020-09-30,14123,0,0.0,0
1760717,0001760717-23-000037,10-Q,2023-06-30,14241,0,0.0,0
1760717,0001760717-23-000025,10-Q,2023-03-31,11129,0,0.0,0
1760717,0001760717-23-000010,10-K,2022-12-31,52855,0,0.0,0
1760717,0001760717-22-000051,10-Q,2022-09-30,13168,0,0.0,0
1760717,0001760717-22-000032,10-Q,2022-06-30,12521,0,0.0,0
1760717,0001760717-22-000018,10-Q,2022-03-31,10961,0,0.0,0
1760717,0001104659-22-054717,10-K/A,2021-12-31,13778,0,0.0,0
1760717,0001760717-22-000007,10-K,2021-12-31,51707,0,0.0,0
1760717,0001760717-21-000047,10-Q,2021-09-30,14395,0,0.0,0
1760717,0001760717-21-000033,10-Q,2021-06-30,13989,0,0.0,0
1760717,0001760717-21-000022,10-Q,2021-03-31,11394,0,0.0,0
1760717,0001760717-21-000008,10-K,2020-12-31,49225,0,0.0,0
1760717,0001760717-20-000066,10-Q,2020-09-30,12883,0,0.0,0
1760717,0001760717-20-000059,10-Q,2020-06-30,12874,0,0.0,0
1760717,0001760717-20-000040,10-Q,2020-03-31,10549,0,0.0,0
1760717,0001760717-20-000005,10-K,2019-12-31,49011,0,0.0,0
1760717,0001760717-19-000043,10-Q,2019-09-30,36575,0,0.0,0
1760717,0001760717-19-000017,10-Q,2019-06-30,36711,0,0.0,0
1760717,0001760717-19-000013,10-Q/A,2019-03-31,34598,0,0.0,0
1760717,0001760717-19-000007,10-Q,2019-03-31,34357,0,0.0,0
1764046,0001764046-26-000019,10-K,2025-12-31,43396,80,18.435,1
1764046,0001764046-25-000116,10-Q,2025-09-30,17278,8,4.63,1
1764046,0001764046-25-000096,10-Q,2025-06-30,16829,8,4.754,1
1764046,0001764046-25-000062,10-Q,2025-03-31,13849,8,5.777,1
1764046,0001764046-25-000011,10-K,2024-12-31,44288,51,11.516,1
1764046,0001764046-24-000140,10-Q,2024-09-30,18108,9,4.97,1
1764046,0001764046-24-000099,10-Q,2024-06-30,17454,9,5.156,1
1764046,0001764046-24-000063,10-Q,2024-03-31,15232,9,5.909,1
1764046,0001764046-24-000016,10-K,2023-12-31,49078,100,20.376,1
1764046,0001764046-23-000112,10-Q,2023-09-30,26772,0,0.0,0
1764046,0001764046-23-000106,10-K/A,2022-12-31,49301,0,0.0,0
1764046,0001764046-23-000089,10-Q,2023-06-30,26656,0,0.0,0
1764046,0001764046-23-000070,10-Q,2023-03-31,20239,0,0.0,0
1764046,0001764046-23-000012,10-K,2022-12-31,82128,2,0.244,0
1764046,0001764046-22-000167,10-Q,2022-09-30,32170,0,0.0,0
1764046,0001764046-22-000142,10-Q,2022-06-30,30632,0,0.0,0
1764046,0001764046-22-000090,10-Q,2022-03-31,27201,0,0.0,0
1764046,0001764046-22-000064,10-K,2021-12-31,94015,2,0.213,0
1764046,0001764046-22-000033,10-Q/A,2021-09-30,59781,0,0.0,0
1764046,0001764046-22-000032,10-Q/A,2021-06-30,55489,0,0.0,0
1764046,0001764046-22-000031,10-Q/A,2021-03-31,43543,0,0.0,0
1764046,0001764046-22-000027,10-K/A,2020-12-31,103923,3,0.289,0
1764046,0001764046-21-000165,10-Q,2021-09-30,52885,0,0.0,0
1764046,0001764046-21-000123,10-Q,2021-06-30,49021,0,0.0,0
1764046,0001764046-21-000076,10-Q,2021-03-31,38541,0,0.0,0
1764046,0001764046-21-000074,10-K/A,2020-12-31,97894,3,0.306,0
1764046,0001764046-21-000022,10-K,2020-12-31,80090,3,0.375,0
1764046,0001764046-20-000088,10-Q,2020-09-30,35497,0,0.0,0
1764046,0001764046-20-000068,10-Q,2020-06-30,32978,0,0.0,0
1764046,0001764046-20-000031,10-Q,2020-03-31,26853,0,0.0,0
1764046,0001104659-20-027484,10-K,2019-12-31,96226,3,0.312,0
1765048,0001765048-26-000009,10-K,2025-12-31,28963,0,0.0,0
1765048,0001765048-26-000006,10-Q/A,2025-09-30,5780,0,0.0,0
1765048,0001765048-25-000030,10-Q,2025-09-30,4846,0,0.0,0
1765048,0001765048-25-000024,10-Q,2025-06-30,4735,0,0.0,0
1765048,0001765048-25-000022,10-Q,2025-03-31,4446,0,0.0,0
1765048,0001765048-25-000016,10-K,2024-12-31,30167,0,0.0,0
1765048,0001765048-25-000011,10-Q,2024-09-30,4793,0,0.0,0
1765048,0001765048-25-000005,10-Q,2024-06-30,4563,0,0.0,0
1765048,0001765048-24-000020,10-Q,2024-03-31,4272,0,0.0,0
1765048,0001765048-24-000010,10-K,2023-12-31,30381,0,0.0,0
1765048,0001765048-23-000015,10-Q,2023-09-30,4960,0,0.0,0
1765048,0001765048-23-000011,10-Q,2023-06-30,4840,0,0.0,0
1765048,0001765048-23-000006,10-Q,2023-03-31,4435,0,0.0,0
1765048,0001765048-23-000003,10-K,2022-12-31,29518,0,0.0,0
1765048,0001765048-22-000017,10-Q,2022-09-30,5007,0,0.0,0
1765048,0001765048-22-000013,10-Q,2022-06-30,4862,0,0.0,0
1765048,0001765048-22-000007,10-Q,2022-03-31,4787,0,0.0,0
1765048,0001765048-22-000004,10-K,2021-12-31,7865,0,0.0,0
1765048,0001765048-21-000011,10-Q,2021-09-30,5032,0,0.0,0
1765048,0001765048-21-000009,10-Q,2021-06-30,5022,0,0.0,0
1765048,0001765048-21-000006,10-Q,2021-03-31,6507,0,0.0,0
1765048,0001765048-21-000003,10-K,2020-12-31,7876,0,0.0,0
1765048,0001765048-20-000011,10-Q,2020-09-30,6791,0,0.0,0
1765048,0001765048-20-000009,10-Q,2020-06-30,6796,0,0.0,0
1765048,0001765048-20-000005,10-Q,2020-03-31,6487,0,0.0,0
1765048,0001765048-20-000003,10-K,2019-12-31,9400,0,0.0,0
1765048,0001765048-19-000016,10-Q,2019-09-30,6453,0,0.0,0
1765048,0001765048-19-000011,10-Q,2019-06-30,6461,0,0.0,0
1765048,0001765048-19-000008,10-Q,2019-03-31,6358,0,0.0,0
1768206,0001104659-20-021079,10-Q,2019-12-31,6759,0,0.0,0
1768206,0001104659-20-003123,10-K/A,2019-09-30,1396,0,0.0,0
1768206,0001104659-19-076821,10-K,2019-09-30,16177,0,0.0,0
1768206,0001144204-19-039931,10-Q,2019-06-30,5943,0,0.0,0
1774155,0001774155-22-000129,10-Q,2022-09-30,33119,1,0.302,0
1774155,0001774155-22-000102,10-Q,2022-06-30,29044,1,0.344,0
1774155,0001774155-22-000064,10-Q,2022-03-31,25545,1,0.391,0
1774155,0001774155-22-000033,10-K,2021-12-31,73226,7,0.956,0
1774155,0001774155-21-000095,10-Q,2021-09-30,29926,0,0.0,0
1774155,0001774155-21-000062,10-Q,2021-06-30,28304,0,0.0,0
1774155,0001774155-21-000029,10-Q,2021-03-31,27055,0,0.0,0
1774155,0001140361-21-009706,10-K,2020-12-31,70833,4,0.565,0
1774155,0001140361-20-025661,10-Q,2020-09-30,13675,0,0.0,0
1774155,0001140361-20-018476,10-Q,2020-06-30,12837,0,0.0,0
1774155,0001140361-20-011110,10-Q,2020-03-31,12080,0,0.0,0
1774155,0001140361-20-006472,10-K,2019-12-31,59902,0,0.0,0
1774155,0001140361-19-020591,10-Q,2019-09-30,11579,0,0.0,0
1774155,0001140361-19-015038,10-Q,2019-06-30,11899,0,0.0,0
1776903,0001213900-20-035892,10-Q,2020-09-30,15314,0,0.0,0
1776903,0001213900-20-019633,10-Q,2020-06-30,14939,0,0.0,0
1776903,0001213900-20-011450,10-Q,2020-03-31,13249,0,0.0,0
1776903,0001213900-20-006002,10-K,2019-12-31,48816,1,0.205,0
1776903,0001213900-19-023213,10-Q,2019-09-30,12085,0,0.0,0
1781629,0001683168-26-001925,10-K,2025-11-30,11907,0,0.0,0
1781629,0001683168-25-007555,10-Q,2025-08-31,7332,0,0.0,0
1781629,0001683168-25-005254,10-Q,2025-05-31,7455,0,0.0,0
1781629,0001683168-25-002743,10-Q,2025-02-28,6778,0,0.0,0
1781629,0001683168-25-001603,10-K,2024-11-30,11199,0,0.0,0
1781629,0001683168-24-007147,10-Q,2024-08-31,7852,0,0.0,0
1781629,0001781629-24-000014,10-Q,2024-05-31,7003,0,0.0,0
1781629,0001781629-24-000011,10-Q,2024-02-29,6793,0,0.0,0
1781629,0001781629-24-000005,10-K,2023-11-30,9988,0,0.0,0
1781629,0001781629-23-000016,10-Q,2023-08-31,5926,0,0.0,0
1781629,0001781629-23-000012,10-Q,2023-05-31,5719,0,0.0,0
1781629,0001781629-23-000010,10-Q,2023-02-28,5136,0,0.0,0
1781629,0001781629-23-000004,10-K,2022-11-30,8587,0,0.0,0
1781629,0001781629-22-000023,10-Q,2022-08-31,4849,0,0.0,0
1781629,0001781629-22-000020,10-Q,2022-05-31,4712,0,0.0,0
1781629,0001781629-22-000013,10-Q,2022-02-28,4402,0,0.0,0
1784440,0001185185-26-001133,10-K,2025-12-31,14993,1,0.667,0
1784440,0001185185-25-001545,10-Q,2025-09-30,9093,0,0.0,0
1784440,0001185185-25-000908,10-Q,2025-06-30,8574,0,0.0,0
1784440,0001185185-25-000413,10-Q,2025-03-31,7689,0,0.0,0
1784440,0001185185-25-000176,10-K,2024-12-31,15131,0,0.0,0
1784440,0001185185-24-001038,10-Q,2024-09-30,9161,0,0.0,0
1784440,0001185185-24-000738,10-Q,2024-06-30,8473,0,0.0,0
1784440,0001185185-24-000542,10-Q,2023-02-28,5838,0,0.0,0
1784440,0001185185-24-000468,10-Q,2024-03-31,8141,0,0.0,0
1784440,0001185185-24-000327,10-K,2023-12-31,14469,0,0.0,0
1784440,0001185185-23-001118,10-Q,2023-09-30,7215,0,0.0,0
1784440,0001185185-23-000816,10-Q,2023-06-30,7096,0,0.0,0
1784440,0001185185-23-000504,10-Q,2023-03-31,6477,0,0.0,0
1784440,0001185185-23-000031,10-Q,2022-11-30,5880,0,0.0,0
1784440,0001185185-22-001245,10-K,2022-08-31,14612,0,0.0,0
1784440,0001185185-22-000817,10-Q,2022-05-31,6615,0,0.0,0
1784440,0001185185-22-000443,10-Q,2022-02-28,6657,0,0.0,0
1784440,0001185185-22-000063,10-Q,2021-11-30,5862,0,0.0,0
1784440,0001185185-21-001761,10-K,2021-08-31,16535,0,0.0,0
1784440,0001683168-21-002978,10-Q,2021-05-31,4492,0,0.0,0
1784440,0001683168-21-001344,10-Q,2021-02-28,4030,0,0.0,0
1784440,0001683168-21-000137,10-Q,2020-11-30,3893,0,0.0,0
1784440,0001683168-20-004096,10-K,2020-08-31,8966,0,0.0,0
1784440,0001683168-20-002247,10-Q,2020-05-31,4390,0,0.0,0
1784440,0001683168-20-001173,10-Q,2020-02-29,4213,0,0.0,0
1784440,0001683168-20-000481,10-Q,2019-11-30,3622,0,0.0,0
1784970,0001213900-26-037199,10-K,2025-12-31,41470,22,5.305,0
1784970,0001213900-25-097321,10-Q,2025-09-30,16041,6,3.74,0
1784970,0001213900-25-073282,10-Q,2025-06-30,12671,0,0.0,0
1784970,0001213900-25-041307,10-Q,2025-03-31,11886,0,0.0,0
1784970,0001013762-25-003282,10-K,2024-12-31,34653,7,2.02,0
1784970,0001213900-24-112023,10-Q/A,2024-09-30,12298,2,1.626,0
1784970,0001213900-24-108476,10-Q/A,2024-03-31,12439,0,0.0,0
1784970,0001213900-24-108464,10-Q/A,2024-06-30,13058,0,0.0,0
1784970,0001213900-24-106993,10-Q/A,2024-09-30,12254,2,1.632,0
1784970,0001213900-24-098963,10-Q,2024-09-30,11600,2,1.724,0
1784970,0001213900-24-080438,10-Q/A,2024-06-30,10392,0,0.0,0
1784970,0001213900-24-077899,10-Q/A,2024-03-31,9383,0,0.0,0
1784970,0001213900-24-076824,10-K/A,2023-12-31,30067,5,1.663,0
1784970,0001213900-24-071422,10-Q,2024-06-30,9266,0,0.0,0
1784970,0001213900-24-054825,10-K/A,2023-12-31,28678,5,1.743,0
1784970,0001099910-24-000235,10-Q,2024-03-31,8398,0,0.0,0
1784970,0001099910-24-000189,10-K,2023-12-31,26598,5,1.88,0
1784970,0001099910-24-000152,10-Q/A,2023-09-30,10267,3,2.922,0
1784970,0001099910-23-000212,10-Q,2023-09-30,9860,1,1.014,0
1784970,0001213900-23-069701,10-Q,2023-06-30,11259,8,7.105,0
1784970,0001477932-23-005945,10-Q,2023-03-31,10842,8,7.379,0
1784970,0001477932-23-005290,10-K,2022-12-31,30052,16,5.324,1
1784970,0001477932-22-008851,10-Q,2022-09-30,11402,8,7.016,0
1784970,0001477932-22-006144,10-Q,2022-06-30,11115,8,7.197,0
1784970,0001477932-22-003830,10-Q,2022-03-31,10654,8,7.509,0
1784970,0001477932-22-002322,10-K,2021-12-31,24783,14,5.649,0
1784970,0001477932-22-001655,10-Q/A,2021-09-30,10044,7,6.969,0
1784970,0001477932-21-008634,10-Q,2021-09-30,10002,7,6.999,0
1784970,0001477932-21-005615,10-Q,2021-06-30,9603,7,7.289,0
1784970,0001477932-21-003679,10-Q,2021-03-31,8361,7,8.372,0
1784970,0001477932-21-001894,10-K,2020-12-31,18031,11,6.101,0
1784970,0001477932-20-007316,10-Q/A,2020-09-30,8257,0,0.0,0
1784970,0001477932-20-007037,10-Q,2020-09-30,8011,0,0.0,0
1784970,0001477932-20-004993,10-Q,2020-06-30,6263,0,0.0,0
1784970,0001477932-20-003690,10-Q,2020-03-31,5857,0,0.0,0
1784970,0001477932-20-001116,10-K,2019-12-31,9694,3,3.095,0
1784970,0001477932-19-006432,10-Q,2019-09-30,4690,2,4.264,0
1794905,0001794905-23-000048,10-Q,2023-03-31,26267,0,0.0,0
1794905,0001794905-23-000036,10-K/A,2022-12-31,14716,3,2.039,0
1794905,0001794905-23-000010,10-K,2022-12-31,63489,1,0.158,0
1794905,0001794905-22-000122,10-Q,2022-09-30,27998,0,0.0,0
1794905,0001794905-22-000083,10-Q,2022-06-30,27297,0,0.0,0
1794905,0001794905-22-000045,10-Q,2022-03-31,26040,0,0.0,0
1794905,0001794905-22-000022,10-K,2021-12-31,70740,3,0.424,0
1794905,0001794905-21-000013,10-Q,2021-09-30,26179,0,0.0,0
1794905,0001193125-21-228149,10-Q,2021-06-30,20317,0,0.0,0
1794905,0001104659-21-072462,10-Q,2021-03-31,19207,0,0.0,0
1794905,0001104659-21-065380,10-K/A,2020-12-31,77907,0,0.0,0
1794905,0001104659-21-036308,10-K,2020-12-31,72310,0,0.0,0
1794905,0001104659-20-125457,10-Q,2020-09-30,15124,0,0.0,0
1799332,0001641172-25-009454,10-Q,2025-03-31,21211,0,0.0,0
1799332,0001493152-25-010404,10-K,2024-12-31,48853,0,0.0,0
1799332,0001493152-24-044300,10-Q,2024-09-30,24969,0,0.0,0
1799332,0001493152-24-030983,10-Q,2024-06-30,24164,0,0.0,0
1799332,0001493152-24-018495,10-Q,2024-03-31,21295,0,0.0,0
1799332,0001493152-24-016995,10-K/A,2023-12-31,8052,0,0.0,0
1799332,0001493152-24-009759,10-K,2023-12-31,52970,0,0.0,0
1799332,0001493152-23-040143,10-Q,2023-09-30,25796,0,0.0,0
1799332,0001493152-23-027388,10-Q,2023-06-30,24865,0,0.0,0
1799332,0001493152-23-016222,10-Q,2023-03-31,21445,0,0.0,0
1799332,0001493152-23-012201,10-K,2022-12-31,53082,0,0.0,0
1799332,0001493152-22-032240,10-Q,2022-09-30,25435,0,0.0,0
1799332,0001493152-22-023014,10-Q,2022-06-30,25425,0,0.0,0
1799332,0001493152-22-013941,10-Q,2022-03-31,19565,0,0.0,0
1799332,0001493152-22-010132,10-K,2021-12-31,51767,0,0.0,0
1799332,0001493152-22-010090,10-Q/A,2021-09-30,24773,0,0.0,0
1799332,0001493152-22-010087,10-Q/A,2021-06-30,25390,0,0.0,0
1799332,0001493152-22-010084,10-Q/A,2021-03-31,21724,0,0.0,0
1799332,0001493152-21-028228,10-Q,2021-09-30,21886,0,0.0,0
1799332,0001799332-21-000014,10-Q,2021-06-30,22284,0,0.0,0
1799332,0001628280-21-010524,10-Q,2021-03-31,18752,0,0.0,0
1799332,0001493152-21-007491,10-K,2020-12-31,50599,0,0.0,0
1800227,0001193125-26-138027,10-K/A,2025-12-31,26428,2,0.757,0
1800227,0001628280-26-009997,10-K,2025-12-31,78947,36,4.56,0
1800227,0001628280-25-048244,10-Q,2025-09-30,35675,7,1.962,1
1800227,0001800227-25-000124,10-Q,2025-06-30,34004,3,0.882,1
1800227,0001800227-25-000028,10-Q,2025-03-31,26617,3,1.127,1
1800227,0001104659-25-041418,10-K/A,2024-12-31,26691,1,0.375,0
1800227,0001800227-25-000013,10-K,2024-12-31,98806,14,1.417,1
1800227,0001800227-24-000046,10-Q,2024-09-30,35172,3,0.853,1
1800227,0001800227-24-000039,10-Q,2024-06-30,33264,3,0.902,1
1800227,0001800227-24-000024,10-Q,2024-03-31,26449,2,0.756,1
1800227,0001800227-24-000011,10-K,2023-12-31,96765,3,0.31,1
1800227,0001800227-23-000034,10-Q,2023-09-30,37924,0,0.0,0
1800227,0001800227-23-000028,10-Q,2023-06-30,36460,0,0.0,0
1800227,0001800227-23-000016,10-Q,2023-03-31,30370,2,0.659,1
1800227,0001800227-23-000009,10-K,2022-12-31,98087,1,0.102,0
1800227,0001800227-22-000038,10-Q,2022-09-30,39778,0,0.0,0
1800227,0001800227-22-000027,10-Q,2022-06-30,39371,0,0.0,0
1800227,0001800227-22-000018,10-Q,2022-03-31,30057,0,0.0,0
1800227,0001800227-22-000007,10-K,2021-12-31,91898,0,0.0,0
1800227,0001800227-21-000024,10-Q,2021-09-30,39799,0,0.0,0
1800227,0001800227-21-000021,10-Q,2021-06-30,38195,0,0.0,0
1800227,0001800227-21-000010,10-Q,2021-03-31,33059,0,0.0,0
1800227,0001800227-21-000004,10-K,2020-12-31,83132,0,0.0,0
1800227,0001800227-20-000022,10-Q,2020-09-30,40112,0,0.0,0
1800227,0001800227-20-000012,10-Q,2020-06-30,39147,0,0.0,0
1800227,0001800227-20-000004,10-Q,2020-03-31,32573,0,0.0,0
1800347,0000950170-25-095025,10-Q,2025-05-31,26896,0,0.0,0
1800347,0000950170-25-060216,10-K,2025-02-28,73881,29,3.925,1
1800347,0000950170-25-003806,10-Q,2024-11-30,28396,0,0.0,0
1800347,0000950170-24-113759,10-Q,2024-08-31,28004,0,0.0,0
1800347,0000950170-24-082697,10-Q,2024-05-31,22270,0,0.0,0
1800347,0000950170-24-049948,10-K,2024-02-29,79419,6,0.755,0
1800347,0000950170-24-003359,10-Q,2023-11-30,32839,0,0.0,0
1800347,0000950170-23-052657,10-Q,2023-08-31,32330,0,0.0,0
1800347,0000950170-23-032400,10-Q,2023-05-31,26421,0,0.0,0
1800347,0000950170-23-016294,10-K,2023-02-28,90146,6,0.666,0
1800347,0000950170-23-000511,10-Q,2022-11-30,33762,0,0.0,0
1800347,0000950170-22-019442,10-Q,2022-08-31,32308,0,0.0,0
1800347,0000950170-22-012609,10-Q,2022-05-31,25206,0,0.0,0
1800347,0000950170-22-006706,10-K,2022-02-28,84116,6,0.713,0
1800347,0000950170-22-005763,10-K/A,2020-12-31,28376,0,0.0,0
1800347,0000950170-22-000266,10-Q,2021-11-30,31209,0,0.0,0
1800347,0000950170-21-002115,10-Q,2021-08-31,28279,0,0.0,0
1800347,0001564590-21-036600,10-Q,2021-05-31,22470,0,0.0,0
1800347,0001564590-21-029113,10-K,2021-02-28,83397,6,0.719,0
1800347,0001104659-21-061271,10-K,2020-12-31,33682,0,0.0,0
1800347,0001104659-20-125860,10-Q,2020-09-30,16952,0,0.0,0
1800347,0001104659-20-095534,10-Q,2020-06-30,14249,0,0.0,0
1800347,0001104659-20-070367,10-Q,2020-03-31,13055,0,0.0,0
1800392,0001829126-23-003141,10-Q,2023-03-31,21798,0,0.0,0
1800392,0001829126-23-002347,10-K,2022-12-31,72476,26,3.587,0
1800392,0001829126-22-019444,10-Q,2022-09-30,18831,0,0.0,0
1800392,0001829126-22-015804,10-Q,2022-06-30,18198,0,0.0,0
1800392,0001829126-22-010974,10-Q,2022-03-31,17059,0,0.0,0
1800392,0001829126-22-006763,10-K,2021-12-31,76100,0,0.0,0
1800392,0001829126-22-000984,10-Q/A,2021-06-30,19727,0,0.0,0
1800392,0001829126-22-000982,10-Q/A,2021-03-31,19354,0,0.0,0
1800392,0001829126-21-014170,10-Q,2021-09-30,17037,0,0.0,0
1800392,0001829126-21-008065,10-Q,2021-06-30,16214,0,0.0,0
1800392,0001104659-21-068222,10-Q,2021-03-31,16592,0,0.0,0
1800392,0001104659-21-043422,10-K,2020-12-31,53521,0,0.0,0
1801602,0001213900-26-051103,10-K/A,2025-12-31,14851,2,1.347,0
1801602,0001213900-26-034944,10-K,2025-12-31,56655,0,0.0,0
1801602,0001213900-25-110172,10-Q,2025-09-30,20199,0,0.0,0
1801602,0001213900-25-075869,10-Q,2025-06-30,20098,0,0.0,0
1801602,0001213900-25-042867,10-Q,2025-03-31,17903,0,0.0,0
1801602,0001213900-25-037745,10-K/A,2024-12-31,15873,2,1.26,0
1801602,0001013762-25-003507,10-K,2024-12-31,54897,0,0.0,0
1801602,0001213900-25-020759,10-K/A,2023-12-31,15226,0,0.0,0
1801602,0001213900-24-097606,10-Q,2024-09-30,19649,0,0.0,0
1801602,0001213900-24-068301,10-Q,2024-06-30,19399,0,0.0,0
1801602,0001628280-24-023235,10-Q,2024-03-31,16988,0,0.0,0
1801602,0001628280-24-013998,10-K,2023-12-31,59673,0,0.0,0
1801602,0001628280-23-038706,10-Q,2023-09-30,23074,0,0.0,0
1801602,0001628280-23-028887,10-Q,2023-06-30,21843,0,0.0,0
1801602,0001801602-23-000036,10-Q,2023-03-31,17783,0,0.0,0
1801602,0001801602-23-000028,10-K,2022-12-31,61118,0,0.0,0
1801602,0001801602-22-000034,10-Q,2022-09-30,20827,0,0.0,0
1801602,0001801602-22-000024,10-Q/A,2022-06-30,47389,0,0.0,0
1801602,0001801602-22-000009,10-Q,2022-06-30,46176,0,0.0,0
1801602,0001140361-22-019421,10-Q,2022-03-31,20573,0,0.0,0
1801602,0001140361-22-016001,10-K/A,2021-12-31,78137,0,0.0,0
1801602,0001140361-22-009138,10-K,2021-12-31,77895,0,0.0,0
1801602,0001140361-21-042215,10-Q/A,2021-09-30,17814,0,0.0,0
1801602,0001140361-21-037686,10-Q,2021-09-30,15466,0,0.0,0
1801602,0001140361-21-028318,10-Q,2021-06-30,14746,0,0.0,0
1801602,0001140361-21-019768,10-Q,2021-03-31,15056,0,0.0,0
1801661,0001801661-26-000020,10-K,2025-12-31,66345,97,14.621,1
1801661,0001801661-25-000072,10-Q,2025-09-30,21960,7,3.188,0
1801661,0001801661-25-000071,10-Q,2025-06-30,21810,7,3.21,0
1801661,0001801661-25-000070,10-Q,2025-03-31,19987,7,3.502,0
1801661,0001801661-25-000050,10-K,2024-12-31,82493,27,3.273,0
1801661,0001801661-24-000141,10-Q,2024-09-30,26686,3,1.124,0
1801661,0001801661-24-000104,10-Q,2024-06-30,25474,3,1.178,0
1801661,0001801661-24-000102,10-Q,2024-03-31,23982,2,0.834,0
1801661,0001801661-24-000100,10-K,2023-12-31,78215,10,1.279,0
1801661,0001628280-23-037874,10-Q,2023-09-30,25154,0,0.0,0
1801661,0001801661-23-000030,10-Q,2023-06-30,24102,0,0.0,0
1801661,0001801661-23-000009,10-Q,2023-03-31,21902,0,0.0,0
1801661,0001801661-23-000005,10-K,2022-12-31,81508,1,0.123,0
1801661,0001801661-22-000009,10-Q,2022-09-30,29094,0,0.0,0
1801661,0001628280-22-021059,10-Q,2022-06-30,24549,0,0.0,0
1801661,0001628280-22-013100,10-Q,2022-03-31,20873,0,0.0,0
1801661,0001628280-22-004552,10-K,2021-12-31,64473,1,0.155,0
1801661,0001628280-21-022522,10-Q,2021-09-30,27424,0,0.0,0
1801661,0001628280-21-016324,10-Q,2021-06-30,22166,0,0.0,0
1801661,0001628280-21-010349,10-Q,2021-03-31,18908,0,0.0,0
1801661,0001628280-21-010194,10-K/A,2020-12-31,63348,1,0.158,0
1801661,0001628280-21-004659,10-K,2020-12-31,67093,2,0.298,0
1801661,0001104659-20-125504,10-Q,2020-09-30,13977,0,0.0,0
1801661,0001104659-20-094645,10-Q,2020-06-30,10573,0,0.0,0
1801661,0001104659-20-058139,10-Q,2020-03-31,10074,0,0.0,0
1802450,0001193125-25-288180,10-Q,2025-09-30,49553,5,1.009,0
1802450,0001802450-25-000017,10-Q,2025-06-30,43977,5,1.137,0
1802450,0000950170-25-072820,10-Q,2025-03-31,45282,5,1.104,0
1802450,0000950170-25-054434,10-K,2024-12-31,114797,22,1.916,0
1802450,0000950170-24-127034,10-Q,2024-09-30,47280,0,0.0,0
1802450,0000950170-24-097154,10-Q,2024-06-30,45512,0,0.0,0
1802450,0000950170-24-060463,10-Q,2024-03-31,40307,0,0.0,0
1802450,0000950170-24-044197,10-K,2023-12-31,110110,2,0.182,0
1802450,0000950170-23-063845,10-Q,2023-09-30,41540,0,0.0,0
1802450,0000950170-23-045529,10-Q,2023-06-30,37425,0,0.0,0
1802450,0000950170-23-043270,10-Q,2023-03-31,34381,0,0.0,0
1802450,0000950170-23-034839,10-K,2022-12-31,89597,2,0.223,0
1802450,0000950170-22-024524,10-Q,2022-09-30,31738,0,0.0,0
1802450,0000950170-22-017118,10-Q,2022-06-30,61104,0,0.0,0
1802450,0001410578-22-001799,10-Q,2022-03-31,20744,0,0.0,0
1802450,0001140361-22-013437,10-K/A,2021-12-31,75858,0,0.0,0
1802450,0001140361-22-008247,10-K,2021-12-31,74498,0,0.0,0
1802450,0001104659-21-146901,10-K/A,2020-12-31,74544,3,0.402,0
1802450,0001104659-21-139330,10-Q,2021-09-30,22182,0,0.0,0
1802450,0001104659-21-103713,10-Q,2021-06-30,17235,0,0.0,0
1802450,0001104659-21-071315,10-Q,2021-03-31,13697,0,0.0,0
1802450,0001104659-21-069375,10-K/A,2020-12-31,73277,3,0.409,0
1802450,0001104659-21-044829,10-K,2020-12-31,68287,3,0.439,0
1802450,0001104659-20-125503,10-Q,2020-09-30,12471,0,0.0,0
1802450,0001104659-20-108896,10-Q,2020-06-30,11478,0,0.0,0
1805833,0001805833-26-000018,10-K/A,2025-12-31,15101,0,0.0,0
1805833,0001805833-26-000014,10-K,2025-12-31,60617,37,6.104,0
1805833,0001805833-25-000015,10-Q,2025-09-30,16124,4,2.481,0
1805833,0001805833-25-000008,10-Q,2025-06-30,15245,0,0.0,0
1805833,0001628280-25-022712,10-Q,2025-03-31,13084,0,0.0,0
1805833,0001628280-25-020027,10-K/A,2024-12-31,15684,0,0.0,0
1805833,0001628280-25-011690,10-K,2024-12-31,64374,28,4.35,0
1805833,0001628280-24-046309,10-Q,2024-09-30,20303,0,0.0,0
1805833,0001628280-24-041475,10-K/A,2023-12-31,1441,0,0.0,0
1805833,0001628280-24-036195,10-Q,2024-06-30,19614,0,0.0,0
1805833,0001805833-24-000079,10-Q,2024-03-31,16770,0,0.0,0
1805833,0001805833-24-000041,10-K,2023-12-31,77921,28,3.593,0
1805833,0001805833-23-000174,10-Q,2023-09-30,32707,0,0.0,0
1805833,0001805833-23-000146,10-Q,2023-06-30,25822,0,0.0,0
1805833,0001805833-23-000112,10-Q,2023-03-31,20918,0,0.0,0
1805833,0001805833-23-000078,10-K,2022-12-31,87596,3,0.342,0
1805833,0001805833-23-000076,10-Q/A,2022-09-30,50527,0,0.0,0
1805833,0001805833-23-000074,10-Q/A,2022-06-30,47622,0,0.0,0
1805833,0001805833-23-000072,10-Q/A,2022-03-31,46865,0,0.0,0
1805833,0001805833-22-000066,10-Q,2022-09-30,34622,0,0.0,0
1805833,0001805833-22-000037,10-Q,2022-06-30,32860,0,0.0,0
1805833,0001805833-22-000014,10-Q,2022-03-31,32209,0,0.0,0
1805833,0001104659-22-040410,10-K,2021-12-31,69895,2,0.286,0
1805833,0001104659-21-145306,10-K/A,2020-12-31,70443,0,0.0,0
1805833,0001104659-21-140097,10-Q,2021-09-30,24974,0,0.0,0
1805833,0001104659-21-108600,10-Q,2021-06-30,22231,0,0.0,0
1805833,0001104659-21-088676,10-Q,2021-03-31,15633,0,0.0,0
1805833,0001104659-21-084703,10-K/A,2020-12-31,67645,0,0.0,0
1805833,0001104659-21-068623,10-K/A,2020-12-31,66633,0,0.0,0
1805833,0001104659-21-045771,10-K,2020-12-31,60271,0,0.0,0
1805833,0001104659-20-124461,10-Q,2020-09-30,12785,0,0.0,0
1805833,0001104659-20-095520,10-Q,2020-06-30,13304,0,0.0,0
1809519,0001809519-26-000031,10-K,2025-12-31,78136,44,5.631,0
1809519,0001809519-25-000143,10-Q,2025-09-30,20277,2,0.986,0
1809519,0001809519-25-000117,10-Q,2025-06-30,17705,1,0.565,0
1809519,0001809519-25-000075,10-Q,2025-03-31,15754,1,0.635,0
1809519,0001809519-25-000040,10-K,2024-12-31,78228,43,5.497,0
1809519,0001809519-24-000196,10-Q,2024-09-30,17180,0,0.0,0
1809519,0001809519-24-000164,10-Q,2024-06-30,16615,0,0.0,0
1809519,0001809519-24-000083,10-Q,2024-03-31,13541,0,0.0,0
1809519,0001809519-24-000032,10-K,2023-12-31,78133,24,3.072,0
1809519,0001809519-23-000036,10-Q,2023-09-30,24816,0,0.0,0
1809519,0001628280-23-028506,10-Q,2023-06-30,22445,0,0.0,0
1809519,0000950170-23-020322,10-Q,2023-03-31,17483,0,0.0,0
1809519,0000950170-23-005262,10-K,2022-12-31,76822,2,0.26,0
1809519,0000950170-22-023383,10-Q,2022-09-30,21740,0,0.0,0
1809519,0000950170-22-015653,10-Q,2022-06-30,18815,0,0.0,0
1809519,0000950170-22-008622,10-Q,2022-03-31,15099,0,0.0,0
1809519,0000950170-22-002348,10-K,2021-12-31,76391,2,0.262,0
1809519,0000950170-21-004182,10-Q,2021-09-30,26456,0,0.0,0
1809519,0000950170-21-001392,10-Q,2021-06-30,23306,0,0.0,0
1809519,0001564590-21-027706,10-Q,2021-03-31,19253,0,0.0,0
1809519,0001564590-21-012614,10-K,2020-12-31,97194,2,0.206,0
1809519,0001564590-20-053611,10-Q,2020-09-30,59608,0,0.0,0
1810019,0001810019-26-000015,10-K,2025-12-31,90221,85,9.421,1
1810019,0001810019-25-000153,10-Q,2025-09-30,33030,3,0.908,1
1810019,0001810019-25-000110,10-Q,2025-06-30,31241,3,0.96,1
1810019,0001810019-25-000069,10-Q,2025-03-31,28707,3,1.045,1
1810019,0001810019-25-000043,10-K,2024-12-31,92226,54,5.855,1
1810019,0001810019-24-000159,10-Q,2024-09-30,39295,1,0.254,0
1810019,0001810019-24-000132,10-Q,2024-06-30,36678,1,0.273,0
1810019,0001810019-24-000094,10-Q,2024-03-31,31750,1,0.315,0
1810019,0001810019-24-000042,10-K,2023-12-31,88709,32,3.607,1
1810019,0001810019-23-000164,10-Q,2023-09-30,36175,0,0.0,0
1810019,0001810019-23-000130,10-Q,2023-06-30,31661,0,0.0,0
1810019,0001810019-23-000083,10-Q,2023-03-31,26977,0,0.0,0
1810019,0001810019-23-000034,10-K,2022-12-31,83416,10,1.199,0
1810019,0001810019-22-000164,10-Q,2022-09-30,31831,1,0.314,0
1810019,0001810019-22-000130,10-Q,2022-06-30,28202,1,0.355,0
1810019,0001810019-22-000096,10-Q,2022-03-31,23416,1,0.427,0
1810019,0001810019-22-000036,10-K,2021-12-31,81446,9,1.105,0
1810019,0001810019-21-000193,10-Q,2021-09-30,28618,0,0.0,0
1810019,0001810019-21-000135,10-Q,2021-06-30,27330,0,0.0,0
1810019,0001810019-21-000082,10-Q,2021-03-31,23304,0,0.0,0
1810019,0001810019-21-000038,10-K,2020-12-31,84584,5,0.591,0
1810019,0001810019-20-000047,10-Q,2020-09-30,31230,0,0.0,0
1810019,0001810019-20-000011,10-Q,2020-06-30,30369,0,0.0,0
1811999,0001096906-26-000562,10-K,2025-12-31,18435,0,0.0,0
1811999,0001096906-25-001826,10-Q,2025-09-30,11278,0,0.0,0
1811999,0001096906-25-001317,10-Q,2025-06-30,9573,0,0.0,0
1811999,0001096906-25-001169,10-Q,2025-03-31,8562,0,0.0,0
1811999,0001096906-25-000995,10-K,2024-12-31,14619,0,0.0,0
1811999,0001096906-25-000588,10-Q,2024-09-30,10243,0,0.0,0
1811999,0001096906-24-001727,10-Q,2024-06-30,13464,0,0.0,0
1811999,0001096906-24-001516,10-Q,2024-03-31,11432,0,0.0,0
1811999,0001096906-24-001512,10-K,2023-12-31,21506,2,0.93,1
1811999,0001096906-23-002272,10-Q,2023-09-30,14264,2,1.402,1
1811999,0001096906-23-001545,10-Q,2023-06-30,13047,0,0.0,0
1811999,0001096906-23-001126,10-Q,2023-03-31,11852,0,0.0,0
1811999,0001096906-23-000882,10-K,2022-12-31,23372,0,0.0,0
1811999,0001096906-22-002757,10-Q,2022-09-30,16571,0,0.0,0
1811999,0001096906-22-002040,10-Q,2022-06-30,16186,0,0.0,0
1811999,0001096906-22-001189,10-Q,2022-03-31,13005,0,0.0,0
1811999,0001096906-22-000930,10-K,2021-12-31,23950,0,0.0,0
1811999,0001096906-21-002686,10-Q,2021-09-30,13479,0,0.0,0
1811999,0001096906-21-002143,10-Q,2021-06-30,12865,0,0.0,0
1811999,0001096906-21-001190,10-Q,2021-03-31,10819,0,0.0,0
1811999,0001096906-21-000951,10-K,2020-12-31,22581,0,0.0,0
1811999,0001096906-20-000360,10-Q,2020-09-30,11026,0,0.0,0
1815632,0001654954-24-006613,10-Q,2024-03-31,13149,0,0.0,0
1815632,0001654954-24-003327,10-Q,2023-12-31,13407,0,0.0,0
1815632,0001654954-24-000695,10-Q,2023-09-30,11894,0,0.0,0
1815632,0001654954-24-000687,10-K,2023-06-30,33306,0,0.0,0
1815632,0001654954-23-008642,10-Q,2023-03-31,19528,0,0.0,0
1815632,0001654954-23-004517,10-Q,2022-12-31,17680,0,0.0,0
1815632,0001654954-23-003217,10-Q/A,2022-09-30,16424,0,0.0,0
1815632,0001654954-23-002031,10-Q/A,2022-09-30,15667,0,0.0,0
1815632,0001654954-22-015592,10-Q,2022-09-30,13705,0,0.0,0
1815632,0001654954-22-015167,10-K,2022-06-30,26912,0,0.0,0
1815632,0001654954-22-014460,10-Q/A,2022-03-31,12365,0,0.0,0
1815632,0001654954-22-013977,10-Q/A,2022-03-31,12378,0,0.0,0
1815632,0001654954-22-006791,10-Q,2022-03-31,12114,0,0.0,0
1815632,0001654954-22-005747,10-Q/A,2021-12-31,11280,0,0.0,0
1815632,0001654954-22-005746,10-K/A,2021-06-30,22319,0,0.0,0
1815632,0001654954-22-001595,10-Q,2021-12-31,10691,0,0.0,0
1815632,0001654954-21-012115,10-Q,2021-09-30,10440,0,0.0,0
1815632,0001654954-21-010487,10-K,2021-06-30,21411,0,0.0,0
1815632,0001654954-21-005910,10-Q,2021-03-31,10026,0,0.0,0
1815632,0001654954-21-001695,10-Q,2020-12-31,9634,0,0.0,0
1815632,0001654954-20-012330,10-Q,2020-09-30,8146,0,0.0,0
1819928,0001104659-26-020499,10-K,2025-12-31,61481,59,9.596,1
1819928,0001104659-25-108136,10-Q,2025-09-30,20659,3,1.452,0
1819928,0001558370-25-010293,10-Q,2025-06-30,19257,3,1.558,0
1819928,0001558370-25-006973,10-Q,2025-03-31,16794,3,1.786,0
1819928,0001558370-25-001814,10-K,2024-12-31,61109,49,8.018,1
1819928,0001558370-24-014636,10-Q,2024-09-30,19903,4,2.01,0
1819928,0001558370-24-010381,10-Q,2024-06-30,18083,4,2.212,0
1819928,0001558370-24-007053,10-Q,2024-03-31,14770,4,2.708,0
1819928,0001558370-24-002008,10-K,2023-12-31,64277,47,7.312,1
1819928,0001558370-23-018618,10-Q,2023-09-30,18941,3,1.584,0
1819928,0001558370-23-012568,10-Q,2023-06-30,17097,1,0.585,0
1819928,0001558370-23-009125,10-Q,2023-03-31,14583,0,0.0,0
1819928,0001558370-23-002596,10-K,2022-12-31,65453,4,0.611,0
1819928,0001558370-22-016885,10-Q,2022-09-30,21381,0,0.0,0
1819928,0001558370-22-011871,10-Q,2022-06-30,20918,0,0.0,0
1819928,0001558370-22-008097,10-Q,2022-03-31,17825,0,0.0,0
1819928,0001558370-22-003061,10-K,2021-12-31,64893,4,0.616,0
1819928,0001558370-21-015286,10-Q,2021-09-30,21869,0,0.0,0
1819928,0001558370-21-009628,10-Q,2021-06-30,20199,0,0.0,0
1819928,0001558370-21-007745,10-Q,2021-03-31,16453,0,0.0,0
1820144,0001820144-26-000007,10-K,2025-12-31,81534,124,15.208,1
1820144,0001820144-25-000039,10-Q,2025-09-30,26578,12,4.515,1
1820144,0001820144-25-000035,10-Q,2025-06-30,25718,64,24.885,1
1820144,0001820144-25-000025,10-Q,2025-03-31,22099,11,4.978,1
1820144,0001820144-25-000018,10-K/A,2024-12-31,21962,12,5.464,1
1820144,0001820144-25-000013,10-K,2024-12-31,73537,109,14.822,1
1820144,0001820144-24-000054,10-Q,2024-09-30,25033,31,12.384,1
1820144,0001820144-24-000041,10-Q,2024-06-30,23433,8,3.414,1
1820144,0001820144-24-000024,10-Q,2024-03-31,20290,3,1.479,0
1820144,0001820144-24-000017,10-K/A,2023-12-31,25738,3,1.166,0
1820144,0001820144-24-000011,10-K,2023-12-31,73280,68,9.279,1
1820144,0001820144-23-000018,10-Q,2023-09-30,24636,1,0.406,0
1820144,0001820144-23-000013,10-Q,2023-06-30,24863,1,0.402,0
1820144,0001820144-23-000009,10-Q,2023-03-31,21176,1,0.472,0
1820144,0001820144-23-000005,10-K,2022-12-31,89687,3,0.334,0
1820144,0001140361-22-040297,10-Q,2022-09-30,24529,0,0.0,0
1820144,0001140361-22-028981,10-Q,2022-06-30,22527,0,0.0,0
1820144,0001140361-22-019386,10-Q,2022-03-31,20495,0,0.0,0
1820144,0001140361-22-010575,10-K,2021-12-31,65260,0,0.0,0
1820144,0001140361-21-043239,10-Q/A,2021-09-30,19518,0,0.0,0
1820144,0001140361-21-043231,10-K/A,2020-12-31,63785,0,0.0,0
1820144,0001140361-21-037480,10-Q,2021-09-30,16996,0,0.0,0
1820144,0001140361-21-028290,10-Q,2021-06-30,16236,0,0.0,0
1820144,0001140361-21-021816,10-Q,2021-03-31,15075,0,0.0,0
1820144,0001140361-21-021814,10-K/A,2020-12-31,62602,0,0.0,0
1820144,0001140361-21-010832,10-K,2020-12-31,56788,0,0.0,0
1820144,0001140361-21-000322,10-Q,2020-09-30,12344,0,0.0,0
1823593,0001628280-23-037959,10-Q,2023-09-30,18287,2,1.094,0
1823593,0001628280-23-033120,10-Q,2023-06-30,16141,0,0.0,0
1823593,0001628280-23-033119,10-Q,2023-03-31,14788,0,0.0,0
1823593,0001628280-23-032944,10-K/A,2022-12-31,1285,0,0.0,0
1823593,0001628280-23-031648,10-K,2022-12-31,88213,12,1.36,0
1823593,0001628280-23-024993,10-Q,2022-09-30,47435,7,1.476,0
1823593,0001628280-22-021514,10-Q,2022-06-30,38219,8,2.093,0
1823593,0001628280-22-012086,10-Q,2022-03-31,38245,8,2.092,0
1823593,0001628280-22-003549,10-K,2021-12-31,57640,13,2.255,0
1823593,0001628280-21-021564,10-Q,2021-09-30,42228,9,2.131,0
1823593,0001564590-21-041788,10-Q,2021-06-30,41500,9,2.169,0
1823593,0001564590-21-026171,10-Q,2021-03-31,38071,9,2.364,0
1824920,0001193125-26-071562,10-K,2025-12-31,75341,18,2.389,1
1824920,0001193125-25-266942,10-Q,2025-09-30,27427,0,0.0,0
1824920,0000950170-25-104066,10-Q,2025-06-30,55170,11,1.994,1
1824920,0000950170-25-065699,10-Q,2025-03-31,50258,18,3.582,1
1824920,0000950170-25-027722,10-K,2024-12-31,69292,17,2.453,1
1824920,0000950170-24-122305,10-Q,2024-09-30,49299,9,1.826,1
1824920,0000950170-24-092782,10-Q,2024-06-30,49484,9,1.819,1
1824920,0000950170-24-057804,10-Q,2024-03-31,47569,9,1.892,1
1824920,0000950170-24-022072,10-K,2023-12-31,70077,16,2.283,1
1824920,0000950170-23-061982,10-Q,2023-09-30,51066,9,1.762,1
1824920,0000950170-23-041364,10-Q,2023-06-30,48708,9,1.848,1
1824920,0001193125-23-142049,10-Q,2023-03-31,46654,4,0.857,0
1824920,0001193125-23-085558,10-K,2022-12-31,67160,9,1.34,0
1824920,0001193125-22-284614,10-Q,2022-09-30,49146,2,0.407,0
1824920,0001193125-22-221299,10-Q,2022-06-30,46796,2,0.427,0
1824920,0001193125-22-151860,10-Q,2022-03-31,42521,0,0.0,0
1824920,0001193125-22-088278,10-K/A,2021-12-31,2829,0,0.0,0
1824920,0001193125-22-086738,10-K,2021-12-31,73185,7,0.956,0
1824920,0001193125-21-329877,10-Q,2021-09-30,44443,0,0.0,0
1824920,0001193125-21-247711,10-Q,2021-06-30,17340,0,0.0,0
1824920,0001193125-21-182981,10-Q,2021-03-31,17191,0,0.0,0
1824920,0001193125-21-182887,10-K/A,2020-12-31,60703,0,0.0,0
1824920,0001193125-21-094052,10-K,2020-12-31,55405,0,0.0,0
1824920,0001193125-20-321478,10-Q,2020-09-30,11461,0,0.0,0
1825452,0001654954-26-003083,10-K,2025-12-31,69926,19,2.717,1
1825452,0001654954-25-013082,10-Q,2025-09-30,24169,0,0.0,0
1825452,0001654954-25-009569,10-Q,2025-06-30,23146,0,0.0,0
1825452,0001654954-25-005773,10-Q,2025-03-31,20567,0,0.0,0
1825452,0001654954-25-004315,10-K,2024-12-31,62412,3,0.481,0
1825452,0001654954-24-014446,10-Q,2024-09-30,19502,0,0.0,0
1825452,0001654954-24-010636,10-Q,2024-06-30,18413,0,0.0,0
1825452,0001654954-24-006689,10-Q,2024-03-31,15081,0,0.0,0
1825452,0001654954-24-004048,10-K,2023-12-31,50629,3,0.593,0
1825452,0001654954-23-014353,10-Q,2023-09-30,17889,0,0.0,0
1825452,0001654954-23-010649,10-Q,2023-06-30,17180,0,0.0,0
1825452,0001654954-23-006588,10-Q,2023-03-31,16021,0,0.0,0
1825452,0001654954-23-004611,10-K,2022-12-31,52111,2,0.384,0
1825452,0001654954-22-015264,10-Q,2022-09-30,16014,0,0.0,0
1826671,0001213900-23-067217,10-Q,2023-06-30,65221,0,0.0,0
1826671,0001213900-23-041265,10-Q,2023-03-31,61381,0,0.0,0
1826671,0001213900-23-021050,10-K,2022-12-31,59539,0,0.0,0
1826671,0001213900-22-071772,10-Q,2022-09-30,21513,0,0.0,0
1826671,0001213900-22-048653,10-Q,2022-06-30,22452,0,0.0,0
1826671,0001213900-22-027154,10-Q,2022-03-31,16482,0,0.0,0
1826671,0001213900-22-019276,10-K,2021-12-31,44831,0,0.0,0
1826671,0001213900-21-064216,10-Q/A,2021-09-30,21113,0,0.0,0
1826671,0001213900-21-057744,10-Q,2021-09-30,15359,0,0.0,0
1826671,0001213900-21-042550,10-Q,2021-06-30,14097,0,0.0,0
1826671,0001213900-21-028491,10-Q,2021-03-31,15245,0,0.0,0
1826671,0001213900-21-017854,10-K,2020-12-31,35964,0,0.0,0
1827980,0001628280-23-018153,10-Q,2023-03-31,20741,0,0.0,0
1827980,0001827980-23-000006,10-K,2022-12-31,65877,10,1.518,0
1827980,0001827980-22-000113,10-Q,2022-09-30,23749,0,0.0,0
1827980,0001827980-22-000056,10-Q,2022-06-30,22495,0,0.0,0
1827980,0001827980-22-000009,10-Q,2022-03-31,19541,0,0.0,0
1827980,0001104659-22-036175,10-K,2021-12-31,67399,10,1.484,0
1827980,0001213900-21-061727,10-Q/A,2021-09-30,22606,0,0.0,0
1827980,0001213900-21-057945,10-Q,2021-09-30,19936,0,0.0,0
1827980,0001213900-21-043089,10-Q,2021-06-30,18980,0,0.0,0
1827980,0001213900-21-029184,10-Q,2021-03-31,16119,0,0.0,0
1827980,0001213900-21-021585,10-K,2020-12-31,46233,0,0.0,0
1828016,0001828016-26-000010,10-K,2025-12-31,87819,20,2.277,1
1828016,0001828016-25-000048,10-Q,2025-09-30,28107,3,1.067,0
1828016,0001828016-25-000038,10-Q,2025-06-30,25880,3,1.159,0
1828016,0001828016-25-000026,10-Q,2025-03-31,19373,0,0.0,0
1828016,0001828016-25-000011,10-K,2024-12-31,89076,24,2.694,1
1828016,0001828016-24-000035,10-Q,2024-09-30,19864,0,0.0,0
1828016,0001828016-24-000029,10-Q,2024-06-30,19063,0,0.0,0
1828016,0001828016-24-000019,10-Q,2024-03-31,17049,0,0.0,0
1828016,0001828016-24-000006,10-K,2023-12-31,85038,25,2.94,1
1828016,0001828016-23-000042,10-Q,2023-09-30,20051,0,0.0,0
1828016,0001828016-23-000030,10-Q,2023-06-30,16866,0,0.0,0
1828016,0001828016-23-000023,10-Q,2023-03-31,14990,0,0.0,0
1828016,0001828016-23-000011,10-K,2022-12-31,82463,6,0.728,0
1828016,0001828016-22-000055,10-Q,2022-09-30,23615,0,0.0,0
1828016,0001828016-22-000048,10-Q,2022-06-30,23239,0,0.0,0
1828016,0001828016-22-000039,10-Q,2022-03-31,19197,0,0.0,0
1828016,0001828016-22-000016,10-K,2021-12-31,76616,5,0.653,0
1828016,0001828016-21-000046,10-Q,2021-09-30,52033,0,0.0,0
1828016,0001828016-21-000035,10-Q,2021-06-30,20514,0,0.0,0
1828016,0001828016-21-000027,10-Q,2021-03-31,19032,0,0.0,0
1828016,0001828016-21-000014,10-K,2020-12-31,69951,6,0.858,0
1828108,0001828108-26-000016,10-K,2025-12-31,51844,41,7.908,1
1828108,0001828108-25-000157,10-Q,2025-09-30,11255,1,0.888,0
1828108,0001828108-25-000139,10-Q,2025-06-30,11354,1,0.881,0
1828108,0001828108-25-000087,10-Q,2025-03-31,8741,1,1.144,0
1828108,0001828108-25-000028,10-K,2024-12-31,52710,41,7.778,1
1828108,0001828108-24-000140,10-Q,2024-09-30,9563,0,0.0,0
1828108,0001828108-24-000127,10-Q,2024-06-30,9075,0,0.0,0
1828108,0001828108-24-000112,10-K/A,2023-12-31,13706,0,0.0,0
1828108,0001828108-24-000088,10-Q,2024-03-31,8164,0,0.0,0
1828108,0001828108-24-000028,10-K,2023-12-31,53909,10,1.855,1
1828108,0001828108-23-000219,10-Q,2023-09-30,34535,2,0.579,0
1828108,0001828108-23-000168,10-Q,2023-06-30,34432,2,0.581,0
1828108,0001828108-23-000081,10-Q,2023-03-31,32271,2,0.62,0
1828108,0001828108-23-000020,10-K,2022-12-31,51067,11,2.154,1
1828108,0001828108-22-000129,10-Q,2022-09-30,36036,3,0.833,0
1828108,0001828108-22-000103,10-Q,2022-06-30,35942,3,0.835,0
1828108,0001828108-22-000102,10-K/A,2021-12-31,26411,1,0.379,0
1828108,0001828108-22-000046,10-Q,2022-03-31,34898,3,0.86,0
1828108,0001628280-22-005886,10-K,2021-12-31,56531,14,2.477,1
1828108,0001193125-21-329900,10-Q,2021-09-30,17250,0,0.0,0
1828108,0001193125-21-242866,10-Q,2021-06-30,18726,0,0.0,0
1828108,0001193125-21-162338,10-Q,2021-03-31,15725,0,0.0,0
1828791,0001828791-26-000019,10-K,2025-12-31,76296,90,11.796,1
1828791,0001828791-25-000084,10-K/A,2024-12-31,2111,0,0.0,0
1828791,0001828791-25-000078,10-Q,2025-09-30,50731,51,10.053,1
1828791,0001828791-25-000056,10-Q,2025-06-30,50561,51,10.087,1
1828791,0001828791-25-000020,10-Q,2025-03-31,47149,51,10.817,1
1828791,0001828791-25-000010,10-K,2024-12-31,73467,76,10.345,1
1828791,0001828791-24-000054,10-Q,2024-09-30,48466,24,4.952,1
1828791,0001828791-24-000041,10-Q,2024-06-30,47853,20,4.179,1
1828791,0001828791-24-000024,10-Q,2024-03-31,44401,20,4.504,1
1828791,0001828791-24-000011,10-K,2023-12-31,71622,40,5.585,1
1828791,0001828791-23-000060,10-Q,2023-09-30,46791,18,3.847,1
1828791,0001828791-23-000051,10-Q,2023-06-30,44646,16,3.584,1
1828791,0001828791-23-000041,10-Q,2023-03-31,42254,6,1.42,0
1828791,0001828791-23-000012,10-K,2022-12-31,70339,11,1.564,0
1828791,0001564590-22-037230,10-Q,2022-09-30,24883,0,0.0,0
1828791,0001564590-22-028809,10-Q,2022-06-30,23829,0,0.0,0
1828791,0001564590-22-017525,10-Q,2022-03-31,19607,0,0.0,0
1828791,0001564590-22-009695,10-K,2021-12-31,71788,2,0.279,0
1828791,0001564590-21-056133,10-Q,2021-09-30,22648,0,0.0,0
1828791,0001564590-21-044231,10-Q,2021-06-30,22560,0,0.0,0
1828791,0001564590-21-027966,10-Q,2021-03-31,17157,0,0.0,0
1828791,0001564590-21-014855,10-K,2020-12-31,77622,0,0.0,0
1829280,0001140361-26-018215,10-K/A,2025-12-31,9008,1,1.11,0
1829280,0001140361-26-011752,10-K,2025-12-31,38246,2,0.523,1
1829280,0001140361-25-042313,10-Q,2025-09-30,21491,0,0.0,0
1829280,0001140361-25-031104,10-Q,2025-06-30,20218,0,0.0,0
1829280,0001140361-25-019222,10-Q,2025-03-31,17463,0,0.0,0
1829280,0001140361-25-013493,10-K,2024-12-31,50903,0,0.0,0
1829280,0001140361-24-046511,10-Q,2024-09-30,21015,0,0.0,0
1829280,0001140361-24-037350,10-Q,2024-06-30,19833,0,0.0,0
1829280,0001140361-24-025995,10-Q,2024-03-31,18130,0,0.0,0
1829280,0001140361-24-016673,10-K,2023-12-31,38675,0,0.0,0
1829280,0001140361-23-052529,10-Q,2023-09-30,20873,0,0.0,0
1829280,0001140361-23-039255,10-Q,2023-06-30,20365,0,0.0,0
1829280,0001140361-23-024710,10-Q,2023-03-31,18835,0,0.0,0
1829280,0001140361-23-014888,10-K,2022-12-31,40039,0,0.0,0
1829280,0001140361-22-041418,10-Q,2022-09-30,22971,0,0.0,0
1829280,0001140361-22-029440,10-Q,2022-06-30,22540,0,0.0,0
1829280,0001140361-22-019119,10-Q,2022-03-31,20304,0,0.0,0
1829280,0001140361-22-012185,10-K,2021-12-31,41844,3,0.717,0
1829280,0001140361-21-037949,10-Q,2021-09-30,22187,0,0.0,0
1829280,0001140361-21-028400,10-Q,2021-06-30,20455,0,0.0,0
1829280,0001140361-21-017716,10-Q,2021-03-31,17702,0,0.0,0
1829280,0001140361-21-011044,10-K,2020-12-31,36816,3,0.815,0
1829864,0001829864-26-000012,10-K,2025-12-31,69202,139,20.086,1
1829864,0001829864-25-000132,10-Q,2025-09-30,21991,30,13.642,1
1829864,0001829864-25-000118,10-Q,2025-06-30,23321,30,12.864,1
1829864,0001829864-25-000082,10-Q,2025-03-31,18931,18,9.508,1
1829864,0001829864-25-000016,10-K,2024-12-31,68228,102,14.95,1
1829864,0001829864-24-000162,10-Q,2024-09-30,19519,23,11.783,0
1829864,0001829864-24-000138,10-Q,2024-06-30,18550,23,12.399,0
1829864,0001829864-24-000085,10-Q,2024-03-31,15265,17,11.137,0
1829864,0001829864-24-000011,10-K,2023-12-31,67260,100,14.868,1
1829864,0001829864-23-000123,10-Q,2023-09-30,20334,42,20.655,1
1829864,0001829864-23-000104,10-Q,2023-06-30,20070,42,20.927,1
1829864,0001829864-23-000064,10-Q,2023-03-31,16283,16,9.826,0
1829864,0001829864-23-000011,10-K,2022-12-31,68602,52,7.58,0
1829864,0001829864-22-000136,10-Q,2022-09-30,22701,22,9.691,0
1829864,0001829864-22-000109,10-Q,2022-06-30,21711,22,10.133,0
1829864,0001829864-22-000069,10-Q,2022-03-31,14841,15,10.107,0
1829864,0001829864-22-000019,10-K,2021-12-31,75907,55,7.246,0
1829864,0001829864-21-000027,10-Q,2021-09-30,21426,18,8.401,0
1829864,0001193125-21-243447,10-Q,2021-06-30,23113,18,7.788,0
1830043,0001830043-26-000027,10-K,2025-12-31,85144,92,10.805,1
1830043,0001830043-25-000046,10-Q,2025-09-30,33444,3,0.897,0
1830043,0001628280-25-038861,10-Q,2025-06-30,30094,3,0.997,0
1830043,0000950170-25-069174,10-Q,2025-03-31,25634,1,0.39,0
1830043,0000950170-25-030151,10-K,2024-12-31,87195,71,8.143,1
1830043,0000950170-24-124066,10-Q,2024-09-30,30142,1,0.332,0
1830043,0000950170-24-093910,10-Q,2024-06-30,26708,1,0.374,0
1830043,0000950170-24-057159,10-Q,2024-03-31,24598,1,0.407,0
1830043,0000950170-24-022104,10-K,2023-12-31,86508,45,5.202,1
1830043,0000950170-23-061214,10-Q,2023-09-30,30774,0,0.0,0
1830043,0000950170-23-040479,10-Q,2023-06-30,30385,0,0.0,0
1830043,0000950170-23-018310,10-Q,2023-03-31,26724,0,0.0,0
1830043,0000950170-23-005080,10-K,2022-12-31,92232,10,1.084,0
1830043,0000950170-22-025291,10-Q,2022-09-30,36661,0,0.0,0
1830043,0000950170-22-017124,10-Q,2022-06-30,32326,0,0.0,0
1830043,0000950170-22-010044,10-Q,2022-03-31,28441,0,0.0,0
1830043,0000950170-22-003960,10-K,2021-12-31,86417,10,1.157,0
1830043,0000950170-21-004383,10-Q,2021-09-30,32071,0,0.0,0
1830043,0000950170-21-001439,10-Q,2021-06-30,30509,0,0.0,0
1830043,0001564590-21-028353,10-Q,2021-03-31,28591,0,0.0,0
1830043,0001564590-21-013176,10-K,2020-12-31,99808,6,0.601,0
1830081,0001213900-26-024099,10-K,2025-12-31,64653,42,6.496,1
1830081,0001213900-25-108230,10-Q,2025-09-30,24248,0,0.0,0
1830081,0001213900-25-073910,10-Q,2025-06-30,21788,0,0.0,0
1830081,0001213900-25-041074,10-Q,2025-03-31,18427,0,0.0,0
1830081,0001013762-25-001863,10-K,2024-12-31,68011,27,3.97,1
1830081,0001213900-24-096789,10-Q,2024-09-30,21926,0,0.0,0
1830081,0001213900-24-067682,10-Q,2024-06-30,20484,0,0.0,0
1830081,0001213900-24-042939,10-Q,2024-03-31,15374,0,0.0,0
1830081,0001213900-24-026599,10-K,2023-12-31,52857,1,0.189,0
1830081,0001213900-23-086112,10-Q,2023-09-30,23692,0,0.0,0
1830081,0001213900-23-067009,10-Q,2023-06-30,20209,0,0.0,0
1830081,0001213900-23-039758,10-Q,2023-03-31,15334,0,0.0,0
1830081,0001213900-23-024638,10-K,2022-12-31,51842,1,0.193,0
1830081,0001213900-22-072535,10-Q/A,2022-09-30,43100,1,0.232,0
1830081,0001213900-22-072271,10-Q,2022-09-30,42777,1,0.234,0
1830081,0001213900-22-048088,10-Q,2022-06-30,20835,0,0.0,0
1830081,0001213900-22-027120,10-Q,2022-03-31,18693,0,0.0,0
1830081,0001213900-22-014871,10-K,2021-12-31,50838,0,0.0,0
1830081,0001213900-21-066022,10-Q/A,2021-09-30,19003,0,0.0,0
1830081,0001213900-21-058979,10-Q,2021-09-30,16859,0,0.0,0
1830081,0001213900-21-042083,10-Q,2021-06-30,16873,0,0.0,0
1830081,0001213900-21-026549,10-Q,2021-03-31,15485,0,0.0,0
1833908,0001410578-22-002516,10-Q,2022-06-30,19711,10,5.073,0
1833908,0001410578-22-001790,10-Q,2022-03-31,16058,10,6.227,0
1833908,0001410578-22-001574,10-Q/A,2021-06-30,19322,10,5.175,0
1833908,0001410578-22-001570,10-Q/A,2021-03-31,16716,10,5.982,0
1833908,0001410578-22-001567,10-K,2021-12-31,47073,26,5.523,0
1833908,0001410578-22-001565,10-Q,2021-09-30,21065,10,4.747,0
1833908,0001104659-21-106304,10-Q,2021-06-30,15165,14,9.232,0
1833908,0001104659-21-079431,10-Q,2021-03-31,13772,13,9.439,0
1837014,0001193125-26-089953,10-K,2025-12-31,63664,33,5.183,0
1837014,0001193125-25-265821,10-Q,2025-09-30,32247,0,0.0,0
1837014,0000950170-25-103553,10-Q,2025-06-30,33029,0,0.0,0
1837014,0000950170-25-065034,10-Q,2025-03-31,29025,0,0.0,0
1837014,0000950170-25-033086,10-K,2024-12-31,63474,21,3.308,0
1837014,0000950170-24-121840,10-Q,2024-09-30,31203,0,0.0,0
1837014,0000950170-24-092293,10-Q,2024-06-30,29594,0,0.0,0
1837014,0000950170-24-055086,10-Q,2024-03-31,25018,0,0.0,0
1837014,0000950170-24-025423,10-K,2023-12-31,63447,21,3.31,0
1837014,0000950170-23-059762,10-Q,2023-09-30,27669,0,0.0,0
1837014,0000950170-23-039397,10-Q,2023-06-30,27411,0,0.0,0
1837014,0000950170-23-020584,10-Q,2023-03-31,23576,0,0.0,0
1837014,0000950170-23-019690,10-K/A,2022-12-31,2416,0,0.0,0
1837014,0000950170-23-006749,10-K,2022-12-31,58985,0,0.0,0
1837014,0000950170-22-024509,10-Q,2022-09-30,32788,0,0.0,0
1837014,0000950170-22-016898,10-Q,2022-06-30,31868,0,0.0,0
1837014,0000950170-22-009339,10-Q,2022-03-31,29648,0,0.0,0
1837014,0000950170-22-004604,10-K,2021-12-31,59297,0,0.0,0
1837014,0001564590-21-056235,10-Q,2021-09-30,29066,0,0.0,0
1837014,0001104659-21-105196,10-Q,2021-06-30,14643,0,0.0,0
1837014,0001104659-21-068286,10-Q,2021-03-31,14002,0,0.0,0
1837686,0001837686-25-000110,10-Q,2025-09-30,17479,4,2.288,0
1837686,0001837686-25-000093,10-Q,2025-06-30,15988,4,2.502,0
1837686,0001837686-25-000056,10-Q,2025-03-31,14383,4,2.781,0
1837686,0001837686-25-000024,10-K,2024-12-31,41013,41,9.997,1
1837686,0001837686-24-000110,10-Q,2024-09-30,16850,2,1.187,0
1837686,0001837686-24-000080,10-Q,2024-06-30,16838,2,1.188,0
1837686,0001837686-24-000049,10-Q,2024-03-31,13883,2,1.441,0
1837686,0001837686-24-000021,10-K,2023-12-31,46734,21,4.494,1
1837686,0001837686-23-000027,10-Q,2023-09-30,19617,0,0.0,0
1837686,0001837686-23-000015,10-Q,2023-06-30,16570,0,0.0,0
1837686,0001837686-23-000010,10-Q,2023-03-31,14986,0,0.0,0
1837686,0001837686-23-000006,10-K,2022-12-31,49114,1,0.204,0
1837686,0001837686-22-000026,10-Q,2022-09-30,18765,0,0.0,0
1837686,0001837686-22-000022,10-Q,2022-06-30,18534,0,0.0,0
1837686,0001837686-22-000012,10-Q,2022-03-31,16221,0,0.0,0
1837686,0001837686-22-000006,10-K,2021-12-31,61729,1,0.162,0
1837686,0001837686-21-000020,10-Q,2021-09-30,19925,0,0.0,0
1837686,0001837686-21-000011,10-Q,2021-06-30,20058,0,0.0,0
1837686,0001837686-21-000004,10-Q,2021-03-31,17970,0,0.0,0
1838163,0001493152-26-016954,10-K,2025-12-31,70189,226,32.199,1
1838163,0001493152-25-025022,10-Q,2025-09-30,26800,20,7.463,1
1838163,0001493152-25-017895,10-Q/A,2025-06-30,26685,14,5.246,1
1838163,0001493152-25-017844,10-Q,2025-06-30,25066,14,5.585,1
1838163,0001628280-25-029438,10-Q,2025-03-31,25946,17,6.552,1
1838163,0001838163-25-000005,10-K,2024-12-31,85085,307,36.082,1
1838163,0001838163-24-000016,10-Q,2024-09-30,32942,12,3.643,1
1838163,0001838163-24-000011,10-Q,2024-06-30,25880,13,5.023,1
1838163,0001628280-24-023239,10-Q,2024-03-31,20404,12,5.881,1
1838163,0001193125-24-083577,10-K,2023-12-31,50374,193,38.313,1
1838163,0001193125-23-277118,10-Q,2023-09-30,18915,0,0.0,0
1838163,0001193125-23-212417,10-Q,2023-06-30,17316,0,0.0,0
1838163,0001193125-23-150671,10-Q,2023-03-31,16791,0,0.0,0
1838163,0001193125-23-085720,10-K,2022-12-31,68681,1,0.146,0
1838163,0001193125-22-283571,10-Q,2022-09-30,18995,0,0.0,0
1838163,0001193125-22-220191,10-Q,2022-06-30,20469,0,0.0,0
1838163,0001193125-22-150073,10-Q,2022-03-31,15279,0,0.0,0
1838163,0001193125-22-073440,10-K,2021-12-31,66666,0,0.0,0
1838163,0001193125-21-363640,10-Q/A,2021-09-30,18108,0,0.0,0
1838163,0001193125-21-328272,10-Q,2021-09-30,15095,0,0.0,0
1838163,0001193125-21-247914,10-Q,2021-06-30,15304,0,0.0,0
1838163,0001193125-21-220626,10-Q,2021-03-31,15336,0,0.0,0
1838359,0001104659-26-023454,10-K,2025-12-31,74321,35,4.709,1
1838359,0001104659-25-109141,10-Q,2025-09-30,28987,0,0.0,0
1838359,0001558370-25-011224,10-Q,2025-06-30,28920,0,0.0,0
1838359,0001558370-25-007375,10-Q,2025-03-31,24318,0,0.0,0
1838359,0001558370-25-002499,10-K,2024-12-31,80122,38,4.743,1
1838359,0001558370-24-015139,10-Q,2024-09-30,29296,0,0.0,0
1838359,0001558370-24-011594,10-Q,2024-06-30,28548,0,0.0,0
1838359,0001558370-24-007606,10-Q,2024-03-31,27828,0,0.0,0
1838359,0001558370-24-003234,10-K,2023-12-31,87115,31,3.559,0
1838359,0001558370-23-018559,10-Q,2023-09-30,35938,1,0.278,0
1838359,0001558370-23-014492,10-Q,2023-06-30,35937,1,0.278,0
1838359,0001193125-23-142055,10-Q,2023-03-31,30591,1,0.327,0
1838359,0001193125-23-080486,10-K,2022-12-31,106277,22,2.07,0
1838359,0001193125-22-295450,10-Q/A,2022-06-30,68922,1,0.145,0
1838359,0001193125-22-295445,10-Q/A,2022-03-31,60549,1,0.165,0
1838359,0001193125-22-290115,10-Q,2022-09-30,69068,2,0.29,0
1838359,0001193125-22-218918,10-Q,2022-06-30,62958,1,0.159,0
1838359,0001193125-22-151893,10-Q,2022-03-31,54219,1,0.184,0
1838359,0001564590-22-006345,10-K,2021-12-31,44531,0,0.0,0
1838359,0001564590-21-057055,10-Q,2021-09-30,18886,0,0.0,0
1838359,0001564590-21-044342,10-Q,2021-06-30,16498,0,0.0,0
1838359,0001564590-21-033226,10-Q,2021-03-31,16075,0,0.0,0
1838672,0000950170-24-052196,10-Q,2024-03-31,20899,15,7.177,0
1838672,0000950170-24-048273,10-K/A,2023-12-31,11076,0,0.0,0
1838672,0000950170-24-030136,10-K,2023-12-31,57936,56,9.666,0
1838672,0000950170-23-060400,10-Q,2023-09-30,19285,14,7.26,0
1838672,0000950170-23-038137,10-Q,2023-06-30,18741,14,7.47,0
1838672,0000950170-23-019858,10-Q,2023-03-31,17421,14,8.036,0
1838672,0000950170-23-005868,10-K,2022-12-31,71076,55,7.738,0
1838672,0000950170-22-024495,10-Q,2022-09-30,19543,12,6.14,0
1838672,0000950170-22-016099,10-Q,2022-06-30,18960,12,6.329,0
1838672,0000950170-22-009346,10-Q,2022-03-31,16603,12,7.228,0
1838672,0000950170-22-004082,10-K,2021-12-31,60143,49,8.147,0
1838672,0001104659-21-139450,10-Q,2021-09-30,17366,0,0.0,0
1838672,0001104659-21-131791,10-Q/A,2021-06-30,1687,0,0.0,0
1838672,0001104659-21-100699,10-Q,2021-06-30,16015,0,0.0,0
1838672,0001104659-21-071932,10-Q,2021-03-31,15829,0,0.0,0
1839285,0001213900-26-044671,10-K/A,2025-12-31,24077,9,3.738,0
1839285,0001213900-26-044078,10-K,2025-12-31,60653,47,7.749,1
1839285,0001213900-25-109581,10-Q,2025-09-30,21475,4,1.863,0
1839285,0001213900-25-076686,10-Q,2025-06-30,21132,5,2.366,0
1839285,0001213900-25-045994,10-Q,2025-03-31,18783,5,2.662,0
1839285,0001213900-25-026218,10-K,2024-12-31,50734,31,6.11,0
1839285,0001213900-25-014503,10-K/A,2023-12-31,52798,31,5.871,0
1839285,0001213900-24-098548,10-Q,2024-09-30,20176,7,3.469,0
1839285,0001213900-24-070692,10-Q,2024-06-30,20873,7,3.354,0
1839285,0001213900-24-045251,10-Q,2024-03-31,20068,5,2.492,0
1839285,0001213900-24-023562,10-K,2023-12-31,47881,32,6.683,0
1839285,0001607062-24-000019,10-K/A,2022-12-31,1843,0,0.0,0
1839285,0001607062-23-000487,10-Q,2023-09-30,20189,5,2.477,0
1839285,0001607062-23-000398,10-Q,2023-06-30,19916,6,3.013,0
1839285,0001607062-23-000255,10-Q,2023-03-31,19409,9,4.637,0
1839285,0001607062-23-000154,10-K,2022-12-31,47418,30,6.327,0
1839285,0001607062-22-000662,10-Q,2022-09-30,24020,10,4.163,0
1839285,0001607062-22-000489,10-Q,2022-06-30,24747,10,4.041,0
1839285,0001607062-22-000337,10-Q,2022-03-31,21002,9,4.285,0
1839285,0001607062-22-000176,10-K,2021-12-31,54608,33,6.043,0
1839285,0001607062-21-000559,10-Q/A,2021-09-30,683,0,0.0,0
1839285,0001607062-21-000554,10-Q,2021-09-30,21075,8,3.796,0
1840317,0001213900-26-043667,10-K,2025-12-31,84126,99,11.768,1
1840317,0001213900-25-111013,10-Q,2025-09-30,23479,16,6.815,1
1840317,0001213900-25-078177,10-Q,2025-06-30,21336,16,7.499,1
1840317,0001213900-25-046124,10-Q,2025-03-31,19291,9,4.665,1
1840317,0001213900-25-032215,10-K,2024-12-31,74519,44,5.905,1
1840317,0001213900-24-100269,10-Q,2024-09-30,27177,4,1.472,0
1840317,0001213900-24-077054,10-Q,2024-06-30,26442,0,0.0,0
1840317,0001213900-24-045245,10-Q,2024-03-31,24021,0,0.0,0
1840317,0001213900-24-019042,10-K,2023-12-31,96002,5,0.521,0
1840317,0001213900-23-089625,10-Q,2023-09-30,26546,0,0.0,0
1840317,0001104659-23-093895,10-Q,2023-06-30,23552,0,0.0,0
1840317,0001193125-23-151013,10-Q,2023-03-31,20878,0,0.0,0
1840317,0001193125-23-103855,10-K,2022-12-31,78661,6,0.763,0
1840317,0001193125-22-284816,10-Q/A,2021-09-30,17977,0,0.0,0
1840317,0001193125-22-284659,10-Q,2022-09-30,16530,0,0.0,0
1840317,0001193125-22-220982,10-Q,2022-06-30,16233,0,0.0,0
1840317,0001193125-22-151932,10-Q,2022-03-31,15302,0,0.0,0
1840317,0001193125-22-113668,10-K,2021-12-31,72417,7,0.967,0
1840317,0001193125-21-336877,10-Q,2021-09-30,16608,0,0.0,0
1840317,0001193125-21-247692,10-Q,2021-06-30,15695,0,0.0,0
1840317,0001193125-21-183041,10-Q,2021-03-31,14796,0,0.0,0
1840502,0001840502-26-000004,10-K,2025-12-31,73137,107,14.63,1
1840502,0001840502-25-000081,10-Q,2025-09-30,23090,8,3.465,0
1840502,0001840502-25-000076,10-Q,2025-06-30,22555,8,3.547,0
1840502,0001840502-25-000047,10-Q,2025-03-31,20144,8,3.971,0
1840502,0001840502-25-000019,10-K,2024-12-31,73584,108,14.677,1
1840502,0001140361-24-045484,10-Q,2024-09-30,21836,5,2.29,0
1840502,0001140361-24-035980,10-Q,2024-06-30,21966,5,2.276,0
1840502,0001140361-24-024776,10-Q,2024-03-31,19640,5,2.546,0
1840502,0001140361-24-009866,10-K,2023-12-31,75735,81,10.695,1
1840502,0001140361-23-051968,10-Q,2023-09-30,21934,5,2.28,0
1840502,0001140361-23-038686,10-Q,2023-06-30,21229,5,2.355,0
1840502,0001140361-23-023786,10-Q,2023-03-31,19041,5,2.626,0
1840502,0001140361-23-011303,10-K,2022-12-31,79323,47,5.925,0
1841209,0001829126-23-002986,10-Q,2023-03-31,26433,0,0.0,0
1841209,0001829126-23-002249,10-K/A,2022-12-31,5554,0,0.0,0
1841209,0001829126-23-002018,10-K,2022-12-31,79871,11,1.377,0
1841209,0001829126-22-019119,10-Q,2022-09-30,59644,0,0.0,0
1841209,0001829126-22-015807,10-Q,2022-06-30,18221,0,0.0,0
1841209,0001829126-22-011130,10-Q,2022-03-31,17194,0,0.0,0
1841209,0001829126-22-007172,10-K,2021-12-31,71480,0,0.0,0
1841209,0001829126-22-001216,10-Q/A,2021-06-30,19863,0,0.0,0
1841209,0001829126-21-014258,10-Q,2021-09-30,17947,0,0.0,0
1841209,0001829126-21-008078,10-Q,2021-06-30,16372,0,0.0,0
1842563,0001842563-26-000006,10-K,2025-12-31,9054,4,4.418,0
1842563,0001842563-25-000022,10-Q,2025-09-30,6088,4,6.57,0
1842563,0001842563-25-000017,10-Q,2025-06-30,5929,4,6.747,0
1842563,0001842563-25-000013,10-Q,2025-03-31,5488,4,7.289,0
1842563,0001842563-25-000009,10-K,2024-12-31,9252,4,4.323,0
1842563,0001842563-24-000024,10-Q,2024-09-30,5863,4,6.822,0
1842563,0001842563-24-000020,10-Q,2024-06-30,5810,4,6.885,0
1842563,0001842563-24-000017,10-Q,2024-03-31,5476,4,7.305,0
1842563,0001842563-24-000015,10-K,2023-12-31,9668,4,4.137,0
1842563,0001842563-23-000019,10-Q,2023-09-30,5609,0,0.0,0
1842563,0001842563-23-000014,10-Q,2023-06-30,5611,0,0.0,0
1842563,0001842563-23-000010,10-Q,2023-03-31,5216,0,0.0,0
1842563,0001842563-23-000006,10-K,2022-12-31,8707,0,0.0,0
1842563,0001842563-22-000016,10-Q,2022-09-30,5691,0,0.0,0
1842718,0001842718-25-000109,10-Q,2025-09-30,23449,4,1.706,0
1842718,0001842718-25-000098,10-Q,2025-06-30,20318,4,1.969,0
1842718,0001842718-25-000058,10-Q,2025-03-31,17777,4,2.25,0
1842718,0001842718-25-000023,10-K,2024-12-31,69599,69,9.914,1
1842718,0001842718-24-000111,10-Q,2024-09-30,20201,3,1.485,0
1842718,0001842718-24-000077,10-Q,2024-06-30,19795,3,1.516,0
1842718,0001842718-24-000048,10-Q,2024-03-31,17688,3,1.696,0
1842718,0001842718-24-000013,10-K,2023-12-31,73156,60,8.202,1
1842718,0001842718-23-000095,10-Q,2023-09-30,24286,3,1.235,0
1842718,0001842718-23-000081,10-Q,2023-06-30,23782,3,1.261,0
1842718,0001193125-23-135946,10-K/A,2022-12-31,1200,0,0.0,0
1842718,0001842718-23-000040,10-Q,2023-03-31,20411,3,1.47,0
1842718,0001842718-23-000005,10-K,2022-12-31,73732,19,2.577,0
1842718,0001842718-22-000053,10-Q,2022-09-30,26794,3,1.12,0
1842718,0001842718-22-000031,10-Q,2022-06-30,26567,3,1.129,0
1842718,0001842718-22-000012,10-Q,2022-03-31,22707,3,1.321,0
1842718,0001628280-22-004899,10-K,2021-12-31,76241,20,2.623,0
1842718,0001842718-21-000009,10-Q,2021-09-30,26441,3,1.135,0
1842718,0001193125-21-244853,10-Q,2021-06-30,23248,3,1.29,0
1846069,0001846069-26-000023,10-K,2025-12-31,58751,90,15.319,1
1846069,0001846069-25-000136,10-Q,2025-09-30,46000,61,13.261,1
1846069,0001846069-25-000103,10-Q,2025-06-30,45817,60,13.096,1
1846069,0001846069-25-000061,10-Q,2025-03-31,43474,59,13.571,1
1846069,0001846069-25-000017,10-K,2024-12-31,58017,46,7.929,1
1846069,0001846069-24-000226,10-Q,2024-09-30,44494,30,6.742,1
1846069,0001846069-24-000201,10-Q,2024-06-30,45284,28,6.183,1
1846069,0001846069-24-000127,10-Q,2024-03-31,41165,26,6.316,1
1846069,0001846069-24-000047,10-K,2023-12-31,58801,40,6.803,1
1846069,0001846069-23-000122,10-Q,2023-09-30,43408,25,5.759,1
1846069,0001846069-23-000044,10-Q,2023-06-30,42451,23,5.418,1
1846069,0001846069-23-000029,10-Q,2023-03-31,40760,0,0.0,0
1846069,0001846069-23-000010,10-K,2022-12-31,58767,2,0.34,0
1846069,0001846069-22-000054,10-Q,2022-09-30,46689,0,0.0,0
1846069,0001846069-22-000047,10-Q,2022-06-30,46799,0,0.0,0
1846069,0001846069-22-000024,10-Q,2022-03-31,44018,0,0.0,0
1846069,0001846069-22-000006,10-K,2021-12-31,59415,1,0.168,0
1846069,0001193125-21-318317,10-Q,2021-09-30,15441,0,0.0,0
1846069,0001193125-21-270050,10-Q/A,2021-06-30,14844,0,0.0,0
1846069,0001193125-21-269552,10-Q/A,2021-06-30,14835,0,0.0,0
1846069,0001193125-21-269547,10-Q/A,2021-03-31,15350,0,0.0,0
1846069,0001193125-21-269119,10-Q,2021-06-30,14179,0,0.0,0
1846069,0001193125-21-269117,10-Q/A,2021-03-31,14786,0,0.0,0
1846069,0001193125-21-218462,10-Q/A,2021-03-31,13759,0,0.0,0
1846069,0001193125-21-177374,10-Q,2021-03-31,12204,0,0.0,0
1848672,0001096906-25-001969,10-Q,2025-10-31,9535,33,34.609,1
1848672,0001096906-25-001483,10-Q,2025-07-31,9199,32,34.786,1
1848672,0001096906-25-000955,10-Q,2025-04-30,8514,24,28.189,0
1848672,0001096906-25-000593,10-K,2025-01-31,14247,39,27.374,1
1848672,0001096906-24-002260,10-Q,2024-10-31,9508,26,27.345,0
1848672,0001096906-24-001854,10-Q,2024-07-31,8297,26,31.337,0
1848672,0001096906-24-001373,10-Q,2024-04-30,7863,23,29.251,0
1848672,0001096906-24-001106,10-K/A,2024-01-31,11503,31,26.949,1
1848672,0001096906-24-001101,10-K,2024-01-31,11340,31,27.337,1
1848672,0001096906-23-002346,10-Q,2023-10-31,7242,19,26.236,1
1848672,0001096906-23-001821,10-Q/A,2023-07-31,6789,19,27.986,1
1848672,0001096906-23-001816,10-Q,2023-07-31,6471,19,29.362,1
1848672,0001829126-23-004208,10-Q,2023-04-30,6275,9,14.343,1
1848672,0001848672-23-000007,10-K,2023-01-31,9614,0,0.0,0
1848672,0001848672-22-000024,10-Q,2022-10-31,6520,0,0.0,0
1848672,0001848672-22-000018,10-Q,2022-07-31,6443,0,0.0,0
1848672,0001848672-22-000013,10-Q,2022-04-30,6211,0,0.0,0
1848672,0001848672-22-000008,10-K,2022-01-31,9131,0,0.0,0
1848672,0001848672-22-000003,10-Q/A,2021-10-31,5755,0,0.0,0
1848672,0001848672-21-000020,10-Q,2021-10-31,5626,0,0.0,0
1849635,0001140361-26-018230,10-K/A,2025-12-31,18056,1,0.554,0
1849635,0001140361-26-007174,10-K,2025-12-31,106179,10,0.942,0
1849635,0001140361-25-040977,10-Q,2025-09-30,44080,6,1.361,0
1849635,0001140361-25-028418,10-Q,2025-06-30,39612,1,0.252,0
1849635,0001140361-25-018209,10-Q,2025-03-31,18101,1,0.552,0
1849635,0001140361-25-004822,10-K,2024-12-31,84352,6,0.711,0
1849635,0001140361-24-045260,10-Q,2024-09-30,38621,1,0.259,0
1849635,0001140361-24-036633,10-Q,2024-06-30,39187,1,0.255,0
1849635,0001140361-24-026889,10-Q,2024-03-31,34992,1,0.286,0
1849635,0001140361-24-017385,10-K/A,2023-12-31,22428,0,0.0,0
1849635,0001140361-24-017011,10-K,2023-12-31,87324,2,0.229,0
1849635,0001193125-24-005202,10-K/A,2022-12-31,20166,0,0.0,0
1849635,0001193125-23-282305,10-Q,2023-09-30,19760,0,0.0,0
1849635,0001193125-23-275473,10-Q,2023-06-30,20062,0,0.0,0
1849635,0001193125-23-275201,10-Q,2023-03-31,19388,0,0.0,0
1849635,0001193125-23-265441,10-K/A,2022-12-31,54393,0,0.0,0
1849635,0001193125-23-116102,10-K,2022-12-31,47588,0,0.0,0
1849635,0001193125-22-290078,10-Q,2022-09-30,19512,0,0.0,0
1849635,0001193125-22-226608,10-Q,2022-06-30,18924,0,0.0,0
1849635,0001193125-22-154248,10-Q,2022-03-31,15463,0,0.0,0
1849635,0001193125-22-103731,10-K,2021-12-31,46108,0,0.0,0
1849635,0001410578-21-000402,10-Q,2021-09-30,14698,0,0.0,0
1853084,0001410578-23-000206,10-K,2022-12-31,31323,0,0.0,0
1853084,0001410578-22-003341,10-Q,2022-09-30,15601,0,0.0,0
1853084,0001410578-22-002559,10-Q,2022-06-30,14945,0,0.0,0
1853084,0001410578-22-001785,10-Q,2022-03-31,12768,0,0.0,0
1853084,0001410578-22-000824,10-K,2021-12-31,30609,0,0.0,0
1853084,0001410578-21-000511,10-Q/A,2021-09-30,13406,0,0.0,0
1853084,0001410578-21-000417,10-Q,2021-09-30,13280,0,0.0,0
1853084,0001104659-21-107274,10-Q,2021-06-30,10139,0,0.0,0
1853084,0001104659-21-098956,10-Q,2021-03-31,10772,0,0.0,0
1853138,0001628280-26-016910,10-K,2025-12-31,89187,119,13.343,1
1853138,0001853138-25-000018,10-Q,2025-09-30,59071,63,10.665,1
1853138,0001628280-25-039912,10-Q,2025-06-30,20781,0,0.0,0
1853138,0001628280-25-025871,10-Q,2025-03-31,19931,0,0.0,0
1853138,0001628280-25-012406,10-K,2024-12-31,80150,2,0.25,0
1853138,0001628280-24-047140,10-Q,2024-09-30,15073,0,0.0,0
1853138,0001628280-24-034757,10-Q,2024-06-30,14969,0,0.0,0
1853138,0001628280-24-022660,10-Q,2024-03-31,14625,0,0.0,0
1853138,0001628280-24-007635,10-K,2023-12-31,77809,1,0.129,0
1853138,0001628280-23-037137,10-Q,2023-09-30,14157,0,0.0,0
1853138,0001628280-23-028951,10-Q,2023-06-30,14414,0,0.0,0
1853138,0001628280-23-020688,10-Q,2023-03-31,12290,0,0.0,0
1853825,0001493152-26-016375,10-K,2025-12-31,59254,11,1.856,0
1853825,0001493152-25-023656,10-Q,2025-09-30,19742,0,0.0,0
1853825,0001493152-25-020213,10-K/A,2024-12-31,6102,0,0.0,0
1853825,0001493152-25-011978,10-Q,2025-06-30,21328,0,0.0,0
1853825,0001641172-25-011020,10-Q,2025-03-31,15816,0,0.0,0
1853825,0001641172-25-007768,10-K/A,2024-12-31,12745,0,0.0,0
1853825,0001493152-25-009872,10-K,2024-12-31,36842,0,0.0,0
1853825,0001493152-24-045795,10-Q,2024-09-30,15319,0,0.0,0
1853825,0001493152-24-031275,10-Q,2024-06-30,11743,0,0.0,0
1853825,0001493152-24-019330,10-Q,2024-03-31,11178,0,0.0,0
1853825,0001493152-24-010691,10-K,2023-12-31,29615,0,0.0,0
1853825,0001493152-23-040633,10-Q,2023-09-30,11985,0,0.0,0
1853825,0001493152-23-029584,10-Q,2023-06-30,11760,0,0.0,0
1853825,0001493152-23-029311,10-Q/A,2023-03-31,11014,0,0.0,0
1853825,0001493152-23-029307,10-K/A,2022-12-31,28346,0,0.0,0
1853825,0001493152-23-019116,10-K/A,2022-12-31,27086,0,0.0,0
1853825,0001493152-23-017302,10-Q,2023-03-31,9787,0,0.0,0
1853825,0001493152-23-009881,10-K,2022-12-31,26520,0,0.0,0
1853825,0001493152-22-032093,10-Q,2022-09-30,10506,0,0.0,0
1853825,0001903596-22-000485,10-Q,2022-06-30,6990,0,0.0,0
1853825,0001903596-22-000264,10-Q,2022-03-31,6138,0,0.0,0
1853825,0001903596-22-000067,10-K,2021-12-31,20065,0,0.0,0
1853825,0001721868-21-000735,10-Q,2021-09-30,6486,0,0.0,0
1853825,0001721868-21-000468,10-Q,2021-06-30,6494,0,0.0,0
1854445,0001493152-26-006951,10-Q,2025-12-31,13516,2,1.48,0
1854445,0001493152-25-022290,10-Q,2025-09-30,10970,2,1.823,0
1854445,0001493152-25-016073,10-K,2025-06-30,41371,14,3.384,0
1854445,0001641172-25-010548,10-Q,2025-03-31,15228,2,1.313,0
1854445,0001493152-25-006263,10-Q,2024-12-31,15540,2,1.287,0
1854445,0001493152-24-045846,10-Q,2024-09-30,14732,2,1.358,0
1854445,0001493152-24-038786,10-K,2024-06-30,46521,7,1.505,0
1854445,0001493152-24-019832,10-Q,2024-03-31,17113,1,0.584,0
1854445,0001493152-24-006634,10-Q,2023-12-31,17238,4,2.32,0
1854445,0001493152-23-041074,10-Q,2023-09-30,15427,0,0.0,0
1854445,0001493152-23-034869,10-K/A,2023-06-30,49923,5,1.002,0
1854445,0001493152-23-034624,10-K,2023-06-30,49812,5,1.004,0
1854445,0001493152-23-017323,10-Q,2023-03-31,19275,0,0.0,0
1854445,0001493152-23-004872,10-Q,2022-12-31,17854,0,0.0,0
1854445,0001493152-22-032032,10-Q,2022-09-30,15713,0,0.0,0
1854445,0001493152-22-027032,10-K,2022-06-30,45784,2,0.437,0
1854445,0001493152-22-013773,10-Q,2022-03-31,16447,0,0.0,0
1854445,0001493152-22-004437,10-Q,2021-12-31,15508,0,0.0,0
1854445,0001493152-21-028559,10-Q,2021-09-30,13244,0,0.0,0
1854445,0001493152-21-023976,10-K,2021-06-30,42130,3,0.712,0
1855747,0001855747-26-000016,10-K,2025-12-31,83109,24,2.888,0
1855747,0001855747-25-000092,10-Q,2025-09-30,61671,22,3.567,0
1855747,0001855747-25-000069,10-Q,2025-06-30,60766,22,3.62,0
1855747,0001855747-25-000041,10-Q,2025-03-31,57124,22,3.851,0
1855747,0001855747-25-000017,10-K,2024-12-31,85362,22,2.577,0
1855747,0001855747-24-000085,10-Q,2024-09-30,64062,24,3.746,0
1855747,0001855747-24-000071,10-Q,2024-06-30,62208,24,3.858,0
1855747,0001855747-24-000050,10-Q,2024-03-31,58193,21,3.609,0
1855747,0001855747-24-000015,10-K,2023-12-31,84720,18,2.125,0
1855747,0001855747-23-000073,10-Q,2023-09-30,61814,0,0.0,0
1855747,0001855747-23-000053,10-Q,2023-06-30,61281,0,0.0,0
1855747,0001855747-23-000040,10-Q,2023-03-31,58635,0,0.0,0
1855747,0001855747-23-000016,10-K,2022-12-31,85394,0,0.0,0
1855747,0001855747-22-000068,10-Q,2022-09-30,67242,0,0.0,0
1855747,0001855747-22-000057,10-Q,2022-06-30,65405,0,0.0,0
1855747,0001855747-22-000036,10-Q,2022-03-31,60068,0,0.0,0
1855747,0001855747-22-000013,10-K,2021-12-31,83795,0,0.0,0
1855747,0001855747-21-000023,10-Q,2021-09-30,61421,0,0.0,0
1855747,0001855747-21-000009,10-Q,2021-06-30,60502,0,0.0,0
1859310,0001213900-23-039923,10-Q,2023-03-31,20301,0,0.0,0
1859310,0001213900-23-023197,10-K,2022-12-31,77645,0,0.0,0
1859310,0001213900-22-071273,10-Q,2022-09-30,24069,0,0.0,0
1859310,0001213900-22-048172,10-Q,2022-06-30,18479,0,0.0,0
1859310,0001213900-22-029011,10-Q,2022-03-31,17293,0,0.0,0
1859310,0001213900-22-019857,10-K,2021-12-31,70124,0,0.0,0
1859310,0001213900-21-061213,10-Q,2021-09-30,15697,0,0.0,0
1859310,0001213900-21-052416,10-Q,2021-06-30,15259,0,0.0,0
1860173,0001860173-26-000002,10-K/A,2025-07-31,11558,0,0.0,0
1860173,0001860173-25-000004,10-K,2025-07-31,11523,0,0.0,0
1860173,0001139020-25-000223,10-Q,2025-04-30,4531,0,0.0,0
1860173,0001139020-25-000221,10-Q,2025-01-31,4552,0,0.0,0
1860173,0001139020-25-000219,10-Q,2024-10-31,4515,0,0.0,0
1860173,0001139020-25-000217,10-K,2024-07-31,11409,0,0.0,0
1860173,0001139020-25-000215,10-Q,2024-04-30,4533,0,0.0,0
1860173,0001139020-25-000213,10-Q,2024-01-31,4554,0,0.0,0
1860173,0001139020-25-000211,10-Q,2023-10-31,4515,0,0.0,0
1860173,0001139020-25-000209,10-K,2023-07-31,11575,0,0.0,0
1860173,0001139020-25-000207,10-Q,2023-04-30,4546,0,0.0,0
1860173,0001903596-23-000191,10-Q,2023-01-31,4615,0,0.0,0
1860173,0001903596-22-000919,10-Q,2022-10-31,4686,0,0.0,0
1860173,0001903596-22-000701,10-K,2022-07-31,10841,0,0.0,0
1860173,0001575705-22-000427,10-Q,2022-04-30,4467,0,0.0,0
1860173,0001575705-22-000169,10-Q,2022-01-31,4539,0,0.0,0
1860173,0001575705-22-000144,10-K/A,2021-07-31,10683,0,0.0,0
1860173,0001575705-22-000112,10-Q/A,2021-10-31,4489,0,0.0,0
1860173,0001575705-22-000108,10-K/A,2021-07-31,10667,0,0.0,0
1860173,0001575705-21-000848,10-Q,2021-10-31,4488,0,0.0,0
1860173,0001575705-21-000632,10-K,2021-07-31,10542,0,0.0,0
1864448,0001864448-23-000125,10-Q,2023-03-31,34203,1,0.292,0
1864448,0001864448-23-000068,10-K,2022-12-31,94212,6,0.637,0
1864448,0001864448-22-000105,10-Q,2022-09-30,32481,1,0.308,0
1864448,0001864448-22-000079,10-Q,2022-06-30,27729,1,0.361,0
1864448,0001864448-22-000032,10-Q/A,2022-03-31,22682,1,0.441,0
1864448,0001864448-22-000025,10-Q,2022-03-31,22579,1,0.443,0
1864448,0001864448-22-000019,10-K/A,2021-12-31,91562,8,0.874,0
1864448,0001864448-22-000015,10-K,2021-12-31,90130,8,0.888,0
1864448,0001104659-21-151206,10-Q/A,2021-09-30,48800,1,0.205,0
1864448,0001104659-21-143759,10-Q,2021-09-30,46799,1,0.214,0
1866550,0001866550-24-000060,10-Q,2024-09-30,21428,1,0.467,0
1866550,0001628280-24-035180,10-Q,2024-06-30,19746,1,0.506,0
1866550,0001866550-24-000040,10-Q,2024-03-31,15315,1,0.653,0
1866550,0001866550-24-000022,10-K,2023-12-31,52649,38,7.218,1
1866550,0001866550-24-000016,10-Q/A,2023-09-30,20967,1,0.477,0
1866550,0001866550-24-000015,10-Q/A,2023-06-30,20284,2,0.986,0
1866550,0001866550-23-000091,10-Q,2023-09-30,19248,1,0.52,0
1866550,0001866550-23-000078,10-Q,2023-06-30,18545,2,1.078,0
1866550,0001866550-23-000037,10-Q,2023-03-31,15127,1,0.661,0
1866550,0001866550-23-000008,10-K,2022-12-31,55593,8,1.439,0
1866550,0001866550-22-000080,10-Q,2022-09-30,22038,1,0.454,0
1866550,0001866550-22-000051,10-Q,2022-06-30,21439,1,0.466,0
1866550,0001866550-22-000031,10-Q,2022-03-31,17882,1,0.559,0
1866550,0001866550-22-000006,10-K,2021-12-31,65300,11,1.685,0
1866550,0001866550-21-000004,10-Q,2021-09-30,29594,1,0.338,0
1867072,0001104659-26-015743,10-Q,2025-12-31,27268,0,0.0,0
1867072,0001104659-26-015733,10-Q/A,2025-09-30,2418,0,0.0,0
1867072,0001104659-26-015727,10-Q/A,2025-06-30,2346,0,0.0,0
1867072,0001104659-26-015713,10-K/A,2025-03-31,48339,1,0.207,0
1867072,0001104659-25-107022,10-Q,2025-09-30,23751,0,0.0,0
1867072,0001558370-25-010303,10-Q,2025-06-30,18982,0,0.0,0
1867072,0001558370-25-008282,10-K,2025-03-31,63816,60,9.402,1
1867072,0001558370-25-000688,10-Q,2024-12-31,25577,0,0.0,0
1867072,0001558370-24-014872,10-Q,2024-09-30,24607,0,0.0,0
1867072,0001558370-24-011369,10-Q,2024-06-30,20188,0,0.0,0
1867072,0001558370-24-008788,10-K,2024-03-31,71628,52,7.26,1
1867072,0001558370-24-000863,10-Q,2023-12-31,23440,0,0.0,0
1867072,0001558370-23-018275,10-Q,2023-09-30,23128,0,0.0,0
1867072,0001558370-23-013935,10-Q,2023-06-30,18583,0,0.0,0
1867072,0001558370-23-010545,10-K,2023-03-31,74838,20,2.672,0
1867072,0001558370-23-001077,10-Q,2022-12-31,26813,0,0.0,0
1867072,0001558370-22-016438,10-Q,2022-09-30,25543,0,0.0,0
1867072,0001558370-22-012894,10-Q,2022-06-30,20134,0,0.0,0
1867072,0001558370-22-003291,10-K,2021-12-31,93928,18,1.916,0
1867072,0001558370-21-016281,10-Q,2021-09-30,25239,1,0.396,0
1867443,0001493152-24-023080,10-Q,2024-03-31,15942,0,0.0,0
1867443,0001493152-24-014877,10-K,2023-12-31,43670,0,0.0,0
1867443,0001493152-23-042455,10-Q,2023-09-30,16435,0,0.0,0
1867443,0001493152-23-029544,10-Q,2023-06-30,15982,0,0.0,0
1867443,0001493152-23-018022,10-Q,2023-03-31,13785,0,0.0,0
1867443,0001493152-23-015194,10-K/A,2022-12-31,41521,0,0.0,0
1867443,0001493152-23-010142,10-K,2022-12-31,41265,0,0.0,0
1867443,0001493152-22-033517,10-K/A,2021-12-31,40303,0,0.0,0
1867443,0001493152-22-031783,10-Q,2022-09-30,13773,0,0.0,0
1867443,0001493152-22-023570,10-Q,2022-06-30,13310,0,0.0,0
1867443,0001493152-22-013305,10-Q,2022-03-31,12958,0,0.0,0
1867443,0001493152-22-009809,10-K,2021-12-31,39704,0,0.0,0
1867956,0001683168-24-002329,10-Q,2024-02-29,5569,0,0.0,0
1867956,0001683168-24-002327,10-Q,2023-11-30,5510,0,0.0,0
1867956,0001683168-23-006710,10-Q,2023-08-31,5465,0,0.0,0
1867956,0001683168-23-005190,10-K,2023-05-31,8552,0,0.0,0
1867956,0001683168-23-002181,10-Q,2023-02-28,5422,0,0.0,0
1867956,0001683168-23-000108,10-Q,2022-11-30,5361,0,0.0,0
1867956,0001683168-22-006830,10-Q,2022-08-31,5227,0,0.0,0
1867956,0001683168-22-005073,10-K,2022-05-31,8092,0,0.0,0
1867956,0001683168-22-002488,10-Q,2022-02-28,5011,0,0.0,0
1867956,0001683168-21-006658,10-Q,2021-11-30,4826,0,0.0,0
1868419,0001493152-26-027756,10-K/A,2025-12-31,15605,1,0.641,0
1868419,0001868419-26-000010,10-K,2025-12-31,58867,11,1.869,0
1868419,0001868419-25-000020,10-Q,2025-09-30,34334,6,1.748,0
1868419,0001641172-25-023459,10-Q,2025-06-30,33059,5,1.512,0
1868419,0001641172-25-013920,10-Q,2025-03-31,31455,5,1.59,0
1868419,0001641172-25-005155,10-K,2024-12-31,62875,13,2.068,0
1868419,0001410578-24-002074,10-Q,2024-09-30,24976,0,0.0,0
1868419,0001410578-24-001662,10-Q,2024-06-30,22740,0,0.0,0
1868419,0001410578-24-001126,10-Q,2024-03-31,21828,0,0.0,0
1868419,0001410578-24-000540,10-K,2023-12-31,68982,0,0.0,0
1868419,0001410578-23-002493,10-Q,2023-09-30,19891,0,0.0,0
1868419,0001410578-23-002027,10-Q,2023-06-30,19372,0,0.0,0
1868419,0001410578-23-001357,10-Q,2023-03-31,18114,0,0.0,0
1868419,0001410578-23-000570,10-K,2022-12-31,55202,0,0.0,0
1868419,0001410578-22-003143,10-Q,2022-09-30,14827,0,0.0,0
1868419,0001410578-22-002304,10-Q,2022-06-30,13815,0,0.0,0
1868419,0001410578-22-001696,10-Q,2022-03-31,12887,0,0.0,0
1868419,0001104659-22-040330,10-K,2021-12-31,56989,0,0.0,0
1873722,0001493152-26-013999,10-K,2025-12-31,31152,73,23.433,1
1873722,0001493152-25-021173,10-Q,2025-09-30,15547,51,32.804,1
1873722,0001493152-25-011568,10-Q,2025-06-30,15073,51,33.835,1
1873722,0001641172-25-010479,10-Q,2025-03-31,13752,42,30.541,1
1873722,0001641172-25-001484,10-K,2024-12-31,34328,64,18.644,1
1873722,0001493152-24-045296,10-Q,2024-09-30,18101,37,20.441,1
1873722,0001493152-24-031989,10-Q,2024-06-30,20743,111,53.512,1
1873722,0001493152-24-027952,10-Q/A,2024-03-31,19502,106,54.353,1
1873722,0001493152-24-018009,10-Q,2024-03-31,18966,106,55.889,1
1873722,0001493152-24-010665,10-K,2023-12-31,41965,125,29.787,1
1873722,0001493152-23-040835,10-Q,2023-09-30,18717,17,9.083,0
1873722,0001493152-23-027954,10-Q,2023-06-30,18122,14,7.725,0
1873722,0001663577-23-000246,10-Q,2023-03-31,18474,7,3.789,1
1873722,0001663577-23-000131,10-K,2022-12-31,43338,2,0.461,0
1873722,0001663577-22-000632,10-Q,2022-09-30,20764,2,0.963,0
1873722,0001663577-22-000483,10-Q,2022-06-30,17059,2,1.172,0
1873722,0001663577-22-000323,10-Q,2022-03-31,14829,4,2.697,0
1873722,0001663577-22-000190,10-K,2021-12-31,33149,6,1.81,1
1874097,0001213900-26-034900,10-K,2025-12-31,59377,22,3.705,1
1874097,0001213900-25-112611,10-Q,2025-09-30,27427,4,1.458,0
1874097,0001213900-25-110998,10-K/A,2024-12-31,59919,20,3.338,0
1874097,0001213900-25-073134,10-Q,2025-06-30,24003,4,1.666,0
1874097,0001213900-25-041094,10-Q,2025-03-31,22632,4,1.767,0
1874097,0001213900-25-021260,10-K,2024-12-31,57980,20,3.449,0
1874097,0001213900-24-095459,10-Q,2024-09-30,20122,4,1.988,0
1874097,0001213900-24-066682,10-Q,2024-06-30,20375,4,1.963,0
1874097,0001213900-24-041350,10-Q,2024-03-31,18183,4,2.2,0
1874097,0001213900-24-020777,10-K,2023-12-31,49966,19,3.803,0
1874097,0001213900-23-084879,10-Q,2023-09-30,17312,4,2.311,0
1874097,0001213900-23-065594,10-Q,2023-06-30,14165,4,2.824,0
1874097,0001213900-23-038531,10-Q,2023-03-31,13160,4,3.04,0
1874097,0001213900-23-020719,10-K,2022-12-31,48641,20,4.112,0
1874097,0001213900-22-071158,10-Q,2022-09-30,14661,4,2.728,0
1874097,0001213900-22-046890,10-Q,2022-06-30,14725,4,2.716,0
1874097,0001213900-22-025937,10-Q,2022-03-31,12601,4,3.174,0
1874097,0001213900-22-014911,10-K,2021-12-31,45861,20,4.361,0
1874097,0001213900-21-060692,10-Q,2021-09-30,13695,4,2.921,0
1875493,0001213900-25-076682,10-Q,2025-06-30,20840,0,0.0,0
1875493,0001193125-25-120859,10-Q,2025-03-31,19735,0,0.0,0
1875493,0001193125-25-079175,10-K,2024-12-31,64196,7,1.09,0
1875493,0001193125-24-260915,10-Q,2024-09-30,18795,0,0.0,0
1875493,0001193125-24-200741,10-Q,2024-06-30,16983,0,0.0,0
1875493,0001193125-24-139365,10-Q,2024-03-31,15577,0,0.0,0
1875493,0001193125-24-083559,10-K,2023-12-31,64145,5,0.779,0
1875493,0001193125-23-280764,10-Q,2023-09-30,15862,0,0.0,0
1875493,0001193125-23-212348,10-Q,2023-06-30,15002,0,0.0,0
1875493,0001193125-23-142196,10-Q,2023-03-31,13586,0,0.0,0
1875493,0001193125-23-087999,10-K,2022-12-31,69933,0,0.0,0
1875493,0001193125-22-284846,10-Q,2022-09-30,14689,0,0.0,0
1875493,0001193125-22-220004,10-Q,2022-06-30,13867,0,0.0,0
1875493,0001193125-22-152035,10-Q,2022-03-31,13589,0,0.0,0
1875493,0001193125-22-091745,10-K,2021-12-31,66725,0,0.0,0
1879001,0001493152-26-007628,10-Q,2025-12-31,31852,29,9.105,1
1879001,0001493152-25-022425,10-Q,2025-09-30,28355,41,14.46,1
1879001,0001641172-25-024186,10-Q,2025-06-30,21316,20,9.383,1
1879001,0001641172-25-019545,10-K,2025-03-31,60163,146,24.267,1
1880431,0001493152-25-028842,10-Q,2025-09-30,29807,12,4.026,0
1880431,0001493152-25-015962,10-Q,2025-06-30,26605,12,4.51,0
1880431,0001213900-25-061989,10-Q,2025-03-31,19378,12,6.193,0
1880431,0001213900-25-055553,10-K/A,2024-12-31,29131,17,5.836,0
1880431,0001213900-25-038108,10-K/A,2024-12-31,18500,6,3.243,0
1880431,0001213900-25-037129,10-K,2024-12-31,40579,69,17.004,0
1880431,0001213900-25-002997,10-Q,2024-09-30,19994,13,6.502,0
1880431,0001213900-24-068959,10-Q,2024-06-30,17500,13,7.429,0
1880431,0001213900-24-045429,10-Q,2024-03-31,14543,13,8.939,0
1880431,0001213900-24-033415,10-K,2023-12-31,51158,74,14.465,0
1884164,0001683168-26-002512,10-K,2025-12-31,39175,1,0.255,0
1884164,0001683168-25-008410,10-Q,2025-09-30,8697,0,0.0,0
1884164,0001683168-25-006139,10-Q,2025-06-30,7923,0,0.0,0
1884164,0001683168-25-003684,10-Q,2025-03-31,6823,0,0.0,0
1884164,0001683168-25-002055,10-K,2024-12-31,33572,1,0.298,0
1884164,0001683168-24-008036,10-Q,2024-09-30,5827,0,0.0,0
1884164,0001683168-24-005328,10-Q,2024-06-30,5732,0,0.0,0
1884164,0001683168-24-003490,10-Q,2024-03-31,5487,0,0.0,0
1884164,0001683168-24-002394,10-K,2023-12-31,33543,1,0.298,0
1884164,0001683168-23-007962,10-Q,2023-09-30,7662,0,0.0,0
1884164,0001096906-23-001604,10-Q,2023-06-30,6906,0,0.0,0
1884164,0001096906-23-001102,10-Q,2023-03-31,5923,0,0.0,0
1884164,0001096906-23-000835,10-K,2022-12-31,34336,1,0.291,0
1884164,0001096906-22-002823,10-Q,2022-09-30,8128,0,0.0,0
1884164,0001096906-22-001983,10-Q,2022-06-30,7571,0,0.0,0
1884164,0001096906-22-001156,10-Q,2022-03-31,8237,0,0.0,0
1884164,0001096906-22-000873,10-K,2021-12-31,42775,1,0.234,0
1892322,0001493152-26-014236,10-K,2025-12-31,59947,0,0.0,0
1892322,0001493152-25-023997,10-Q,2025-09-30,23317,0,0.0,0
1892322,0001213900-25-075680,10-Q,2025-06-30,24906,1,0.402,0
1892322,0001213900-25-043737,10-Q,2025-03-31,15797,0,0.0,0
1892322,0001213900-25-025791,10-K,2024-12-31,90913,22,2.42,0
1892322,0001493152-24-045377,10-Q,2024-09-30,20638,0,0.0,0
1892322,0001493152-24-031900,10-Q,2024-06-30,20595,0,0.0,0
1892322,0001493152-24-019355,10-Q,2024-03-31,19492,0,0.0,0
1892322,0001493152-24-013979,10-K,2023-12-31,92651,22,2.375,0
1892322,0001493152-23-040484,10-Q,2023-09-30,22827,0,0.0,0
1892322,0001493152-23-037944,10-K/A,2022-12-31,3280,0,0.0,0
1892322,0001493152-23-027986,10-Q,2023-06-30,21665,0,0.0,0
1892322,0001493152-23-018540,10-Q,2023-03-31,22560,0,0.0,0
1892322,0001493152-23-010249,10-K,2022-12-31,82257,22,2.675,0
1892322,0001493152-22-032275,10-Q,2022-09-30,18131,0,0.0,0
1892322,0001493152-22-022353,10-Q,2022-06-30,17885,0,0.0,0
1892322,0001493152-22-013847,10-Q,2022-03-31,15148,0,0.0,0
1892322,0001493152-22-008441,10-K,2021-12-31,78074,22,2.818,0
1895939,0001477932-26-000738,10-Q,2025-12-31,8378,0,0.0,0
1895939,0001477932-25-009202,10-K,2025-09-30,12625,0,0.0,0
1895939,0001477932-25-005574,10-Q,2025-06-30,8416,0,0.0,0
1895939,0001477932-25-003517,10-Q,2025-03-31,8349,0,0.0,0
1895939,0001477932-25-000490,10-Q,2024-12-31,8061,0,0.0,0
1895939,0001477932-24-008399,10-K,2024-09-30,12417,0,0.0,0
1895939,0001477932-24-004443,10-Q,2024-06-30,8466,0,0.0,0
1895939,0001477932-24-002401,10-Q,2024-03-31,8492,0,0.0,0
1895939,0001477932-24-001855,10-Q/A,2023-12-31,1208,0,0.0,0
1895939,0001477932-24-001798,10-Q/A,2023-12-31,1208,0,0.0,0
1895939,0001477932-24-001425,10-Q/A,2023-06-30,1252,0,0.0,0
1895939,0001477932-24-001423,10-Q/A,2023-12-31,1207,0,0.0,0
1895939,0001477932-24-000336,10-Q,2023-12-31,8418,0,0.0,0
1895939,0001477932-23-009296,10-K,2023-09-30,12434,0,0.0,0
1895939,0001477932-23-005582,10-Q,2023-06-30,8456,0,0.0,0
1895939,0001477932-23-003629,10-Q,2023-03-31,8300,0,0.0,0
1895939,0001477932-23-000767,10-Q,2022-12-31,7982,0,0.0,0
1895939,0001477932-22-009520,10-K,2022-09-30,12525,0,0.0,0
1895939,0001477932-22-006005,10-Q,2022-06-30,7996,0,0.0,0
1895939,0001477932-22-003262,10-Q,2022-03-31,7476,0,0.0,0
1897982,0001897982-25-000010,10-Q,2024-12-31,19783,3,1.516,0
1897982,0001897982-24-000075,10-Q,2024-09-30,13780,3,2.177,0
1897982,0001897982-24-000053,10-K,2024-06-30,55998,20,3.572,0
1897982,0001897982-24-000029,10-Q,2024-03-31,18145,0,0.0,0
1897982,0001897982-24-000011,10-Q,2023-12-31,18348,0,0.0,0
1897982,0001897982-23-000080,10-Q,2023-09-30,15000,0,0.0,0
1897982,0001897982-23-000045,10-K,2023-06-30,56011,9,1.607,0
1897982,0001897982-23-000028,10-Q,2023-03-31,18639,0,0.0,0
1897982,0001897982-23-000008,10-Q,2022-12-31,17468,0,0.0,0
1897982,0001897982-22-000047,10-Q,2022-09-30,14242,0,0.0,0
1897982,0001140361-22-019225,10-Q,2022-03-31,4762,1,2.1,0
1898474,0001213900-25-109382,10-Q,2025-09-30,35304,1,0.283,0
1898474,0001213900-25-075040,10-Q,2025-06-30,34088,1,0.293,0
1898474,0001213900-25-072297,10-Q/A,2025-03-31,1544,0,0.0,0
1898474,0001213900-25-072289,10-K/A,2024-12-31,2160,0,0.0,0
1898474,0001213900-25-044223,10-Q,2025-03-31,35141,2,0.569,0
1898474,0001213900-25-031093,10-K,2024-12-31,104331,23,2.205,1
1898474,0001213900-24-098515,10-Q,2024-09-30,50798,0,0.0,0
1898474,0001213900-24-070757,10-Q,2024-06-30,44210,1,0.226,0
1898474,0001213900-24-043648,10-Q,2024-03-31,33443,1,0.299,0
1898474,0001213900-24-028032,10-K,2023-12-31,107000,25,2.336,1
1898474,0001213900-23-099909,10-Q/A,2023-09-30,42726,0,0.0,0
1898474,0001213900-23-099054,10-Q,2023-09-30,41539,0,0.0,0
1907982,0001907982-26-000026,10-K,2025-12-31,71494,51,7.133,1
1907982,0001907982-25-000251,10-Q,2025-09-30,20438,4,1.957,1
1907982,0001907982-25-000181,10-Q,2025-06-30,20122,2,0.994,1
1907982,0001907982-25-000090,10-Q,2025-03-31,14920,2,1.34,1
1907982,0001907982-25-000060,10-K,2024-12-31,88154,24,2.723,1
1907982,0001907982-24-000161,10-Q,2024-09-30,21055,2,0.95,1
1907982,0001907982-24-000096,10-Q,2024-06-30,20800,2,0.962,1
1907982,0001907982-24-000061,10-Q,2024-03-31,17326,2,1.154,1
1907982,0001907982-24-000049,10-K,2023-12-31,96187,20,2.079,1
1907982,0001907982-24-000040,10-K/A,2022-12-31,88979,8,0.899,0
1907982,0001907982-24-000039,10-Q/A,2023-06-30,23940,0,0.0,0
1907982,0001907982-24-000038,10-Q/A,2023-03-31,20332,0,0.0,0
1907982,0001907982-24-000037,10-Q/A,2023-09-30,24171,0,0.0,0
1907982,0001907982-23-000043,10-Q,2023-09-30,21271,0,0.0,0
1907982,0001907982-23-000024,10-Q,2023-06-30,20621,0,0.0,0
1907982,0001907982-23-000016,10-Q,2023-03-31,17931,0,0.0,0
1907982,0001907982-23-000011,10-K,2022-12-31,85981,8,0.93,0
1907982,0001140361-23-018925,10-Q/A,2022-09-30,33234,0,0.0,0
1907982,0001907982-22-000014,10-Q,2022-09-30,27019,0,0.0,0
1907982,0001907982-22-000006,10-Q,2022-06-30,23047,0,0.0,0
1909770,0001683168-25-006970,10-Q,2025-07-31,8888,0,0.0,0
1909770,0001683168-25-005018,10-Q,2025-04-30,8654,3,3.467,0
1909770,0001683168-25-001831,10-Q,2025-01-31,7108,1,1.407,0
1909770,0001477932-25-000026,10-K,2024-10-31,10717,3,2.799,0
1909770,0001477932-24-005726,10-Q,2024-07-31,7565,3,3.966,0
1909770,0001477932-24-003623,10-Q,2024-04-30,6974,3,4.302,0
1909770,0001477932-24-001144,10-Q,2024-01-31,6586,3,4.555,0
1909770,0001477932-24-000458,10-K,2023-10-31,8904,3,3.369,0
1909770,0001477932-23-006690,10-Q,2023-07-31,6179,3,4.855,0
1911500,0001493152-23-042394,10-Q,2023-09-30,8332,0,0.0,0
1911500,0001493152-23-030035,10-Q,2023-06-30,8117,0,0.0,0
1911500,0001493152-23-018247,10-Q,2023-03-31,8009,0,0.0,0
1911500,0001493152-23-012223,10-K,2022-12-31,17432,0,0.0,0
1911545,0001493152-26-025106,10-K,2025-12-31,55005,8,1.454,0
1911545,0001213900-25-108989,10-Q,2025-09-30,19228,2,1.04,0
1911545,0001213900-25-077460,10-Q,2025-06-30,18923,2,1.057,0
1911545,0001213900-25-045898,10-Q,2025-03-31,17915,2,1.116,0
1911545,0001213900-25-036973,10-K,2024-12-31,56613,7,1.236,0
1911545,0001213900-24-100296,10-Q,2024-09-30,19930,2,1.004,0
1911545,0001213900-24-087506,10-Q,2024-06-30,19785,2,1.011,0
1911545,0001213900-24-083272,10-Q,2024-03-31,18644,2,1.073,0
1911545,0001213900-24-061514,10-K,2023-12-31,66021,7,1.06,0
1911545,0001213900-23-088311,10-Q,2023-09-30,25097,4,1.594,0
1911545,0001213900-23-077013,10-Q,2023-06-30,24341,4,1.643,0
1912954,0001912954-26-000008,10-K,2025-12-31,12855,0,0.0,0
1912954,0001912954-25-000005,10-Q,2025-09-30,6137,0,0.0,0
1912954,0001139020-25-000334,10-Q,2025-06-30,5978,0,0.0,0
1912954,0001139020-25-000269,10-Q,2025-03-31,5786,0,0.0,0
1912954,0001139020-25-000234,10-K,2024-12-31,11454,0,0.0,0
1912954,0001139020-25-000145,10-Q,2024-09-30,6102,0,0.0,0
1912954,0001139020-25-000130,10-Q,2024-06-30,6043,0,0.0,0
1912954,0001139020-25-000101,10-Q,2024-03-31,5788,0,0.0,0
1912954,0001139020-25-000021,10-K,2023-12-31,11538,0,0.0,0
1912954,0001393905-25-000073,10-Q,2023-09-30,6169,0,0.0,0
1912954,0001393905-25-000069,10-Q,2023-06-30,6084,0,0.0,0
1912954,0001558891-23-000044,10-Q,2023-03-31,5779,0,0.0,0
1912954,0001558891-23-000023,10-K,2022-12-31,11189,0,0.0,0
1912954,0001558891-22-000081,10-Q,2022-09-30,5903,0,0.0,0
1912954,0001558891-22-000074,10-Q,2022-06-30,5816,0,0.0,0
1912954,0001558891-22-000072,10-Q,2022-03-31,5526,0,0.0,0
1933359,0001683168-25-008352,10-Q,2025-10-31,5335,0,0.0,0
1933359,0001683168-25-006357,10-Q,2025-07-31,5202,0,0.0,0
1933359,0001683168-25-004268,10-K,2025-04-30,9672,0,0.0,0
1933359,0001683168-25-001074,10-Q,2025-01-31,5692,0,0.0,0
1933359,0001683168-24-008104,10-Q,2024-10-31,5595,0,0.0,0
1933359,0001683168-24-005952,10-Q,2024-07-31,5461,0,0.0,0
1933359,0001683168-24-003953,10-K,2024-04-30,9575,0,0.0,0
1933359,0001683168-24-000997,10-Q,2024-01-31,5429,0,0.0,0
1933359,0001683168-23-008439,10-Q,2023-10-31,5329,0,0.0,0
1933359,0001683168-23-005977,10-Q,2023-07-31,5183,0,0.0,0
1933359,0001683168-23-003820,10-K,2023-04-30,9247,0,0.0,0
1933359,0001683168-23-001211,10-Q,2023-01-31,4885,0,0.0,0
1933359,0001683168-22-008018,10-Q,2022-10-31,4766,0,0.0,0
1933359,0001683168-22-006208,10-Q,2022-07-31,4654,0,0.0,0
1940177,0001437749-26-004107,10-Q,2025-12-31,27518,0,0.0,0
1940177,0001437749-25-035111,10-Q,2025-09-30,26486,0,0.0,0
1940177,0001437749-25-026905,10-Q,2025-06-30,25025,0,0.0,0
1940177,0001437749-25-022022,10-K,2025-03-31,73601,43,5.842,0
1940177,0001437749-25-003963,10-Q,2024-12-31,27896,22,7.886,0
1940177,0001437749-24-035387,10-Q,2024-09-30,26031,11,4.226,0
1940177,0001437749-24-026430,10-Q,2024-06-30,24191,11,4.547,0
1940177,0001437749-24-021729,10-K,2024-03-31,68187,0,0.0,0
1940177,0001437749-24-003801,10-Q,2023-12-31,26633,0,0.0,0
1940177,0001437749-23-032627,10-Q,2023-09-30,26433,0,0.0,0
1940177,0001213900-23-067375,10-Q,2023-06-30,23441,0,0.0,0
1973047,0001973047-25-000008,10-K,2025-01-31,7399,0,0.0,0
1973047,0001973047-24-000031,10-Q,2024-10-31,5491,0,0.0,0
1973047,0001973047-24-000024,10-Q,2024-07-31,4911,0,0.0,0
1973047,0001973047-24-000018,10-Q,2024-04-30,4661,0,0.0,0
1973047,0001973047-24-000016,10-K/A,2024-01-31,7377,0,0.0,0
1973047,0001973047-24-000012,10-K,2024-01-31,7133,0,0.0,0
1973047,0001973047-23-000019,10-Q,2023-10-31,4690,0,0.0,0
1973047,0001973047-23-000016,10-Q,2023-07-31,4508,0,0.0,0
1976923,0001065949-24-000042,10-K,2023-12-31,55179,74,13.411,0
1977837,0001683168-26-000195,10-Q,2025-11-30,6743,4,5.932,0
1977837,0001683168-25-007523,10-Q,2025-08-31,6510,4,6.144,0
1977837,0001977837-25-000035,10-Q,2025-05-31,6133,6,9.783,0
1977837,0001977837-25-000032,10-K/A,2025-02-28,10256,4,3.9,0
1977837,0001977837-25-000024,10-K,2025-02-28,10103,4,3.959,0
1977837,0001977837-25-000018,10-K/A,2024-02-29,9757,3,3.075,0
1977837,0001977837-25-000009,10-Q,2024-11-30,5880,3,5.102,0
1977837,0001977837-24-000020,10-Q,2024-08-31,5746,3,5.221,0
1977837,0001977837-24-000014,10-Q,2024-05-31,5328,2,3.754,0
1977837,0001977837-24-000012,10-K,2024-02-29,9923,3,3.023,0
1977837,0001977837-24-000003,10-Q,2023-11-30,5180,2,3.861,0
1977837,0001977837-23-000015,10-Q,2023-08-31,5005,2,3.996,0
1983736,0001493152-26-010305,10-K,2025-12-31,57492,84,14.611,1
1983736,0001493152-25-021484,10-Q,2025-09-30,18279,7,3.83,0
1983736,0001641172-25-021822,10-Q,2025-06-30,17167,8,4.66,0
1983736,0001641172-25-011066,10-Q,2025-03-31,15745,8,5.081,0
1983736,0001641172-25-011063,10-K/A,2024-12-31,28820,19,6.593,0
1983736,0001641172-25-004026,10-K,2024-12-31,28260,19,6.723,0
1983736,0001493152-24-046789,10-Q,2024-09-30,13744,4,2.91,0
1983736,0001493152-24-030898,10-Q,2024-06-30,12597,4,3.175,0
1983736,0001493152-24-020383,10-Q,2024-03-31,11854,4,3.374,0
1983736,0001493152-24-014165,10-K,2023-12-31,26617,10,3.757,0
1983736,0001493152-23-040360,10-Q,2023-09-30,15994,4,2.501,0
1985554,0001683168-26-000301,10-Q,2025-11-30,8081,6,7.425,0
1985554,0001683168-25-007665,10-Q,2025-08-31,7515,6,7.984,0
1985554,0001683168-25-006612,10-K,2025-05-31,11059,6,5.425,0
1985554,0001683168-25-002403,10-Q,2025-02-28,7021,6,8.546,0
1985554,0001683168-25-000189,10-Q,2024-11-30,6743,6,8.898,0
1985554,0001683168-24-007065,10-Q,2024-08-31,6291,6,9.537,0
1985554,0001683168-24-005873,10-K,2024-05-31,9200,7,7.609,0
1985554,0001683168-24-002075,10-Q,2024-02-29,6915,7,10.123,0
1985554,0001683168-24-000248,10-Q,2023-11-30,6604,6,9.085,0
1989788,0001683168-26-000243,10-Q,2025-10-31,5361,0,0.0,0
1989788,0001683168-25-008439,10-K,2025-07-31,8972,0,0.0,0
1989788,0001683168-25-005102,10-Q,2025-04-30,5624,0,0.0,0
1989788,0001477932-25-001671,10-Q,2025-01-31,5501,0,0.0,0
1989788,0001477932-24-008076,10-Q,2024-10-31,4922,0,0.0,0
1989788,0001477932-24-006973,10-K,2024-07-31,7295,0,0.0,0
1989788,0001477932-24-003714,10-Q,2024-04-30,5065,0,0.0,0
1989788,0001477932-24-001180,10-Q,2024-01-31,4705,0,0.0,0
1989788,0001477932-23-009077,10-Q,2023-10-31,4020,0,0.0,0
1990354,0001990354-26-000011,10-K,2025-12-31,75304,97,12.881,1
1990354,0001990354-25-000031,10-Q,2025-09-30,23743,7,2.948,0
1990354,0001990354-25-000012,10-Q,2025-06-30,22469,7,3.115,0
1990354,0001410578-25-001048,10-Q,2025-03-31,20920,6,2.868,0
1990354,0001410578-25-000148,10-K,2024-12-31,91510,45,4.917,1
1990354,0001410578-24-001768,10-Q,2024-09-30,26088,7,2.683,0
1990354,0001410578-24-001168,10-Q,2024-06-30,24762,7,2.827,0
1994373,0001493152-26-008238,10-K,2025-11-30,17678,0,0.0,0
1994373,0001493152-25-018080,10-Q,2025-08-31,9346,0,0.0,0
1994373,0001641172-25-018889,10-Q,2025-05-31,9288,0,0.0,0
1994373,0001641172-25-003960,10-Q,2025-02-28,8714,0,0.0,0
1994373,0001493152-25-003324,10-K,2024-11-30,16935,0,0.0,0
1994373,0001493152-24-035714,10-Q,2024-08-31,8350,0,0.0,0
1994373,0001493152-24-025507,10-Q,2024-05-31,6893,0,0.0,0
1994373,0001493152-24-012621,10-Q,2024-02-29,6300,0,0.0,0
1995920,0001995920-26-000003,10-Q,2025-11-30,6232,5,8.023,0
1995920,0001995920-25-000021,10-K,2025-08-31,7965,4,5.022,0
1995920,0001995920-25-000015,10-Q,2025-05-31,6755,5,7.402,0
1995920,0001995920-25-000012,10-Q,2025-02-28,6866,5,7.282,0
1995920,0001995920-25-000007,10-Q,2024-11-30,6446,5,7.757,0
1995920,0001995920-24-000026,10-K,2024-08-31,8770,5,5.701,0
1995920,0001995920-24-000016,10-Q,2024-05-31,6808,11,16.157,0
1995920,0001995920-24-000012,10-Q,2024-02-29,6899,11,15.944,0
1997698,0001213900-26-043994,10-K,2025-12-31,12963,0,0.0,0
1997698,0001213900-25-112344,10-Q,2025-09-30,7255,0,0.0,0
1997698,0001213900-25-078989,10-Q,2025-06-30,7077,0,0.0,0
1997698,0001213900-25-058608,10-Q,2025-03-31,6712,0,0.0,0
1999261,0001999261-26-000013,10-K/A,2025-09-30,9599,2,2.084,0
1999261,0001999261-26-000002,10-Q,2025-12-31,6182,3,4.853,0
1999261,0001999261-25-000019,10-K,2025-09-30,8775,2,2.279,0
1999261,0001999261-25-000015,10-Q,2025-06-30,6353,3,4.722,0
1999261,0001999261-25-000012,10-Q/A,2025-03-31,6447,5,7.756,0
1999261,0001999261-25-000010,10-Q,2025-03-31,6186,5,8.083,0
1999261,0001999261-25-000003,10-Q,2024-12-31,6280,2,3.185,0
1999261,0001999261-24-000020,10-K,2024-09-30,10739,3,2.794,0
1999261,0001999261-24-000012,10-Q,2024-06-30,5065,0,0.0,0
2000762,0001683168-26-001549,10-K,2025-10-31,13921,0,0.0,0
2000762,0001683168-25-007141,10-Q,2025-07-31,10902,1,0.917,0
2000762,0001683168-25-004574,10-Q,2025-04-30,9033,1,1.107,0
2000762,0001683168-25-001642,10-Q,2025-01-31,8677,1,1.152,0
2000762,0001683168-25-000206,10-K,2024-10-31,11386,5,4.391,0
2000762,0001683168-24-006420,10-Q,2024-07-31,7038,1,1.421,0
2000762,0001683168-24-004159,10-Q,2024-04-30,6695,1,1.494,0
2000762,0001683168-24-001443,10-Q,2024-01-31,5906,1,1.693,0
2006291,0001193125-26-039696,10-K,2025-12-31,57062,2,0.35,0
2006291,0001193125-25-277537,10-Q,2025-09-30,18262,0,0.0,0
2006291,0001193125-25-179815,10-Q,2025-06-30,17888,1,0.559,0
2006291,0001193125-25-118834,10-Q,2025-03-31,16426,0,0.0,0
2006291,0001193125-25-067356,10-K,2024-12-31,46761,0,0.0,0
2006291,0001193125-24-257187,10-Q,2024-09-30,12959,0,0.0,0
2006291,0001193125-24-199774,10-Q,2024-06-30,12847,0,0.0,0
2006291,0001193125-24-157319,10-Q,2024-03-31,11868,0,0.0,0
2007825,0001193125-26-134544,10-K,2025-12-31,74179,57,7.684,1
2007825,0001193125-25-277719,10-Q,2025-09-30,21304,0,0.0,0
2007825,0001193125-25-179808,10-Q,2025-06-30,18171,0,0.0,0
2007825,0001193125-25-140724,10-Q,2025-03-31,12225,0,0.0,0
2010653,0001829126-26-001993,10-K,2025-12-31,37488,6,1.601,0
2010653,0001829126-25-008627,10-Q,2025-09-30,16364,0,0.0,0
2010653,0001829126-25-005949,10-Q,2025-06-30,16496,0,0.0,0
2010653,0001829126-25-003643,10-Q,2025-03-31,15521,0,0.0,0
2010653,0001829126-25-001482,10-K,2024-12-31,71839,6,0.835,0
2010653,0001829126-24-006864,10-Q,2024-09-30,15497,0,0.0,0
2010982,0001683168-26-001953,10-K,2025-12-31,12017,0,0.0,0
2010982,0001683168-25-008180,10-Q,2025-09-30,7239,0,0.0,0
2010982,0001683168-25-007331,10-Q,2025-06-30,7177,0,0.0,0
2010982,0001683168-25-007007,10-Q,2025-03-31,6950,0,0.0,0
2010982,0001683168-25-006345,10-K,2024-12-31,11435,0,0.0,0
2010982,0001683168-24-008265,10-Q,2024-09-30,7602,0,0.0,0
2010982,0001683168-24-007522,10-Q,2024-06-30,7299,0,0.0,0
2020919,0001683168-26-000745,10-Q,2025-12-31,6452,4,6.2,0
2020919,0001683168-25-007934,10-Q,2025-09-30,6303,4,6.346,0
2020919,0001683168-25-007324,10-Q,2025-06-30,5891,4,6.79,0
2020919,0001683168-25-006862,10-K,2025-03-31,10584,4,3.779,0
2020919,0001683168-25-000984,10-Q,2024-12-31,6009,4,6.657,0
2020919,0001683168-24-007937,10-Q,2024-09-30,5722,4,6.991,0
2026767,0001493152-26-012686,10-K,2025-12-31,64621,6,0.928,0
2026767,0001493152-25-025781,10-Q,2025-09-30,10014,0,0.0,0
2028707,0001213900-26-027011,10-K,2025-12-31,82256,10,1.216,0
2028707,0001213900-25-109354,10-Q,2025-09-30,25218,0,0.0,0
2028707,0001213900-25-073652,10-Q,2025-06-30,15995,0,0.0,0
2028707,0001213900-25-038443,10-Q,2025-03-31,15052,0,0.0,0
2028707,0001213900-25-022217,10-K,2024-12-31,39579,9,2.274,0
2028707,0001213900-24-106929,10-Q,2024-09-30,13794,0,0.0,0
2029303,0001477932-26-000493,10-Q,2025-12-31,4207,0,0.0,0
2029303,0001477932-25-007961,10-Q,2025-09-30,3877,0,0.0,0
2029303,0001477932-25-007073,10-K,2025-06-30,6996,0,0.0,0
2029303,0001477932-25-003776,10-Q,2025-03-31,4055,0,0.0,0
2029303,0001477932-25-000813,10-Q,2024-12-31,4110,0,0.0,0
2029303,0001477932-24-007011,10-Q,2024-09-30,4014,0,0.0,0
2033383,0001493152-26-013285,10-K,2025-12-31,87690,199,22.694,1
2033383,0001493152-25-025230,10-Q,2025-09-30,23813,0,0.0,0
2033770,0001213900-26-026247,10-K,2025-12-31,78199,55,7.033,0
2033770,0001213900-25-110130,10-Q,2025-09-30,23847,7,2.935,0
2033770,0001213900-25-078660,10-Q,2025-06-30,21291,8,3.757,0
2038564,0002038564-26-000004,10-K,2025-11-30,8721,2,2.293,0
2038564,0002038564-25-000011,10-Q,2025-08-31,7018,2,2.85,0
2053927,0001829126-26-001698,10-K,2025-12-31,39654,0,0.0,0
2053927,0001829126-25-008998,10-Q,2025-09-30,16478,0,0.0,0
2053927,0001829126-25-005158,10-Q,2025-06-30,16680,0,0.0,0
2054696,0001628280-26-012572,10-K,2025-12-31,99089,208,20.991,1
2054696,0001628280-25-051838,10-Q,2025-09-30,35221,23,6.53,0
2054696,0002054696-25-000012,10-Q,2025-06-30,31597,25,7.912,0
2057381,0002057381-26-000010,10-Q,2025-12-31,5867,2,3.409,0
2057381,0002057381-26-000007,10-Q/A,2025-09-30,5572,2,3.589,0
2057381,0002057381-26-000004,10-K/A,2025-06-30,9744,8,8.21,0
2057381,0002057381-25-000025,10-Q,2025-09-30,5413,2,3.695,0
2057381,0002057381-25-000022,10-K,2025-06-30,9533,8,8.392,0
2068385,0001493152-26-014068,10-K,2025-12-31,80238,320,39.881,1
2069785,0001193125-25-330952,10-Q,2025-10-31,64170,57,8.883,1
2070845,0001683168-26-000911,10-K,2025-10-31,10677,0,0.0,0
2076765,0002076765-25-000013,10-Q,2025-11-30,6060,6,9.901,0
2077033,0001493152-26-006447,10-K,2025-12-31,32283,2,0.62,0
2077033,0001493152-25-023849,10-Q,2025-09-30,12959,0,0.0,0
2088221,0002088221-26-000005,10-Q,2025-10-31,5975,0,0.0,0
2088805,0001213900-26-036382,10-K,2025-12-31,54400,8,1.471,0
