period_end,revenue,sga,cik,ticker,operating_income
2008-09-30,2173100000.0,526700000.0,8670,ADP,
2008-12-31,2195800000.0,573100000.0,8670,ADP,
2009-03-31,2368700000.0,,8670,ADP,
2009-06-30,2100800000.0,,8670,ADP,
2009-09-30,2096100000.0,491500000.0,8670,ADP,
2009-12-31,2198000000.0,518900000.0,8670,ADP,
2010-03-31,2443200000.0,504900000.0,8670,ADP,
2010-06-30,2190300000.0,612100000.0,8670,ADP,
2010-09-30,2229400000.0,515600000.0,8670,ADP,
2010-12-31,2405700000.0,570100000.0,8670,ADP,
2011-03-31,2737300000.0,577300000.0,8670,ADP,
2011-06-30,2507100000.0,651600000.0,8670,ADP,
2011-09-30,2510900000.0,586900000.0,8670,ADP,
2011-12-31,2570700000.0,574900000.0,8670,ADP,
2012-03-31,2910900000.0,619900000.0,8670,ADP,
2012-06-30,2623600000.0,671200000.0,8670,ADP,
2012-09-30,2632700000.0,611400000.0,8670,ADP,
2012-12-31,2742800000.0,624700000.0,8670,ADP,
2013-03-31,3109300000.0,653600000.0,8670,ADP,
2013-06-30,2802800000.0,310700000.0,8670,ADP,
2013-09-30,2355400000.0,537700000.0,8670,ADP,
2013-12-31,2486600000.0,578800000.0,8670,ADP,
2014-03-31,2817800000.0,585300000.0,8670,ADP,
2014-06-30,2566600000.0,668500000.0,8670,ADP,
2014-09-30,2566100000.0,576000000.0,8670,ADP,
2014-12-31,2653600000.0,588500000.0,8670,ADP,
2015-03-31,3024300000.0,607200000.0,8670,ADP,
2015-06-30,2694500000.0,725200000.0,8670,ADP,
2015-09-30,2714000000.0,605300000.0,8670,ADP,
2015-12-31,2807000000.0,627200000.0,8670,ADP,
2016-03-31,3248600000.0,634400000.0,8670,ADP,
2016-06-30,2898200000.0,770100000.0,8670,ADP,
2016-09-30,2916900000.0,647700000.0,8670,ADP,
2016-12-31,2987300000.0,640800000.0,8670,ADP,
2017-03-31,3410800000.0,665000000.0,8670,ADP,
2017-06-30,3064800000.0,820300000.0,8670,ADP,
2017-09-30,3077200000.0,675400000.0,8670,ADP,
2017-12-31,3238300000.0,723600000.0,8670,ADP,
2018-03-31,3696000000.0,750100000.0,8670,ADP,
2018-06-30,3316200000.0,810300000.0,8670,ADP,
2018-09-30,3310300000.0,713900000.0,8670,ADP,
2018-12-31,3492400000.0,745200000.0,8670,ADP,
2019-03-31,3828200000.0,750400000.0,8670,ADP,
2019-06-30,3479300000.0,854700000.0,8670,ADP,
2019-09-30,3495700000.0,726500000.0,8670,ADP,
2019-12-31,3669500000.0,754300000.0,8670,ADP,
2020-03-31,4047800000.0,756600000.0,8670,ADP,
2020-06-30,3376800000.0,765600000.0,8670,ADP,
2020-09-30,3470700000.0,681000000.0,8670,ADP,
2020-12-31,3695700000.0,755800000.0,8670,ADP,
2021-03-31,4102000000.0,763000000.0,8670,ADP,
2021-06-30,3737000000.0,840700000.0,8670,ADP,
2021-09-30,3832300000.0,719200000.0,8670,ADP,
2021-12-31,4025400000.0,782300000.0,8670,ADP,
2022-03-31,4513000000.0,817500000.0,8670,ADP,
2022-06-30,4127600000.0,914200000.0,8670,ADP,
2022-09-30,4215600000.0,800300000.0,8670,ADP,
2022-12-31,4391000000.0,855700000.0,8670,ADP,
2023-03-31,4927800000.0,938000000.0,8670,ADP,
2023-06-30,4477800000.0,957400000.0,8670,ADP,
2023-09-30,4512400000.0,880300000.0,8670,ADP,
2023-12-31,4668000000.0,922500000.0,8670,ADP,
2024-03-31,5253800000.0,940900000.0,8670,ADP,
2024-06-30,4768400000.0,1035200000.0,8670,ADP,
2024-09-30,4832700000.0,926700000.0,8670,ADP,
2024-12-31,5048400000.0,1006100000.0,8670,ADP,
2025-03-31,5553000000.0,1015800000.0,8670,ADP,
2025-06-30,5126800000.0,1103100000.0,8670,ADP,
2025-09-30,5175200000.0,1006300000.0,8670,ADP,
2025-12-31,5359300000.0,1068100000.0,8670,ADP,
2026-03-31,5939200000.0,1081700000.0,8670,ADP,
2026-06-30,5473700000.0,1252100000.0,8670,ADP,
2009-09-30,739518000.0,171795000.0,16058,CACI,46028000.0
2009-12-31,776727000.0,172603000.0,16058,CACI,47461000.0
2010-03-31,784169000.0,171451000.0,16058,CACI,47322000.0
2010-06-30,848717000.0,177887000.0,16058,CACI,53971000.0
2010-09-30,833971000.0,179322000.0,16058,CACI,52097000.0
2010-12-31,867278000.0,185247000.0,16058,CACI,59435000.0
2011-03-31,913369000.0,191403000.0,16058,CACI,61785000.0
2011-06-30,963162000.0,185680000.0,16058,CACI,78084000.0
2011-09-30,924395000.0,200282000.0,16058,CACI,75654000.0
2011-12-31,973243000.0,204541000.0,16058,CACI,74706000.0
2012-03-31,927962000.0,208843000.0,16058,CACI,72781000.0
2012-06-30,948873000.0,206106000.0,16058,CACI,76708000.0
2012-09-30,931236000.0,207623000.0,16058,CACI,64737000.0
2012-12-31,931627000.0,209068000.0,16058,CACI,69582000.0
2013-03-31,906196000.0,200684000.0,16058,CACI,68620000.0
2013-06-30,912931000.0,204090000.0,16058,CACI,67902000.0
2013-09-30,864265000.0,188710000.0,16058,CACI,61182000.0
2013-12-31,894186000.0,204830000.0,16058,CACI,66454000.0
2014-03-31,900393000.0,216164000.0,16058,CACI,60532000.0
2014-06-30,905718000.0,205754000.0,16058,CACI,69235000.0
2014-09-30,814726000.0,200827000.0,16058,CACI,60059000.0
2014-12-31,815423000.0,204406000.0,16058,CACI,47528000.0
2015-03-31,817797000.0,205174000.0,16058,CACI,53715000.0
2015-06-30,865506000.0,206996000.0,16058,CACI,75079000.0
2015-09-30,822442000.0,205700000.0,16058,CACI,64508000.0
2015-12-31,830437000.0,213144000.0,16058,CACI,55482000.0
2016-03-31,977274000.0,249477000.0,16058,CACI,63676000.0
2016-06-30,1113900000.0,258597000.0,16058,CACI,81084000.0
2016-09-30,1073280000.0,257338000.0,16058,CACI,69658000.0
2016-12-31,1057530000.0,253822000.0,16058,CACI,80255000.0
2017-03-31,1086418000.0,269237000.0,16058,CACI,67254000.0
2017-06-30,1137389000.0,270395000.0,16058,CACI,80094000.0
2017-09-30,1085814000.0,261244000.0,16058,CACI,67304000.0
2017-12-31,1087860000.0,254180000.0,16058,CACI,88262000.0
2018-03-31,1124100000.0,273145000.0,16058,CACI,104794000.0
2018-06-30,1170086000.0,287787000.0,16058,CACI,80340000.0
2018-09-30,1165864000.0,264757000.0,16058,CACI,99600000.0
2018-12-31,1181641000.0,269677000.0,16058,CACI,102263000.0
2019-03-31,1264958000.0,324828000.0,16058,CACI,94908000.0
2019-06-30,1373878000.0,359282000.0,16058,CACI,81096000.0
2019-09-30,1363392000.0,357592000.0,16058,CACI,100157000.0
2019-12-31,1395469000.0,352448000.0,16058,CACI,110187000.0
2020-03-31,1465600000.0,371135000.0,16058,CACI,113676000.0
2020-06-30,1495581000.0,351427000.0,16058,CACI,133676000.0
2020-09-30,1459506000.0,355004000.0,16058,CACI,134424000.0
2020-12-31,1468711000.0,347807000.0,16058,CACI,141539000.0
2021-03-31,1551918000.0,369015000.0,16058,CACI,151438000.0
2021-06-30,1564000000.0,376788000.0,16058,CACI,112050000.0
2021-09-30,1490898000.0,357106000.0,16058,CACI,127029000.0
2021-12-31,1485778000.0,354977000.0,16058,CACI,124107000.0
2022-03-31,1583980000.0,402227000.0,16058,CACI,125356000.0
2022-06-30,1642261000.0,406409000.0,16058,CACI,119837000.0
2022-09-30,1605759000.0,382081000.0,16058,CACI,132803000.0
2022-12-31,1649416000.0,388303000.0,16058,CACI,130867000.0
2023-03-31,1744270000.0,410235000.0,16058,CACI,155034000.0
2023-06-30,1703101000.0,410135000.0,16058,CACI,148796000.0
2023-09-30,1850147000.0,404633000.0,16058,CACI,137349000.0
2023-12-31,1833934000.0,409355000.0,16058,CACI,133305000.0
2024-03-31,1937456000.0,430134000.0,16058,CACI,181304000.0
2024-06-30,2038295000.0,476317000.0,16058,CACI,197750000.0
2024-09-30,2056889000.0,427946000.0,16058,CACI,179841000.0
2024-12-31,2099809000.0,466661000.0,16058,CACI,181298000.0
2025-03-31,2166982000.0,480917000.0,16058,CACI,196369000.0
2025-06-30,2304144000.0,457432000.0,16058,CACI,206677000.0
2025-09-30,2287623000.0,473856000.0,16058,CACI,212275000.0
2025-12-31,2220097000.0,464585000.0,16058,CACI,206469000.0
2026-03-31,2351002000.0,510182000.0,16058,CACI,228877000.0
2026-06-30,2709057000.0,562556000.0,16058,CACI,272194000.0
2008-07-04,4437000000.0,278000000.0,23082,,
2008-10-03,4239000000.0,285000000.0,23082,,
2009-01-02,3952000000.0,261000000.0,23082,,
2009-04-03,3804000000.0,247000000.0,23082,,
2009-07-03,3898000000.0,247000000.0,23082,,265000000.0
2009-10-02,4041000000.0,246000000.0,23082,,341000000.0
2010-01-01,3953000000.0,239000000.0,23082,,377000000.0
2010-04-02,4029000000.0,249000000.0,23082,,412000000.0
2010-07-02,3910000000.0,243000000.0,23082,,277000000.0
2010-10-01,3935000000.0,246000000.0,23082,,308000000.0
2010-12-31,3995000000.0,242000000.0,23082,,298000000.0
2011-04-01,3742000000.0,218000000.0,23082,,242000000.0
2011-07-01,4033000000.0,264000000.0,23082,,180000000.0
2011-09-30,3966000000.0,307000000.0,23082,,-75000000.0
2011-12-30,3687000000.0,272000000.0,23082,,-1307000000.0
2012-03-30,2987000000.0,302000000.0,23082,,1279000000.0
2012-06-29,3633000000.0,281000000.0,23082,,146000000.0
2012-09-28,3528000000.0,294000000.0,23082,,262000000.0
2012-12-28,3536000000.0,271000000.0,23082,,260000000.0
2013-03-29,3498000000.0,351000000.0,23082,,293000000.0
2013-06-28,3254000000.0,288000000.0,23082,,332000000.0
2013-09-27,3187000000.0,314000000.0,23082,,361000000.0
2013-12-27,3228000000.0,318000000.0,23082,,338000000.0
2014-03-28,-770000000.0,179000000.0,23082,,-179000000.0
2014-07-04,3237000000.0,344000000.0,23082,,304000000.0
2014-10-03,3080000000.0,346000000.0,23082,,349000000.0
2015-01-02,1949000000.0,322000000.0,23082,,178000000.0
2015-04-03,-149000000.0,208000000.0,23082,,-372000000.0
2015-07-03,1804000000.0,271000000.0,23082,,144000000.0
2015-10-02,1745000000.0,269000000.0,23082,,130000000.0
2016-01-01,1750000000.0,259000000.0,23082,,148000000.0
2016-04-01,1807000000.0,241000000.0,23082,,93000000.0
2016-07-01,1930000000.0,305000000.0,23082,,52000000.0
2016-09-30,1871000000.0,293000000.0,23082,,98000000.0
2016-12-30,1917000000.0,333000000.0,23082,,165000000.0
2017-03-31,1889000000.0,348000000.0,23082,,42000000.0
2022-09-30,75002000.0,15976000.0,23111,,2253000.0
2023-09-29,71291000.0,20071000.0,23111,,-604000.0
2022-07-01,82759000.0,16577000.0,23111,,3173000.0
2023-06-30,74588000.0,20710000.0,23111,,285000.0
2022-04-01,89417000.0,17396000.0,23111,,3199000.0
2023-03-31,78202000.0,19428000.0,23111,,707000.0
2021-10-01,90603000.0,17588000.0,23111,,2702000.0
2021-07-02,92164000.0,17578000.0,23111,,2801000.0
2021-04-02,97129000.0,18669000.0,23111,,2098000.0
2020-09-25,88648000.0,17723000.0,23111,,1824000.0
2020-06-26,89146000.0,16824000.0,23111,,1914000.0
2020-03-27,86949000.0,14979000.0,23111,,2067000.0
2019-03-29,97238000.0,16589000.0,23111,,1127000.0
2019-06-28,100408000.0,16483000.0,23111,,1853000.0
2019-09-27,97204000.0,17218000.0,23111,,1524000.0
2019-12-31,99320000.0,17833000.0,23111,,2408000.0
2020-12-31,101348000.0,18302000.0,23111,,3325000.0
2018-03-30,82713000.0,15256000.0,23111,,583000.0
2018-06-29,92667000.0,16064000.0,23111,,1521000.0
2018-09-28,90260000.0,16560000.0,23111,,765000.0
2018-12-31,93129000.0,18527000.0,23111,,-789000.0
2017-03-31,77006000.0,12829000.0,23111,,1400000.0
2017-06-30,75521000.0,12845000.0,23111,,812000.0
2017-09-29,74039000.0,12562000.0,23111,,384000.0
2017-12-31,74644000.0,13572000.0,23111,,1572000.0
2016-04-01,85850000.0,13467000.0,23111,,-20466000.0
2016-07-01,83486000.0,14026000.0,23111,,1886000.0
2016-09-30,78065000.0,14567000.0,23111,,-16480000.0
2016-12-31,77492000.0,13140000.0,23111,,1713000.0
2015-04-03,97477000.0,15092000.0,23111,,2213000.0
2015-07-03,94744000.0,14485000.0,23111,,1116000.0
2015-10-02,93055000.0,13901000.0,23111,,3567000.0
2015-12-31,84202000.0,13045000.0,23111,,3741000.0
2014-03-28,97911000.0,15457000.0,23111,,5475000.0
2014-06-27,100331000.0,15728000.0,23111,,5470000.0
2014-09-26,96760000.0,14466000.0,23111,,4571000.0
2014-12-31,98266000.0,16535000.0,23111,,1636000.0
2013-03-29,108495000.0,16417000.0,23111,,6182000.0
2013-06-28,107117000.0,16248000.0,23111,,6399000.0
2013-09-27,100689000.0,15129000.0,23111,,6054000.0
2013-12-31,102735000.0,16188000.0,23111,,6092000.0
2012-03-30,103367000.0,16253000.0,23111,,5599000.0
2012-06-29,106705000.0,16752000.0,23111,,6143000.0
2012-09-28,106418000.0,16812000.0,23111,,6323000.0
2012-12-31,107925000.0,17050000.0,23111,,6397000.0
2011-03-31,95909000.0,15198000.0,23111,,4599000.0
2011-06-30,98327000.0,16056000.0,23111,,4677000.0
2011-09-30,101119000.0,16391000.0,23111,,4576000.0
2011-12-31,100920000.0,17336000.0,23111,,5458000.0
2012-03-31,103367000.0,16253000.0,23111,,5599000.0
2012-06-30,106705000.0,16752000.0,23111,,6143000.0
2012-09-30,106418000.0,16812000.0,23111,,6323000.0
2011-07-01,98327000.0,16056000.0,23111,,4677000.0
2011-04-01,95909000.0,15198000.0,23111,,4599000.0
2010-10-01,84463000.0,14157000.0,23111,,3117000.0
2010-07-02,81142000.0,14303000.0,23111,,3489000.0
2021-12-31,112389000.0,19873000.0,23111,,5141000.0
2022-12-31,77902000.0,19052000.0,23111,,2451000.0
2009-06-30,499929000.0,,36047,,60624000.0
2009-09-30,469796000.0,,36047,,30386000.0
2010-03-31,308756000.0,,36047,,13168000.0
2010-06-30,326007000.0,,36047,,21624000.0
2010-09-30,330146000.0,,36047,,45692000.0
2010-12-31,315367000.0,,36047,,33199000.0
2011-03-31,316282000.0,,36047,,26576000.0
2011-06-30,328421000.0,,36047,,18833000.0
2011-09-30,348446000.0,,36047,,27840000.0
2011-12-31,345398000.0,,36047,,15436000.0
2012-03-31,283687000.0,85718000.0,36047,,33776000.0
2012-06-30,296543000.0,85170000.0,36047,,46595000.0
2012-09-30,321128000.0,102333000.0,36047,,43491000.0
2012-12-31,334025000.0,83384000.0,36047,,46110000.0
2013-03-31,350861000.0,82196000.0,36047,,47065000.0
2013-06-30,368437000.0,98476000.0,36047,,52980000.0
2013-09-30,356581000.0,87886000.0,36047,,61361000.0
2013-12-31,328522000.0,105731000.0,36047,,-19264000.0
2014-03-31,326104000.0,93963000.0,36047,,14825000.0
2014-06-30,365970000.0,93422000.0,36047,,41020000.0
2014-09-30,367454000.0,68099000.0,36047,,77752000.0
2014-12-31,345512000.0,96133000.0,36047,,36161000.0
2015-03-31,364772000.0,93986000.0,36047,,49265000.0
2015-06-30,386013000.0,98291000.0,36047,,60707000.0
2015-09-30,386439000.0,91241000.0,36047,,65920000.0
2015-12-31,390886000.0,114257000.0,36047,,27032000.0
2016-03-31,453543000.0,110297000.0,36047,,58225000.0
2016-06-30,500204000.0,115784000.0,36047,,76398000.0
2016-09-30,523896000.0,118208000.0,36047,,85721000.0
2016-12-31,474914000.0,113813000.0,36047,,57596000.0
2017-03-31,439851000.0,111850000.0,36047,,32563000.0
2017-06-30,473978000.0,103552000.0,36047,,78393000.0
2017-09-30,483131000.0,131323000.0,36047,,62296000.0
2017-12-31,454157000.0,113117000.0,36047,,65366000.0
2018-03-31,444900000.0,114952000.0,36047,,44419000.0
2018-06-30,488401000.0,112022000.0,36047,,89637000.0
2018-09-30,451768000.0,113075000.0,36047,,59780000.0
2018-12-31,403309000.0,87829000.0,36047,,28782000.0
2019-03-31,337723000.0,128224000.0,36047,,8002000.0
2019-06-30,374738000.0,122798000.0,36047,,1801000.0
2019-09-30,375571000.0,106600000.0,36047,,61867000.0
2019-12-31,352841000.0,106165000.0,36047,,50365000.0
2020-03-31,352920000.0,109624000.0,36047,,55193000.0
2020-06-30,385086000.0,124061000.0,36047,,82211000.0
2020-09-30,436727000.0,165742000.0,36047,,73183000.0
2020-12-31,467642000.0,138190000.0,36047,,120395000.0
2021-03-31,422785000.0,130008000.0,36047,,85437000.0
2010-09-30,2565986.0,,50471,TRAK,-203602.0
2010-12-31,2747009.0,,50471,TRAK,269242.0
2011-03-31,2486710.0,,50471,TRAK,-165409.0
2011-06-30,2952427.0,,50471,TRAK,241010.0
2011-09-30,2579280.0,,50471,TRAK,-206231.0
2011-12-31,2567122.0,,50471,TRAK,-128478.0
2012-03-31,2509647.0,,50471,TRAK,-361751.0
2012-06-30,2442498.0,,50471,TRAK,-276252.0
2012-09-30,2712827.0,,50471,TRAK,247825.0
2012-12-31,2658902.0,,50471,TRAK,-29426.0
2013-03-31,3046988.0,,50471,TRAK,243075.0
2013-06-30,2899857.0,,50471,TRAK,-63275.0
2013-09-30,2775936.0,,50471,TRAK,-1048858.0
2013-12-31,3019614.0,,50471,TRAK,-576532.0
2014-03-31,3088497.0,,50471,TRAK,-438407.0
2014-06-30,3044369.0,,50471,TRAK,-528928.0
2014-09-30,3333519.0,,50471,TRAK,-434662.0
2014-12-31,3480004.0,,50471,TRAK,-584090.0
2015-03-31,3390933.0,,50471,TRAK,-618765.0
2015-06-30,3444259.0,,50471,TRAK,-2454877.0
2015-09-30,3098631.0,,50471,TRAK,-420079.0
2015-12-31,3536792.0,,50471,TRAK,276936.0
2016-03-31,3580329.0,,50471,TRAK,332738.0
2016-06-30,3794941.0,,50471,TRAK,497846.0
2016-09-30,4216545.0,,50471,TRAK,680124.0
2016-12-31,4785589.0,,50471,TRAK,1385164.0
2017-03-31,4748652.0,,50471,TRAK,941650.0
2017-06-30,5188477.0,,50471,TRAK,894191.0
2017-09-30,4712165.0,,50471,TRAK,413639.0
2017-12-31,5724706.0,,50471,TRAK,1373296.0
2018-03-31,5278783.0,,50471,TRAK,439948.0
2018-06-30,6320624.0,,50471,TRAK,1289966.0
2018-09-30,5941994.0,,50471,TRAK,1016758.0
2018-12-31,5565237.0,,50471,TRAK,1683958.0
2019-03-31,5006132.0,,50471,TRAK,1017332.0
2019-06-30,4656245.0,,50471,TRAK,271241.0
2019-09-30,4800084.0,,50471,TRAK,141218.0
2019-12-31,4837332.0,,50471,TRAK,628756.0
2020-03-31,4633244.0,,50471,TRAK,236923.0
2020-06-30,5767394.0,,50471,TRAK,471115.0
2020-09-30,5225402.0,,50471,TRAK,630979.0
2020-12-31,10399606.0,,50471,TRAK,384585.0
2021-03-31,6022540.0,,50471,TRAK,718297.0
2021-06-30,-640472.0,,50471,TRAK,1158539.0
2021-09-30,,,50471,TRAK,1166477.0
2021-12-31,,,50471,TRAK,957569.0
2022-03-31,,,50471,TRAK,1176536.0
2022-06-30,,,50471,TRAK,1114039.0
2022-09-30,,,50471,TRAK,1228046.0
2022-12-31,,,50471,TRAK,1175542.0
2023-03-31,,,50471,TRAK,1521782.0
2023-06-30,,,50471,TRAK,1165208.0
2023-09-30,,,50471,TRAK,1200009.0
2023-12-31,,,50471,TRAK,1240851.0
2024-03-31,,,50471,TRAK,1262343.0
2024-06-30,,,50471,TRAK,1321028.0
2024-09-30,,,50471,TRAK,1480061.0
2024-12-31,,,50471,TRAK,1352051.0
2025-03-31,,,50471,TRAK,1808853.0
2025-06-30,,,50471,TRAK,1586178.0
2025-09-30,,,50471,TRAK,1893873.0
2025-12-31,,,50471,TRAK,1816933.0
2026-03-31,,,50471,TRAK,2251220.0
2026-06-30,,,50471,TRAK,1881336.0
2010-06-30,131873000.0,40065000.0,78749,AGYS,-6592000.0
2010-09-30,49326000.0,24347000.0,78749,AGYS,-6654000.0
2010-12-31,58997000.0,24401000.0,78749,AGYS,-5263000.0
2011-03-31,-37515000.0,,78749,AGYS,-3116000.0
2011-06-30,52591000.0,41425000.0,78749,AGYS,-8362000.0
2011-09-30,52685000.0,24460000.0,78749,AGYS,-5830000.0
2011-12-31,51582000.0,23743000.0,78749,AGYS,-7049000.0
2012-03-31,52031000.0,,78749,AGYS,-24599000.0
2012-06-30,21621000.0,,78749,AGYS,-2780000.0
2012-09-30,23277000.0,,78749,AGYS,-2232000.0
2012-12-31,27042000.0,,78749,AGYS,-1712000.0
2013-03-31,22068000.0,,78749,AGYS,-2583000.0
2013-06-30,23700000.0,,78749,AGYS,479000.0
2013-09-30,24846000.0,,78749,AGYS,-1146000.0
2013-12-31,24965000.0,,78749,AGYS,-2968000.0
2014-03-31,27750000.0,,78749,AGYS,-2553000.0
2014-06-30,23746000.0,,78749,AGYS,-3109000.0
2014-09-30,26318000.0,,78749,AGYS,-1054000.0
2014-12-31,24742000.0,,78749,AGYS,-2680000.0
2015-03-31,28708000.0,,78749,AGYS,-5624000.0
2015-06-30,30953000.0,,78749,AGYS,-277000.0
2015-09-30,32676000.0,,78749,AGYS,-379000.0
2015-12-31,33448000.0,,78749,AGYS,-1679000.0
2016-03-31,30602000.0,,78749,AGYS,-1978000.0
2016-06-30,33865000.0,,78749,AGYS,-2194000.0
2016-09-30,30129000.0,,78749,AGYS,-2342000.0
2016-12-31,31310000.0,,78749,AGYS,-1629000.0
2017-03-31,32056000.0,,78749,AGYS,-5243000.0
2017-06-30,33865000.0,19689000.0,78749,AGYS,-3019000.0
2017-09-30,30129000.0,18571000.0,78749,AGYS,-3201000.0
2017-12-31,31310000.0,19241000.0,78749,AGYS,-3613000.0
2018-03-31,32056000.0,18996000.0,78749,AGYS,-2247000.0
2018-06-30,34007000.0,19528000.0,78749,AGYS,-1639000.0
2018-09-30,34203000.0,21553000.0,78749,AGYS,-3804000.0
2018-12-31,36014000.0,22525000.0,78749,AGYS,-3878000.0
2019-03-31,36618000.0,23355000.0,78749,AGYS,-3760000.0
2019-06-30,38389000.0,21558000.0,78749,AGYS,-1544000.0
2019-09-30,40722000.0,23098000.0,78749,AGYS,-2881000.0
2019-12-31,41987000.0,23760000.0,78749,AGYS,-2696000.0
2020-03-31,39659000.0,46597000.0,78749,AGYS,-26940000.0
2020-06-30,29807000.0,18973000.0,78749,AGYS,-423000.0
2020-09-30,34360000.0,17104000.0,78749,AGYS,6050000.0
2020-12-31,36675000.0,26007000.0,78749,AGYS,-1811000.0
2021-03-31,36334000.0,48250000.0,78749,AGYS,-24774000.0
2021-06-30,38725000.0,22826000.0,78749,AGYS,2041000.0
2021-09-30,37892000.0,23135000.0,78749,AGYS,1120000.0
2021-12-31,39460000.0,23104000.0,78749,AGYS,1612000.0
2022-03-31,46559000.0,26148000.0,78749,AGYS,1546000.0
2022-06-30,47506000.0,25462000.0,78749,AGYS,3033000.0
2022-09-30,47742000.0,26438000.0,78749,AGYS,2927000.0
2022-12-31,49920000.0,27294000.0,78749,AGYS,3482000.0
2023-03-31,52897000.0,28750000.0,78749,AGYS,3433000.0
2023-06-30,56059000.0,32099000.0,78749,AGYS,958000.0
2023-09-30,58616000.0,31534000.0,78749,AGYS,3562000.0
2023-12-31,60566000.0,30073000.0,78749,AGYS,7751000.0
2024-03-31,62223000.0,34797000.0,78749,AGYS,3482000.0
2024-06-30,63512000.0,34121000.0,78749,AGYS,5747000.0
2024-09-30,68279000.0,39088000.0,78749,AGYS,4126000.0
2024-12-31,69561000.0,36445000.0,78749,AGYS,7410000.0
2025-03-31,74272000.0,,78749,AGYS,5308000.0
2025-06-30,76675000.0,,78749,AGYS,4521000.0
2025-09-30,79299000.0,,78749,AGYS,14147000.0
2025-12-31,80390000.0,,78749,AGYS,11732000.0
2026-03-31,82948000.0,,78749,AGYS,12615000.0
2026-06-30,87677000.0,,78749,AGYS,9738000.0
2010-08-31,9363893.0,1636505.0,98338,,70898.0
2010-11-30,9756983.0,1611636.0,98338,,291402.0
2011-02-28,9377193.0,1717039.0,98338,,-83137.0
2011-05-31,10844300.0,1743333.0,98338,,202927.0
2011-08-31,11373095.0,1802279.0,98338,,108185.0
2011-11-30,11115015.0,1814621.0,98338,,75850.0
2012-02-29,11092779.0,1860760.0,98338,,-139573.0
2012-05-31,11634542.0,1988842.0,98338,,-46645.0
2012-08-31,11288445.0,1962826.0,98338,,-113127.0
2012-11-30,10560273.0,2013724.0,98338,,-258712.0
2013-02-28,10515070.0,2017746.0,98338,,-377166.0
2013-05-31,12549861.0,2086417.0,98338,,33250.0
2013-08-31,12086697.0,2039429.0,98338,,58419.0
2013-11-30,12166435.0,1979938.0,98338,,85746.0
2014-02-28,12127753.0,2118170.0,98338,,-188987.0
2014-05-31,13148982.0,2115524.0,98338,,69990.0
2014-08-31,13685813.0,2226412.0,98338,,72767.0
2014-11-30,14533801.0,2179677.0,98338,,274668.0
2015-02-28,14213207.0,2229241.0,98338,,-97805.0
2015-05-31,14970075.0,2247673.0,98338,,182835.0
2015-08-31,15234788.0,2231622.0,98338,,287974.0
2015-11-30,15185006.0,2241693.0,98338,,263922.0
2016-02-29,15074832.0,2318607.0,98338,,-13784.0
2016-05-31,15503655.0,2328604.0,98338,,300764.0
2016-08-31,15242383.0,2315740.0,98338,,285743.0
2016-11-30,15042789.0,2344682.0,98338,,245356.0
2017-02-28,15390236.0,2521189.0,98338,,-119230.0
2017-08-31,17037108.0,2567989.0,98338,,276489.0
2017-11-30,16515596.0,2287898.0,98338,,431948.0
2018-02-28,15057682.0,2323748.0,98338,,-37652.0
2018-05-31,16379609.0,2291888.0,98338,,238592.0
2018-08-31,16580921.0,2520549.0,98338,,75825.0
2018-11-30,16402356.0,2882226.0,98338,,-123749.0
2019-02-28,14782706.0,3046720.0,98338,,-915594.0
2019-05-31,15574045.0,3223451.0,98338,,-884036.0
2019-08-31,14946562.0,3189463.0,98338,,-913953.0
2019-11-30,15233869.0,2385530.0,98338,,64254.0
2020-02-29,14144569.0,3270723.0,98338,,-1250668.0
2020-05-31,14796401.0,2082932.0,98338,,349715.0
2020-08-31,14514006.0,2271301.0,98338,,59783.0
2020-11-30,16068577.0,3058618.0,98338,,-223533.0
2021-02-28,17160494.0,3084495.0,98338,,-338612.0
2021-05-31,21078140.0,3394536.0,98338,,14326.0
2021-08-31,22866017.0,4165305.0,98338,,-354917.0
2021-11-30,23863550.0,3633160.0,98338,,414851.0
2022-02-28,24383217.0,3829819.0,98338,,-36756.0
2022-05-31,26199665.0,3991125.0,98338,,355456.0
2022-08-31,26199428.0,3677605.0,98338,,754911.0
2022-11-30,26030816.0,3625172.0,98338,,1006038.0
2023-02-28,24257167.0,3768902.0,98338,,220928.0
2023-05-31,24945654.0,3717592.0,98338,,714610.0
2023-08-31,22513290.0,3251761.0,98338,,774950.0
2023-11-30,21657477.0,3185104.0,98338,,632958.0
2024-02-29,19702992.0,3367759.0,98338,,-37442.0
2018-03-30,754679000.0,,275880,PSN,38891000.0
2018-06-29,900732000.0,,275880,PSN,86912000.0
2018-09-28,976157000.0,,275880,PSN,55113000.0
2018-12-31,928940000.0,,275880,PSN,24092000.0
2019-03-31,904405000.0,,275880,PSN,23046000.0
2019-06-30,989742000.0,,275880,PSN,-8706000.0
2019-09-30,1023277000.0,,275880,PSN,53449000.0
2019-12-31,1037388000.0,,275880,PSN,24274000.0
2020-03-31,970993000.0,183774000.0,275880,PSN,23701000.0
2020-06-30,979459000.0,187640000.0,275880,PSN,46264000.0
2020-09-30,1004236000.0,165937000.0,275880,PSN,66271000.0
2020-12-31,964258000.0,191752000.0,275880,PSN,41579000.0
2021-03-31,874697000.0,187522000.0,275880,PSN,25623000.0
2021-06-30,879356000.0,188238000.0,275880,PSN,20218000.0
2021-09-30,956050000.0,191231000.0,275880,PSN,39737000.0
2021-12-31,950668000.0,190246000.0,275880,PSN,46868000.0
2022-03-31,949069000.0,185077000.0,275880,PSN,35690000.0
2022-06-30,1008721000.0,199932000.0,275880,PSN,32630000.0
2022-09-30,1134370000.0,196960000.0,275880,PSN,64013000.0
2022-12-31,1103112000.0,195434000.0,275880,PSN,53333000.0
2023-03-31,1173466000.0,199308000.0,275880,PSN,51130000.0
2023-06-30,1356486000.0,211897000.0,275880,PSN,76444000.0
2023-09-30,1418571000.0,221188000.0,275880,PSN,83340000.0
2023-12-31,1494226000.0,237512000.0,275880,PSN,77444000.0
2024-03-31,1535676000.0,220945000.0,275880,PSN,101844000.0
2024-06-30,1670467000.0,223277000.0,275880,PSN,111422000.0
2024-09-30,1810116000.0,246169000.0,275880,PSN,114988000.0
2024-12-31,1734317000.0,264604000.0,275880,PSN,99812000.0
2025-03-31,1554360000.0,244063000.0,275880,PSN,109233000.0
2025-06-30,1584323000.0,252050000.0,275880,PSN,95661000.0
2025-09-30,1621748000.0,260166000.0,275880,PSN,107955000.0
2025-12-31,1603814000.0,259764000.0,275880,PSN,105225000.0
2026-03-31,1491176000.0,267902000.0,275880,PSN,95674000.0
2010-06-30,72837.0,7917.0,278165,OMQS,
2010-09-30,28390.0,7526.0,278165,OMQS,
2011-03-31,31087.0,8197.0,278165,OMQS,
2011-06-30,2137.0,4872.0,278165,OMQS,
2011-09-30,1839.0,3989.0,278165,OMQS,
2011-12-31,1719.0,-2210.0,278165,OMQS,
2012-03-31,303.0,2601.0,278165,OMQS,
2012-06-30,362.0,600.0,278165,OMQS,
2012-09-30,215.0,1114.0,278165,OMQS,
2012-12-31,368.0,320.0,278165,OMQS,
2013-03-31,261.0,3903.0,278165,OMQS,
2013-06-30,1008.0,9146.0,278165,OMQS,
2013-09-30,804.0,780.0,278165,OMQS,
2013-12-31,1996.0,-2432.0,278165,OMQS,
2014-03-31,9622160.0,,278165,OMQS,
2014-06-30,7434246.0,,278165,OMQS,
2014-09-30,9084462.0,,278165,OMQS,
2014-12-31,11169105.0,,278165,OMQS,
2015-03-31,10675970.0,,278165,OMQS,-94871.0
2015-06-30,13557615.0,,278165,OMQS,132410.0
2015-09-30,16711339.0,,278165,OMQS,637245.0
2015-12-31,17653607.0,,278165,OMQS,-3580733.0
2016-03-31,14875152.0,,278165,OMQS,-720766.0
2016-06-30,13564151.0,,278165,OMQS,-358693.0
2016-09-30,13564151.0,,278165,OMQS,-358693.0
2016-12-31,18043670.0,,278165,OMQS,248848.0
2017-03-31,14437556.0,,278165,OMQS,87442.0
2017-06-30,13485145.0,,278165,OMQS,-34931.0
2017-09-30,12964054.0,,278165,OMQS,-557692.0
2017-12-31,13572090.0,,278165,OMQS,-373312.0
2018-03-31,15181000.0,,278165,OMQS,-644000.0
2018-06-30,13777000.0,,278165,OMQS,-918000.0
2018-09-30,13444000.0,,278165,OMQS,-387000.0
2018-12-31,13800000.0,,278165,OMQS,-1075000.0
2019-03-31,18620000.0,,278165,OMQS,95000.0
2019-06-30,14126000.0,,278165,OMQS,-190000.0
2019-09-30,13097000.0,,278165,OMQS,-735000.0
2019-12-31,11356000.0,,278165,OMQS,-2034000.0
2020-03-31,13799000.0,4137000.0,278165,OMQS,-2036000.0
2020-06-30,12677000.0,2892000.0,278165,OMQS,-1314000.0
2020-09-30,15833000.0,4808000.0,278165,OMQS,-3021000.0
2020-12-31,12900000.0,3965000.0,278165,OMQS,-2612000.0
2021-03-31,19751000.0,4438000.0,278165,OMQS,-2864000.0
2021-06-30,13119000.0,4109000.0,278165,OMQS,-1842000.0
2021-09-30,20513000.0,6801000.0,278165,OMQS,-4214000.0
2021-12-31,24868000.0,6517000.0,278165,OMQS,-1560000.0
2022-03-31,26322000.0,6476000.0,278165,OMQS,-1409000.0
2022-06-30,24209000.0,7072000.0,278165,OMQS,-2017000.0
2022-09-30,27008000.0,7624000.0,278165,OMQS,-2658000.0
2022-12-31,23219000.0,6535000.0,278165,OMQS,-3468000.0
2023-03-31,27821000.0,6766000.0,278165,OMQS,-2011000.0
2023-06-30,20270000.0,5315000.0,278165,OMQS,-2506000.0
2023-09-30,17244000.0,5585000.0,278165,OMQS,-2622000.0
2023-12-31,15858000.0,5294000.0,278165,OMQS,-19057000.0
2024-03-31,18317000.0,5565000.0,278165,OMQS,-1259000.0
2024-06-30,8436000.0,2214000.0,278165,OMQS,-813000.0
2024-09-30,9454000.0,2074000.0,278165,OMQS,-787000.0
2024-12-31,-1326000.0,-717000.0,278165,OMQS,-3763000.0
2025-03-31,7979000.0,1866000.0,278165,OMQS,-426000.0
2025-06-30,7802000.0,1651000.0,278165,OMQS,-480000.0
2025-09-30,8826000.0,2852000.0,278165,OMQS,-591000.0
2025-12-31,8343000.0,3452000.0,278165,OMQS,-2349000.0
2026-03-31,7680000.0,2771000.0,278165,OMQS,-1266000.0
2026-06-30,7375000.0,2839000.0,278165,OMQS,-2217000.0
2010-06-30,48157000.0,7297000.0,320121,TLS,3101000.0
2010-09-30,57630000.0,8708000.0,320121,TLS,6550000.0
2011-03-31,54429000.0,7829000.0,320121,TLS,4069000.0
2011-06-30,56338000.0,7976000.0,320121,TLS,3345000.0
2011-09-30,66916000.0,9035000.0,320121,TLS,2662000.0
2011-12-31,48413000.0,10016000.0,320121,TLS,2611000.0
2012-03-31,47578000.0,8542000.0,320121,TLS,5512000.0
2012-06-30,55214000.0,8791000.0,320121,TLS,5812000.0
2012-09-30,49279000.0,11132000.0,320121,TLS,3771000.0
2012-12-31,55323000.0,8641000.0,320121,TLS,2605000.0
2013-03-31,47578000.0,8680000.0,320121,TLS,-662000.0
2013-06-30,55214000.0,8244000.0,320121,TLS,640000.0
2013-09-30,49279000.0,7716000.0,320121,TLS,1083000.0
2013-12-31,55323000.0,7849000.0,320121,TLS,5050000.0
2014-03-31,30144000.0,9891000.0,320121,TLS,-3449000.0
2014-06-30,29009000.0,9782000.0,320121,TLS,-4386000.0
2014-09-30,38507000.0,9743000.0,320121,TLS,-2239000.0
2014-12-31,29902000.0,7181000.0,320121,TLS,-1570000.0
2015-03-31,28019000.0,8492000.0,320121,TLS,-1714000.0
2015-06-30,32028000.0,8297000.0,320121,TLS,-1127000.0
2015-09-30,33662000.0,8189000.0,320121,TLS,485000.0
2015-12-31,26925000.0,9312000.0,320121,TLS,-1261000.0
2016-03-31,27078000.0,9345000.0,320121,TLS,1237000.0
2016-06-30,26798000.0,9393000.0,320121,TLS,59000.0
2016-09-30,54940000.0,11670000.0,320121,TLS,2868000.0
2016-12-31,26052000.0,10926000.0,320121,TLS,-2052000.0
2017-03-31,23110000.0,9643000.0,320121,TLS,-1200000.0
2017-06-30,21096000.0,8744000.0,320121,TLS,-1353000.0
2017-09-30,28243000.0,9296000.0,320121,TLS,-34000.0
2017-12-31,35278000.0,12469000.0,320121,TLS,3001000.0
2018-03-31,32401000.0,10254000.0,320121,TLS,-22000.0
2018-06-30,34943000.0,9922000.0,320121,TLS,2156000.0
2018-09-30,34695000.0,9851000.0,320121,TLS,6436000.0
2018-12-31,35977000.0,14021000.0,320121,TLS,444000.0
2019-03-31,31166000.0,10358000.0,320121,TLS,-1382000.0
2019-06-30,36048000.0,10437000.0,320121,TLS,-422000.0
2019-09-30,45531000.0,10637000.0,320121,TLS,5676000.0
2019-12-31,46473000.0,15887000.0,320121,TLS,1153000.0
2020-03-31,38980000.0,11839000.0,320121,TLS,403000.0
2020-06-30,48610000.0,12507000.0,320121,TLS,5066000.0
2020-09-30,47440000.0,12049000.0,320121,TLS,4513000.0
2020-12-31,44887000.0,25728000.0,320121,TLS,-9685000.0
2021-03-31,55757000.0,27963000.0,320121,TLS,-13494000.0
2021-06-30,53644000.0,40005000.0,320121,TLS,-17471000.0
2021-09-30,68981000.0,29965000.0,320121,TLS,-5088000.0
2021-12-31,64051000.0,29560000.0,320121,TLS,-5411000.0
2022-03-31,50160000.0,35238000.0,320121,TLS,-16367000.0
2022-06-30,55791000.0,34965000.0,320121,TLS,-14036000.0
2022-09-30,63593000.0,29729000.0,320121,TLS,-8784000.0
2022-12-31,47343000.0,32961000.0,320121,TLS,-14663000.0
2023-03-31,35222000.0,23619000.0,320121,TLS,-12970000.0
2023-06-30,32911000.0,19180000.0,320121,TLS,-9467000.0
2023-09-30,36186000.0,22706000.0,320121,TLS,-9693000.0
2023-12-31,41059000.0,15505000.0,320121,TLS,-8185000.0
2024-03-31,29619000.0,16229000.0,320121,TLS,-8438000.0
2024-06-30,28498000.0,16892000.0,320121,TLS,-8644000.0
2024-09-30,23783000.0,23225000.0,320121,TLS,-28864000.0
2024-12-31,26372000.0,19141000.0,320121,TLS,-9927000.0
2025-03-31,30616000.0,19633000.0,320121,TLS,-9022000.0
2025-06-30,35968000.0,20303000.0,320121,TLS,-9883000.0
2025-09-30,51444000.0,21115000.0,320121,TLS,-2468000.0
2025-12-31,46777000.0,17874000.0,320121,TLS,-18508000.0
2026-03-31,47742000.0,14563000.0,320121,TLS,1455000.0
2026-06-30,47745000.0,15037000.0,320121,TLS,310000.0
2012-10-31,1673000000.0,139000000.0,353394,,100000000.0
2013-11-01,1420000000.0,116000000.0,353394,,-7000000.0
2025-06-30,15448000.0,4885000.0,356037,CSPI,-1223000.0
2026-06-30,14398000.0,5043000.0,356037,CSPI,-1542000.0
2025-03-31,13147000.0,4438000.0,356037,CSPI,-994000.0
2026-03-31,16012000.0,4505000.0,356037,CSPI,-851000.0
2024-12-31,15670000.0,4132000.0,356037,CSPI,-354000.0
2025-12-31,12036000.0,3989000.0,356037,CSPI,-112000.0
2024-06-30,13105000.0,4565000.0,356037,CSPI,-720000.0
2024-03-31,13706000.0,4518000.0,356037,CSPI,1234000.0
2023-12-31,15375000.0,3738000.0,356037,CSPI,-343000.0
2023-06-30,17708000.0,4611000.0,356037,CSPI,575000.0
2023-03-31,13269000.0,3895000.0,356037,CSPI,237000.0
2022-12-31,18344000.0,3617000.0,356037,CSPI,1364000.0
2022-06-30,13326000.0,4071000.0,356037,CSPI,19000.0
2022-03-31,11981000.0,3507000.0,356037,CSPI,-24000.0
2021-12-31,12369000.0,3383000.0,356037,CSPI,-396000.0
2021-06-30,13721000.0,3886000.0,356037,CSPI,-357000.0
2021-03-31,14088000.0,3727000.0,356037,CSPI,-121000.0
2020-12-31,11388000.0,3186000.0,356037,CSPI,-537000.0
2020-06-30,13780000.0,3924000.0,356037,CSPI,-393000.0
2020-03-31,16883000.0,3910000.0,356037,CSPI,-143000.0
2019-12-31,16858000.0,3761000.0,356037,CSPI,-402000.0
2019-06-30,21570000.0,4111000.0,356037,CSPI,145000.0
2019-03-31,16350000.0,3736000.0,356037,CSPI,-771000.0
2018-12-31,18980000.0,3589000.0,356037,CSPI,15000.0
2018-06-30,20044000.0,4094000.0,356037,CSPI,222000.0
2018-03-31,16604000.0,4088000.0,356037,CSPI,-864000.0
2017-12-31,16630000.0,3500000.0,356037,CSPI,165000.0
2017-06-30,26429000.0,4230000.0,356037,CSPI,1342000.0
2017-03-31,25316000.0,4500000.0,356037,CSPI,622000.0
2016-12-31,19916000.0,3958000.0,356037,CSPI,-102000.0
2016-06-30,26912000.0,4573000.0,356037,CSPI,1853000.0
2016-03-31,27139000.0,4665000.0,356037,CSPI,878000.0
2015-12-31,23676000.0,4048000.0,356037,CSPI,343000.0
2015-06-30,22287000.0,3945000.0,356037,CSPI,695000.0
2015-03-31,18877000.0,3856000.0,356037,CSPI,-639000.0
2014-12-31,20430000.0,4023000.0,356037,CSPI,-921000.0
2014-06-30,22636000.0,4192000.0,356037,CSPI,967000.0
2014-03-31,20903000.0,3957000.0,356037,CSPI,333000.0
2013-12-31,21332000.0,4020000.0,356037,CSPI,340000.0
2013-06-30,19033000.0,4065000.0,356037,CSPI,-667000.0
2013-03-31,25823000.0,4165000.0,356037,CSPI,1222000.0
2012-12-31,20870000.0,3560000.0,356037,CSPI,173000.0
2012-06-30,22354000.0,3580000.0,356037,CSPI,1205000.0
2012-03-31,19029000.0,3572000.0,356037,CSPI,669000.0
2011-12-31,21093000.0,3676000.0,356037,CSPI,764000.0
2011-06-30,18789000.0,3450000.0,356037,CSPI,-271000.0
2011-03-31,17629000.0,3310000.0,356037,CSPI,431000.0
2010-06-30,27011000.0,3740000.0,356037,CSPI,658000.0
2010-12-31,20627000.0,3375000.0,356037,CSPI,643000.0
2024-09-30,13033000.0,4950000.0,356037,CSPI,-2043000.0
2025-09-30,14465000.0,4915000.0,356037,CSPI,-538000.0
2023-09-30,15326000.0,4787000.0,356037,CSPI,-306000.0
2022-09-30,16685000.0,4822000.0,356037,CSPI,361000.0
2021-09-30,10011000.0,3825000.0,356037,CSPI,-347000.0
2020-09-30,14272000.0,4198000.0,356037,CSPI,-486000.0
2019-09-30,22161000.0,4616000.0,356037,CSPI,-215000.0
2018-09-30,19638000.0,5041000.0,356037,CSPI,-1124000.0
2017-09-30,16831000.0,2978000.0,356037,CSPI,1533000.0
2016-09-30,25640000.0,4970000.0,356037,CSPI,727000.0
2015-09-30,27712000.0,4311000.0,356037,CSPI,1091000.0
2014-09-30,19748000.0,3947000.0,356037,CSPI,43000.0
2013-09-30,21893000.0,4235000.0,356037,CSPI,-27000.0
2012-09-30,22331000.0,5019000.0,356037,CSPI,2331000.0
2011-09-30,16600000.0,3640000.0,356037,CSPI,6000.0
2015-04-30,272143000.0,,701811,,-7663000.0
2015-07-31,281062000.0,,701811,,39266000.0
2015-10-31,290516000.0,,701811,,25688000.0
2016-01-31,337267000.0,,701811,,79454000.0
2016-04-30,227639000.0,,701811,,-12065000.0
2016-07-31,254344000.0,,701811,,6250000.0
2016-10-31,322516000.0,,701811,,56314000.0
2017-01-31,477968000.0,,701811,,152582000.0
2014-04-30,252151000.0,,701811,,1644000.0
2014-07-31,260233000.0,,701811,,16912000.0
2014-10-31,292683000.0,,701811,,29723000.0
2015-01-31,439066000.0,,701811,,139532000.0
2013-04-30,226515000.0,,701811,,5893000.0
2013-07-31,253216000.0,,701811,,26578000.0
2013-10-31,275642000.0,,701811,,33372000.0
2014-01-31,401000000.0,,701811,,117197000.0
2012-04-30,247918000.0,,701811,,32822000.0
2012-07-31,240811000.0,,701811,,19907000.0
2012-10-31,268760000.0,,701811,,37809000.0
2013-01-31,331238000.0,,701811,,71095000.0
2011-04-30,230035000.0,,701811,,16173000.0
2011-07-31,213740000.0,,701811,,4844000.0
2011-10-31,250508000.0,,701811,,25405000.0
2012-01-31,320355000.0,,701811,,65770000.0
2010-04-30,180577000.0,,701811,,-14994000.0
2010-07-31,187934000.0,,701811,,-10491000.0
2010-10-31,238937000.0,,701811,,20641000.0
2011-01-31,307305000.0,,701811,,57383000.0
2009-10-31,189196000.0,,701811,,-7268000.0
2009-07-31,182621000.0,,701811,,-11497000.0
2022-09-30,159443000.0,44886000.0,708818,,9289000.0
2023-09-30,176418000.0,54175000.0,708818,,8056000.0
2022-06-30,153302000.0,49034000.0,708818,,1190000.0
2023-06-30,178207000.0,48193000.0,708818,,9066000.0
2021-12-31,149721000.0,47238000.0,708818,,8008000.0
2022-12-31,161877000.0,46177000.0,708818,,9564000.0
2021-09-30,149286000.0,63891000.0,708818,,-7897000.0
2021-06-30,146084000.0,48486000.0,708818,,3734000.0
2020-12-31,141752000.0,48972000.0,708818,,932000.0
2020-09-30,140002000.0,41950000.0,708818,,10298000.0
2020-06-30,130879000.0,40737000.0,708818,,1877000.0
2019-12-31,137740000.0,42841000.0,708818,,3280000.0
2019-09-30,134256000.0,39046000.0,708818,,6731000.0
2019-06-30,131861000.0,40128000.0,708818,,1390000.0
2018-06-30,133200000.0,44636000.0,708818,,3417000.0
2018-09-30,130321000.0,34229000.0,708818,,15482000.0
2018-12-31,130867000.0,41304000.0,708818,,6183000.0
2019-03-31,134785000.0,44710000.0,708818,,6537000.0
2020-03-31,136382000.0,43159000.0,708818,,-6289000.0
2017-06-30,130922000.0,42977000.0,708818,,6740000.0
2017-09-30,132607000.0,40977000.0,708818,,11336000.0
2017-12-31,131715000.0,43563000.0,708818,,3787000.0
2018-03-31,135775000.0,65709000.0,708818,,-19042000.0
2016-06-30,122205000.0,40581000.0,708818,,128000.0
2016-09-30,127166000.0,42790000.0,708818,,6769000.0
2016-12-31,127868000.0,37542000.0,708818,,13461000.0
2017-03-31,132385000.0,42710000.0,708818,,6655000.0
2015-06-30,122164000.0,39171000.0,708818,,9034000.0
2015-09-30,125369000.0,37396000.0,708818,,12496000.0
2015-12-31,117032000.0,39395000.0,708818,,8437000.0
2016-03-31,127912000.0,40272000.0,708818,,-22605000.0
2014-06-30,117894000.0,36730000.0,708818,,7755000.0
2014-09-30,120519000.0,38681000.0,708818,,7259000.0
2014-12-31,123424000.0,41482000.0,708818,,8210000.0
2015-03-31,128388000.0,41279000.0,708818,,12732000.0
2012-06-30,109529000.0,35096000.0,708818,,19553000.0
2012-09-30,111081000.0,38578000.0,708818,,15946000.0
2012-12-31,108854000.0,36864000.0,708818,,-19332000.0
2013-03-31,115203000.0,38676000.0,708818,,6921000.0
2013-12-31,108854000.0,36864000.0,708818,,-19332000.0
2013-09-30,111081000.0,38578000.0,708818,,15946000.0
2013-06-30,109529000.0,35096000.0,708818,,19553000.0
2011-06-30,118296000.0,36681000.0,708818,,23507000.0
2011-09-30,116128000.0,37832000.0,708818,,24344000.0
2011-12-31,114510000.0,35532000.0,708818,,23384000.0
2012-03-31,111295000.0,38308000.0,708818,,-2135000.0
2014-03-31,115203000.0,38676000.0,708818,,6921000.0
2010-06-30,82927000.0,26238000.0,708818,,19027000.0
2010-09-30,81457000.0,24829000.0,708818,,20823000.0
2010-12-31,91871000.0,27958000.0,708818,,25781000.0
2011-03-31,97108000.0,29285000.0,708818,,28461000.0
2009-12-31,74962000.0,21574000.0,708818,,20748000.0
2009-09-30,71698000.0,20061000.0,708818,,18613000.0
2009-06-30,66638000.0,20093000.0,708818,,16322000.0
2021-03-31,144188000.0,48870000.0,708818,,-290000.0
2022-03-31,151259000.0,50046000.0,708818,,2813000.0
2023-03-31,178550000.0,83327000.0,708818,,-23909000.0
2010-03-31,78513000.0,25223000.0,708818,,20041000.0
2016-03-31,380700000.0,,714603,,51700000.0
2016-06-30,390500000.0,,714603,,45900000.0
2016-09-30,386700000.0,,714603,,74300000.0
2016-12-31,398800000.0,,714603,,75400000.0
2017-03-31,405500000.0,,714603,,55900000.0
2017-06-30,656200000.0,,714603,,96200000.0
2017-09-30,562600000.0,,714603,,55800000.0
2017-12-31,593900000.0,,714603,,77300000.0
2015-03-31,355700000.0,,714603,,56800000.0
2015-06-30,363500000.0,,714603,,52100000.0
2015-09-30,371600000.0,,714603,,61600000.0
2015-12-31,383200000.0,,714603,,62200000.0
2014-03-31,683800000.0,,714603,,68100000.0
2014-06-30,679500000.0,,714603,,71300000.0
2014-09-30,679500000.0,,714603,,82800000.0
2014-12-31,706500000.0,,714603,,86700000.0
2013-03-31,682400000.0,,714603,,74600000.0
2013-06-30,657100000.0,,714603,,72700000.0
2013-09-30,651800000.0,,714603,,86300000.0
2013-12-31,667300000.0,,714603,,79600000.0
2012-03-31,653200000.0,,714603,,60100000.0
2012-06-30,632800000.0,,714603,,50900000.0
2012-09-30,632000000.0,,714603,,47100000.0
2012-12-31,658600000.0,,714603,,-800000.0
2011-03-31,591700000.0,,714603,,69300000.0
2011-06-30,582200000.0,,714603,,73300000.0
2011-09-30,591400000.0,,714603,,61200000.0
2011-12-31,623400000.0,,714603,,56300000.0
2010-03-31,566700000.0,,714603,,68300000.0
2010-06-30,613900000.0,,714603,,142300000.0
2010-09-30,567200000.0,,714603,,74400000.0
2010-12-31,580700000.0,,714603,,59600000.0
2009-09-30,551700000.0,,714603,,62600000.0
2009-06-30,554000000.0,,714603,,68500000.0
2009-06-30,255981000.0,37643000.0,733269,RAMP,12496000.0
2009-09-30,271105000.0,37964000.0,733269,RAMP,21247000.0
2009-12-31,283807000.0,43477000.0,733269,RAMP,29859000.0
2010-03-31,252705000.0,39104000.0,733269,RAMP,33940000.0
2010-06-30,259179000.0,37955000.0,733269,RAMP,20638000.0
2010-09-30,279445000.0,40274000.0,733269,RAMP,24998000.0
2010-12-31,287905000.0,39229000.0,733269,RAMP,33842000.0
2011-03-31,287226000.0,38435000.0,733269,RAMP,-54301000.0
2011-06-30,276044000.0,36807000.0,733269,RAMP,20704000.0
2011-09-30,286432000.0,39429000.0,733269,RAMP,27051000.0
2011-12-31,280893000.0,36318000.0,733269,RAMP,15518000.0
2012-03-31,287255000.0,44587000.0,733269,RAMP,22290000.0
2012-06-30,271659000.0,36764000.0,733269,RAMP,25424000.0
2012-09-30,277467000.0,38063000.0,733269,RAMP,30208000.0
2012-12-31,273102000.0,37482000.0,733269,RAMP,26898000.0
2013-03-31,277131000.0,41681000.0,733269,RAMP,20189000.0
2013-06-30,257178000.0,37615000.0,733269,RAMP,23458000.0
2013-09-30,267777000.0,42859000.0,733269,RAMP,19227000.0
2013-12-31,268761000.0,43383000.0,733269,RAMP,19291000.0
2014-03-31,268562000.0,45519000.0,733269,RAMP,-11503000.0
2014-06-30,186683000.0,46938000.0,733269,RAMP,-13086000.0
2014-09-30,204248000.0,50483000.0,733269,RAMP,-6443000.0
2014-12-31,208246000.0,47345000.0,733269,RAMP,-2290000.0
2015-03-31,205734000.0,43795000.0,733269,RAMP,-10865000.0
2015-06-30,196895000.0,,733269,RAMP,-2869000.0
2015-09-30,207345000.0,,733269,RAMP,-2056000.0
2015-12-31,221193000.0,,733269,RAMP,-374000.0
2016-03-31,224655000.0,,733269,RAMP,-7764000.0
2016-06-30,214801000.0,,733269,RAMP,8162000.0
2016-09-30,217267000.0,,733269,RAMP,7120000.0
2016-12-31,223312000.0,,733269,RAMP,9115000.0
2017-03-31,224867000.0,,733269,RAMP,-8709000.0
2017-06-30,46757000.0,,733269,RAMP,-26215000.0
2017-09-30,54013000.0,,733269,RAMP,-25191000.0
2017-12-31,59121000.0,,733269,RAMP,3117000.0
2018-03-31,60210000.0,,733269,RAMP,-19010000.0
2018-06-30,62471000.0,,733269,RAMP,-29602000.0
2018-09-30,64812000.0,,733269,RAMP,-38199000.0
2018-12-31,80021000.0,,733269,RAMP,-48211000.0
2019-03-31,78316000.0,,733269,RAMP,-49688000.0
2019-06-30,82511000.0,,733269,RAMP,-48375000.0
2019-09-30,90143000.0,,733269,RAMP,-50273000.0
2019-12-31,102217000.0,,733269,RAMP,-41485000.0
2020-03-31,105701000.0,,733269,RAMP,-40789000.0
2020-06-30,99437000.0,,733269,RAMP,-26007000.0
2020-09-30,104661000.0,,733269,RAMP,-26852000.0
2020-12-31,119753000.0,,733269,RAMP,-15781000.0
2021-03-31,119175000.0,,733269,RAMP,-51908000.0
2021-06-30,119038000.0,,733269,RAMP,-17601000.0
2021-09-30,127290000.0,,733269,RAMP,-6182000.0
2021-12-31,140604000.0,,733269,RAMP,-13786000.0
2022-03-31,141725000.0,,733269,RAMP,-27969000.0
2022-06-30,142243000.0,,733269,RAMP,-25602000.0
2022-09-30,147099000.0,,733269,RAMP,-29122000.0
2022-12-31,158615000.0,,733269,RAMP,-23949000.0
2023-03-31,148626000.0,,733269,RAMP,-47127000.0
2023-06-30,154069000.0,,733269,RAMP,2270000.0
2023-09-30,159871000.0,,733269,RAMP,8208000.0
2023-12-31,173869000.0,,733269,RAMP,15201000.0
2024-03-31,171852000.0,,733269,RAMP,-14275000.0
2024-06-30,175961000.0,,733269,RAMP,-5248000.0
2024-09-30,185483000.0,,733269,RAMP,7487000.0
2024-12-31,195412000.0,,733269,RAMP,14673000.0
2025-03-31,188724000.0,,733269,RAMP,-11508000.0
2025-06-30,194822000.0,,733269,RAMP,7221000.0
2025-09-30,199829000.0,,733269,RAMP,21428000.0
2025-12-31,212197000.0,,733269,RAMP,39524000.0
2026-03-31,206092000.0,,733269,RAMP,15293000.0
2026-06-30,213986000.0,,733269,RAMP,20163000.0
2010-06-30,7082.0,,746210,TWAV,-779.0
2010-09-30,6944000.0,,746210,TWAV,-861000.0
2011-03-31,6981000.0,,746210,TWAV,71000.0
2011-06-30,6954000.0,,746210,TWAV,23000.0
2011-09-30,6829000.0,,746210,TWAV,55000.0
2011-12-31,7042000.0,,746210,TWAV,321000.0
2012-03-31,6746000.0,,746210,TWAV,198000.0
2012-06-30,6800000.0,,746210,TWAV,285000.0
2012-09-30,6561000.0,,746210,TWAV,-574000.0
2012-12-31,8963000.0,,746210,TWAV,-505000.0
2013-03-31,8504000.0,,746210,TWAV,-1602000.0
2013-06-30,8736000.0,,746210,TWAV,269000.0
2013-09-30,8313000.0,,746210,TWAV,-105000.0
2013-12-31,7901000.0,,746210,TWAV,-4000.0
2014-03-31,7981000.0,,746210,TWAV,-478000.0
2014-06-30,8468000.0,,746210,TWAV,357000.0
2014-09-30,7958000.0,,746210,TWAV,556000.0
2014-12-31,7749000.0,,746210,TWAV,-1619000.0
2015-03-31,7163000.0,,746210,TWAV,125000.0
2015-06-30,6528000.0,,746210,TWAV,103000.0
2015-09-30,6160000.0,,746210,TWAV,-337000.0
2015-12-31,5690000.0,,746210,TWAV,-380000.0
2016-03-31,5518000.0,,746210,TWAV,-295000.0
2016-06-30,5088000.0,,746210,TWAV,-196000.0
2016-09-30,4344000.0,,746210,TWAV,-1288000.0
2016-12-31,4268000.0,,746210,TWAV,-306000.0
2017-03-31,4080000.0,,746210,TWAV,-270000.0
2017-06-30,3856000.0,,746210,TWAV,-179000.0
2017-09-30,3481000.0,,746210,TWAV,-2000000.0
2017-12-31,3382000.0,,746210,TWAV,82000.0
2018-03-31,3474000.0,,746210,TWAV,-880000.0
2018-06-30,,,746210,TWAV,-1679000.0
2018-09-30,,,746210,TWAV,-1470000.0
2018-12-31,,,746210,TWAV,-2711000.0
2019-03-31,,,746210,TWAV,-598000.0
2019-06-30,,,746210,TWAV,-874000.0
2019-09-30,,,746210,TWAV,-640000.0
2019-12-31,,,746210,TWAV,-5462000.0
2020-03-31,,,746210,TWAV,-2977000.0
2020-06-30,,,746210,TWAV,-3300000.0
2020-09-30,,,746210,TWAV,-1990000.0
2020-12-31,,,746210,TWAV,-10064000.0
2021-03-31,,,746210,TWAV,-3411000.0
2021-06-30,,,746210,TWAV,-2478000.0
2021-09-30,,,746210,TWAV,-3111000.0
2021-12-31,,,746210,TWAV,-2794000.0
2022-03-31,,,746210,TWAV,-4522000.0
2022-06-30,,,746210,TWAV,-9033000.0
2022-09-30,,,746210,TWAV,-7160000.0
2022-12-31,,,746210,TWAV,-1273000.0
2023-03-31,,,746210,TWAV,-1203000.0
2023-06-30,,,746210,TWAV,-1091000.0
2023-09-30,,,746210,TWAV,-925000.0
2023-12-31,,,746210,TWAV,-1276000.0
2024-03-31,,,746210,TWAV,-1184000.0
2024-06-30,,,746210,TWAV,-1018000.0
2024-09-30,,,746210,TWAV,-1072000.0
2024-12-31,,,746210,TWAV,-928000.0
2025-03-31,,,746210,TWAV,-691000.0
2025-06-30,,,746210,TWAV,-683000.0
2025-09-30,,,746210,TWAV,-802000.0
2025-12-31,,,746210,TWAV,-786000.0
2026-03-31,,,746210,TWAV,-559000.0
2026-06-30,,,746210,TWAV,-841000.0
2009-06-30,1101200000.0,167800000.0,746838,UIS,67700000.0
2009-09-30,1106400000.0,161900000.0,746838,UIS,111600000.0
2010-03-31,977400000.0,155900000.0,746838,UIS,58500000.0
2010-06-30,1037000000.0,160400000.0,746838,UIS,106500000.0
2010-09-30,960600000.0,142400000.0,746838,UIS,76100000.0
2010-12-31,1044600000.0,158400000.0,746838,UIS,134600000.0
2011-03-31,911200000.0,146000000.0,746838,UIS,41900000.0
2011-06-30,937200000.0,147200000.0,746838,UIS,48100000.0
2011-09-30,1020100000.0,153300000.0,746838,UIS,113000000.0
2011-12-31,985300000.0,139800000.0,746838,UIS,121600000.0
2012-03-31,928400000.0,141400000.0,746838,UIS,64400000.0
2012-06-30,921300000.0,142000000.0,746838,UIS,79000000.0
2012-09-30,877400000.0,138600000.0,746838,UIS,61200000.0
2013-03-31,809900000.0,142200000.0,746838,UIS,1600000.0
2013-06-30,858600000.0,144900000.0,746838,UIS,38000000.0
2013-09-30,792100000.0,131700000.0,746838,UIS,24000000.0
2013-12-31,995900000.0,140600000.0,746838,UIS,155900000.0
2014-03-31,761700000.0,138500000.0,746838,UIS,-19900000.0
2014-06-30,806400000.0,133600000.0,746838,UIS,15800000.0
2014-09-30,882500000.0,138000000.0,746838,UIS,76600000.0
2014-12-31,905800000.0,144000000.0,746838,UIS,82400000.0
2015-03-31,721200000.0,128800000.0,746838,UIS,-30000000.0
2015-06-30,764800000.0,145400000.0,746838,UIS,-49500000.0
2015-09-30,739200000.0,115400000.0,746838,UIS,8600000.0
2015-12-31,789900000.0,130000000.0,746838,UIS,15800000.0
2016-03-31,666800000.0,110100000.0,746838,UIS,-27600000.0
2016-06-30,748900000.0,115700000.0,746838,UIS,49500000.0
2016-09-30,683300000.0,120000000.0,746838,UIS,-9800000.0
2016-12-31,721700000.0,95400000.0,746838,UIS,117100000.0
2017-03-31,664500000.0,105000000.0,746838,UIS,21800000.0
2017-06-30,666200000.0,111400000.0,746838,UIS,-3500000.0
2017-09-30,666300000.0,97800000.0,746838,UIS,-2900000.0
2017-12-31,744800000.0,97700000.0,746838,UIS,81700000.0
2018-03-31,708400000.0,90900000.0,746838,UIS,101800000.0
2018-06-30,667400000.0,92700000.0,746838,UIS,54000000.0
2018-09-30,688300000.0,90900000.0,746838,UIS,55800000.0
2018-12-31,760900000.0,65800000.0,746838,UIS,500000.0
2019-03-31,554500000.0,90900000.0,746838,UIS,25200000.0
2019-06-30,569400000.0,92400000.0,746838,UIS,53000000.0
2019-09-30,552100000.0,84700000.0,746838,UIS,49400000.0
2019-12-31,546800000.0,96800000.0,746838,UIS,10300000.0
2020-03-31,435900000.0,86800000.0,746838,UIS,20100000.0
2020-06-30,367600000.0,80200000.0,746838,UIS,-8500000.0
2020-09-30,411800000.0,85500000.0,746838,UIS,27700000.0
2020-12-31,576900000.0,116900000.0,746838,UIS,47700000.0
2021-03-31,432900000.0,90000000.0,746838,UIS,43600000.0
2021-06-30,441600000.0,94600000.0,746838,UIS,40800000.0
2021-09-30,410400000.0,95100000.0,746838,UIS,25100000.0
2021-12-31,460900000.0,109800000.0,746838,UIS,44500000.0
2022-03-31,446700000.0,104400000.0,746838,UIS,-23500000.0
2022-06-30,515000000.0,109600000.0,746838,UIS,33700000.0
2022-09-30,461200000.0,106300000.0,746838,UIS,-8000000.0
2022-12-31,557000000.0,132900000.0,746838,UIS,50000000.0
2023-03-31,516400000.0,102900000.0,746838,UIS,49900000.0
2023-06-30,476800000.0,110300000.0,746838,UIS,100000.0
2023-09-30,464600000.0,108100000.0,746838,UIS,-17100000.0
2023-12-31,557600000.0,129000000.0,746838,UIS,44000000.0
2024-03-31,487800000.0,112200000.0,746838,UIS,17700000.0
2024-06-30,478200000.0,101400000.0,746838,UIS,23600000.0
2024-09-30,497000000.0,91900000.0,746838,UIS,7500000.0
2024-12-31,545400000.0,118700000.0,746838,UIS,48600000.0
2025-03-31,432100000.0,96800000.0,746838,UIS,5100000.0
2025-06-30,483300000.0,93600000.0,746838,UIS,30300000.0
2025-09-30,460200000.0,90900000.0,746838,UIS,-33500000.0
2025-12-31,574500000.0,109900000.0,746838,UIS,76600000.0
2026-03-31,437600000.0,91500000.0,746838,UIS,16200000.0
2026-06-30,473500000.0,95700000.0,746838,UIS,-32900000.0
2009-06-30,225028000.0,39132000.0,750004,LNWO,26529000.0
2009-09-30,239146000.0,38861000.0,750004,LNWO,29950000.0
2010-03-31,216339000.0,38556000.0,750004,LNWO,21503000.0
2010-06-30,233033000.0,40552000.0,750004,LNWO,26531000.0
2010-09-30,221061000.0,36435000.0,750004,LNWO,21747000.0
2010-12-31,212066000.0,42957000.0,750004,LNWO,-11045000.0
2011-03-31,196656000.0,39554000.0,750004,LNWO,14353000.0
2011-06-30,220248000.0,43426000.0,750004,LNWO,28864000.0
2011-09-30,222739000.0,47660000.0,750004,LNWO,21376000.0
2011-12-31,239079000.0,52382000.0,750004,LNWO,19228000.0
2012-03-31,231200000.0,43600000.0,750004,LNWO,24900000.0
2012-06-30,226000000.0,44700000.0,750004,LNWO,11400000.0
2012-09-30,224600000.0,42200000.0,750004,LNWO,16500000.0
2012-12-31,246800000.0,48900000.0,750004,LNWO,10100000.0
2013-03-31,219600000.0,48800000.0,750004,LNWO,11100000.0
2013-06-30,235000000.0,44700000.0,750004,LNWO,12400000.0
2013-09-30,234400000.0,45600000.0,750004,LNWO,25700000.0
2013-12-31,401900000.0,127300000.0,750004,LNWO,-67500000.0
2014-03-31,388100000.0,91800000.0,750004,LNWO,-12100000.0
2014-06-30,416900000.0,95200000.0,750004,LNWO,3600000.0
2014-09-30,415600000.0,95600000.0,750004,LNWO,-7800000.0
2014-12-31,565800000.0,225100000.0,750004,LNWO,-156400000.0
2015-03-31,658700000.0,145900000.0,750004,LNWO,18100000.0
2015-06-30,691500000.0,140900000.0,750004,LNWO,-100000.0
2015-09-30,671600000.0,136800000.0,750004,LNWO,-988200000.0
2015-12-31,737000000.0,144100000.0,750004,LNWO,-54400000.0
2016-03-31,682000000.0,142300000.0,750004,LNWO,50300000.0
2016-06-30,729200000.0,144900000.0,750004,LNWO,59100000.0
2016-09-30,720000000.0,152800000.0,750004,LNWO,33500000.0
2016-12-31,752200000.0,137000000.0,750004,LNWO,-12300000.0
2017-03-31,725400000.0,140700000.0,750004,LNWO,88000000.0
2017-06-30,766300000.0,145900000.0,750004,LNWO,117300000.0
2017-09-30,768900000.0,158800000.0,750004,LNWO,90600000.0
2017-12-31,823000000.0,167700000.0,750004,LNWO,97200000.0
2018-03-31,812000000.0,172000000.0,750004,LNWO,49000000.0
2018-06-30,845000000.0,174000000.0,750004,LNWO,99000000.0
2018-09-30,821000000.0,170000000.0,750004,LNWO,-205000000.0
2018-12-31,886000000.0,181700000.0,750004,LNWO,321200000.0
2019-03-31,837000000.0,186000000.0,750004,LNWO,123000000.0
2019-06-30,845000000.0,174000000.0,750004,LNWO,128000000.0
2019-09-30,855000000.0,175000000.0,750004,LNWO,143000000.0
2019-12-31,863000000.0,84000000.0,750004,LNWO,-104000000.0
2020-03-31,479000000.0,198000000.0,750004,LNWO,-32000000.0
2020-06-30,308000000.0,151000000.0,750004,LNWO,-56000000.0
2020-09-30,432000000.0,146000000.0,750004,LNWO,-30000000.0
2020-12-31,480000000.0,132000000.0,750004,LNWO,-127000000.0
2021-03-31,453000000.0,159000000.0,750004,LNWO,4000000.0
2021-06-30,581000000.0,180000000.0,750004,LNWO,68000000.0
2021-09-30,539000000.0,164000000.0,750004,LNWO,34000000.0
2021-12-31,580000000.0,176000000.0,750004,LNWO,4000000.0
2022-03-31,572000000.0,175000000.0,750004,LNWO,40000000.0
2022-06-30,610000000.0,179000000.0,750004,LNWO,46000000.0
2022-09-30,648000000.0,181000000.0,750004,LNWO,89000000.0
2022-12-31,682000000.0,182000000.0,750004,LNWO,98000000.0
2023-03-31,670000000.0,192000000.0,750004,LNWO,102000000.0
2023-06-30,731000000.0,203000000.0,750004,LNWO,113000000.0
2023-09-30,731000000.0,204000000.0,750004,LNWO,147000000.0
2023-12-31,770000000.0,209000000.0,750004,LNWO,156000000.0
2024-03-31,756000000.0,218000000.0,750004,LNWO,165000000.0
2024-06-30,818000000.0,220000000.0,750004,LNWO,175000000.0
2024-09-30,817000000.0,220000000.0,750004,LNWO,159000000.0
2024-12-31,797000000.0,214000000.0,750004,LNWO,169000000.0
2025-03-31,774000000.0,217000000.0,750004,LNWO,170000000.0
2025-06-30,809000000.0,208000000.0,750004,LNWO,202000000.0
2025-09-30,841000000.0,219000000.0,750004,LNWO,229000000.0
2025-12-31,890000000.0,225000000.0,750004,LNWO,82000000.0
2026-03-31,790000000.0,237000000.0,750004,LNWO,130000000.0
2026-06-30,828000000.0,211000000.0,750004,LNWO,223000000.0
2009-09-30,182331000.0,,779152,JKHY,41937000.0
2009-12-31,210861000.0,,779152,JKHY,47363000.0
2010-03-31,215549000.0,,779152,JKHY,43659000.0
2010-06-30,227845000.0,,779152,JKHY,49294000.0
2010-09-30,234822000.0,,779152,JKHY,52775000.0
2010-12-31,242635000.0,,779152,JKHY,54989000.0
2011-03-31,240185000.0,,779152,JKHY,50503000.0
2011-06-30,249255000.0,,779152,JKHY,58050000.0
2011-09-30,248338000.0,,779152,JKHY,57797000.0
2011-12-31,255858000.0,,779152,JKHY,60788000.0
2012-03-31,256304000.0,,779152,JKHY,56497000.0
2012-06-30,266609000.0,,779152,JKHY,61153000.0
2012-09-30,255033000.0,,779152,JKHY,57005000.0
2012-12-31,267248000.0,,779152,JKHY,51869000.0
2013-03-31,273917000.0,,779152,JKHY,60034000.0
2013-06-30,311326000.0,,779152,JKHY,81849000.0
2013-09-30,277730000.0,,779152,JKHY,66627000.0
2013-12-31,288843000.0,,779152,JKHY,74242000.0
2014-03-31,291434000.0,,779152,JKHY,64541000.0
2014-06-30,315166000.0,,779152,JKHY,82888000.0
2014-09-30,301474000.0,,779152,JKHY,71626000.0
2014-12-31,311294000.0,,779152,JKHY,79665000.0
2015-03-31,309709000.0,,779152,JKHY,77202000.0
2015-06-30,333713000.0,,779152,JKHY,89372000.0
2015-09-30,321618000.0,,779152,JKHY,80537000.0
2015-12-31,332872000.0,,779152,JKHY,84787000.0
2016-03-31,333186000.0,,779152,JKHY,79830000.0
2016-06-30,366970000.0,,779152,JKHY,116505000.0
2016-09-30,345028000.0,39109000.0,779152,JKHY,91417000.0
2016-12-31,348553000.0,40892000.0,779152,JKHY,88606000.0
2017-03-31,353767000.0,39794000.0,779152,JKHY,88731000.0
2017-06-30,383769000.0,43103000.0,779152,JKHY,98948000.0
2017-09-30,361284000.0,41088000.0,779152,JKHY,97057000.0
2017-12-31,357209000.0,43094000.0,779152,JKHY,84790000.0
2018-03-31,374048000.0,42234000.0,779152,JKHY,90706000.0
2018-06-30,378256000.0,45294000.0,779152,JKHY,84950000.0
2018-09-30,392543000.0,45183000.0,779152,JKHY,103222000.0
2018-12-31,386275000.0,46797000.0,779152,JKHY,88204000.0
2019-03-31,380364000.0,44887000.0,779152,JKHY,76441000.0
2019-06-30,393509000.0,49131000.0,779152,JKHY,79418000.0
2019-09-30,438005000.0,49436000.0,779152,JKHY,118187000.0
2019-12-31,419119000.0,48961000.0,779152,JKHY,93704000.0
2020-03-31,429406000.0,50589000.0,779152,JKHY,91938000.0
2020-06-30,410537000.0,49002000.0,779152,JKHY,76798000.0
2020-09-30,451800000.0,45226000.0,779152,JKHY,117588000.0
2020-12-31,422361000.0,44167000.0,779152,JKHY,93632000.0
2021-03-31,433776000.0,47408000.0,779152,JKHY,91203000.0
2021-06-30,450288000.0,50259000.0,779152,JKHY,96296000.0
2021-09-30,488056000.0,51071000.0,779152,JKHY,133595000.0
2021-12-31,493896000.0,55493000.0,779152,JKHY,125662000.0
2022-03-31,478260000.0,53607000.0,779152,JKHY,111589000.0
2022-06-30,482672000.0,58125000.0,779152,JKHY,103773000.0
2022-09-30,529202000.0,57225000.0,779152,JKHY,140723000.0
2022-12-31,505314000.0,56788000.0,779152,JKHY,107376000.0
2023-03-31,508552000.0,58192000.0,779152,JKHY,108390000.0
2023-06-30,534634000.0,63069000.0,779152,JKHY,124199000.0
2023-09-30,571368000.0,78774000.0,779152,JKHY,132700000.0
2023-12-31,545701000.0,70277000.0,779152,JKHY,118967000.0
2024-03-31,538562000.0,62246000.0,779152,JKHY,112099000.0
2024-06-30,559912000.0,67122000.0,779152,JKHY,125625000.0
2024-09-30,600982000.0,66588000.0,779152,JKHY,151276000.0
2024-12-31,573848000.0,76901000.0,779152,JKHY,123002000.0
2025-03-31,585087000.0,66350000.0,779152,JKHY,138740000.0
2025-06-30,615371000.0,73216000.0,779152,JKHY,155697000.0
2025-09-30,644738000.0,72829000.0,779152,JKHY,184065000.0
2025-12-31,619334000.0,66969000.0,779152,JKHY,159148000.0
2026-03-31,636245000.0,72166000.0,779152,JKHY,155047000.0
2026-06-30,644022000.0,87246000.0,779152,JKHY,136773000.0
2010-09-30,,,802257,MITI,-4796.0
2010-12-31,,3169.0,802257,MITI,-3358.0
2011-03-31,153126.0,,802257,MITI,-368959.0
2011-06-30,89955.0,,802257,MITI,-376834.0
2011-09-30,,,802257,MITI,-4655.0
2011-12-31,,15325.0,802257,MITI,-15514.0
2012-03-31,10758.0,,802257,MITI,-641832.0
2012-06-30,32945.0,,802257,MITI,-531368.0
2012-09-30,80619.0,,802257,MITI,
2012-12-31,35037.0,,802257,MITI,
2013-03-31,24870.0,,802257,MITI,
2013-06-30,59631.0,,802257,MITI,
2013-09-30,67899.0,,802257,MITI,
2013-12-31,24037.0,,802257,MITI,
2014-03-31,60426.0,,802257,MITI,
2014-06-30,110219.0,,802257,MITI,-149966.0
2014-09-30,110219.0,,802257,MITI,
2014-12-31,-53209.0,,802257,MITI,
2015-03-31,118679.0,,802257,MITI,
2015-06-30,206004.0,,802257,MITI,-181706.0
2016-03-31,,832369.0,802257,MITI,-832369.0
2016-06-30,0.0,1679986.0,802257,MITI,-1679986.0
2016-09-30,0.0,2143463.0,802257,MITI,-2143463.0
2016-12-31,,-250655.0,802257,MITI,250655.0
2017-03-31,0.0,228368.0,802257,MITI,-228368.0
2017-06-30,0.0,214129.0,802257,MITI,-214129.0
2017-09-30,0.0,121589.0,802257,MITI,-121589.0
2017-12-31,0.0,135871.0,802257,MITI,-135871.0
2018-03-31,0.0,53279.0,802257,MITI,-53279.0
2018-06-30,0.0,276026.0,802257,MITI,-276026.0
2018-09-30,0.0,565259.0,802257,MITI,-565259.0
2018-12-31,0.0,421099.0,802257,MITI,-421099.0
2019-03-31,0.0,221251.0,802257,MITI,-221251.0
2019-06-30,0.0,226250.0,802257,MITI,-226250.0
2019-09-30,0.0,433322.0,802257,MITI,-433322.0
2019-12-31,3500.0,566759.0,802257,MITI,-563259.0
2020-03-31,0.0,496494.0,802257,MITI,-496494.0
2020-06-30,0.0,625838.0,802257,MITI,-625838.0
2020-09-30,0.0,607704.0,802257,MITI,-607704.0
2020-12-31,0.0,803533.0,802257,MITI,-803533.0
2021-03-31,2972.0,952908.0,802257,MITI,-951649.0
2021-06-30,8244.0,1403210.0,802257,MITI,-1398571.0
2021-09-30,13528.0,1780456.0,802257,MITI,-1769414.0
2021-12-31,91250.0,1922422.0,802257,MITI,-2278955.0
2022-03-31,120376.0,2563829.0,802257,MITI,-3031776.0
2022-06-30,169085.0,2340929.0,802257,MITI,-2778031.0
2022-09-30,0.0,851528.0,802257,MITI,-851528.0
2022-12-31,-289461.0,-1425552.0,802257,MITI,2330601.0
2023-03-31,0.0,1629903.0,802257,MITI,-1758368.0
2023-06-30,0.0,558277.0,802257,MITI,-561812.0
2023-09-30,0.0,41876.0,802257,MITI,-41876.0
2023-12-31,0.0,224612.0,802257,MITI,-224612.0
2024-03-31,0.0,135476.0,802257,MITI,-135476.0
2024-06-30,6000.0,345877.0,802257,MITI,-339877.0
2024-09-30,23500.0,230940.0,802257,MITI,-216242.0
2024-12-31,14200.0,479026.0,802257,MITI,-471946.0
2025-03-31,17000.0,278704.0,802257,MITI,-266986.0
2025-06-30,18700.0,344563.0,802257,MITI,-351754.0
2025-09-30,3000.0,993420.0,802257,MITI,-1011422.0
2025-12-31,0.0,75355.0,802257,MITI,-247871.0
2026-03-31,0.0,249396.0,802257,MITI,-352929.0
2026-06-30,20000.0,445727.0,802257,MITI,-458872.0
2009-07-04,403806000.0,,804753,,66156000.0
2009-10-03,409415000.0,,804753,,70710000.0
2010-04-03,431337000.0,,804753,,75656000.0
2010-07-03,456001000.0,,804753,,86352000.0
2010-10-02,462683000.0,,804753,,93992000.0
2011-01-01,500201000.0,,804753,,103333000.0
2011-04-02,491664000.0,,804753,,93699000.0
2011-07-02,524223000.0,,804753,,107973000.0
2011-10-01,571640000.0,,804753,,120392000.0
2011-12-31,615626000.0,,804753,,137734000.0
2012-03-31,641212000.0,,804753,,127439000.0
2012-06-30,637358000.0,,804753,,136083000.0
2012-09-29,676482000.0,,804753,,147696000.0
2012-12-29,710384000.0,,804753,,160444000.0
2013-03-30,680029000.0,,804753,,156569000.0
2013-06-29,707561000.0,,804753,,166456000.0
2013-09-28,727830000.0,,804753,,169238000.0
2013-12-28,795328000.0,,804753,,83749000.0
2014-03-29,784761000.0,,804753,,178003000.0
2014-06-28,851762000.0,,804753,,191633000.0
2014-09-27,840149000.0,,804753,,188154000.0
2015-01-03,926031000.0,,804753,,205294000.0
2015-04-04,996089000.0,,804753,,166912000.0
2015-07-04,1125997000.0,,804753,,171736000.0
2015-10-03,1127887000.0,,804753,,215354000.0
2016-01-02,1175294000.0,,804753,,227134000.0
2016-04-02,1138135000.0,,804753,,215448000.0
2016-07-02,1215962000.0,,804753,,241312000.0
2016-10-01,1184557000.0,,804753,,242225000.0
2016-12-31,1257819000.0,,804753,,212028000.0
2017-04-01,1260486000.0,,804753,,244126000.0
2017-07-01,1291994000.0,,804753,,249388000.0
2017-09-30,1276007000.0,,804753,,247906000.0
2017-12-30,1313785000.0,,804753,,219051000.0
2018-03-31,1292861000.0,,804753,,195215000.0
2018-06-30,1367727000.0,,804753,,208287000.0
2018-09-29,1340073000.0,,804753,,207156000.0
2018-12-29,1365664000.0,,804753,,164127000.0
2019-03-30,1389877000.0,,804753,,197944000.0
2019-06-29,1431061000.0,,804753,,131117000.0
2019-09-28,1429428000.0,,804753,,88777000.0
2019-12-28,1442232000.0,,804753,,182831000.0
2020-03-31,1411741000.0,,804753,,178376000.0
2020-06-30,1330349000.0,,804753,,146898000.0
2020-09-30,1368673000.0,,804753,,411820000.0
2020-12-31,1395025000.0,,804753,,177473000.0
2021-03-31,1387778000.0,,804753,,218058000.0
2021-06-30,1456755000.0,,804753,,49560000.0
2021-09-30,1467976000.0,,804753,,224923000.0
2021-12-31,1452315000.0,,804753,,215735000.0
2022-03-31,1429801000.0,,804753,,251984000.0
2022-09-30,257904000.0,,814549,,30361000.0
2023-09-30,119228000.0,,814549,,20533000.0
2022-06-30,250781000.0,,814549,,30107000.0
2023-06-30,118430000.0,,814549,,29141000.0
2022-03-31,286253000.0,,814549,,30110000.0
2023-03-31,242761000.0,,814549,,30485000.0
2021-09-30,191736000.0,,814549,,28136000.0
2021-06-30,246322000.0,,814549,,27265000.0
2021-03-31,290053000.0,,814549,,31186000.0
2020-09-30,154305000.0,,814549,,31899000.0
2020-06-30,111312000.0,,814549,,31850000.0
2020-03-31,137876000.0,,814549,,34313000.0
2018-03-31,108230000.0,,814549,,33896000.0
2018-06-30,124626000.0,,814549,,38315000.0
2018-09-30,128643000.0,,814549,,39238000.0
2018-12-31,136327000.0,,814549,,41530000.0
2019-03-31,142924000.0,,814549,,54131000.0
2019-06-30,144275000.0,,814549,,41282000.0
2019-09-30,147233000.0,,814549,,26007000.0
2019-12-31,146183000.0,,814549,,34253000.0
2020-12-31,222116000.0,,814549,,27740000.0
2017-03-31,79103000.0,,814549,,25690000.0
2017-06-30,87387000.0,,814549,,26539000.0
2017-09-30,92800000.0,,814549,,27911000.0
2017-12-31,104681000.0,,814549,,33081000.0
2016-03-31,71066000.0,,814549,,24763000.0
2016-06-30,72574000.0,,814549,,23564000.0
2016-09-30,74608000.0,,814549,,24293000.0
2016-12-31,80046000.0,,814549,,27661000.0
2015-03-31,63753000.0,,814549,,20499000.0
2015-06-30,64712000.0,,814549,,20423000.0
2015-09-30,66813000.0,,814549,,21968000.0
2015-12-31,70204000.0,,814549,,25824000.0
2014-03-31,51404000.0,,814549,,19405000.0
2014-06-30,51476000.0,,814549,,17461000.0
2014-09-30,50808000.0,,814549,,21738000.0
2014-12-31,60633000.0,,814549,,21068000.0
2013-03-31,52566000.0,,814549,,19305000.0
2013-06-30,51004000.0,,814549,,19294000.0
2013-09-30,50293000.0,,814549,,18601000.0
2013-12-31,50847000.0,,814549,,17806000.0
2012-03-31,43827000.0,,814549,,18329000.0
2012-06-30,47716000.0,,814549,,17711000.0
2012-09-30,53804000.0,,814549,,20708000.0
2012-12-31,54023000.0,,814549,,20260000.0
2011-03-31,40050000.0,,814549,,15634000.0
2011-06-30,42267000.0,,814549,,18605000.0
2011-09-30,42602000.0,,814549,,17954000.0
2011-12-31,44050000.0,,814549,,16556000.0
2010-03-31,31603000.0,,814549,,12759000.0
2010-06-30,32207000.0,,814549,,13008000.0
2010-09-30,33281000.0,,814549,,13082000.0
2010-12-31,35097000.0,,814549,,13658000.0
2021-12-31,266827000.0,,814549,,32423000.0
2022-12-31,255208000.0,,814549,,29766000.0
2010-06-30,18977274.0,894805.0,819926,SEII,4004392.0
2010-09-30,21262054.0,1206058.0,819926,SEII,4136629.0
2011-03-31,17566380.0,831801.0,819926,SEII,3640218.0
2011-06-30,12608181.0,1028695.0,819926,SEII,1682042.0
2011-09-30,11676696.0,913198.0,819926,SEII,1632952.0
2012-03-31,9409229.0,666123.0,819926,SEII,841951.0
2012-06-30,12832863.0,751544.0,819926,SEII,1568767.0
2012-09-30,17343723.0,739386.0,819926,SEII,3206176.0
2012-12-31,17613406.0,893858.0,819926,SEII,726812.0
2013-03-31,13884699.0,738000.0,819926,SEII,2284876.0
2013-06-30,17214134.0,620151.0,819926,SEII,3108196.0
2013-09-30,18213508.0,1316925.0,819926,SEII,3210123.0
2013-12-31,22800321.0,359113.0,819926,SEII,2789805.0
2014-03-31,17635271.0,860599.0,819926,SEII,3275957.0
2014-06-30,17528018.0,904467.0,819926,SEII,3030312.0
2014-09-30,20246555.0,825379.0,819926,SEII,3673107.0
2014-12-31,20548832.0,1081270.0,819926,SEII,-1069467.0
2015-03-31,15646465.0,874545.0,819926,SEII,1824093.0
2015-06-30,15190600.0,794441.0,819926,SEII,1703191.0
2015-09-30,12025433.0,537601.0,819926,SEII,1279986.0
2015-12-31,-13851548.0,-665928.0,819926,SEII,-485988.0
2016-03-31,4526700.0,621522.0,819926,SEII,43389.0
2016-06-30,3917800.0,245512.0,819926,SEII,141271.0
2016-09-30,3946480.0,322426.0,819926,SEII,-52872.0
2017-03-31,4657454.0,307659.0,819926,SEII,-96247.0
2017-06-30,3711767.0,560201.0,819926,SEII,-497759.0
2017-09-30,2629217.0,883809.0,819926,SEII,-4110373.0
2018-03-31,2568527.0,2746984.0,819926,SEII,-4781003.0
2018-06-30,2569593.0,4674593.0,819926,SEII,-5862992.0
2018-09-30,2517201.0,5441960.0,819926,SEII,-9501024.0
2018-12-31,-7447146.0,1307196.0,819926,SEII,4763044.0
2019-03-31,3789.0,2137161.0,819926,SEII,-2228554.0
2019-06-30,23003.0,1262662.0,819926,SEII,-1243925.0
2019-09-30,533.0,665076.0,819926,SEII,-689002.0
2019-12-31,2330.0,1746933.0,819926,SEII,-2878265.0
2020-03-31,11909.0,2385414.0,819926,SEII,-2581390.0
2020-06-30,56073.0,513510.0,819926,SEII,-1519881.0
2020-09-30,50069.0,582475.0,819926,SEII,-754962.0
2020-12-31,-66126.0,-797089.0,819926,SEII,975106.0
2021-03-31,88207.0,371036.0,819926,SEII,-341135.0
2021-06-30,42078.0,1595624.0,819926,SEII,-1611084.0
2021-09-30,50397.0,531504.0,819926,SEII,-538906.0
2021-12-31,57074.0,1499513.0,819926,SEII,-1583897.0
2022-03-31,57058.0,158661.0,819926,SEII,-158661.0
2022-06-30,124413.0,1239652.0,819926,SEII,-1239652.0
2022-09-30,69947.0,64473.0,819926,SEII,-64473.0
2022-12-31,65898.0,60570.0,819926,SEII,-60570.0
2023-03-31,,35765.0,819926,SEII,-35765.0
2023-06-30,,562442.0,819926,SEII,-562442.0
2023-09-30,,13805.0,819926,SEII,-13805.0
2023-12-31,,15095.0,819926,SEII,-15095.0
2024-03-31,,48071.0,819926,SEII,-48071.0
2024-06-30,,6038.0,819926,SEII,-6038.0
2024-09-30,,5501.0,819926,SEII,-5501.0
2024-12-31,,9641.0,819926,SEII,-9641.0
2025-03-31,,5224.0,819926,SEII,-5224.0
2025-06-30,0.0,4968.0,819926,SEII,-4968.0
2025-09-30,,4850.0,819926,SEII,-4850.0
2025-12-31,,9341.0,819926,SEII,-9341.0
2026-03-31,,89955.0,819926,SEII,-89955.0
2026-06-30,0.0,76464.0,819926,SEII,-76464.0
2010-06-30,7813816.0,1938411.0,836690,IA,1589723.0
2010-12-31,6529811.0,2089349.0,836690,IA,151200.0
2011-03-31,6746070.0,1849143.0,836690,IA,466686.0
2011-06-30,5971494.0,1855675.0,836690,IA,-104935.0
2011-09-30,6490277.0,1889470.0,836690,IA,94956.0
2011-12-31,4755459.0,1993575.0,836690,IA,-658199.0
2012-03-31,6760221.0,1827794.0,836690,IA,346543.0
2012-06-30,6134492.0,1844253.0,836690,IA,355162.0
2012-09-30,6928026.0,1734577.0,836690,IA,373006.0
2012-12-31,6536734.0,1804809.0,836690,IA,384591.0
2013-03-31,8214974.0,1935431.0,836690,IA,1210837.0
2013-06-30,8778254.0,2600659.0,836690,IA,285500.0
2013-09-30,8037345.0,1778172.0,836690,IA,46537.0
2013-12-31,11105811.0,1744891.0,836690,IA,1408624.0
2014-03-31,12495016.0,2034609.0,836690,IA,1089640.0
2014-06-30,10575976.0,1854332.0,836690,IA,659901.0
2014-09-30,9918221.0,5477182.0,836690,IA,-3301032.0
2014-12-31,6724255.0,1940491.0,836690,IA,166315.0
2015-03-31,5286050.0,1573888.0,836690,IA,-637965.0
2015-06-30,4919690.0,1397165.0,836690,IA,-264862.0
2015-09-30,3137089.0,2935726.0,836690,IA,-2884231.0
2015-12-31,6583578.0,2692944.0,836690,IA,-308733.0
2016-03-31,8660982.0,2592615.0,836690,IA,1973116.0
2016-06-30,6504592.0,2246074.0,836690,IA,232344.0
2016-09-30,6220551.0,1639232.0,836690,IA,546460.0
2016-12-31,3365866.0,2047121.0,836690,IA,-1595295.0
2017-03-31,4653902.0,,836690,IA,2985918.0
2017-06-30,4541421.0,,836690,IA,-541189.0
2017-09-30,4225484.0,,836690,IA,-926999.0
2017-12-31,3087984.0,1622555.0,836690,IA,-1051560.0
2018-03-31,3727204.0,1756746.0,836690,IA,-1143511.0
2018-06-30,3389663.0,1626640.0,836690,IA,-1072228.0
2018-09-30,3645521.0,1668246.0,836690,IA,-444240.0
2018-12-31,3977650.0,1473416.0,836690,IA,96015.0
2019-03-31,4203127.0,1524657.0,836690,IA,173067.0
2019-06-30,4589824.0,1416053.0,836690,IA,386629.0
2019-09-30,,1463794.0,836690,IA,873033.0
2019-12-31,,1703274.0,836690,IA,231758.0
2020-03-31,,1531389.0,836690,IA,51763.0
2020-06-30,,1279422.0,836690,IA,1244446.0
2020-09-30,,1586460.0,836690,IA,1217487.0
2020-12-31,,1733154.0,836690,IA,232371.0
2021-03-31,,1602118.0,836690,IA,611219.0
2021-06-30,,1512138.0,836690,IA,1195569.0
2021-09-30,,1410322.0,836690,IA,1861820.0
2021-12-31,,1806982.0,836690,IA,1424214.0
2022-03-31,,1724800.0,836690,IA,1807779.0
2022-06-30,,1694233.0,836690,IA,1685900.0
2022-09-30,,1527900.0,836690,IA,2297433.0
2022-12-31,,2261863.0,836690,IA,791496.0
2023-03-31,,2446635.0,836690,IA,1427318.0
2023-06-30,,2395714.0,836690,IA,1487636.0
2023-09-30,,3718293.0,836690,IA,3652598.0
2023-12-31,,3006819.0,836690,IA,1615199.0
2024-03-31,,2908193.0,836690,IA,1643050.0
2024-06-30,,3143334.0,836690,IA,2037120.0
2024-09-30,,3055723.0,836690,IA,4366168.0
2024-12-31,,4158903.0,836690,IA,1343818.0
2025-03-31,,3415675.0,836690,IA,6984320.0
2025-06-30,,4151074.0,836690,IA,3514332.0
2025-09-30,,4722153.0,836690,IA,8229520.0
2025-12-31,,4264249.0,836690,IA,6292406.0
2026-03-31,,4702222.0,836690,IA,4943415.0
2026-06-30,,5901260.0,836690,IA,6028626.0
2010-06-30,8194000.0,3988000.0,855612,,1388000.0
2010-09-30,8548000.0,4026000.0,855612,,1599000.0
2011-03-31,9271000.0,3760000.0,855612,,2381000.0
2011-06-30,9431000.0,3796000.0,855612,,2587000.0
2011-09-30,9558000.0,3754000.0,855612,,2672000.0
2011-12-31,9885000.0,3818000.0,855612,,2937000.0
2012-03-31,10301000.0,4330000.0,855612,,2639000.0
2012-06-30,10343000.0,4370000.0,855612,,2696000.0
2012-09-30,11023000.0,5020000.0,855612,,2070000.0
2012-12-31,11689000.0,5665000.0,855612,,1538000.0
2013-03-31,11764000.0,6616000.0,855612,,601000.0
2013-06-30,11838000.0,5532000.0,855612,,1915000.0
2013-09-30,12225000.0,4659000.0,855612,,3317000.0
2013-12-31,12311000.0,4839000.0,855612,,3482000.0
2014-03-31,12162000.0,6289000.0,855612,,1647000.0
2014-06-30,12615000.0,6778000.0,855612,,1587000.0
2014-09-30,12705000.0,6544000.0,855612,,1865000.0
2014-12-31,12865000.0,6611000.0,855612,,1651000.0
2015-03-31,13073000.0,6915000.0,855612,,1840000.0
2015-06-30,13302000.0,7046000.0,855612,,1733000.0
2015-09-30,14011000.0,6420000.0,855612,,3118000.0
2015-12-31,14327000.0,8506000.0,855612,,1225000.0
2016-03-31,14328000.0,7144000.0,855612,,2468000.0
2016-06-30,14930000.0,9028000.0,855612,,946000.0
2016-09-30,15308000.0,7484000.0,855612,,2553000.0
2016-12-31,15578000.0,7086000.0,855612,,3349000.0
2017-03-31,15893000.0,7985000.0,855612,,2662000.0
2017-06-30,16378000.0,7783000.0,855612,,2640000.0
2017-09-30,16592000.0,7514000.0,855612,,2890000.0
2017-12-31,16800000.0,8589000.0,855612,,2018000.0
2018-03-31,16654000.0,7554000.0,855612,,2609000.0
2018-06-30,17500000.0,8562000.0,855612,,2154000.0
2018-09-30,17876000.0,8025000.0,855612,,3217000.0
2018-12-31,18448000.0,9858000.0,855612,,1990000.0
2019-03-31,29300000.0,20264000.0,855612,,-6250000.0
2019-06-30,45916000.0,21872000.0,855612,,-1571000.0
2019-09-30,47833000.0,19592000.0,855612,,1229000.0
2019-12-30,50380000.0,,855612,,
2019-12-31,,23502000.0,855612,,-2549000.0
2020-03-31,52434000.0,20029000.0,855612,,940000.0
2020-06-30,53337000.0,19216000.0,855612,,43000.0
2020-09-30,54840000.0,18813000.0,855612,,2379000.0
2020-12-31,57867000.0,20287000.0,855612,,1195000.0
2021-03-31,60015000.0,21297000.0,855612,,-480000.0
2021-06-30,62829000.0,22391000.0,855612,,-1048000.0
2021-09-30,64850000.0,22468000.0,855612,,-266000.0
2010-06-30,0.0,,869531,,-196819.0
2010-09-30,0.0,,869531,,-235243.0
2011-03-31,0.0,,869531,,-233263.0
2011-06-30,0.0,,869531,,-215636.0
2011-09-30,0.0,,869531,,-225905.0
2011-12-31,0.0,,869531,,-155227.0
2012-03-31,0.0,,869531,,-173019.0
2012-06-30,0.0,,869531,,-152824.0
2012-09-30,0.0,,869531,,-442523.0
2012-12-31,0.0,,869531,,-76463.0
2013-03-31,,,869531,,-87026.0
2013-06-30,,,869531,,-65798.0
2013-09-30,0.0,,869531,,-293544.0
2013-12-31,,,869531,,-6969.0
2017-03-31,0.0,,869531,,-159532.0
2017-06-30,3430.0,,869531,,-154427.0
2017-09-30,5990.0,,869531,,-124504.0
2017-12-31,9211.0,,869531,,-117455.0
2018-03-31,43977.0,,869531,,-168702.0
2018-06-30,71267.0,,869531,,-175563.0
2018-09-30,45981.0,,869531,,-226233.0
2018-12-31,38836.0,,869531,,-398535.0
2019-03-31,8325.0,,869531,,-350262.0
2019-06-30,21066.0,,869531,,-298609.0
2019-09-30,55114.0,,869531,,-144209.0
2019-12-31,21078.0,,869531,,-254395.0
2020-03-31,5773.0,,869531,,-5112.0
2020-06-30,,,869531,,-7919.0
2010-03-31,2460000.0,1441000.0,884144,ASUR,-110000.0
2010-06-30,2625000.0,1442000.0,884144,ASUR,-1036000.0
2010-09-30,2542000.0,1507000.0,884144,ASUR,-110000.0
2010-12-31,2406000.0,1303000.0,884144,ASUR,91000.0
2011-03-31,2357000.0,1401000.0,884144,ASUR,-24000.0
2011-06-30,2434000.0,1413000.0,884144,ASUR,41000.0
2011-09-30,2502000.0,1526000.0,884144,ASUR,-26000.0
2011-12-31,3648000.0,1863000.0,884144,ASUR,100000.0
2012-03-31,4153000.0,2135000.0,884144,ASUR,89000.0
2012-06-30,4205000.0,2334000.0,884144,ASUR,-3000.0
2012-09-30,5659000.0,3975000.0,884144,ASUR,-634000.0
2012-12-31,5948000.0,3359000.0,884144,ASUR,35000.0
2013-03-31,5975000.0,3276000.0,884144,ASUR,-360000.0
2013-06-30,6296000.0,3448000.0,884144,ASUR,121000.0
2013-09-30,6470000.0,3216000.0,884144,ASUR,479000.0
2013-12-31,6733000.0,3312000.0,884144,ASUR,542000.0
2014-03-31,6527000.0,3362000.0,884144,ASUR,389000.0
2014-06-30,6548000.0,3495000.0,884144,ASUR,328000.0
2014-09-30,7030000.0,3553000.0,884144,ASUR,520000.0
2014-12-31,7101000.0,3589000.0,884144,ASUR,347000.0
2015-03-31,6332000.0,3449000.0,884144,ASUR,-12000.0
2015-06-30,7159000.0,3612000.0,884144,ASUR,421000.0
2015-09-30,6654000.0,3866000.0,884144,ASUR,-253000.0
2015-12-31,6761000.0,4037000.0,884144,ASUR,-473000.0
2016-03-31,6722000.0,5033000.0,884144,ASUR,-1229000.0
2016-06-30,9664000.0,5480000.0,884144,ASUR,737000.0
2016-09-30,9440000.0,5046000.0,884144,ASUR,982000.0
2016-12-31,9716000.0,5489000.0,884144,ASUR,737000.0
2017-03-31,10727000.0,7043000.0,884144,ASUR,-370000.0
2017-06-30,12880000.0,8784000.0,884144,ASUR,-608000.0
2017-09-30,15527000.0,9459000.0,884144,ASUR,448000.0
2017-12-31,15308000.0,8601000.0,884144,ASUR,-470000.0
2018-03-31,19304000.0,10709000.0,884144,ASUR,18000.0
2018-06-30,21767000.0,11633000.0,884144,ASUR,-638000.0
2018-09-30,23458000.0,11052000.0,884144,ASUR,-2026000.0
2018-12-31,-903000.0,3371000.0,884144,ASUR,-8094000.0
2019-03-31,20410000.0,12766000.0,884144,ASUR,-477000.0
2019-06-30,17274000.0,11859000.0,884144,ASUR,-2833000.0
2019-09-30,17854000.0,11395000.0,884144,ASUR,-3042000.0
2019-12-31,17612000.0,5515000.0,884144,ASUR,-44045000.0
2020-03-31,18947000.0,,884144,ASUR,-1513000.0
2020-06-30,14115000.0,,884144,ASUR,-3581000.0
2020-09-30,16015000.0,,884144,ASUR,-4676000.0
2020-12-31,16430000.0,,884144,ASUR,-5118000.0
2021-03-31,19802000.0,,884144,ASUR,-1269000.0
2021-06-30,17168000.0,,884144,ASUR,-4369000.0
2021-09-30,17981000.0,,884144,ASUR,-4073000.0
2021-12-31,21113000.0,,884144,ASUR,-3251000.0
2022-03-31,24333000.0,,884144,ASUR,-2171000.0
2022-06-30,20300000.0,,884144,ASUR,-5848000.0
2022-09-30,21903000.0,,884144,ASUR,-3708000.0
2022-12-31,29292000.0,,884144,ASUR,420000.0
2023-03-31,33064000.0,,884144,ASUR,1963000.0
2023-06-30,30420000.0,,884144,ASUR,-1452000.0
2023-09-30,29334000.0,,884144,ASUR,253000.0
2023-12-31,26264000.0,,884144,ASUR,-3763000.0
2024-03-31,31652000.0,,884144,ASUR,-441000.0
2024-06-30,28044000.0,,884144,ASUR,-4182000.0
2024-09-30,29304000.0,,884144,ASUR,-3622000.0
2024-12-31,,,884144,ASUR,-2492000.0
2025-03-31,34854000.0,,884144,ASUR,-2015000.0
2025-06-30,30124000.0,,884144,ASUR,-4652000.0
2025-09-30,36252000.0,,884144,ASUR,-3499000.0
2025-12-31,,,884144,ASUR,1758000.0
2026-03-31,42757000.0,,884144,ASUR,2329000.0
2026-06-30,37113000.0,,884144,ASUR,-2396000.0
2025-06-30,863738000.0,,891103,MTCH,193921000.0
2026-06-30,853105000.0,,891103,MTCH,245450000.0
2025-03-31,831178000.0,,891103,MTCH,172593000.0
2026-03-31,863934000.0,,891103,MTCH,236416000.0
2024-09-30,895484000.0,,891103,MTCH,210660000.0
2025-09-30,914275000.0,,891103,MTCH,221334000.0
2024-06-30,864066000.0,,891103,MTCH,204526000.0
2024-03-31,859647000.0,,891103,MTCH,184738000.0
2023-09-30,881600000.0,,891103,MTCH,243559000.0
2023-06-30,829552000.0,,891103,MTCH,214796000.0
2023-03-31,787124000.0,,891103,MTCH,198289000.0
2022-09-30,809546000.0,,891103,MTCH,210635000.0
2022-06-30,794513000.0,,891103,MTCH,-10081000.0
2022-03-31,798631000.0,,891103,MTCH,207818000.0
2021-09-30,801835000.0,,891103,MTCH,220590000.0
2021-06-30,707760000.0,,891103,MTCH,209914000.0
2021-03-31,667612000.0,,891103,MTCH,189258000.0
2020-03-31,544642000.0,,891103,MTCH,137372000.0
2020-06-30,555450000.0,,891103,MTCH,195594000.0
2020-09-30,639770000.0,,891103,MTCH,200167000.0
2020-12-31,651407000.0,,891103,MTCH,212582000.0
2021-12-31,806070000.0,,891103,MTCH,231917000.0
2019-03-31,464625000.0,,891103,MTCH,117560000.0
2019-06-30,497973000.0,,891103,MTCH,171309000.0
2019-09-30,541493000.0,,891103,MTCH,175236000.0
2019-12-31,547167000.0,,891103,MTCH,181349000.0
2018-03-31,995075000.0,,891103,MTCH,89950000.0
2018-06-30,1059122000.0,,891103,MTCH,168437000.0
2018-09-30,1104592000.0,,891103,MTCH,172832000.0
2018-12-31,1104103000.0,,891103,MTCH,133920000.0
2017-03-31,760833000.0,,891103,MTCH,37060000.0
2017-06-30,767387000.0,,891103,MTCH,75635000.0
2017-09-30,828434000.0,,891103,MTCH,-18589000.0
2017-12-31,950585000.0,,891103,MTCH,94360000.0
2016-03-31,819179000.0,,891103,MTCH,21417000.0
2016-06-30,745439000.0,,891103,MTCH,-252446000.0
2016-09-30,764102000.0,,891103,MTCH,85584000.0
2016-12-31,811162000.0,,891103,MTCH,112820000.0
2015-03-31,772512000.0,,891103,MTCH,35119000.0
2015-06-30,771132000.0,,891103,MTCH,62769000.0
2015-09-30,838561000.0,,891103,MTCH,87130000.0
2015-12-31,848728000.0,,891103,MTCH,-5430000.0
2014-03-31,740247000.0,,891103,MTCH,71712000.0
2014-06-30,756315000.0,,891103,MTCH,95690000.0
2014-09-30,782231000.0,,891103,MTCH,100953000.0
2014-12-31,830754000.0,,891103,MTCH,110372000.0
2013-03-31,742249000.0,,891103,MTCH,84551000.0
2013-06-30,799411000.0,,891103,MTCH,106696000.0
2013-09-30,756872000.0,,891103,MTCH,122004000.0
2013-12-31,724455000.0,,891103,MTCH,112952000.0
2012-03-31,640600000.0,,891103,MTCH,62765000.0
2012-06-30,680612000.0,,891103,MTCH,97476000.0
2012-09-30,714470000.0,,891103,MTCH,78033000.0
2012-12-31,765251000.0,,891103,MTCH,85294000.0
2011-03-31,460213000.0,,891103,MTCH,37336000.0
2011-06-30,485404000.0,,891103,MTCH,58231000.0
2011-09-30,516884000.0,,891103,MTCH,46740000.0
2011-12-31,596943000.0,,891103,MTCH,55455000.0
2010-03-31,378178000.0,,891103,MTCH,8925000.0
2010-06-30,394244000.0,,891103,MTCH,24633000.0
2010-09-30,412966000.0,,891103,MTCH,37684000.0
2010-12-31,451427000.0,,891103,MTCH,-21447000.0
2009-09-30,336577000.0,,891103,MTCH,7121000.0
2009-06-30,340045000.0,,891103,MTCH,3907000.0
2023-12-31,866228000.0,,891103,MTCH,260252000.0
2024-12-31,860176000.0,,891103,MTCH,223388000.0
2025-12-31,878006000.0,,891103,MTCH,284681000.0
2022-12-31,786153000.0,,891103,MTCH,106633000.0
2025-06-30,70800.0,,894501,GRHI,
2026-06-30,175000.0,,894501,GRHI,
2025-03-31,67500.0,,894501,GRHI,
2024-09-30,66000.0,,894501,GRHI,
2025-09-30,73200.0,,894501,GRHI,
2024-06-30,6500.0,,894501,GRHI,
2025-12-31,0.0,,894501,GRHI,
2010-06-30,15386000.0,3770000.0,903651,INOD,
2010-09-30,15763000.0,4018000.0,903651,INOD,
2011-03-31,14701000.0,4053000.0,903651,INOD,
2011-06-30,16257000.0,4071000.0,903651,INOD,
2011-09-30,19245000.0,4639000.0,903651,INOD,
2011-12-30,23739000.0,,903651,INOD,
2011-12-31,,6319000.0,903651,INOD,
2012-03-31,25136000.0,5400000.0,903651,INOD,
2012-06-30,22768000.0,6186000.0,903651,INOD,
2012-09-30,19710000.0,5233000.0,903651,INOD,
2012-12-31,18977000.0,5370000.0,903651,INOD,
2013-03-31,16903000.0,4624000.0,903651,INOD,
2013-06-30,16160000.0,4357000.0,903651,INOD,
2013-09-30,15746000.0,3992000.0,903651,INOD,
2013-12-31,15440000.0,4322000.0,903651,INOD,
2014-03-31,14066000.0,3789000.0,903651,INOD,
2014-06-30,14314000.0,3862000.0,903651,INOD,
2014-09-30,14804000.0,4284000.0,903651,INOD,
2014-12-31,15892000.0,4477000.0,903651,INOD,
2015-03-31,13802000.0,4135000.0,903651,INOD,
2015-06-30,14063000.0,4278000.0,903651,INOD,
2015-09-30,15135000.0,3941000.0,903651,INOD,
2015-12-31,15523000.0,4442000.0,903651,INOD,
2016-03-31,15698000.0,3811000.0,903651,INOD,
2016-06-30,15642000.0,5553000.0,903651,INOD,
2016-09-30,16060000.0,5105000.0,903651,INOD,
2016-12-31,15674000.0,5070000.0,903651,INOD,
2017-03-31,14953000.0,4625000.0,903651,INOD,
2017-06-30,15300000.0,4043000.0,903651,INOD,
2017-09-30,15018000.0,4438000.0,903651,INOD,
2017-12-31,15658000.0,7094000.0,903651,INOD,
2018-03-31,14120000.0,3916000.0,903651,INOD,
2018-06-30,14270000.0,3667000.0,903651,INOD,
2018-09-30,14049000.0,3640000.0,903651,INOD,
2018-12-31,14979000.0,4623000.0,903651,INOD,
2019-03-31,13694000.0,4602000.0,903651,INOD,
2019-06-30,13639000.0,4613000.0,903651,INOD,
2019-09-30,13846000.0,4945000.0,903651,INOD,
2019-12-31,14679000.0,5321000.0,903651,INOD,
2020-03-31,14530000.0,4620000.0,903651,INOD,
2020-06-30,13863000.0,4461000.0,903651,INOD,
2020-09-30,14553000.0,4582000.0,903651,INOD,
2020-12-31,15294000.0,4999000.0,903651,INOD,
2021-03-31,15967000.0,5525000.0,903651,INOD,
2021-06-30,17049000.0,6980000.0,903651,INOD,
2021-09-30,17450000.0,7262000.0,903651,INOD,
2021-12-31,19289000.0,8145000.0,903651,INOD,
2022-03-31,21192000.0,10190000.0,903651,INOD,
2022-06-30,19987000.0,10277000.0,903651,INOD,
2022-09-30,18447000.0,9117000.0,903651,INOD,
2022-12-31,19375000.0,8356000.0,903651,INOD,
2023-03-31,18839000.0,7797000.0,903651,INOD,
2023-06-30,19655000.0,7574000.0,903651,INOD,
2023-09-30,22169000.0,7401000.0,903651,INOD,
2023-12-31,26112000.0,8203000.0,903651,INOD,
2024-03-31,26504000.0,8305000.0,903651,INOD,1330000.0
2024-06-30,32553000.0,9020000.0,903651,INOD,331000.0
2024-09-30,52224000.0,9910000.0,903651,INOD,11421000.0
2024-12-31,59180000.0,15503000.0,903651,INOD,11254000.0
2025-03-31,58344000.0,14980000.0,903651,INOD,8272000.0
2025-06-30,58393000.0,14112000.0,903651,INOD,8911000.0
2025-09-30,62550000.0,13745000.0,903651,INOD,11759000.0
2025-12-31,72376000.0,16769000.0,903651,INOD,10931000.0
2026-03-31,90096000.0,22892000.0,903651,INOD,
2026-06-30,92142000.0,26600000.0,903651,INOD,
2010-06-30,20846598.0,,909494,TCX,-843809.0
2010-09-30,21209468.0,,909494,TCX,1134936.0
2011-03-31,22555207.0,,909494,TCX,554522.0
2011-06-30,23045923.0,,909494,TCX,712617.0
2011-09-30,25094056.0,,909494,TCX,-736950.0
2011-12-31,26369781.0,,909494,TCX,2595848.0
2012-03-31,27537306.0,,909494,TCX,2044394.0
2012-06-30,28152614.0,,909494,TCX,1058895.0
2012-09-30,29246069.0,,909494,TCX,2262611.0
2012-12-31,29790912.0,,909494,TCX,725550.0
2013-03-31,29985022.0,,909494,TCX,295773.0
2013-06-30,31173357.0,,909494,TCX,894766.0
2013-09-30,35637085.0,,909494,TCX,3672073.0
2013-12-31,33139440.0,,909494,TCX,1292048.0
2014-03-31,34402394.0,,909494,TCX,802272.0
2014-06-30,35588001.0,,909494,TCX,2082475.0
2014-09-30,38874183.0,,909494,TCX,3898384.0
2014-12-31,37644132.0,,909494,TCX,2851924.0
2015-03-31,40467833.0,,909494,TCX,4410411.0
2015-06-30,42889220.0,,909494,TCX,3882493.0
2015-09-30,44267645.0,,909494,TCX,5072816.0
2015-12-31,44062081.0,,909494,TCX,4650390.0
2016-03-31,44746.0,,909494,TCX,6261320.0
2016-06-30,47204.0,,909494,TCX,6140127.0
2016-09-30,49064.0,,909494,TCX,7238949.0
2016-12-31,48805.0,,909494,TCX,5406604.0
2017-03-31,69568.0,,909494,TCX,3060138.0
2017-06-30,84223.0,,909494,TCX,7070000.0
2017-09-30,85008.0,,909494,TCX,5970000.0
2017-12-31,90621.0,,909494,TCX,10981862.0
2018-03-31,,,909494,TCX,5699000.0
2018-06-30,,,909494,TCX,5714000.0
2018-09-30,,,909494,TCX,7646000.0
2018-12-31,,,909494,TCX,10265000.0
2019-03-31,,,909494,TCX,5028000.0
2019-06-30,,,909494,TCX,5749000.0
2019-09-30,,,909494,TCX,8601000.0
2019-12-31,,,909494,TCX,9962000.0
2020-03-31,,,909494,TCX,5172000.0
2020-06-30,,,909494,TCX,1537000.0
2020-09-30,,,909494,TCX,1312000.0
2020-12-31,,,909494,TCX,-1104000.0
2021-03-31,,,909494,TCX,-1131000.0
2021-06-30,,,909494,TCX,-2034000.0
2021-09-30,,,909494,TCX,-3224000.0
2021-12-31,,,909494,TCX,-1384000.0
2022-03-31,81099000.0,,909494,TCX,-4848000.0
2022-06-30,83084000.0,,909494,TCX,-4435000.0
2022-09-30,78050000.0,,909494,TCX,-9381000.0
2022-12-31,78909000.0,,909494,TCX,-12998000.0
2023-03-31,80430000.0,,909494,TCX,-17283000.0
2023-06-30,84978000.0,,909494,TCX,-13101000.0
2023-09-30,86971000.0,,909494,TCX,-17167000.0
2023-12-31,86958000.0,,909494,TCX,-16101000.0
2024-03-31,87457000.0,,909494,TCX,-16519000.0
2024-06-30,89423000.0,,909494,TCX,-8597000.0
2024-09-30,92297000.0,,909494,TCX,-10047000.0
2024-12-31,93098000.0,,909494,TCX,-29850000.0
2025-03-31,,,909494,TCX,-2033000.0
2025-06-30,,,909494,TCX,-2879000.0
2025-09-30,,,909494,TCX,-9577000.0
2025-12-31,,,909494,TCX,-8994000.0
2026-03-31,,,909494,TCX,-4307000.0
2026-06-30,,,909494,TCX,-5456000.0
2010-06-30,265393000.0,64944000.0,918581,,-111163000.0
2010-09-30,265882000.0,57637000.0,918581,,7141000.0
2011-03-31,236157000.0,58541000.0,918581,,7290000.0
2011-06-30,221291000.0,60083000.0,918581,,-26468000.0
2011-09-30,222611000.0,52439000.0,918581,,6032000.0
2011-12-31,220997000.0,45804000.0,918581,,4308000.0
2012-03-31,218580000.0,48879000.0,918581,,7094000.0
2012-06-30,216264000.0,52703000.0,918581,,4650000.0
2012-09-30,211216000.0,48966000.0,918581,,4297000.0
2012-12-31,219537000.0,51637000.0,918581,,-3373000.0
2013-03-31,219541000.0,50091000.0,918581,,4786000.0
2013-06-30,220395000.0,50399000.0,918581,,5035000.0
2013-09-30,215057000.0,53531000.0,918581,,-13469000.0
2013-12-31,222300000.0,51594000.0,918581,,4167000.0
2014-03-31,218011000.0,49640000.0,918581,,7033000.0
2014-06-30,214646000.0,55393000.0,918581,,-2412000.0
2014-09-30,211306000.0,51969000.0,918581,,-18426000.0
2014-12-31,219644000.0,49038000.0,918581,,4007000.0
2015-03-31,202005000.0,45718000.0,918581,,5936000.0
2015-06-30,197944000.0,48030000.0,918581,,2893000.0
2015-09-30,192601000.0,48978000.0,918581,,1588000.0
2015-12-31,194405000.0,45689000.0,918581,,1334000.0
2016-03-31,175051000.0,49223000.0,918581,,-95340000.0
2016-06-30,165912000.0,55908000.0,918581,,-53273000.0
2016-09-30,144346000.0,45165000.0,918581,,-20691000.0
2010-06-30,,,923601,RIME,-470824.0
2010-09-30,,,923601,RIME,294006.0
2010-12-31,,,923601,RIME,89661.0
2011-03-31,,,923601,RIME,-511517.0
2011-06-30,,,923601,RIME,-507823.0
2011-09-30,,,923601,RIME,1467790.0
2011-12-31,,,923601,RIME,139211.0
2012-06-30,,,923601,RIME,-480463.0
2012-09-30,,,923601,RIME,1443353.0
2012-12-31,,,923601,RIME,1428503.0
2013-03-31,,,923601,RIME,-821496.0
2013-06-30,,,923601,RIME,-866439.0
2013-09-30,,,923601,RIME,519839.0
2013-12-31,,,923601,RIME,1489054.0
2014-03-31,,,923601,RIME,-863489.0
2014-06-30,,,923601,RIME,-787578.0
2014-09-30,,,923601,RIME,594882.0
2014-12-31,,,923601,RIME,1680348.0
2015-03-31,,,923601,RIME,-919040.0
2015-06-30,,,923601,RIME,-738620.0
2015-09-30,,,923601,RIME,1879818.0
2015-12-31,,,923601,RIME,2184421.0
2016-03-31,,,923601,RIME,-1388467.0
2016-06-30,,,923601,RIME,-571841.0
2016-09-30,,,923601,RIME,2764483.0
2016-12-31,,,923601,RIME,2066736.0
2017-03-31,,,923601,RIME,-1272800.0
2017-06-30,3940000.0,,923601,RIME,-787042.0
2017-09-30,32802000.0,,923601,RIME,1305197.0
2017-12-31,21462000.0,40000.0,923601,RIME,2384227.0
2018-03-31,2604000.0,,923601,RIME,-1900028.0
2018-06-30,1836511.0,,923601,RIME,-1331432.0
2018-09-30,24304945.0,,923601,RIME,1671683.0
2018-12-31,19452450.0,27000.0,923601,RIME,1800330.0
2019-03-31,889000.0,,923601,RIME,-1091627.0
2019-06-30,4640238.0,,923601,RIME,-1102104.0
2019-09-30,19054515.0,,923601,RIME,859334.0
2019-12-31,13857576.0,,923601,RIME,-889074.0
2020-03-31,948241.0,,923601,RIME,-2112928.0
2020-06-30,3051983.0,,923601,RIME,-770938.0
2020-09-30,22285239.0,,923601,RIME,2438539.0
2020-12-31,16972603.0,,923601,RIME,1492705.0
2021-03-31,3492749.0,,923601,RIME,-1734955.0
2021-06-30,6065650.0,,923601,RIME,-489735.0
2021-09-30,17368973.0,,923601,RIME,750013.0
2021-12-31,21244306.0,,923601,RIME,1693729.0
2022-03-31,2833071.0,,923601,RIME,-1885007.0
2022-06-30,11692054.0,,923601,RIME,146842.0
2022-09-30,17113636.0,,923601,RIME,584651.0
2022-12-31,7110520.0,,923601,RIME,-2282497.0
2023-03-31,3383000.0,,923601,RIME,-2146000.0
2023-06-30,2625000.0,,923601,RIME,-2431000.0
2023-09-30,15931000.0,,923601,RIME,106000.0
2024-03-31,2426000.0,,923601,RIME,-2287000.0
2024-06-30,2440000.0,,923601,RIME,-6154000.0
2024-09-30,127000.0,,923601,RIME,-1823000.0
2024-12-31,-4696000.0,,923601,RIME,1822000.0
2025-03-31,123000.0,,923601,RIME,-1062000.0
2025-06-30,1152000.0,,923601,RIME,-1208000.0
2025-09-30,1744000.0,,923601,RIME,-1565000.0
2025-12-31,1372000.0,,923601,RIME,-4113000.0
2026-03-31,2400000.0,,923601,RIME,-4344000.0
2026-06-30,3005000.0,,923601,RIME,-2701000.0
2010-09-30,43100000.0,,929940,,-19708000.0
2010-12-31,49808000.0,,929940,,-9300000.0
2011-03-31,52601000.0,,929940,,-7244000.0
2011-06-30,52645000.0,,929940,,-18324000.0
2011-09-30,51225000.0,,929940,,-15625000.0
2011-12-31,66555000.0,,929940,,7041000.0
2012-03-31,61337000.0,,929940,,-2814000.0
2012-06-30,64017000.0,,929940,,-3609000.0
2012-09-30,71457000.0,,929940,,8954000.0
2012-12-31,77309000.0,,929940,,14929000.0
2013-03-31,79357000.0,,929940,,16334000.0
2013-06-30,83264000.0,,929940,,15383000.0
2013-09-30,87565000.0,,929940,,24849000.0
2013-12-31,98769000.0,,929940,,36112000.0
2014-03-31,103587000.0,,929940,,31402000.0
2014-06-30,101532000.0,,929940,,37361000.0
2014-09-30,107126000.0,,929940,,44634000.0
2014-12-31,107790000.0,,929940,,46521000.0
2015-03-31,111299000.0,,929940,,41731000.0
2015-06-30,114186000.0,,929940,,46906000.0
2015-09-30,120296000.0,,929940,,55429000.0
2015-12-31,119151000.0,,929940,,56299000.0
2016-03-31,119217000.0,,929940,,50681000.0
2016-06-30,113680000.0,,929940,,48972000.0
2016-09-30,120050000.0,,929940,,54730000.0
2016-12-31,119933000.0,,929940,,56065000.0
2017-03-31,119277000.0,,929940,,52273000.0
2017-06-30,123682000.0,,929940,,48948000.0
2017-09-30,122781000.0,,929940,,53313000.0
2017-12-31,124902000.0,,929940,,54465000.0
2018-03-31,125871000.0,,929940,,51157000.0
2018-06-30,125960000.0,,929940,,50706000.0
2018-09-30,114169000.0,,929940,,36027000.0
2018-12-31,140423000.0,,929940,,61358000.0
2019-03-31,147984000.0,,929940,,71143000.0
2019-06-30,195769000.0,,929940,,112611000.0
2019-09-30,,,929940,,53390000.0
2019-12-31,,,929940,,42939000.0
2020-03-31,,,929940,,44734000.0
2020-06-30,,,929940,,116296000.0
2020-09-30,,,929940,,34170000.0
2020-12-31,233718000.0,,929940,,149453000.0
2021-03-31,162726000.0,,929940,,68899000.0
2021-06-30,,,929940,,105879000.0
2021-09-30,,,929940,,39878000.0
2021-12-31,171356000.0,,929940,,68489000.0
2022-03-31,187753000.0,,929940,,80756000.0
2010-03-31,19970000.0,,944765,,
2010-06-30,29003000.0,,944765,,-10628000.0
2010-09-30,45189000.0,,944765,,3128000.0
2010-12-31,46170000.0,,944765,,
2011-03-31,52672000.0,,944765,,5816000.0
2011-06-30,55592000.0,23134000.0,944765,,8129000.0
2011-09-30,60077000.0,24930000.0,944765,,6952000.0
2011-12-31,64087000.0,,944765,,
2012-03-31,60978000.0,27153000.0,944765,,5673000.0
2012-06-30,62886000.0,26602000.0,944765,,3419000.0
2012-09-30,60394000.0,26858000.0,944765,,5962000.0
2012-12-31,64646000.0,38080000.0,944765,,-8434000.0
2013-03-31,63634000.0,26010000.0,944765,,5282000.0
2013-06-30,57193000.0,,944765,,1292000.0
2013-09-30,57245000.0,,944765,,-460000.0
2013-12-31,53595000.0,,944765,,3693000.0
2014-03-31,50903000.0,,944765,,4442000.0
2014-06-30,53814000.0,,944765,,5762000.0
2014-09-30,53982000.0,,944765,,7226000.0
2014-12-31,53605000.0,,944765,,6198000.0
2015-03-31,54403000.0,,944765,,3830000.0
2015-06-30,65599000.0,,944765,,9064000.0
2019-06-30,170000.0,,945384,,-529000.0
2020-06-30,97000.0,,945384,,-502000.0
2019-03-31,282000.0,,945384,,-449000.0
2020-03-31,118000.0,,945384,,-506000.0
2018-09-30,200000.0,,945384,,-416000.0
2019-09-30,856000.0,,945384,,128000.0
2018-06-30,205000.0,,945384,,-498000.0
2018-03-31,204000.0,,945384,,-455000.0
2017-09-30,232000.0,,945384,,-490000.0
2017-06-30,263000.0,,945384,,-466000.0
2017-03-31,571000.0,,945384,,-284000.0
2016-09-30,217000.0,,945384,,-475000.0
2016-06-30,346000.0,,945384,,-459000.0
2016-03-31,407000.0,,945384,,-496000.0
2015-09-30,542000.0,,945384,,-622000.0
2015-06-30,509000.0,,945384,,-621000.0
2015-03-31,460000.0,,945384,,-631000.0
2014-09-30,383000.0,,945384,,-596000.0
2014-06-30,553000.0,,945384,,-476000.0
2014-03-31,539000.0,,945384,,-544000.0
2013-09-30,542000.0,,945384,,-519000.0
2013-06-30,595000.0,,945384,,-752000.0
2013-03-31,503000.0,,945384,,-898000.0
2012-09-30,569000.0,,945384,,-860000.0
2012-06-30,1045000.0,,945384,,-813000.0
2012-03-31,3669000.0,,945384,,1952000.0
2011-09-30,734000.0,,945384,,-649000.0
2011-06-30,1094000.0,,945384,,-351000.0
2011-03-31,729000.0,,945384,,-777000.0
2010-09-30,565000.0,,945384,,-838000.0
2010-06-30,1305000.0,,945384,,-293000.0
2018-12-31,236000.0,,945384,,-494000.0
2019-12-31,228000.0,,945384,,-499000.0
2017-12-31,252000.0,,945384,,-506000.0
2016-12-31,281000.0,,945384,,-2115000.0
2015-12-31,432000.0,,945384,,-546000.0
2014-12-31,428000.0,,945384,,-1723000.0
2013-12-31,552000.0,,945384,,-491000.0
2012-12-31,714000.0,,945384,,-429000.0
2011-12-31,697000.0,,945384,,-897000.0
2014-03-31,96804000.0,,1002225,,19313000.0
2015-03-31,103264000.0,,1002225,,10199000.0
2013-03-31,92490000.0,,1002225,,16213000.0
2013-06-30,96123000.0,,1002225,,-5849000.0
2013-09-30,96767000.0,,1002225,,17371000.0
2013-12-31,97579000.0,,1002225,,18397000.0
2014-06-30,100370000.0,,1002225,,21753000.0
2014-09-30,98982000.0,,1002225,,20244000.0
2014-12-31,100664000.0,,1002225,,22432000.0
2012-09-30,90174000.0,,1002225,,12629000.0
2012-06-30,89724000.0,,1002225,,12063000.0
2012-03-31,86904000.0,,1002225,,11795000.0
2011-09-30,84566000.0,,1002225,,10576000.0
2011-06-30,80071000.0,,1002225,,10382000.0
2011-03-31,75326000.0,,1002225,,11527000.0
2010-09-30,71987000.0,,1002225,,9733000.0
2010-06-30,69272000.0,,1002225,,7572000.0
2012-12-31,92017000.0,,1002225,,12692000.0
2011-12-31,86285000.0,,1002225,,10080000.0
2025-03-31,1254363000.0,,1002638,OTEX,209090000.0
2026-03-31,1282504000.0,,1002638,OTEX,201213000.0
2024-12-31,1334500000.0,,1002638,OTEX,295799000.0
2025-12-31,1326736000.0,,1002638,OTEX,291755000.0
2024-09-30,1269005000.0,,1002638,OTEX,206242000.0
2025-09-30,1288135000.0,,1002638,OTEX,269949000.0
2024-03-31,1447131000.0,,1002638,OTEX,227068000.0
2023-12-31,1534868000.0,,1002638,OTEX,253867000.0
2023-09-30,1425429000.0,,1002638,OTEX,212892000.0
2023-03-31,1244674000.0,,1002638,OTEX,63989000.0
2022-12-31,897440000.0,,1002638,OTEX,184663000.0
2022-09-30,852036000.0,,1002638,OTEX,146353000.0
2022-03-31,882283000.0,,1002638,OTEX,131609000.0
2021-12-31,876799000.0,,1002638,OTEX,192884000.0
2021-09-30,832308000.0,,1002638,OTEX,182689000.0
2021-03-31,832931000.0,,1002638,OTEX,152396000.0
2020-12-31,855644000.0,,1002638,OTEX,234470000.0
2020-09-30,804013000.0,,1002638,OTEX,182356000.0
2020-03-31,814679000.0,,1002638,OTEX,95077000.0
2019-12-31,771557000.0,,1002638,OTEX,184740000.0
2019-09-30,696888000.0,,1002638,OTEX,132513000.0
2019-03-31,719146000.0,,1002638,OTEX,135877000.0
2018-12-31,735231000.0,,1002638,OTEX,173932000.0
2018-09-30,667157000.0,,1002638,OTEX,99227000.0
2018-03-31,685879000.0,,1002638,OTEX,102769000.0
2017-12-31,734405000.0,,1002638,OTEX,166920000.0
2017-09-30,640687000.0,,1002638,OTEX,87646000.0
2017-03-31,593130000.0,,1002638,OTEX,65261000.0
2016-12-31,542709000.0,,1002638,OTEX,107157000.0
2016-09-30,491664000.0,,1002638,OTEX,74062000.0
2016-03-31,440543000.0,,1002638,OTEX,88569000.0
2015-12-31,465347000.0,,1002638,OTEX,110042000.0
2015-09-30,434535000.0,,1002638,OTEX,76473000.0
2015-03-31,447577000.0,,1002638,OTEX,52604000.0
2014-12-31,467845000.0,,1002638,OTEX,110571000.0
2014-09-30,453787000.0,,1002638,OTEX,103026000.0
2014-03-31,442754000.0,,1002638,OTEX,66849000.0
2013-12-31,363507000.0,,1002638,OTEX,73931000.0
2013-09-30,324460000.0,,1002638,OTEX,52043000.0
2013-03-31,337695000.0,,1002638,OTEX,40870000.0
2012-12-31,352180000.0,,1002638,OTEX,67235000.0
2012-09-30,326194000.0,,1002638,OTEX,40087000.0
2012-03-31,292347000.0,,1002638,OTEX,27303000.0
2011-12-31,321456000.0,,1002638,OTEX,55232000.0
2011-09-30,288046000.0,,1002638,OTEX,27135000.0
2011-03-31,262957000.0,,1002638,OTEX,28744000.0
2010-12-31,267488000.0,,1002638,OTEX,52581000.0
2010-09-30,217405000.0,,1002638,OTEX,32183000.0
2010-03-31,212777000.0,,1002638,OTEX,26426000.0
2009-12-31,247790000.0,,1002638,OTEX,35913000.0
2009-09-30,211422000.0,,1002638,OTEX,4792000.0
2009-03-31,192035000.0,,1002638,OTEX,20957000.0
2008-12-31,207651000.0,,1002638,OTEX,19255000.0
2008-09-30,182623000.0,,1002638,OTEX,22977000.0
2008-03-31,178762000.0,,1002638,OTEX,23544000.0
2024-06-30,1362149000.0,,1002638,OTEX,193258000.0
2025-06-30,1310537000.0,,1002638,OTEX,181558000.0
2026-06-30,1349026000.0,,1002638,OTEX,319680000.0
2023-06-30,1490830000.0,,1002638,OTEX,121287000.0
2022-06-30,902454000.0,,1002638,OTEX,137591000.0
2021-06-30,893527000.0,,1002638,OTEX,171681000.0
2020-06-30,826612000.0,,1002638,OTEX,91199000.0
2019-06-30,747221000.0,,1002638,OTEX,157974000.0
2018-06-30,754270000.0,,1002638,OTEX,149358000.0
2017-06-30,663554000.0,,1002638,OTEX,108220000.0
2016-06-30,483803000.0,,1002638,OTEX,93479000.0
2015-06-30,482708000.0,,1002638,OTEX,82510000.0
2014-06-30,493978000.0,,1002638,OTEX,107705000.0
2013-06-30,347267000.0,,1002638,OTEX,49473000.0
2012-06-30,305624000.0,,1002638,OTEX,39690000.0
2011-06-30,285453000.0,,1002638,OTEX,37097000.0
2010-06-30,240034000.0,,1002638,OTEX,42107000.0
2009-06-30,203356000.0,,1002638,OTEX,34395000.0
2010-06-30,131346000.0,16678000.0,1005757,CSGS,14757000.0
2010-09-30,133691000.0,19396000.0,1005757,CSGS,22522000.0
2011-03-31,183092000.0,33339000.0,1005757,CSGS,24104000.0
2011-06-30,181312000.0,32526000.0,1005757,CSGS,22371000.0
2011-09-30,182753000.0,31011000.0,1005757,CSGS,22767000.0
2011-12-31,187574000.0,31470000.0,1005757,CSGS,27043000.0
2012-03-31,185007000.0,31625000.0,1005757,CSGS,28952000.0
2012-06-30,183851000.0,33799000.0,1005757,CSGS,23745000.0
2012-09-30,190001000.0,33963000.0,1005757,CSGS,21728000.0
2012-12-31,198007000.0,39396000.0,1005757,CSGS,22149000.0
2013-03-31,180632000.0,34797000.0,1005757,CSGS,18035000.0
2013-06-30,186107000.0,37388000.0,1005757,CSGS,21681000.0
2013-09-30,186180000.0,38444000.0,1005757,CSGS,20553000.0
2013-12-31,194549000.0,41924000.0,1005757,CSGS,16435000.0
2014-03-31,188028000.0,35299000.0,1005757,CSGS,20914000.0
2014-06-30,184558000.0,39140000.0,1005757,CSGS,21820000.0
2014-09-30,185003000.0,39036000.0,1005757,CSGS,13831000.0
2014-12-31,193697000.0,40013000.0,1005757,CSGS,19125000.0
2015-03-31,185631000.0,33442000.0,1005757,CSGS,21893000.0
2015-06-30,182641000.0,34572000.0,1005757,CSGS,26156000.0
2015-09-30,186960000.0,34247000.0,1005757,CSGS,31021000.0
2015-12-31,197288000.0,37578000.0,1005757,CSGS,34070000.0
2016-03-31,186226000.0,34051000.0,1005757,CSGS,41291000.0
2016-06-30,190252000.0,34980000.0,1005757,CSGS,29374000.0
2016-09-30,189311000.0,32508000.0,1005757,CSGS,36598000.0
2016-12-31,195169000.0,38928000.0,1005757,CSGS,25366000.0
2017-03-31,192470000.0,37346000.0,1005757,CSGS,27013000.0
2017-06-30,192713000.0,36819000.0,1005757,CSGS,24248000.0
2017-09-30,199195000.0,35816000.0,1005757,CSGS,28376000.0
2017-12-31,205204000.0,43714000.0,1005757,CSGS,26048000.0
2018-03-31,201704000.0,40648000.0,1005757,CSGS,25767000.0
2018-06-30,213033000.0,40624000.0,1005757,CSGS,24087000.0
2018-09-30,213055000.0,39243000.0,1005757,CSGS,25653000.0
2018-12-31,247267000.0,48793000.0,1005757,CSGS,29425000.0
2019-03-31,244793000.0,45918000.0,1005757,CSGS,32093000.0
2019-06-30,245856000.0,45372000.0,1005757,CSGS,30338000.0
2019-09-30,251414000.0,46694000.0,1005757,CSGS,33420000.0
2019-12-31,254747000.0,53345000.0,1005757,CSGS,30258000.0
2020-03-31,245617000.0,44384000.0,1005757,CSGS,33159000.0
2020-06-30,240321000.0,44999000.0,1005757,CSGS,19775000.0
2020-09-30,244108000.0,47032000.0,1005757,CSGS,28947000.0
2020-12-31,260487000.0,61864000.0,1005757,CSGS,23675000.0
2021-03-31,253119000.0,48815000.0,1005757,CSGS,31377000.0
2021-06-30,255134000.0,49250000.0,1005757,CSGS,32166000.0
2021-09-30,263209000.0,54923000.0,1005757,CSGS,32763000.0
2021-12-31,275025000.0,61706000.0,1005757,CSGS,27880000.0
2022-03-31,264400000.0,57342000.0,1005757,CSGS,16415000.0
2022-06-30,262168000.0,57465000.0,1005757,CSGS,7283000.0
2022-09-30,273308000.0,59026000.0,1005757,CSGS,19977000.0
2022-12-31,289876000.0,64185000.0,1005757,CSGS,35072000.0
2023-03-31,298739000.0,59147000.0,1005757,CSGS,38193000.0
2023-06-30,286327000.0,62686000.0,1005757,CSGS,28206000.0
2023-09-30,286868000.0,59097000.0,1005757,CSGS,32731000.0
2023-12-31,297324000.0,66683000.0,1005757,CSGS,24747000.0
2024-03-31,295135000.0,61722000.0,1005757,CSGS,31797000.0
2024-06-30,290318000.0,61159000.0,1005757,CSGS,25420000.0
2024-09-30,295143000.0,63913000.0,1005757,CSGS,31822000.0
2024-12-31,316652000.0,71519000.0,1005757,CSGS,42294000.0
2025-03-31,299453000.0,62289000.0,1005757,CSGS,29383000.0
2025-06-30,297128000.0,67541000.0,1005757,CSGS,29857000.0
2025-09-30,303615000.0,65430000.0,1005757,CSGS,30459000.0
2025-12-31,323093000.0,86216000.0,1005757,CSGS,29050000.0
2026-03-31,313732000.0,67748000.0,1005757,CSGS,35072000.0
2010-03-31,131631000.0,,1006892,,-253000.0
2010-06-30,158373000.0,,1006892,,17056000.0
2010-09-30,158443000.0,,1006892,,17535000.0
2011-03-31,163606000.0,,1006892,,54291000.0
2011-06-30,162410000.0,,1006892,,19121000.0
2011-09-30,171563000.0,,1006892,,32832000.0
2011-12-31,185104000.0,,1006892,,-7477000.0
2012-03-31,162186000.0,,1006892,,13619000.0
2012-06-30,168757000.0,,1006892,,21792000.0
2012-09-30,164520000.0,,1006892,,23819000.0
2010-07-31,4676477.0,1505863.0,1008586,,-27915.0
2010-10-31,4470876.0,1361657.0,1008586,,144319.0
2011-04-30,4140000.0,1664661.0,1008586,,-253000.0
2011-07-31,4146000.0,1582532.0,1008586,,20000.0
2011-10-31,4312000.0,1494891.0,1008586,,364000.0
2012-01-31,4518000.0,1835017.0,1008586,,116000.0
2012-04-30,5445000.0,1669760.0,1008586,,673000.0
2012-07-31,5049000.0,2204205.0,1008586,,-24000.0
2012-10-31,6534000.0,2926830.0,1008586,,-302000.0
2013-01-31,6739000.0,3259674.0,1008586,,-1181000.0
2013-04-30,6473000.0,3580867.0,1008586,,-1373000.0
2013-07-31,8773000.0,3408153.0,1008586,,997000.0
2013-10-31,6732000.0,3373230.0,1008586,,-1140000.0
2014-01-31,6517000.0,4184085.0,1008586,,-4802000.0
2014-04-30,6951170.0,4640456.0,1008586,,-3593387.0
2014-07-31,7242072.0,4054794.0,1008586,,-2058847.0
2014-10-31,6836643.0,4230347.0,1008586,,-2712678.0
2015-01-31,6595000.0,3299977.0,1008586,,-4948000.0
2015-04-30,6169442.0,4506174.0,1008586,,-3614948.0
2015-07-31,8619099.0,3779114.0,1008586,,-152776.0
2015-10-31,7155069.0,2351082.0,1008586,,-357645.0
2016-01-31,6370848.0,2806429.0,1008586,,-1496940.0
2016-04-30,6667221.0,3598841.0,1008586,,-1380116.0
2016-07-31,7374063.0,3341949.0,1008586,,-567831.0
2016-10-31,6635488.0,3212350.0,1008586,,-1769344.0
2017-01-31,6383133.0,2934934.0,1008586,,-1053524.0
2017-04-30,5923681.0,3373528.0,1008586,,-1874588.0
2017-07-31,5916159.0,2790171.0,1008586,,-955400.0
2017-10-31,6399299.0,2819549.0,1008586,,296456.0
2018-01-31,6098861.0,2450752.0,1008586,,-88468.0
2018-04-30,6263000.0,3250000.0,1008586,,-363000.0
2018-07-31,5269000.0,2520000.0,1008586,,-1405000.0
2018-10-31,5369000.0,2392000.0,1008586,,-545000.0
2019-01-31,5464000.0,2392000.0,1008586,,-2989000.0
2019-04-30,3164000.0,2421000.0,1008586,,-873000.0
2019-07-31,2489000.0,2402000.0,1008586,,-1839000.0
2019-10-31,3519000.0,2762000.0,1008586,,-1806000.0
2020-01-31,2681000.0,2021000.0,1008586,,-2683000.0
2020-04-30,2844000.0,2291000.0,1008586,,-1506000.0
2020-07-31,2887000.0,2284000.0,1008586,,-1258000.0
2020-10-31,2641000.0,2283000.0,1008586,,-1874000.0
2021-01-31,2974000.0,1707000.0,1008586,,-1308000.0
2021-04-30,2951000.0,2551000.0,1008586,,-2455000.0
2021-07-31,2868000.0,2515000.0,1008586,,-2385000.0
2021-10-31,5514000.0,3439000.0,1008586,,-3820000.0
2022-01-31,6046000.0,3426000.0,1008586,,-2107000.0
2022-04-30,5935000.0,4501000.0,1008586,,-3177000.0
2022-07-31,5992000.0,3934000.0,1008586,,-2656000.0
2022-10-31,6217000.0,4055000.0,1008586,,-3162000.0
2023-01-31,6745000.0,3793000.0,1008586,,-1836000.0
2023-04-30,5332000.0,3841000.0,1008586,,-2996000.0
2023-07-31,5770000.0,4116000.0,1008586,,-2598000.0
2023-10-31,6133000.0,4122000.0,1008586,,-12947000.0
2024-01-31,-12905000.0,2631000.0,1008586,,16291000.0
2024-04-30,4330000.0,3192000.0,1008586,,-2250000.0
2024-07-31,4476000.0,2989000.0,1008586,,-2215000.0
2024-10-31,4419000.0,2880000.0,1008586,,-1980000.0
2025-01-31,-8415000.0,2678000.0,1008586,,5344000.0
2025-04-30,4810000.0,2788000.0,1008586,,-1101000.0
2013-09-30,334880000.0,,1008817,,37593000.0
2014-09-30,364632000.0,,1008817,,33817000.0
2013-06-30,326607000.0,,1008817,,33524000.0
2014-06-30,378763000.0,,1008817,,35342000.0
2013-03-31,302983000.0,,1008817,,11222000.0
2014-03-31,353176000.0,,1008817,,19836000.0
2012-03-31,269162000.0,,1008817,,14082000.0
2012-06-30,289095000.0,,1008817,,22287000.0
2012-09-30,299268000.0,,1008817,,30757000.0
2012-12-31,304023000.0,,1008817,,28895000.0
2013-12-31,340762000.0,,1008817,,37995000.0
2011-03-31,249894000.0,,1008817,,18204000.0
2011-06-30,265458000.0,,1008817,,22188000.0
2011-09-30,273882000.0,,1008817,,29882000.0
2011-12-31,273213000.0,,1008817,,33803000.0
2010-03-31,191724000.0,,1008817,,9002000.0
2010-06-30,210701000.0,,1008817,,12859000.0
2010-09-30,228582000.0,,1008817,,19978000.0
2010-12-31,232513000.0,,1008817,,22059000.0
2009-09-30,172460000.0,,1008817,,7751000.0
2009-06-30,153604000.0,,1008817,,8466000.0
2010-06-30,288535000.0,,1010612,,9787000.0
2010-09-30,294455000.0,,1010612,,13377000.0
2011-03-31,299450000.0,,1010612,,15913000.0
2011-06-30,300273000.0,,1010612,,16735000.0
2011-09-30,293310000.0,,1010612,,22082000.0
2011-12-31,276234000.0,,1010612,,10805000.0
2012-03-31,278098000.0,,1010612,,14690000.0
2012-06-30,264802000.0,,1010612,,8705000.0
2012-09-30,280526000.0,,1010612,,8672000.0
2013-03-31,301244000.0,,1010612,,9877000.0
2013-06-30,304735000.0,,1010612,,5617000.0
2013-09-30,322143000.0,,1010612,,18779000.0
2013-12-31,335338000.0,,1010612,,19254000.0
2014-03-31,324429000.0,,1010612,,14478000.0
2014-06-30,320498000.0,,1010612,,10427000.0
2014-09-30,332671000.0,,1010612,,22092000.0
2014-12-31,349925000.0,,1010612,,32558000.0
2015-03-31,323685000.0,,1010612,,22541000.0
2015-06-30,307453000.0,,1010612,,18217000.0
2015-09-30,317924000.0,,1010612,,24507000.0
2016-03-31,320746000.0,,1010612,,20270000.0
2016-06-30,364402000.0,,1010612,,13402000.0
2016-09-30,385743000.0,,1010612,,29671000.0
2016-12-31,389146000.0,,1010612,,29030000.0
2017-03-31,384014000.0,,1010612,,26053000.0
2017-06-30,375438000.0,,1010612,,11328000.0
2017-09-30,407309000.0,,1010612,,26265000.0
2017-12-31,419247000.0,,1010612,,23396000.0
2018-03-31,414371000.0,,1010612,,14284000.0
2018-06-30,,,1010612,,6460000.0
2018-09-30,,,1010612,,14446000.0
2018-12-31,,,1010612,,28012000.0
2019-03-31,,,1010612,,16752000.0
2019-06-30,,,1010612,,15255000.0
2019-09-30,,,1010612,,24706000.0
2019-12-31,,,1010612,,33087000.0
2020-03-31,,,1010612,,24394000.0
2020-06-30,,,1010612,,27213000.0
2020-09-30,,,1010612,,-2100000.0
2020-12-31,,,1010612,,32277000.0
2021-03-31,,,1010612,,31530000.0
2021-06-30,,,1010612,,29721000.0
2009-11-30,155243000.0,50789000.0,1013237,FDS,54047000.0
2010-02-28,157281000.0,51938000.0,1013237,FDS,54473000.0
2010-05-31,160301000.0,53262000.0,1013237,FDS,55684000.0
2010-08-31,168234000.0,56886000.0,1013237,FDS,57430000.0
2010-11-30,173289000.0,57075000.0,1013237,FDS,59429000.0
2011-02-28,177635000.0,59405000.0,1013237,FDS,58093000.0
2011-05-31,183647000.0,59600000.0,1013237,FDS,61823000.0
2011-08-31,191939000.0,67472000.0,1013237,FDS,58990000.0
2011-11-30,196448000.0,62862000.0,1013237,FDS,66753000.0
2012-02-29,199371000.0,64723000.0,1013237,FDS,67117000.0
2012-05-31,202311000.0,64939000.0,1013237,FDS,68494000.0
2012-08-31,207663000.0,64741000.0,1013237,FDS,70627000.0
2012-11-30,211085000.0,66414000.0,1013237,FDS,71085000.0
2013-02-28,213083000.0,81077000.0,1013237,FDS,56164000.0
2013-05-31,214613000.0,66255000.0,1013237,FDS,71637000.0
2013-08-31,219332000.0,68567000.0,1013237,FDS,70534000.0
2013-11-30,222975000.0,64985000.0,1013237,FDS,74740000.0
2014-02-28,226934000.0,64626000.0,1013237,FDS,75054000.0
2014-05-31,231761000.0,68063000.0,1013237,FDS,73037000.0
2014-08-31,238664000.0,66757000.0,1013237,FDS,79386000.0
2014-11-30,242676000.0,64873000.0,1013237,FDS,80260000.0
2015-02-28,247792000.0,67628000.0,1013237,FDS,80648000.0
2015-05-31,254522000.0,68480000.0,1013237,FDS,85356000.0
2015-08-31,261779000.0,68531000.0,1013237,FDS,85653000.0
2015-11-30,270504000.0,68460000.0,1013237,FDS,87308000.0
2016-02-28,281796000.0,72541000.0,1013237,FDS,85344000.0
2016-02-29,281796000.0,72541000.0,1013237,FDS,85344000.0
2016-05-31,287501000.0,73609000.0,1013237,FDS,89290000.0
2016-08-31,287291000.0,75397000.0,1013237,FDS,87734000.0
2016-11-30,288063000.0,70494000.0,1013237,FDS,90319000.0
2017-02-28,294354000.0,70973000.0,1013237,FDS,91746000.0
2017-05-31,312120000.0,78052000.0,1013237,FDS,87642000.0
2017-08-31,326642000.0,82945000.0,1013237,FDS,82428000.0
2017-11-30,329141000.0,78519000.0,1013237,FDS,89098000.0
2018-02-28,335231000.0,76514000.0,1013237,FDS,95485000.0
2018-05-31,339911000.0,81573000.0,1013237,FDS,93265000.0
2018-08-31,345861000.0,88038000.0,1013237,FDS,88356000.0
2018-11-30,351640000.0,84325000.0,1013237,FDS,100539000.0
2019-02-28,354895000.0,81099000.0,1013237,FDS,108688000.0
2019-05-31,364533000.0,83461000.0,1013237,FDS,117240000.0
2019-08-31,364283000.0,84985000.0,1013237,FDS,111568000.0
2019-11-30,366658000.0,88515000.0,1013237,FDS,113186000.0
2020-02-28,369780000.0,87305000.0,1013237,FDS,106257000.0
2020-02-29,369780000.0,87305000.0,1013237,FDS,106257000.0
2020-05-31,374083000.0,81740000.0,1013237,FDS,121640000.0
2020-08-31,383590000.0,101445000.0,1013237,FDS,98577000.0
2020-11-30,388206000.0,79087000.0,1013237,FDS,121031000.0
2021-02-28,391788000.0,80132000.0,1013237,FDS,116133000.0
2021-05-31,399558000.0,76599000.0,1013237,FDS,117702000.0
2021-08-31,411893000.0,95186000.0,1013237,FDS,119175000.0
2021-11-30,424725000.0,91238000.0,1013237,FDS,122661000.0
2022-02-28,431119000.0,98066000.0,1013237,FDS,123348000.0
2022-05-31,488751000.0,119881000.0,1013237,FDS,97254000.0
2022-08-31,499297000.0,123847000.0,1013237,FDS,132219000.0
2022-11-30,504815000.0,105596000.0,1013237,FDS,171895000.0
2023-02-28,515085000.0,104582000.0,1013237,FDS,169250000.0
2023-05-31,529811000.0,115725000.0,1013237,FDS,171959000.0
2023-08-31,535797000.0,157173000.0,1013237,FDS,116103000.0
2023-11-30,542216000.0,101555000.0,1013237,FDS,189040000.0
2024-02-29,545945000.0,108861000.0,1013237,FDS,181942000.0
2024-05-31,552708000.0,103263000.0,1013237,FDS,202459000.0
2024-08-31,562187000.0,176133000.0,1013237,FDS,127858000.0
2024-11-30,568667000.0,118553000.0,1013237,FDS,191335000.0
2025-02-28,570660000.0,115564000.0,1013237,FDS,185492000.0
2025-05-31,585520000.0,110636000.0,1013237,FDS,194155000.0
2025-08-31,596901000.0,130910000.0,1013237,FDS,177321000.0
2025-11-30,607621000.0,127634000.0,1013237,FDS,192071000.0
2026-02-28,611019000.0,129316000.0,1013237,FDS,184961000.0
2026-05-31,622918000.0,144427000.0,1013237,FDS,166301000.0
2010-03-31,75084000.0,,1013857,PEGA,8562000.0
2010-06-30,82246000.0,,1013857,PEGA,-9140000.0
2010-09-30,90016000.0,,1013857,PEGA,1943000.0
2010-12-31,89253000.0,,1013857,PEGA,-3945000.0
2011-03-31,102360000.0,,1013857,PEGA,5564000.0
2011-06-30,103518000.0,,1013857,PEGA,3234000.0
2011-09-30,95503000.0,,1013857,PEGA,-2008000.0
2011-12-31,115294000.0,,1013857,PEGA,3704000.0
2012-03-31,111167000.0,,1013857,PEGA,5919000.0
2012-06-30,105056000.0,,1013857,PEGA,-2684000.0
2012-09-30,101657000.0,,1013857,PEGA,401000.0
2012-12-31,143830000.0,,1013857,PEGA,27790000.0
2013-03-31,116246000.0,,1013857,PEGA,12951000.0
2013-06-30,117315000.0,,1013857,PEGA,7053000.0
2013-09-30,122011000.0,,1013857,PEGA,13789000.0
2013-12-31,153382000.0,,1013857,PEGA,24304000.0
2014-03-31,140464000.0,,1013857,PEGA,14627000.0
2014-06-30,142985000.0,,1013857,PEGA,2222000.0
2014-09-30,137631000.0,,1013857,PEGA,4997000.0
2014-12-31,168924000.0,,1013857,PEGA,29693000.0
2015-03-31,153918000.0,,1013857,PEGA,11909000.0
2015-06-30,162019000.0,,1013857,PEGA,5250000.0
2015-09-30,162403000.0,,1013857,PEGA,10711000.0
2015-12-31,204355000.0,,1013857,PEGA,36791000.0
2016-03-31,178858000.0,,1013857,PEGA,14125000.0
2016-06-30,188996000.0,,1013857,PEGA,6360000.0
2016-09-30,182802000.0,,1013857,PEGA,5498000.0
2016-12-31,199610000.0,,1013857,PEGA,11776000.0
2017-03-31,256309000.0,,1013857,PEGA,65907000.0
2017-06-30,186596000.0,,1013857,PEGA,-8947000.0
2017-09-30,190957000.0,,1013857,PEGA,-2301000.0
2017-12-31,239540000.0,,1013857,PEGA,38518000.0
2018-03-31,235182000.0,,1013857,PEGA,7936000.0
2018-06-30,196779000.0,,1013857,PEGA,-23163000.0
2018-09-30,203263000.0,,1013857,PEGA,-17258000.0
2018-12-31,256357000.0,,1013857,PEGA,15453000.0
2019-03-31,212546000.0,,1013857,PEGA,-34028000.0
2019-06-30,205592000.0,,1013857,PEGA,-52338000.0
2019-09-30,216703000.0,,1013857,PEGA,-46767000.0
2019-12-31,276542000.0,,1013857,PEGA,-1745000.0
2020-03-31,265591000.0,,1013857,PEGA,-24318000.0
2020-06-30,227375000.0,,1013857,PEGA,-51447000.0
2020-09-30,225951000.0,,1013857,PEGA,-61832000.0
2020-12-31,298600000.0,,1013857,PEGA,-5930000.0
2021-03-31,313499000.0,,1013857,PEGA,1601000.0
2021-06-30,325702000.0,,1013857,PEGA,1192000.0
2021-09-30,256268000.0,,1013857,PEGA,-65337000.0
2021-12-31,316184000.0,,1013857,PEGA,-32188000.0
2022-03-31,376307000.0,,1013857,PEGA,18620000.0
2022-06-30,274337000.0,,1013857,PEGA,-85040000.0
2022-09-30,270731000.0,,1013857,PEGA,-77221000.0
2022-12-31,396470000.0,,1013857,PEGA,34236000.0
2023-03-31,325472000.0,,1013857,PEGA,-22206000.0
2023-06-30,298268000.0,,1013857,PEGA,-41290000.0
2023-09-30,334643000.0,,1013857,PEGA,-10816000.0
2023-12-31,474233000.0,,1013857,PEGA,155266000.0
2024-03-31,330147000.0,,1013857,PEGA,-20412000.0
2024-06-30,351153000.0,,1013857,PEGA,12966000.0
2024-09-30,325050000.0,,1013857,PEGA,-11661000.0
2024-12-31,490830000.0,,1013857,PEGA,142989000.0
2025-03-31,475633000.0,,1013857,PEGA,126989000.0
2025-06-30,384512000.0,,1013857,PEGA,17279000.0
2025-09-30,381350000.0,,1013857,PEGA,14469000.0
2025-12-31,504317000.0,,1013857,PEGA,104363000.0
2026-03-31,429973000.0,,1013857,PEGA,37149000.0
2026-06-30,420716000.0,,1013857,PEGA,16636000.0
2016-10-31,44000.0,278000.0,1014052,DTGI,-282000.0
2017-01-31,42000.0,243000.0,1014052,DTGI,-712000.0
2017-04-30,50000.0,232000.0,1014052,DTGI,-563000.0
2017-07-31,57000.0,169000.0,1014052,DTGI,-627000.0
2017-10-31,55000.0,201000.0,1014052,DTGI,-370000.0
2018-01-31,151000.0,291000.0,1014052,DTGI,-1368000.0
2018-04-30,196000.0,332000.0,1014052,DTGI,-714000.0
2018-07-31,1599000.0,2260000.0,1014052,DTGI,-416000.0
2018-10-31,1522000.0,887000.0,1014052,DTGI,-413000.0
2019-01-31,1486000.0,933000.0,1014052,DTGI,-496000.0
2019-04-30,1485000.0,1220000.0,1014052,DTGI,-767000.0
2019-10-31,1589000.0,1192000.0,1014052,DTGI,-671000.0
2020-01-31,1566000.0,1118000.0,1014052,DTGI,-699000.0
2020-04-30,1566000.0,1047000.0,1014052,DTGI,-472000.0
2020-07-31,1558000.0,749000.0,1014052,DTGI,-270000.0
2020-10-31,1552000.0,1011000.0,1014052,DTGI,-626000.0
2021-01-31,3326000.0,1965000.0,1014052,DTGI,-764000.0
2021-04-30,3751000.0,1993000.0,1014052,DTGI,-588000.0
2021-07-31,3787000.0,2050000.0,1014052,DTGI,-420000.0
2021-10-31,3777000.0,1788000.0,1014052,DTGI,-580000.0
2022-01-31,4019000.0,2127000.0,1014052,DTGI,-1319000.0
2022-04-30,8163000.0,4296000.0,1014052,DTGI,-1626000.0
2022-07-31,8195000.0,4223000.0,1014052,DTGI,-151000.0
2022-10-31,8130000.0,4141000.0,1014052,DTGI,-400000.0
2023-01-31,7941000.0,4458000.0,1014052,DTGI,-1565000.0
2023-04-30,7837000.0,4322000.0,1014052,DTGI,-1075000.0
2023-07-31,7715000.0,4914000.0,1014052,DTGI,-2015000.0
2023-10-31,7654000.0,4189000.0,1014052,DTGI,-799000.0
2024-01-31,7565000.0,4175000.0,1014052,DTGI,-1647000.0
2024-04-30,7430000.0,4067000.0,1014052,DTGI,-1171000.0
2008-06-30,242033000.0,,1014473,VRSN,-17039000.0
2008-09-30,245934000.0,,1014473,VRSN,67173000.0
2009-03-31,253557000.0,,1014473,VRSN,74857000.0
2009-06-30,154338000.0,,1014473,VRSN,42982000.0
2009-09-30,156807000.0,,1014473,VRSN,34088000.0
2009-12-31,51245000.0,,1014473,VRSN,8031000.0
2010-03-31,161582000.0,,1014473,VRSN,54103000.0
2010-06-30,167881000.0,,1014473,VRSN,50822000.0
2010-09-30,172286000.0,,1014473,VRSN,59872000.0
2010-12-31,178829000.0,,1014473,VRSN,67486000.0
2011-03-31,181523000.0,,1014473,VRSN,65510000.0
2011-06-30,189844000.0,,1014473,VRSN,82059000.0
2011-09-30,196965000.0,,1014473,VRSN,88947000.0
2011-12-31,203646000.0,,1014473,VRSN,92873000.0
2012-03-31,205726000.0,,1014473,VRSN,98930000.0
2012-06-30,214142000.0,,1014473,VRSN,106980000.0
2012-09-30,223528000.0,,1014473,VRSN,116062000.0
2012-12-31,230196000.0,,1014473,VRSN,135355000.0
2013-03-31,236447000.0,,1014473,VRSN,133264000.0
2013-06-30,239332000.0,,1014473,VRSN,132081000.0
2013-09-30,243678000.0,,1014473,VRSN,132713000.0
2013-12-31,245630000.0,,1014473,VRSN,130174000.0
2014-03-31,248796000.0,,1014473,VRSN,139585000.0
2014-06-30,250382000.0,,1014473,VRSN,143121000.0
2014-09-30,255022000.0,,1014473,VRSN,139500000.0
2014-12-31,255917000.0,,1014473,VRSN,142221000.0
2015-03-31,258422000.0,,1014473,VRSN,144237000.0
2015-06-30,262539000.0,,1014473,VRSN,148965000.0
2015-09-30,265780000.0,,1014473,VRSN,154462000.0
2015-12-31,272625000.0,,1014473,VRSN,158282000.0
2016-03-31,281876000.0,,1014473,VRSN,166767000.0
2016-06-30,286466000.0,,1014473,VRSN,176267000.0
2016-09-30,287554000.0,,1014473,VRSN,174776000.0
2016-12-31,286271000.0,,1014473,VRSN,168762000.0
2017-03-31,288614000.0,,1014473,VRSN,175271000.0
2017-06-30,288552000.0,,1014473,VRSN,174960000.0
2017-09-30,292428000.0,,1014473,VRSN,181059000.0
2017-12-31,295501000.0,,1014473,VRSN,176432000.0
2018-03-31,299288000.0,,1014473,VRSN,185419000.0
2018-06-30,302452000.0,,1014473,VRSN,193010000.0
2018-09-30,305777000.0,,1014473,VRSN,194997000.0
2018-12-31,307452000.0,,1014473,VRSN,193966000.0
2019-03-31,306408000.0,,1014473,VRSN,200252000.0
2019-06-30,306289000.0,,1014473,VRSN,201693000.0
2019-09-30,308421000.0,,1014473,VRSN,205616000.0
2019-12-31,310543000.0,,1014473,VRSN,198566000.0
2020-03-31,312524000.0,,1014473,VRSN,206264000.0
2020-06-30,314365000.0,,1014473,VRSN,206780000.0
2020-09-30,317879000.0,,1014473,VRSN,206649000.0
2020-12-31,320332000.0,,1014473,VRSN,204507000.0
2021-03-31,323600000.0,45900000.0,1014473,VRSN,210400000.0
2021-06-30,329400000.0,48800000.0,1014473,VRSN,213000000.0
2021-09-30,334300000.0,45600000.0,1014473,VRSN,221300000.0
2021-12-31,340300000.0,48100000.0,1014473,VRSN,222100000.0
2022-03-31,346900000.0,48500000.0,1014473,VRSN,224800000.0
2022-06-30,351900000.0,46100000.0,1014473,VRSN,236000000.0
2022-09-30,356900000.0,49100000.0,1014473,VRSN,236800000.0
2022-12-31,369200000.0,51700000.0,1014473,VRSN,245500000.0
2023-03-31,364400000.0,49000000.0,1014473,VRSN,241300000.0
2023-06-30,372000000.0,50800000.0,1014473,VRSN,248700000.0
2023-09-30,376300000.0,51700000.0,1014473,VRSN,254300000.0
2023-12-31,380400000.0,52700000.0,1014473,VRSN,256300000.0
2024-03-31,384300000.0,51500000.0,1014473,VRSN,258900000.0
2024-06-30,387100000.0,50000000.0,1014473,VRSN,266200000.0
2024-09-30,390600000.0,51300000.0,1014473,VRSN,269300000.0
2024-12-31,395400000.0,58300000.0,1014473,VRSN,263800000.0
2025-03-31,402300000.0,55700000.0,1014473,VRSN,271200000.0
2025-06-30,409900000.0,54400000.0,1014473,VRSN,280700000.0
2025-09-30,419100000.0,60600000.0,1014473,VRSN,284300000.0
2025-12-31,425300000.0,65000000.0,1014473,VRSN,284800000.0
2026-03-31,428900000.0,58600000.0,1014473,VRSN,293600000.0
2026-06-30,434600000.0,60800000.0,1014473,VRSN,296300000.0
2010-06-30,23355000.0,7697000.0,1017968,,-116000.0
2010-09-30,21384000.0,7580000.0,1017968,,-757000.0
2011-03-31,23594000.0,7527000.0,1017968,,368000.0
2011-06-30,27396000.0,9443000.0,1017968,,672000.0
2011-09-30,25048000.0,6647000.0,1017968,,2011000.0
2011-12-31,26405000.0,8690000.0,1017968,,-1737000.0
2012-03-31,25281000.0,7951000.0,1017968,,172000.0
2012-06-30,27187000.0,8551000.0,1017968,,461000.0
2012-09-30,24165000.0,7499000.0,1017968,,861000.0
2012-12-31,24248000.0,7562000.0,1017968,,421000.0
2013-03-31,23476000.0,7531000.0,1017968,,-706000.0
2013-06-30,27900000.0,8110000.0,1017968,,1623000.0
2013-09-30,25399000.0,7590000.0,1017968,,1765000.0
2013-12-31,26781000.0,8405000.0,1017968,,2029000.0
2014-03-31,27614000.0,8581000.0,1017968,,1279000.0
2014-06-30,29222000.0,8631000.0,1017968,,3161000.0
2014-09-30,28729000.0,8353000.0,1017968,,1836000.0
2014-12-31,27424000.0,8580000.0,1017968,,1146000.0
2015-03-31,26578000.0,8266000.0,1017968,,-1455000.0
2015-06-30,30527000.0,8963000.0,1017968,,1377000.0
2015-09-30,31184000.0,8827000.0,1017968,,2236000.0
2015-12-31,28415000.0,8536000.0,1017968,,-676000.0
2016-03-31,31898000.0,9886000.0,1017968,,-628000.0
2016-06-30,34024000.0,9783000.0,1017968,,2955000.0
2016-09-30,30826000.0,8945000.0,1017968,,684000.0
2016-12-31,29774000.0,9133000.0,1017968,,1512000.0
2017-03-31,29130000.0,9938000.0,1017968,,-5399000.0
2017-06-30,30305000.0,8981000.0,1017968,,617000.0
2017-09-30,27361000.0,10312000.0,1017968,,-733000.0
2017-12-31,24957000.0,10803000.0,1017968,,-3704000.0
2018-03-31,25129.0,10415000.0,1017968,,-4054000.0
2018-06-30,26334000.0,8727000.0,1017968,,14000.0
2018-09-30,25335000.0,8045000.0,1017968,,-1218000.0
2010-12-31,,,1022505,SDCH,-17790.0
2011-03-31,,,1022505,SDCH,-170801.0
2011-06-30,,,1022505,SDCH,-91840.0
2011-09-30,,,1022505,SDCH,-59986.0
2011-12-31,,,1022505,SDCH,-46948.0
2012-03-31,216685.0,74433.0,1022505,SDCH,40247.0
2012-06-30,243480.0,78612.0,1022505,SDCH,44139.0
2012-09-30,,,1022505,SDCH,-109685.0
2012-12-31,149357.0,118871.0,1022505,SDCH,-69519.0
2013-03-31,174214.0,224454.0,1022505,SDCH,-165042.0
2013-06-30,137941.0,202005.0,1022505,SDCH,-189263.0
2013-09-30,55356.0,,1022505,SDCH,-231939.0
2013-12-31,117557.0,222076.0,1022505,SDCH,-195674.0
2014-03-31,105118.0,1106142.0,1022505,SDCH,-1092179.0
2014-06-30,1725.0,1079306.0,1022505,SDCH,-1138736.0
2014-09-30,1114755.0,,1022505,SDCH,-384017.0
2014-12-31,,176325.0,1022505,SDCH,-193756.0
2015-03-31,,10107671.0,1022505,SDCH,-10430321.0
2015-06-30,0.0,251770.0,1022505,SDCH,-461851.0
2015-09-30,,,1022505,SDCH,-2027924.0
2015-12-31,3814.0,326267.0,1022505,SDCH,-449603.0
2016-03-31,112500.0,,1022505,SDCH,-279843.0
2016-06-30,112500.0,,1022505,SDCH,-1215004.0
2016-09-30,112664.0,,1022505,SDCH,-709788.0
2016-12-31,112500.0,,1022505,SDCH,-3153320.0
2017-03-31,124747.0,,1022505,SDCH,-395170.0
2017-06-30,114386.0,,1022505,SDCH,-397072.0
2017-09-30,115641.0,,1022505,SDCH,-422462.0
2017-12-31,115642.0,,1022505,SDCH,-236397.0
2018-03-31,113129.0,,1022505,SDCH,-517074.0
2018-06-30,87477.0,,1022505,SDCH,-635046.0
2018-09-30,0.0,,1022505,SDCH,-1728725.0
2018-12-31,,,1022505,SDCH,-1092844.0
2019-03-31,,,1022505,SDCH,-1420284.0
2019-06-30,27850.0,,1022505,SDCH,-2125837.0
2019-09-30,,,1022505,SDCH,-2203159.0
2019-12-31,18750.0,,1022505,SDCH,-2108089.0
2020-03-31,11733.0,,1022505,SDCH,-3068247.0
2020-06-30,8750.0,,1022505,SDCH,-1137965.0
2020-09-30,8750.0,,1022505,SDCH,-611439.0
2020-12-31,8750.0,,1022505,SDCH,-799735.0
2021-03-31,6667.0,,1022505,SDCH,-1088838.0
2021-06-30,,,1022505,SDCH,-366632.0
2021-09-30,,,1022505,SDCH,2765205.0
2021-12-31,1048000.0,,1022505,SDCH,324000.0
2022-03-31,1235000.0,,1022505,SDCH,358000.0
2022-06-30,1276000.0,,1022505,SDCH,105000.0
2022-09-30,1230000.0,,1022505,SDCH,-12381000.0
2022-12-31,1546000.0,,1022505,SDCH,-607000.0
2023-03-31,1617000.0,,1022505,SDCH,-858000.0
2023-06-30,1750000.0,,1022505,SDCH,-694000.0
2023-09-30,1659000.0,,1022505,SDCH,-5255000.0
2023-12-31,1736000.0,,1022505,SDCH,-259000.0
2024-03-31,1927000.0,,1022505,SDCH,-260000.0
2024-06-30,1846000.0,,1022505,SDCH,-154000.0
2024-09-30,1891000.0,,1022505,SDCH,-267000.0
2024-12-31,1908000.0,,1022505,SDCH,-206000.0
2025-03-31,1894000.0,,1022505,SDCH,-61000.0
2025-06-30,1776000.0,,1022505,SDCH,-268000.0
2025-09-30,1773000.0,,1022505,SDCH,-383000.0
2025-12-31,1774000.0,,1022505,SDCH,-400000.0
2026-03-31,1576000.0,,1022505,SDCH,-448000.0
2026-06-30,1797000.0,,1022505,SDCH,-135000.0
2010-06-30,12131000.0,,1023364,,-3279000.0
2010-09-30,12931000.0,,1023364,,-3103000.0
2011-03-31,16705000.0,,1023364,,-447000.0
2011-06-30,15731000.0,,1023364,,303000.0
2011-09-30,17454000.0,,1023364,,429000.0
2011-12-31,16911000.0,,1023364,,440000.0
2012-03-31,16705000.0,,1023364,,316000.0
2012-06-30,15731000.0,,1023364,,341000.0
2012-09-30,17454000.0,,1023364,,622000.0
2012-12-31,20693000.0,,1023364,,313000.0
2013-03-31,18261000.0,,1023364,,3000.0
2013-06-30,17771000.0,,1023364,,565000.0
2013-09-30,21635000.0,,1023364,,1387000.0
2013-12-31,20693000.0,,1023364,,888000.0
2014-03-31,26959000.0,,1023364,,756000.0
2014-06-30,25913000.0,,1023364,,1452000.0
2014-09-30,27364000.0,,1023364,,1998000.0
2014-12-31,26041000.0,,1023364,,1936000.0
2015-03-31,26243000.0,,1023364,,1177000.0
2015-06-30,30387000.0,,1023364,,1701000.0
2015-09-30,40175000.0,,1023364,,3319000.0
2015-12-31,36421000.0,,1023364,,1560000.0
2016-03-31,40378000.0,,1023364,,-884000.0
2016-06-30,36247000.0,,1023364,,948000.0
2016-09-30,37341000.0,,1023364,,4256000.0
2016-12-31,34591000.0,,1023364,,1808000.0
2017-03-31,37341000.0,,1023364,,1209000.0
2017-06-30,34591000.0,,1023364,,252000.0
2017-09-30,36872000.0,,1023364,,243000.0
2017-12-31,33321000.0,,1023364,,-40283000.0
2018-03-31,32349000.0,,1023364,,-10275000.0
2018-06-30,29292000.0,,1023364,,-5418000.0
2018-09-30,31695000.0,,1023364,,-18012000.0
2018-12-31,32253000.0,,1023364,,-5367000.0
2019-03-31,31604000.0,,1023364,,-5430000.0
2019-06-30,27142000.0,,1023364,,-4981000.0
2019-09-30,28552000.0,,1023364,,-1856000.0
2019-12-31,26687000.0,,1023364,,-3071000.0
2020-03-31,24472000.0,,1023364,,-3297000.0
2020-06-30,17033000.0,,1023364,,-1232000.0
2020-09-30,17813000.0,,1023364,,-267000.0
2020-12-31,17252000.0,,1023364,,-728000.0
2021-03-31,17880000.0,,1023364,,-1094000.0
2021-06-30,18736000.0,,1023364,,-102000.0
2021-09-30,17159000.0,,1023364,,-2866000.0
2021-12-31,17810000.0,,1023364,,-2403000.0
2022-03-31,19064000.0,,1023364,,-3906000.0
2022-06-30,17195000.0,,1023364,,-4201000.0
2010-11-30,2050434.0,686051.0,1023459,SLP,809973.0
2011-02-28,2621686.0,665641.0,1023459,SLP,1309373.0
2011-05-31,2639508.0,778085.0,1023459,SLP,1308009.0
2011-08-31,-7302889.0,1056222.0,1023459,SLP,102926.0
2011-11-30,2249.0,859681.0,1023459,SLP,943538.0
2012-02-29,2789226.0,956325.0,1023459,SLP,1171754.0
2012-05-31,2771500.0,891131.0,1023459,SLP,1214472.0
2012-08-31,-5553526.0,671880.0,1023459,SLP,282123.0
2012-11-30,2290000.0,931060.0,1023459,SLP,791829.0
2013-02-28,3118121.0,854983.0,1023459,SLP,1516838.0
2013-05-31,3094779.0,903589.0,1023459,SLP,1532831.0
2013-08-31,1568100.0,859863.0,1023459,SLP,230873.0
2013-11-30,2641000.0,1071091.0,1023459,SLP,959373.0
2014-02-28,3081492.0,1103547.0,1023459,SLP,1131739.0
2014-05-31,3740567.0,1204312.0,1023459,SLP,2073970.0
2014-08-31,1997821.0,1060715.0,1023459,SLP,274290.0
2014-11-30,4086192.0,2079169.0,1023459,SLP,749377.0
2015-02-28,4574191.0,1607495.0,1023459,SLP,1475081.0
2015-05-31,5942082.0,1607317.0,1023459,SLP,2853785.0
2015-08-31,3711783.0,1442786.0,1023459,SLP,778285.0
2015-11-30,4839000.0,1676433.0,1023459,SLP,1727533.0
2016-02-29,5164000.0,1722844.0,1023459,SLP,1715752.0
2016-05-31,6012000.0,1680707.0,1023459,SLP,2788244.0
2016-08-31,3958000.0,1613707.0,1023459,SLP,1000277.0
2016-11-30,5418000.0,1863555.0,1023459,SLP,1928097.0
2017-02-28,5705000.0,1948136.0,1023459,SLP,1794966.0
2017-05-31,6749000.0,1954871.0,1023459,SLP,3095084.0
2017-08-31,6266000.0,2431622.0,1023459,SLP,1446137.0
2017-11-30,7069000.0,2408514.0,1023459,SLP,2563843.0
2018-02-28,7357000.0,2339721.0,1023459,SLP,2417181.0
2018-05-31,8553000.0,2604168.0,1023459,SLP,3417572.0
2018-08-31,6688000.0,2231449.0,1023459,SLP,1899192.0
2018-11-30,7536000.0,2719151.0,1023459,SLP,2086745.0
2019-02-28,8472000.0,2809691.0,1023459,SLP,2730164.0
2019-05-31,9937000.0,3087445.0,1023459,SLP,3882033.0
2019-08-31,8026000.0,3179713.0,1023459,SLP,1949058.0
2019-11-30,9401000.0,3514000.0,1023459,SLP,2718000.0
2020-02-29,10350000.0,4110000.0,1023459,SLP,2826000.0
2020-05-31,12298000.0,5023000.0,1023459,SLP,3857000.0
2020-08-31,9540000.0,3713000.0,1023459,SLP,2204000.0
2020-11-30,10701000.0,4408000.0,1023459,SLP,3051000.0
2021-02-28,13147000.0,5458000.0,1023459,SLP,3486000.0
2021-05-31,12777000.0,5094000.0,1023459,SLP,4542000.0
2021-08-31,9841000.0,5606000.0,1023459,SLP,174000.0
2021-11-30,12417000.0,4988000.0,1023459,SLP,3791000.0
2022-02-28,14796000.0,5584000.0,1023459,SLP,5480000.0
2022-05-31,14959000.0,6799000.0,1023459,SLP,4946000.0
2022-08-31,11734000.0,2715000.0,1023459,SLP,694000.0
2022-11-30,11964000.0,5764000.0,1023459,SLP,878000.0
2023-02-28,15750000.0,6049000.0,1023459,SLP,4034000.0
2023-05-31,16234000.0,6548000.0,1023459,SLP,4097000.0
2023-08-31,15629000.0,9299000.0,1023459,SLP,-284000.0
2023-11-30,14500000.0,5682000.0,1023459,SLP,960000.0
2024-02-29,18305000.0,5518000.0,1023459,SLP,4442000.0
2024-05-31,18544000.0,7678000.0,1023459,SLP,1880000.0
2024-08-31,18664000.0,3473000.0,1023459,SLP,-1151000.0
2024-11-30,18924000.0,5393000.0,1023459,SLP,126000.0
2025-02-28,22432000.0,4555000.0,1023459,SLP,2712000.0
2025-05-31,20363000.0,6141000.0,1023459,SLP,-74226000.0
2025-08-31,17460000.0,4852000.0,1023459,SLP,659000.0
2025-11-30,18421000.0,4019000.0,1023459,SLP,713000.0
2026-02-28,24291000.0,4113000.0,1023459,SLP,5630000.0
2026-05-31,21886000.0,4684000.0,1023459,SLP,4499000.0
2010-06-30,16834000.0,9358000.0,1023731,EGHT,842000.0
2010-09-30,17367000.0,8525000.0,1023731,EGHT,1951000.0
2010-12-31,17778000.0,9570000.0,1023731,EGHT,1418000.0
2011-03-31,18184000.0,,1023731,EGHT,2033000.0
2011-06-30,18507000.0,9409000.0,1023731,EGHT,1606000.0
2011-09-30,19819000.0,10742000.0,1023731,EGHT,865000.0
2011-12-31,23278000.0,11297000.0,1023731,EGHT,2552000.0
2012-03-31,24199000.0,,1023731,EGHT,2156000.0
2012-06-30,25252000.0,,1023731,EGHT,14390000.0
2012-09-30,25295000.0,,1023731,EGHT,2523000.0
2012-12-31,26405000.0,,1023731,EGHT,2515000.0
2013-03-31,28651000.0,,1023731,EGHT,3653000.0
2013-06-30,29251000.0,,1023731,EGHT,2938000.0
2013-09-30,30815000.0,,1023731,EGHT,2313000.0
2013-12-31,32745000.0,,1023731,EGHT,-1803000.0
2014-03-31,35786000.0,,1023731,EGHT,-373000.0
2014-06-30,37913000.0,,1023731,EGHT,503000.0
2014-09-30,39598000.0,,1023731,EGHT,2502000.0
2014-12-31,41372000.0,,1023731,EGHT,825000.0
2015-03-31,43530000.0,,1023731,EGHT,52000.0
2015-06-30,47892000.0,,1023731,EGHT,79000.0
2015-09-30,50942000.0,,1023731,EGHT,-1673000.0
2015-12-31,53168000.0,,1023731,EGHT,-2509000.0
2016-03-31,57334000.0,,1023731,EGHT,-2971000.0
2016-06-30,60041000.0,,1023731,EGHT,-901000.0
2016-09-30,63183000.0,,1023731,EGHT,-379000.0
2016-12-31,63676000.0,,1023731,EGHT,-1703000.0
2017-03-31,66489000.0,,1023731,EGHT,-3685000.0
2017-06-30,69098000.0,,1023731,EGHT,-5457000.0
2017-09-30,72483000.0,,1023731,EGHT,-4462000.0
2017-12-31,75575000.0,,1023731,EGHT,-18247000.0
2018-03-31,79344000.0,,1023731,EGHT,-13730000.0
2018-06-30,83225000.0,,1023731,EGHT,-15983000.0
2018-09-30,85682000.0,,1023731,EGHT,-21987000.0
2018-12-31,89912000.0,,1023731,EGHT,-24238000.0
2019-03-31,93767000.0,,1023731,EGHT,-27425000.0
2019-06-30,96675000.0,,1023731,EGHT,-32553000.0
2019-09-30,109517000.0,,1023731,EGHT,-37944000.0
2019-12-31,118567000.0,,1023731,EGHT,-43168000.0
2020-03-31,121478000.0,,1023731,EGHT,-46154000.0
2020-06-30,121807000.0,,1023731,EGHT,-37760000.0
2020-09-30,129133000.0,,1023731,EGHT,-33098000.0
2020-12-31,136685000.0,,1023731,EGHT,-35255000.0
2021-03-31,144719000.0,,1023731,EGHT,-40036000.0
2021-06-30,148327000.0,,1023731,EGHT,-38827000.0
2021-09-30,151557000.0,,1023731,EGHT,-37157000.0
2021-12-31,156874000.0,,1023731,EGHT,-37618000.0
2022-03-31,181372000.0,,1023731,EGHT,-40539000.0
2022-06-30,187620000.0,,1023731,EGHT,-26754000.0
2022-09-30,187389000.0,,1023731,EGHT,-24990000.0
2022-12-31,184400000.0,,1023731,EGHT,-18081000.0
2023-03-31,184529000.0,,1023731,EGHT,3533000.0
2023-06-30,183287000.0,,1023731,EGHT,-1410000.0
2023-09-30,184999000.0,,1023731,EGHT,-2583000.0
2023-12-31,181006000.0,,1023731,EGHT,-9391000.0
2024-03-31,179413000.0,,1023731,EGHT,-14219000.0
2024-06-30,178147000.0,,1023731,EGHT,-1374000.0
2024-09-30,180998000.0,,1023731,EGHT,7169000.0
2024-12-31,178882000.0,,1023731,EGHT,8979000.0
2025-03-31,177043000.0,,1023731,EGHT,419000.0
2025-06-30,181361000.0,,1023731,EGHT,565000.0
2025-09-30,184095000.0,,1023731,EGHT,5349000.0
2025-12-31,185050000.0,,1023731,EGHT,9694000.0
2026-03-31,185246000.0,,1023731,EGHT,3330000.0
2026-06-30,190170000.0,,1023731,EGHT,4379000.0
2025-06-30,37283809.0,,1034760,WYY,-708326.0
2026-06-30,37999582.0,,1034760,WYY,10383.0
2025-03-31,33510039.0,,1034760,WYY,-816431.0
2026-03-31,40576030.0,,1034760,WYY,-58366.0
2024-09-30,34620433.0,,1034760,WYY,-450985.0
2025-09-30,36125207.0,,1034760,WYY,-460636.0
2024-06-30,36040771.0,,1034760,WYY,-461585.0
2024-03-31,34207279.0,,1034760,WYY,-651019.0
2023-09-30,25733657.0,,1034760,WYY,-832729.0
2023-06-30,26762857.0,,1034760,WYY,-726732.0
2023-03-31,25273681.0,,1034760,WYY,-888401.0
2022-09-30,25271572.0,,1034760,WYY,-595622.0
2022-06-30,23057354.0,,1034760,WYY,-17611383.0
2022-03-31,22436427.0,,1034760,WYY,-688034.0
2021-09-30,22251282.0,,1034760,WYY,809018.0
2021-06-30,19983420.0,,1034760,WYY,-62711.0
2021-03-31,20650843.0,,1034760,WYY,675027.0
2020-09-30,57506561.0,,1034760,WYY,1148816.0
2020-06-30,54783790.0,,1034760,WYY,617976.0
2020-03-31,39665356.0,,1034760,WYY,739781.0
2019-09-30,29616940.0,,1034760,WYY,288776.0
2019-06-30,22093153.0,,1034760,WYY,-166187.0
2019-03-31,21916902.0,,1034760,WYY,485175.0
2018-09-30,21294360.0,,1034760,WYY,-64510.0
2018-06-30,17544338.0,,1034760,WYY,-435556.0
2018-03-31,20079619.0,,1034760,WYY,-433357.0
2017-09-30,18463872.0,,1034760,WYY,-283834.0
2017-06-30,18880506.0,,1034760,WYY,-1254738.0
2017-03-31,18612239.0,,1034760,WYY,-1174618.0
2016-09-30,22114839.0,,1034760,WYY,-125626.0
2016-06-30,17539666.0,,1034760,WYY,-874621.0
2016-03-31,20508640.0,,1034760,WYY,-643878.0
2015-09-30,16994858.0,,1034760,WYY,-1631776.0
2015-06-30,17432745.0,,1034760,WYY,-1401464.0
2015-03-31,17695568.0,,1034760,WYY,-1094737.0
2014-03-31,9602779.0,,1034760,WYY,-1503222.0
2014-06-30,12394021.0,,1034760,WYY,-1233765.0
2014-09-30,14555908.0,,1034760,WYY,-879839.0
2014-12-31,16763502.0,,1034760,WYY,-1034182.0
2015-12-31,18714846.0,,1034760,WYY,-1333984.0
2013-03-31,11968106.0,,1034760,WYY,-124458.0
2013-06-30,11343962.0,,1034760,WYY,186697.0
2013-09-30,12222505.0,,1034760,WYY,-53944.0
2013-12-31,11290459.0,,1034760,WYY,-1183589.0
2012-09-30,15210896.0,,1034760,WYY,458836.0
2012-06-30,12510644.0,,1034760,WYY,-476753.0
2012-03-31,13701741.0,,1034760,WYY,127531.0
2011-09-30,10681817.0,,1034760,WYY,269968.0
2011-06-30,9965878.0,,1034760,WYY,383629.0
2011-03-31,10529125.0,,1034760,WYY,-504928.0
2010-09-30,13757098.0,,1034760,WYY,1177477.0
2010-06-30,12452120.0,,1034760,WYY,511299.0
2024-12-31,37703266.0,,1034760,WYY,-316793.0
2025-12-31,43626309.0,,1034760,WYY,-799347.0
2023-12-31,28256165.0,,1034760,WYY,-1253924.0
2022-12-31,23338012.0,,1034760,WYY,-738666.0
2021-12-31,24452552.0,,1034760,WYY,-813721.0
2020-12-31,-131304864.0,,1034760,WYY,715684.0
2019-12-31,28093252.0,,1034760,WYY,277491.0
2018-12-31,24760579.0,,1034760,WYY,743018.0
2017-12-31,19927629.0,,1034760,WYY,-749779.0
2016-12-31,18257719.0,,1034760,WYY,-2519129.0
2012-12-31,14359461.0,,1034760,WYY,909163.0
2011-12-31,10195670.0,,1034760,WYY,-43496.0
2016-09-30,52507000.0,,1035748,,-3638000.0
2017-09-30,64176000.0,,1035748,,-3675000.0
2016-06-30,49751000.0,,1035748,,-5030000.0
2017-06-30,61263000.0,,1035748,,-7182000.0
2016-03-31,48378000.0,,1035748,,-4561000.0
2017-03-31,58141000.0,,1035748,,-6776000.0
2015-09-30,44944000.0,,1035748,,-1992000.0
2015-06-30,41614000.0,,1035748,,-4317000.0
2015-03-31,39745000.0,,1035748,,-3572000.0
2014-09-30,35000000.0,,1035748,,-4916000.0
2014-06-30,32515000.0,,1035748,,-3007000.0
2014-03-31,30977000.0,,1035748,,-2107000.0
2013-09-30,30678000.0,,1035748,,-125000.0
2013-06-30,25930000.0,,1035748,,-4301000.0
2013-03-31,25542000.0,,1035748,,-5635000.0
2012-09-30,23925000.0,,1035748,,-5193000.0
2012-06-30,23781000.0,,1035748,,-4472000.0
2012-03-31,22013000.0,,1035748,,-6310000.0
2011-09-30,21059000.0,,1035748,,-4411000.0
2011-06-30,20355000.0,,1035748,,-4123000.0
2011-03-31,19811000.0,,1035748,,-2407000.0
2010-09-30,18469000.0,,1035748,,-1615000.0
2010-06-30,17140000.0,,1035748,,-3610000.0
2015-12-31,46784000.0,,1035748,,-1774000.0
2016-12-31,56082000.0,,1035748,,-4220000.0
2017-12-31,69511000.0,,1035748,,-3815000.0
2014-12-31,38126000.0,,1035748,,-3517000.0
2013-12-31,30187000.0,,1035748,,-1600000.0
2012-12-31,25233000.0,,1035748,,-7954000.0
2011-12-31,22546000.0,,1035748,,-5899000.0
2017-06-30,226811000.0,28659000.0,1040426,,53099000.0
2018-06-30,249699000.0,27646000.0,1040426,,56995000.0
2017-03-31,225869000.0,30254000.0,1040426,,52455000.0
2018-03-31,245345000.0,26986000.0,1040426,,64268000.0
2016-03-31,241390000.0,29677000.0,1040426,,60047000.0
2016-06-30,246018000.0,18265000.0,1040426,,72720000.0
2016-09-30,241255000.0,29526000.0,1040426,,65057000.0
2016-12-31,237887000.0,31060000.0,1040426,,64473000.0
2017-09-30,231340000.0,27160000.0,1040426,,60961000.0
2017-12-31,239808000.0,29173000.0,1040426,,69863000.0
2015-03-31,220599000.0,35382000.0,1040426,,43432000.0
2015-06-30,239797000.0,21728000.0,1040426,,69365000.0
2015-09-30,253636000.0,15121000.0,1040426,,92454000.0
2015-12-31,254580000.0,28025000.0,1040426,,78494000.0
2014-03-31,219523000.0,32221000.0,1040426,,63802000.0
2014-06-30,228250000.0,26321000.0,1040426,,63227000.0
2014-09-30,228332000.0,26566000.0,1040426,,67962000.0
2014-12-31,235324000.0,24109000.0,1040426,,73359000.0
2013-03-31,189106000.0,25693000.0,1040426,,52084000.0
2013-06-30,202501000.0,18690000.0,1040426,,64891000.0
2013-09-30,209871000.0,22445000.0,1040426,,75268000.0
2013-12-31,223287000.0,29759000.0,1040426,,75359000.0
2012-03-31,170744000.0,26946000.0,1040426,,44506000.0
2012-06-30,178979000.0,18931000.0,1040426,,54927000.0
2012-09-30,186407000.0,29036000.0,1040426,,55783000.0
2012-12-31,187773000.0,28131000.0,1040426,,56724000.0
2011-03-31,145372000.0,24623000.0,1040426,,26189000.0
2011-06-30,156985000.0,27781000.0,1040426,,29004000.0
2011-09-30,167627000.0,36679000.0,1040426,,30055000.0
2011-12-31,172420000.0,19638000.0,1040426,,52980000.0
2010-03-31,116039000.0,22248000.0,1040426,,26991000.0
2010-06-30,130649000.0,19114000.0,1040426,,32452000.0
2010-09-30,140545000.0,24924000.0,1040426,,30740000.0
2010-12-31,144900000.0,25270000.0,1040426,,30352000.0
2010-06-30,24742000.0,,1044777,OSPN,1576000.0
2010-09-30,26301000.0,,1044777,OSPN,2502000.0
2011-03-31,36065000.0,,1044777,OSPN,4189000.0
2011-06-30,42103000.0,,1044777,OSPN,4058000.0
2011-09-30,41385000.0,,1044777,OSPN,7436000.0
2011-12-31,48528000.0,,1044777,OSPN,9082000.0
2012-03-31,32258000.0,,1044777,OSPN,2215000.0
2012-06-30,46642000.0,,1044777,OSPN,8997000.0
2012-09-30,36292000.0,,1044777,OSPN,6276000.0
2012-12-31,38837000.0,,1044777,OSPN,3539000.0
2013-03-31,35365000.0,,1044777,OSPN,2715000.0
2013-06-30,37260000.0,,1044777,OSPN,1924000.0
2013-09-30,39156000.0,,1044777,OSPN,5031000.0
2013-12-31,43265000.0,,1044777,OSPN,4041000.0
2014-03-31,38823000.0,,1044777,OSPN,3891000.0
2014-06-30,47654000.0,,1044777,OSPN,7646000.0
2014-09-30,52633000.0,,1044777,OSPN,13842000.0
2014-12-31,62426000.0,,1044777,OSPN,12709000.0
2015-03-31,65135000.0,,1044777,OSPN,16077000.0
2015-06-30,65393000.0,,1044777,OSPN,15753000.0
2015-09-30,60027000.0,,1044777,OSPN,13455000.0
2015-12-31,50889000.0,,1044777,OSPN,5168000.0
2016-03-31,46767000.0,,1044777,OSPN,3115000.0
2016-06-30,54293000.0,,1044777,OSPN,3386000.0
2016-09-30,43648000.0,,1044777,OSPN,912000.0
2016-12-31,47597000.0,,1044777,OSPN,2186000.0
2017-03-31,41965000.0,,1044777,OSPN,302000.0
2017-06-30,45694000.0,,1044777,OSPN,-400000.0
2017-09-30,51126000.0,,1044777,OSPN,5112000.0
2017-12-31,54506000.0,,1044777,OSPN,1178000.0
2018-03-31,45432000.0,,1044777,OSPN,1648000.0
2018-06-30,,,1044777,OSPN,-2611000.0
2018-09-30,,,1044777,OSPN,-3114000.0
2018-12-31,,,1044777,OSPN,4101000.0
2019-03-31,,,1044777,OSPN,-6040000.0
2019-06-30,,,1044777,OSPN,-2278000.0
2019-09-30,,,1044777,OSPN,17085000.0
2019-12-31,,,1044777,OSPN,5422000.0
2020-03-31,,,1044777,OSPN,825000.0
2020-06-30,,,1044777,OSPN,-1687000.0
2020-09-30,,,1044777,OSPN,-2355000.0
2020-12-31,,,1044777,OSPN,-2041000.0
2021-03-31,,,1044777,OSPN,-9294000.0
2021-06-30,,,1044777,OSPN,-8859000.0
2021-09-30,,,1044777,OSPN,-2016000.0
2021-12-31,,,1044777,OSPN,-5959000.0
2022-03-31,,,1044777,OSPN,-9243000.0
2022-06-30,,,1044777,OSPN,-8238000.0
2022-09-30,,,1044777,OSPN,-5625000.0
2022-12-31,,,1044777,OSPN,-4009000.0
2023-03-31,,,1044777,OSPN,-8130000.0
2023-06-30,55733000.0,,1044777,OSPN,-17764000.0
2023-09-30,58838000.0,,1044777,OSPN,-4794000.0
2023-12-31,,,1044777,OSPN,1817000.0
2024-03-31,64843000.0,,1044777,OSPN,14110000.0
2024-06-30,60924000.0,,1044777,OSPN,7637000.0
2024-09-30,56242000.0,,1044777,OSPN,11252000.0
2024-12-31,61170000.0,,1044777,OSPN,11806000.0
2025-03-31,63366000.0,,1044777,OSPN,17182000.0
2025-06-30,59843000.0,,1044777,OSPN,10506000.0
2025-09-30,57056000.0,,1044777,OSPN,8227000.0
2025-12-31,62915000.0,,1044777,OSPN,12531000.0
2026-03-31,65947000.0,,1044777,OSPN,14817000.0
2026-06-30,60466000.0,,1044777,OSPN,8741000.0
2010-06-30,88884000.0,,1046327,,-21694000.0
2010-09-30,86432000.0,,1046327,,-4150000.0
2011-03-31,87301000.0,,1046327,,-5666000.0
2011-06-30,83752000.0,,1046327,,-4784000.0
2011-09-30,84414000.0,,1046327,,-3483000.0
2011-12-31,80219000.0,,1046327,,-23677000.0
2012-03-31,66964000.0,,1046327,,-18542000.0
2012-06-30,65526000.0,,1046327,,104168000.0
2012-09-30,59088000.0,,1046327,,-23175000.0
2012-12-31,67264000.0,,1046327,,-6888000.0
2013-03-31,56793000.0,,1046327,,-11426000.0
2013-06-30,49850000.0,,1046327,,-16504000.0
2013-09-30,48958000.0,,1046327,,-28437000.0
2013-12-31,50595000.0,,1046327,,-14441000.0
2014-03-31,45724000.0,,1046327,,-8876000.0
2014-06-30,40825000.0,,1046327,,-18832000.0
2014-09-30,34157000.0,,1046327,,-20763000.0
2014-12-31,35506000.0,,1046327,,-20682000.0
2015-03-31,30597000.0,,1046327,,-19012000.0
2015-06-30,33954000.0,,1046327,,-20707000.0
2015-09-30,30823000.0,,1046327,,-21962000.0
2015-12-31,29922000.0,,1046327,,-7506000.0
2016-03-31,19822000.0,,1046327,,-15086000.0
2016-06-30,20073000.0,,1046327,,-8251000.0
2016-09-30,21189000.0,,1046327,,-8746000.0
2016-12-31,20395000.0,,1046327,,-6660000.0
2017-03-31,19691000.0,,1046327,,-8249000.0
2017-06-30,21605000.0,,1046327,,-3166000.0
2017-09-30,18557000.0,,1046327,,-4459000.0
2017-12-31,18865000.0,,1046327,,-4757000.0
2018-03-31,19650000.0,,1046327,,-4954000.0
2018-06-30,15724000.0,,1046327,,-6833000.0
2018-09-30,17579000.0,,1046327,,-4928000.0
2018-12-31,16557000.0,,1046327,,-5556000.0
2019-03-31,39472000.0,,1046327,,-10904000.0
2019-06-30,44248000.0,,1046327,,-9391000.0
2019-09-30,17691000.0,,1046327,,-5109000.0
2019-12-31,43400000.0,,1046327,,-5883000.0
2020-03-31,16822000.0,,1046327,,-4835000.0
2020-06-30,17085000.0,,1046327,,-2787000.0
2020-09-30,16554000.0,,1046327,,-2850000.0
2020-12-31,17601000.0,,1046327,,5448000.0
2021-03-31,15888000.0,,1046327,,-6195000.0
2021-06-30,14561000.0,,1046327,,-5694000.0
2021-09-30,14332000.0,,1046327,,-6459000.0
2021-12-31,13402000.0,,1046327,,-2525000.0
2022-03-31,13276000.0,,1046327,,-4957000.0
2022-06-30,11856000.0,,1046327,,-4919000.0
2022-09-30,11708000.0,,1046327,,-6813000.0
2010-06-30,5988000.0,,1052054,,203000.0
2010-09-30,5460000.0,,1052054,,-96000.0
2011-03-31,5392000.0,,1052054,,-427000.0
2011-06-30,4444000.0,,1052054,,-1190000.0
2011-09-30,4270000.0,,1052054,,-517000.0
2011-12-31,4917000.0,,1052054,,-636000.0
2012-03-31,5908000.0,,1052054,,575000.0
2012-06-30,6654000.0,,1052054,,1569000.0
2012-09-30,6834000.0,,1052054,,1682000.0
2012-12-31,6851000.0,,1052054,,1765000.0
2013-03-31,6669000.0,,1052054,,1781000.0
2013-06-30,5785000.0,,1052054,,1252000.0
2013-09-30,6069000.0,,1052054,,1465000.0
2013-12-31,6570000.0,,1052054,,543000.0
2014-03-31,6582000.0,,1052054,,1027000.0
2014-06-30,7939000.0,,1052054,,2617000.0
2014-09-30,7560000.0,,1052054,,2319000.0
2014-12-31,7599000.0,,1052054,,2476000.0
2015-03-31,6660000.0,,1052054,,1422000.0
2015-06-30,6071000.0,,1052054,,941000.0
2015-09-30,5773000.0,,1052054,,954000.0
2015-12-31,7072000.0,,1052054,,1003000.0
2016-03-31,6480000.0,,1052054,,514000.0
2016-06-30,6078000.0,,1052054,,1608000.0
2016-09-30,6103000.0,,1052054,,1703000.0
2016-12-31,6117000.0,,1052054,,1770000.0
2017-03-31,5875000.0,,1052054,,1568000.0
2017-06-30,6222000.0,,1052054,,1745000.0
2017-09-30,7547000.0,,1052054,,1209000.0
2017-12-31,9168000.0,,1052054,,893000.0
2018-03-31,8158000.0,,1052054,,796000.0
2018-06-30,8137000.0,,1052054,,205000.0
2018-09-30,7420000.0,,1052054,,555000.0
2018-12-31,6921000.0,,1052054,,-17559000.0
2019-03-31,6697000.0,,1052054,,-665000.0
2019-06-30,6256000.0,,1052054,,-6993000.0
2019-09-30,6113000.0,,1052054,,-301000.0
2019-12-31,6684000.0,,1052054,,65000.0
2020-03-31,6285000.0,,1052054,,-174000.0
2020-06-30,6329000.0,,1052054,,294000.0
2020-09-30,6774000.0,,1052054,,391000.0
2020-12-31,6964000.0,,1052054,,-3365000.0
2021-03-31,0.0,,1052054,,-933000.0
2021-06-30,0.0,,1052054,,-726000.0
2021-09-30,0.0,,1052054,,-638000.0
2021-12-31,,,1052054,,-1133000.0
2022-03-31,0.0,,1052054,,-1152000.0
2022-06-30,0.0,,1052054,,-937000.0
2022-09-30,0.0,,1052054,,-1098000.0
2010-06-30,39083000.0,,1053374,,-1450000.0
2010-09-30,38058000.0,,1053374,,-1354000.0
2011-03-31,36404000.0,,1053374,,-989000.0
2011-06-30,35511000.0,,1053374,,-939000.0
2011-09-30,34411000.0,,1053374,,-873000.0
2011-12-31,-106326000.0,,1053374,,322000.0
2012-03-31,33294000.0,,1053374,,-1112000.0
2012-06-30,32244000.0,,1053374,,-840000.0
2012-09-30,30818000.0,,1053374,,-434000.0
2012-12-31,-96356000.0,,1053374,,-3617000.0
2013-03-31,29629000.0,,1053374,,-3279000.0
2013-06-30,20288000.0,,1053374,,-2518000.0
2013-09-30,18539000.0,,1053374,,-3443000.0
2013-12-31,-68456000.0,,1053374,,-5704000.0
2014-03-31,17637000.0,,1053374,,-6021000.0
2014-06-30,17762000.0,,1053374,,-4580000.0
2014-09-30,17250000.0,,1053374,,-4829000.0
2014-12-31,-52649000.0,,1053374,,-4019000.0
2015-03-31,16558000.0,,1053374,,-3504000.0
2015-06-30,15595000.0,,1053374,,-6044000.0
2015-09-30,14985000.0,,1053374,,-3315000.0
2015-12-31,15426000.0,,1053374,,-2048000.0
2016-03-31,14731000.0,,1053374,,-3534000.0
2016-06-30,16497000.0,,1053374,,-1201000.0
2016-09-30,15877000.0,,1053374,,-1247000.0
2016-12-31,16117000.0,,1053374,,-1367000.0
2017-03-31,14286000.0,,1053374,,-4165000.0
2017-06-30,13474000.0,,1053374,,-4936000.0
2017-09-30,13399000.0,,1053374,,-6437000.0
2017-12-31,13242000.0,,1053374,,-4524000.0
2018-03-31,11427000.0,,1053374,,-3812000.0
2018-06-30,10535000.0,,1053374,,-4569000.0
2018-09-30,,,1053374,,-4750000.0
2009-09-30,64414000.0,,1056386,,-1743000.0
2010-03-31,63365000.0,,1056386,,114000.0
2010-06-30,60525000.0,,1056386,,-713000.0
2010-09-30,60315000.0,,1056386,,-536000.0
2010-12-31,59959000.0,,1056386,,239000.0
2011-03-31,59404000.0,,1056386,,-888000.0
2011-06-30,60410000.0,,1056386,,-1671000.0
2011-09-30,62014000.0,,1056386,,-425000.0
2011-12-31,62800000.0,,1056386,,
2012-03-31,67028000.0,,1056386,,1708000.0
2012-06-30,68687000.0,,1056386,,91000.0
2012-09-30,68129000.0,,1056386,,-84000.0
2012-12-31,69748000.0,,1056386,,
2013-03-31,69699000.0,,1056386,,820000.0
2013-06-30,69983000.0,,1056386,,-1099000.0
2013-09-30,69572000.0,,1056386,,-1354000.0
2013-12-31,74087000.0,,1056386,,-5854000.0
2014-03-31,81961000.0,,1056386,,-4537000.0
2014-06-30,84068000.0,,1056386,,-4514000.0
2014-09-30,84667000.0,,1056386,,-3035000.0
2014-12-31,84263000.0,,1056386,,
2015-03-31,80786000.0,21968000.0,1056386,,-4119000.0
2015-06-30,80432000.0,21577000.0,1056386,,-5838000.0
2015-09-30,78318000.0,19098000.0,1056386,,-9185000.0
2015-12-31,78756000.0,18697000.0,1056386,,-6753000.0
2016-03-31,75924000.0,18930000.0,1056386,,-2201000.0
2016-06-30,74315000.0,18131000.0,1056386,,-2474000.0
2016-09-30,73940000.0,18355000.0,1056386,,-83398000.0
2016-12-31,74117000.0,15223000.0,1056386,,-4997000.0
2017-03-31,72133000.0,16564000.0,1056386,,492000.0
2017-06-30,69642000.0,15571000.0,1056386,,-2053000.0
2017-09-30,68907000.0,15331000.0,1056386,,732000.0
2017-12-31,70035000.0,15262000.0,1056386,,7167000.0
2018-03-31,73822000.0,19801000.0,1056386,,1228000.0
2018-06-30,82253000.0,19591000.0,1056386,,2650000.0
2018-09-30,82928000.0,17985000.0,1056386,,2697000.0
2018-12-31,77155000.0,17648000.0,1056386,,572000.0
2019-03-31,73873000.0,18225000.0,1056386,,-2074000.0
2019-06-30,73022000.0,15312000.0,1056386,,590000.0
2019-09-30,72960000.0,15791000.0,1056386,,-3936000.0
2019-12-31,71650000.0,17722000.0,1056386,,-63007000.0
2015-09-30,198032000.0,,1056923,,2476000.0
2016-09-30,183972000.0,,1056923,,504000.0
2015-06-30,182631000.0,,1056923,,1179000.0
2016-06-30,199193000.0,,1056923,,3678000.0
2015-03-31,175352000.0,,1056923,,-8000.0
2016-03-31,164632000.0,,1056923,,-470000.0
2013-03-31,133518000.0,,1056923,,1966000.0
2013-06-30,147779000.0,,1056923,,4936000.0
2013-09-30,139519000.0,,1056923,,1155000.0
2013-12-31,173368000.0,,1056923,,9348000.0
2014-03-31,139535000.0,,1056923,,-413000.0
2014-06-30,159380000.0,,1056923,,5974000.0
2014-09-30,144947000.0,,1056923,,4564000.0
2014-12-31,186374000.0,,1056923,,6372000.0
2015-12-31,208750000.0,,1056923,,5427000.0
2012-03-31,119088000.0,,1056923,,3612000.0
2012-06-30,120042000.0,,1056923,,5411000.0
2012-09-30,104774000.0,,1056923,,3255000.0
2012-12-31,147298000.0,,1056923,,5440000.0
2011-03-31,85694000.0,,1056923,,3000000.0
2011-06-30,89481000.0,,1056923,,4379000.0
2011-09-30,90140000.0,,1056923,,4859000.0
2011-12-31,114712000.0,,1056923,,4555000.0
2010-03-31,62544000.0,,1056923,,-1535000.0
2010-06-30,70875000.0,,1056923,,-65000.0
2010-09-30,69220000.0,,1056923,,1425000.0
2010-12-31,91040000.0,,1056923,,4153000.0
2025-03-31,5115000000.0,791000000.0,1058290,CTSH,853000000.0
2026-03-31,5413000000.0,791000000.0,1058290,CTSH,843000000.0
2024-09-30,5044000000.0,833000000.0,1058290,CTSH,738000000.0
2025-09-30,5415000000.0,833000000.0,1058290,CTSH,866000000.0
2024-06-30,4850000000.0,781000000.0,1058290,CTSH,708000000.0
2025-06-30,5245000000.0,810000000.0,1058290,CTSH,817000000.0
2024-03-31,4760000000.0,765000000.0,1058290,CTSH,695000000.0
2023-09-30,4897000000.0,801000000.0,1058290,CTSH,686000000.0
2023-06-30,4886000000.0,830000000.0,1058290,CTSH,577000000.0
2023-03-31,4812000000.0,835000000.0,1058290,CTSH,702000000.0
2022-09-30,4857000000.0,838000000.0,1058290,CTSH,798000000.0
2022-06-30,4906000000.0,883000000.0,1058290,CTSH,760000000.0
2022-03-31,4826000000.0,862000000.0,1058290,CTSH,724000000.0
2021-09-30,4744000000.0,924000000.0,1058290,CTSH,729000000.0
2021-06-30,4585000000.0,881000000.0,1058290,CTSH,696000000.0
2021-03-31,4401000000.0,827000000.0,1058290,CTSH,669000000.0
2020-09-30,4243000000.0,804000000.0,1058290,CTSH,603000000.0
2020-06-30,4000000000.0,711000000.0,1058290,CTSH,467000000.0
2020-03-31,4225000000.0,711000000.0,1058290,CTSH,579000000.0
2019-09-30,4248000000.0,706000000.0,1058290,CTSH,669000000.0
2019-06-30,4141000000.0,719000000.0,1058290,CTSH,619000000.0
2019-03-31,4110000000.0,871000000.0,1058290,CTSH,539000000.0
2018-03-31,3912000000.0,710000000.0,1058290,CTSH,693000000.0
2018-06-30,4006000000.0,805000000.0,1058290,CTSH,670000000.0
2018-09-30,4078000000.0,723000000.0,1058290,CTSH,745000000.0
2018-12-31,4129000000.0,769000000.0,1058290,CTSH,693000000.0
2019-12-31,4284000000.0,676000000.0,1058290,CTSH,626000000.0
2017-03-31,3546000000.0,686000000.0,1058290,CTSH,570000000.0
2017-06-30,3670000000.0,709000000.0,1058290,CTSH,606000000.0
2017-09-30,3766000000.0,674000000.0,1058290,CTSH,648000000.0
2017-12-31,3828000000.0,700000000.0,1058290,CTSH,657000000.0
2016-03-31,3202000000.0,646000000.0,1058290,CTSH,554000000.0
2016-06-30,3370000000.0,654000000.0,1058290,CTSH,591000000.0
2016-09-30,3453000000.0,701000000.0,1058290,CTSH,583000000.0
2016-12-31,3462000000.0,730000000.0,1058290,CTSH,561000000.0
2015-03-31,2911000000.0,611000000.0,1058290,CTSH,500000000.0
2015-06-30,3085000000.0,612000000.0,1058290,CTSH,546000000.0
2015-09-30,3187000000.0,627000000.0,1058290,CTSH,543000000.0
2015-12-31,3233000000.0,659000000.0,1058290,CTSH,553000000.0
2014-03-31,2422300000.0,485400000.0,1058290,CTSH,460000000.0
2014-06-30,2517100000.0,482900000.0,1058290,CTSH,488000000.0
2014-09-30,2581000000.0,506000000.0,1058290,CTSH,457500000.0
2014-12-31,2742300000.0,562700000.0,1058290,CTSH,479400000.0
2013-03-31,2020738000.0,413204000.0,1058290,CTSH,365907000.0
2013-06-30,2161240000.0,420526000.0,1058290,CTSH,426803000.0
2013-09-30,2305723000.0,443376000.0,1058290,CTSH,437359000.0
2013-12-31,2355488000.0,450503000.0,1058290,CTSH,447841000.0
2012-03-31,1711349000.0,374178000.0,1058290,CTSH,317899000.0
2012-06-30,1795220000.0,396771000.0,1058290,CTSH,331958000.0
2012-09-30,1891688000.0,384951000.0,1058290,CTSH,355386000.0
2012-12-31,1948215000.0,401746000.0,1058290,CTSH,356253000.0
2011-03-31,1371253000.0,296330000.0,1058290,CTSH,265365000.0
2011-06-30,1485242000.0,326718000.0,1058290,CTSH,269958000.0
2011-09-30,1600954000.0,353161000.0,1058290,CTSH,293002000.0
2011-12-31,1663707000.0,352456000.0,1058290,CTSH,308143000.0
2010-03-31,959720000.0,194993000.0,1058290,CTSH,183017000.0
2010-06-30,1105154000.0,234547000.0,1058290,CTSH,205915000.0
2010-09-30,1216913000.0,262632000.0,1058290,CTSH,228299000.0
2010-12-31,1310602000.0,279921000.0,1058290,CTSH,244621000.0
2009-03-31,745862000.0,166872000.0,1058290,CTSH,138130000.0
2009-06-30,776592000.0,170003000.0,1058290,CTSH,151670000.0
2009-09-30,853488000.0,193806000.0,1058290,CTSH,161782000.0
2009-12-31,902721000.0,190678000.0,1058290,CTSH,166908000.0
2008-09-30,734726000.0,166685000.0,1058290,CTSH,142631000.0
2008-06-30,685427000.0,167105000.0,1058290,CTSH,119678000.0
2023-12-31,4758000000.0,786000000.0,1058290,CTSH,724000000.0
2024-12-31,5082000000.0,844000000.0,1058290,CTSH,751000000.0
2025-12-31,5333000000.0,806000000.0,1058290,CTSH,853000000.0
2022-12-31,4839000000.0,860000000.0,1058290,CTSH,686000000.0
2021-12-31,4777000000.0,871000000.0,1058290,CTSH,732000000.0
2020-12-31,4184000000.0,874000000.0,1058290,CTSH,465000000.0
2009-06-30,609700000.0,154000000.0,1062047,,39700000.0
2009-09-30,590800000.0,149300000.0,1062047,,26800000.0
2010-03-31,546000000.0,158600000.0,1062047,,22100000.0
2010-06-30,528200000.0,141000000.0,1062047,,7800000.0
2010-09-30,556000000.0,140600000.0,1062047,,34700000.0
2010-12-31,573200000.0,96100000.0,1062047,,-159200000.0
2011-03-31,464800000.0,119800000.0,1062047,,24700000.0
2011-06-30,474600000.0,119600000.0,1062047,,26400000.0
2011-09-30,493300000.0,123100000.0,1062047,,28100000.0
2011-12-31,500500000.0,121300000.0,1062047,,30900000.0
2012-03-31,497500000.0,124700000.0,1062047,,29000000.0
2012-06-30,491100000.0,114100000.0,1062047,,-60500000.0
2012-09-30,507600000.0,118000000.0,1062047,,39100000.0
2012-12-31,508800000.0,120400000.0,1062047,,31000000.0
2013-03-31,493500000.0,114600000.0,1062047,,36500000.0
2013-06-30,504300000.0,119900000.0,1062047,,30100000.0
2013-09-30,521000000.0,118400000.0,1062047,,31300000.0
2013-12-31,527300000.0,112100000.0,1062047,,39500000.0
2014-03-31,605700000.0,145000000.0,1062047,,22000000.0
2014-06-30,736400000.0,176600000.0,1062047,,36900000.0
2014-09-30,749500000.0,177500000.0,1062047,,42000000.0
2014-12-31,763900000.0,185700000.0,1062047,,49900000.0
2015-03-31,740500000.0,171800000.0,1062047,,49200000.0
2015-06-30,716700000.0,169400000.0,1062047,,36300000.0
2015-09-30,741600000.0,177700000.0,1062047,,47800000.0
2015-12-31,751800000.0,168100000.0,1062047,,61100000.0
2016-03-31,722200000.0,171200000.0,1062047,,60400000.0
2016-06-30,692300000.0,169500000.0,1062047,,46300000.0
2016-09-30,741200000.0,170500000.0,1062047,,50600000.0
2016-12-31,757900000.0,184200000.0,1062047,,57200000.0
2017-03-31,727600000.0,177500000.0,1062047,,48800000.0
2017-06-30,686800000.0,174100000.0,1062047,,48800000.0
2017-09-30,688300000.0,175500000.0,1062047,,48100000.0
2017-12-31,689400000.0,171900000.0,1062047,,51500000.0
2018-03-31,674200000.0,172400000.0,1062047,,34500000.0
2018-06-30,649400000.0,169300000.0,1062047,,24100000.0
2010-06-30,66811000.0,,1078075,NTCT,11565000.0
2010-09-30,69413000.0,,1078075,NTCT,13302000.0
2010-12-31,76336000.0,,1078075,NTCT,16245000.0
2011-03-31,77980000.0,,1078075,NTCT,16953000.0
2011-06-30,63296000.0,,1078075,NTCT,4292000.0
2011-09-30,72624000.0,,1078075,NTCT,11502000.0
2011-12-31,83297000.0,,1078075,NTCT,17446000.0
2012-03-31,89462000.0,,1078075,NTCT,
2012-06-30,76361000.0,,1078075,NTCT,8216000.0
2012-09-30,84545000.0,,1078075,NTCT,16887000.0
2012-12-31,91567000.0,,1078075,NTCT,17562000.0
2013-03-31,98077000.0,,1078075,NTCT,21864000.0
2013-06-30,81805000.0,,1078075,NTCT,8883000.0
2013-09-30,92097000.0,,1078075,NTCT,15882000.0
2013-12-31,110428000.0,,1078075,NTCT,27264000.0
2014-03-31,112317000.0,,1078075,NTCT,25985000.0
2014-06-30,107852000.0,,1078075,NTCT,19602000.0
2014-09-30,103599000.0,,1078075,NTCT,18644000.0
2014-12-31,122833000.0,,1078075,NTCT,27939000.0
2015-03-31,119385000.0,,1078075,NTCT,30588000.0
2015-06-30,100743000.0,,1078075,NTCT,12389000.0
2015-09-30,261110000.0,,1078075,NTCT,-35270000.0
2015-12-31,307679000.0,,1078075,NTCT,2253000.0
2016-03-31,285887000.0,,1078075,NTCT,-4922000.0
2016-06-30,268952000.0,,1078075,NTCT,-10754000.0
2016-09-30,272048000.0,,1078075,NTCT,805000.0
2016-12-31,302192000.0,,1078075,NTCT,33362000.0
2017-03-31,318920000.0,,1078075,NTCT,38651000.0
2017-06-30,225756000.0,,1078075,NTCT,-33555000.0
2017-09-30,256863000.0,,1078075,NTCT,-1239000.0
2017-12-31,268944000.0,,1078075,NTCT,38261000.0
2018-03-31,235224000.0,,1078075,NTCT,-7525000.0
2018-06-30,205111000.0,,1078075,NTCT,-77053000.0
2018-09-30,223797000.0,,1078075,NTCT,-23117000.0
2018-12-31,246008000.0,,1078075,NTCT,-641000.0
2019-03-31,235002000.0,,1078075,NTCT,29231000.0
2019-06-30,186024000.0,,1078075,NTCT,-24448000.0
2019-09-30,216421000.0,,1078075,NTCT,-7295000.0
2019-12-31,260024000.0,,1078075,NTCT,36819000.0
2020-03-31,229351000.0,,1078075,NTCT,12562000.0
2020-06-30,183815000.0,,1078075,NTCT,-14487000.0
2020-09-30,205339000.0,,1078075,NTCT,3779000.0
2020-12-31,228739000.0,,1078075,NTCT,31770000.0
2021-03-31,213389000.0,,1078075,NTCT,16068000.0
2021-06-30,190272000.0,,1078075,NTCT,-10667000.0
2021-09-30,211918000.0,,1078075,NTCT,12165000.0
2021-12-31,262194000.0,,1078075,NTCT,55455000.0
2022-03-31,191191000.0,,1078075,NTCT,-8319000.0
2022-06-30,208812000.0,,1078075,NTCT,-9127000.0
2022-09-30,228081000.0,,1078075,NTCT,21403000.0
2022-12-31,269544000.0,,1078075,NTCT,63750000.0
2023-03-31,208093000.0,,1078075,NTCT,1638000.0
2023-06-30,211138000.0,,1078075,NTCT,-4695000.0
2023-09-30,196802000.0,,1078075,NTCT,26292000.0
2023-12-31,218072000.0,,1078075,NTCT,-134447000.0
2024-03-31,203443000.0,,1078075,NTCT,-36976000.0
2024-06-30,174565000.0,,1078075,NTCT,-463324000.0
2024-09-30,191108000.0,,1078075,NTCT,14123000.0
2024-12-31,252019000.0,,1078075,NTCT,61713000.0
2025-03-31,204987000.0,,1078075,NTCT,19886000.0
2025-06-30,186747000.0,,1078075,NTCT,-6564000.0
2025-09-30,219017000.0,,1078075,NTCT,32486000.0
2025-12-31,250683000.0,,1078075,NTCT,64315000.0
2026-03-31,203035000.0,,1078075,NTCT,19588000.0
2026-06-30,210423000.0,,1078075,NTCT,14477000.0
2012-03-31,,139598.0,1082733,VISM,-139598.0
2012-09-30,,113022.0,1082733,VISM,-113022.0
2012-12-31,,109114.0,1082733,VISM,-109114.0
2013-03-31,,99271.0,1082733,VISM,-99271.0
2013-06-30,,184405.0,1082733,VISM,-184405.0
2013-09-30,,124921.0,1082733,VISM,-124921.0
2013-12-31,,91725.0,1082733,VISM,-91725.0
2014-03-31,,65234.0,1082733,VISM,-65234.0
2014-06-30,,123165.0,1082733,VISM,-123165.0
2014-09-30,,87596.0,1082733,VISM,-87596.0
2014-12-31,,91898.0,1082733,VISM,-91898.0
2015-03-31,,84045.0,1082733,VISM,-84045.0
2015-06-30,,95117.0,1082733,VISM,-95117.0
2015-09-30,,149224.0,1082733,VISM,-149224.0
2015-12-31,,252044.0,1082733,VISM,-252044.0
2016-03-31,,174366.0,1082733,VISM,-174366.0
2016-06-30,,144234.0,1082733,VISM,-144234.0
2016-09-30,,853311.0,1082733,VISM,-853311.0
2016-12-31,,164135.0,1082733,VISM,-164135.0
2017-03-31,,372826.0,1082733,VISM,-372826.0
2017-06-30,,666582.0,1082733,VISM,-666582.0
2017-09-30,,119987.0,1082733,VISM,-119987.0
2017-12-31,,91082.0,1082733,VISM,-91082.0
2018-03-31,,280173.0,1082733,VISM,-280173.0
2018-06-30,,551988.0,1082733,VISM,-551988.0
2018-09-30,,437027.0,1082733,VISM,-437027.0
2018-12-31,,691157.0,1082733,VISM,-732913.0
2019-03-31,0.0,1445550.0,1082733,VISM,-1495657.0
2019-06-30,,147733.0,1082733,VISM,-197840.0
2019-09-30,0.0,199058.0,1082733,VISM,-234558.0
2019-12-31,0.0,215706.0,1082733,VISM,-215706.0
2020-03-31,0.0,189675.0,1082733,VISM,-189675.0
2020-06-30,0.0,313554.0,1082733,VISM,-313554.0
2020-09-30,0.0,193196.0,1082733,VISM,-288196.0
2020-12-31,0.0,168511.0,1082733,VISM,-179505.0
2021-03-31,25000.0,2736524.0,1082733,VISM,-2748730.0
2021-06-30,0.0,780927.0,1082733,VISM,-895895.0
2021-09-30,0.0,1200030.0,1082733,VISM,-1310443.0
2021-12-31,0.0,1264592.0,1082733,VISM,-1350504.0
2022-03-31,0.0,1296611.0,1082733,VISM,-1374900.0
2022-06-30,0.0,554958.0,1082733,VISM,-641642.0
2022-09-30,0.0,359639.0,1082733,VISM,-414531.0
2022-12-31,0.0,533892.0,1082733,VISM,-580952.0
2023-03-31,0.0,567979.0,1082733,VISM,-641734.0
2023-06-30,0.0,737129.0,1082733,VISM,-776387.0
2023-09-30,0.0,508140.0,1082733,VISM,-536503.0
2023-12-31,0.0,1083168.0,1082733,VISM,-1102614.0
2024-03-31,0.0,399604.0,1082733,VISM,-419051.0
2024-06-30,0.0,510864.0,1082733,VISM,-530309.0
2024-09-30,0.0,370466.0,1082733,VISM,-370466.0
2024-12-31,0.0,280483.0,1082733,VISM,-280558.0
2025-03-31,0.0,257019.0,1082733,VISM,-257019.0
2025-06-30,0.0,741849.0,1082733,VISM,-742099.0
2025-09-30,0.0,369623.0,1082733,VISM,-369623.0
2025-12-31,0.0,421789.0,1082733,VISM,-421789.0
2026-03-31,0.0,359108.0,1082733,VISM,-359108.0
2010-06-30,9673825.0,2079359.0,1084384,,-5639112.0
2010-09-30,9040397.0,2795572.0,1084384,,-4654671.0
2011-03-31,8508014.0,3416357.0,1084384,,-4898566.0
2011-06-30,7790976.0,3824756.0,1084384,,-6904137.0
2011-09-30,7796936.0,4325272.0,1084384,,-7310628.0
2011-12-31,8137055.0,5023264.0,1084384,,-6562941.0
2012-03-31,8580968.0,6261704.0,1084384,,-5848422.0
2012-06-30,7084969.0,6104163.0,1084384,,-5429130.0
2012-09-30,6699381.0,5931170.0,1084384,,-5098514.0
2012-12-31,6836870.0,5889241.0,1084384,,-5137747.0
2013-03-31,6240114.0,5907974.0,1084384,,-4536125.0
2013-06-30,3564249.0,7472772.0,1084384,,-7210271.0
2013-09-30,4123794.0,5442869.0,1084384,,-3942936.0
2013-12-31,5523647.0,7709668.0,1084384,,-5142547.0
2014-03-31,5384265.0,5976107.0,1084384,,-3583520.0
2014-06-30,5072440.0,7432784.0,1084384,,-5117317.0
2014-09-30,4445239.0,6227147.0,1084384,,-4530930.0
2014-12-31,5454503.0,,1084384,,-3545619.0
2015-03-31,5013016.0,,1084384,,-3261354.0
2015-06-30,19244383.0,,1084384,,10628676.0
2015-09-30,3485624.0,,1084384,,-3813695.0
2015-12-31,3272430.0,,1084384,,-7851819.0
2016-03-31,3273546.0,,1084384,,-4275396.0
2016-06-30,3267146.0,,1084384,,-2167350.0
2016-09-30,3170596.0,,1084384,,-8835117.0
2016-12-31,3144523.0,,1084384,,-3624818.0
2017-03-31,2794943.0,,1084384,,-1989541.0
2017-06-30,3239175.0,,1084384,,-1173227.0
2017-09-30,3498688.0,,1084384,,-1467291.0
2017-12-31,4014701.0,,1084384,,-4157127.0
2018-03-31,3650113.0,,1084384,,-1849754.0
2018-06-30,3878446.0,,1084384,,-2824463.0
2018-09-30,4000000.0,,1084384,,-9381000.0
2018-12-31,8729088.0,,1084384,,-12037219.0
2019-03-31,13069000.0,,1084384,,-14385000.0
2019-06-30,16876000.0,,1084384,,-14043000.0
2019-09-30,16083000.0,,1084384,,-13276000.0
2019-12-31,16021000.0,,1084384,,-174227000.0
2020-03-31,20055000.0,,1084384,,-8996000.0
2020-06-30,16105000.0,,1084384,,-9897000.0
2020-09-30,16531000.0,,1084384,,-9449000.0
2020-12-31,16946000.0,,1084384,,-8060000.0
2021-03-31,15466000.0,,1084384,,-10171000.0
2010-06-30,26657000.0,10788000.0,1085621,,-4854000.0
2010-09-30,30222000.0,9989000.0,1085621,,-1898000.0
2011-03-31,32044000.0,11587000.0,1085621,,-1278000.0
2011-06-30,33531000.0,12115000.0,1085621,,-1396000.0
2011-09-30,33427000.0,10387000.0,1085621,,518000.0
2011-12-31,34435000.0,11010000.0,1085621,,296000.0
2012-03-31,4211000.0,13591000.0,1085621,,-6473000.0
2012-06-30,5400000.0,15199000.0,1085621,,-9980000.0
2012-09-30,7998000.0,20255000.0,1085621,,-11126000.0
2012-12-31,9031000.0,,1085621,,-10777000.0
2013-03-31,11974000.0,,1085621,,-11616000.0
2013-06-30,13476000.0,,1085621,,-8410000.0
2013-09-30,16071000.0,,1085621,,-8648000.0
2013-12-31,17680000.0,,1085621,,-10765000.0
2014-03-31,18422000.0,,1085621,,-10571000.0
2014-06-30,19029000.0,,1085621,,-15666000.0
2014-09-30,20762000.0,,1085621,,-16250000.0
2014-12-31,26624000.0,,1085621,,-15664000.0
2015-03-31,22733000.0,,1085621,,-14835000.0
2015-06-30,25307000.0,,1085621,,-13683000.0
2015-09-30,24917000.0,,1085621,,-12363000.0
2015-12-31,25475000.0,,1085621,,-51669000.0
2016-03-31,0.0,,1085621,,-7058000.0
2016-06-30,0.0,,1085621,,-5954000.0
2016-09-30,0.0,,1085621,,-5310000.0
2016-12-31,0.0,,1085621,,-5760000.0
2017-03-31,0.0,,1085621,,-7213000.0
2017-06-30,0.0,,1085621,,-6208000.0
2017-09-30,0.0,,1085621,,-6186000.0
2017-12-31,0.0,,1085621,,-20806000.0
2010-06-30,55460000.0,12445000.0,1085869,,3270000.0
2010-09-30,54648000.0,11705000.0,1085869,,3531000.0
2011-03-31,56245000.0,11264000.0,1085869,,3054000.0
2011-06-30,65587000.0,13222000.0,1085869,,4881000.0
2011-09-30,70174000.0,13797000.0,1085869,,5717000.0
2011-12-31,70433000.0,13389000.0,1085869,,4940000.0
2012-03-31,74698000.0,14792000.0,1085869,,4955000.0
2012-06-30,81796000.0,16559000.0,1085869,,6554000.0
2012-09-30,87474000.0,17714000.0,1085869,,7537000.0
2012-12-31,83128000.0,15788000.0,1085869,,7038000.0
2013-03-31,84935000.0,17871000.0,1085869,,5208000.0
2013-06-30,94167000.0,18851000.0,1085869,,7538000.0
2013-09-30,96758000.0,20532000.0,1085869,,10346000.0
2013-12-31,97465000.0,20347000.0,1085869,,8586000.0
2014-03-31,97170000.0,20683000.0,1085869,,5421000.0
2014-06-30,116709000.0,22433000.0,1085869,,11416000.0
2014-09-30,116971000.0,22239000.0,1085869,,12395000.0
2014-12-31,125842000.0,24847000.0,1085869,,9730000.0
2015-03-31,110598000.0,24043000.0,1085869,,7050000.0
2015-06-30,108464000.0,24813000.0,1085869,,5474000.0
2015-09-30,120909000.0,23715000.0,1085869,,11595000.0
2015-12-31,133650000.0,27392000.0,1085869,,11133000.0
2016-03-31,123843000.0,26714000.0,1085869,,8472000.0
2016-06-30,124396000.0,25590000.0,1085869,,9237000.0
2016-09-30,119153000.0,24475000.0,1085869,,8014000.0
2016-12-31,119590000.0,24485000.0,1085869,,6482000.0
2017-03-31,111019000.0,25684000.0,1085869,,4859000.0
2017-06-30,117026000.0,26128000.0,1085869,,8225000.0
2017-09-30,123738000.0,27072000.0,1085869,,10957000.0
2017-12-31,133478000.0,29308000.0,1085869,,4939000.0
2018-03-31,120942000.0,28740000.0,1085869,,6791000.0
2018-06-30,121798000.0,27884000.0,1085869,,8491000.0
2018-09-30,123933000.0,29322000.0,1085869,,9261000.0
2018-12-31,131702000.0,32538000.0,1085869,,11401000.0
2019-03-31,133815000.0,32523000.0,1085869,,10530000.0
2019-06-30,141869000.0,33161000.0,1085869,,13381000.0
2019-09-30,144684000.0,34534000.0,1085869,,15808000.0
2019-12-31,145159000.0,33969000.0,1085869,,15613000.0
2020-03-31,145562000.0,33221000.0,1085869,,12436000.0
2020-06-30,146339000.0,33876000.0,1085869,,11739000.0
2020-09-30,157678000.0,34566000.0,1085869,,15665000.0
2020-12-31,162554000.0,33012000.0,1085869,,15414000.0
2021-03-31,169341000.0,33979000.0,1085869,,20206000.0
2021-06-30,184136000.0,37424000.0,1085869,,26094000.0
2021-09-30,192820000.0,39316000.0,1085869,,28014000.0
2021-12-31,214730000.0,41700000.0,1085869,,31618000.0
2022-03-31,222100000.0,42251000.0,1085869,,34200000.0
2022-06-30,222700000.0,40860000.0,1085869,,39500000.0
2022-09-30,227600000.0,44273000.0,1085869,,33200000.0
2022-12-31,232700000.0,43744000.0,1085869,,37400000.0
2023-03-31,231408000.0,43920000.0,1085869,,37101000.0
2023-06-30,231105000.0,44177000.0,1085869,,35785000.0
2023-09-30,223200000.0,42109000.0,1085869,,32200000.0
2023-12-31,220800000.0,40349000.0,1085869,,32400000.0
2024-03-31,215304000.0,49166000.0,1085869,,15701000.0
2024-06-30,222817000.0,43758000.0,1085869,,23400000.0
2018-05-31,813530000.0,,1087423,,112156000.0
2019-05-31,934111000.0,,1087423,,132118000.0
2017-05-31,676796000.0,,1087423,,89744000.0
2017-08-31,723355000.0,,1087423,,134790000.0
2017-11-30,747978000.0,,1087423,,118718000.0
2018-02-28,772332000.0,,1087423,,132480000.0
2018-08-31,822747000.0,,1087423,,134556000.0
2018-11-30,846795000.0,,1087423,,108958000.0
2019-02-28,878997000.0,,1087423,,156562000.0
2016-05-31,567899000.0,,1087423,,75363000.0
2016-08-31,599804000.0,,1087423,,81884000.0
2016-11-30,615260000.0,,1087423,,80773000.0
2017-02-28,628840000.0,,1087423,,94225000.0
2015-05-31,481001000.0,,1087423,,70930000.0
2015-08-31,504148000.0,,1087423,,76470000.0
2015-11-30,523580000.0,,1087423,,68877000.0
2016-02-29,543501000.0,,1087423,,71771000.0
2014-05-31,423754000.0,,1087423,,50963000.0
2014-08-31,445899000.0,,1087423,,64227000.0
2014-11-30,455895000.0,,1087423,,67197000.0
2015-02-28,463941000.0,,1087423,,67607000.0
2013-05-31,363259000.0,,1087423,,56623000.0
2013-08-31,374423000.0,,1087423,,55574000.0
2013-11-30,396536000.0,,1087423,,60792000.0
2014-02-28,400397000.0,,1087423,,59300000.0
2012-05-31,314731000.0,,1087423,,50908000.0
2012-08-31,322595000.0,,1087423,,49980000.0
2012-11-30,343606000.0,,1087423,,49919000.0
2013-02-28,347885000.0,,1087423,,50231000.0
2011-05-31,264746000.0,,1087423,,45359000.0
2011-08-31,281320000.0,,1087423,,52478000.0
2011-11-30,290026000.0,,1087423,,53572000.0
2012-02-29,297011000.0,,1087423,,48504000.0
2010-05-31,209144000.0,,1087423,,34239000.0
2010-08-31,219761000.0,,1087423,,34071000.0
2010-11-30,235576000.0,,1087423,,37956000.0
2011-02-28,244796000.0,,1087423,,39410000.0
2009-05-31,174388000.0,,1087423,,25056000.0
2009-08-31,183633000.0,,1087423,,27542000.0
2009-11-30,194346000.0,,1087423,,19793000.0
2010-02-28,195869000.0,,1087423,,27958000.0
2017-06-30,10558000.0,,1094348,,-4200000.0
2018-06-30,11725000.0,,1094348,,-4064000.0
2017-03-31,11000000.0,,1094348,,-4091000.0
2018-03-31,13700000.0,,1094348,,-1991000.0
2016-03-31,10000000.0,,1094348,,-5600000.0
2016-06-30,9100000.0,,1094348,,-6000000.0
2016-09-30,10400000.0,,1094348,,-5000000.0
2016-12-31,12600000.0,,1094348,,-2200000.0
2017-09-30,11300000.0,,1094348,,-2700000.0
2017-12-31,13600000.0,,1094348,,-1300000.0
2015-03-31,9300000.0,,1094348,,-3700000.0
2015-06-30,9700000.0,,1094348,,-3400000.0
2015-09-30,10500000.0,,1094348,,-3800000.0
2015-12-31,10400000.0,,1094348,,-4200000.0
2014-03-31,7000000.0,,1094348,,-3400000.0
2014-06-30,7300000.0,,1094348,,-3400000.0
2014-09-30,7700000.0,,1094348,,-3400000.0
2014-12-31,8300000.0,,1094348,,-2800000.0
2013-03-31,8600000.0,,1094348,,-3800000.0
2013-06-30,7900000.0,,1094348,,-3200000.0
2013-09-30,8700000.0,,1094348,,-2500000.0
2013-12-31,9300000.0,,1094348,,-1300000.0
2012-03-31,9000000.0,,1094348,,-3200000.0
2012-06-30,8000000.0,,1094348,,-3400000.0
2012-09-30,8100000.0,,1094348,,-3800000.0
2012-12-31,8800000.0,,1094348,,-4600000.0
2012-09-29,8104000.0,,1094348,,-3830000.0
2011-04-02,6600000.0,,1094348,,-4900000.0
2011-07-02,6700000.0,,1094348,,-4300000.0
2011-10-01,7100000.0,,1094348,,-4300000.0
2011-12-31,8700000.0,,1094348,,-3100000.0
2010-09-25,7600000.0,,1094348,,-4377000.0
2010-06-26,7264000.0,,1094348,,-4840000.0
2010-03-31,91489000.0,,1095277,,708000.0
2010-06-30,92125000.0,,1095277,,8641000.0
2010-09-30,89326000.0,,1095277,,7782000.0
2010-12-31,91196000.0,,1095277,,9200000.0
2011-03-31,89903000.0,,1095277,,8427000.0
2011-06-30,93534000.0,,1095277,,9285000.0
2011-09-30,93724000.0,,1095277,,7575000.0
2011-12-31,93541000.0,,1095277,,6298000.0
2012-03-31,89668000.0,,1095277,,10698000.0
2012-06-30,87497000.0,,1095277,,10793000.0
2012-09-30,86232000.0,,1095277,,9331000.0
2012-12-31,84021000.0,,1095277,,3066000.0
2013-03-31,81556000.0,,1095277,,5663000.0
2013-06-30,80727000.0,,1095277,,4506000.0
2013-09-30,75807000.0,,1095277,,-407000.0
2013-12-31,72030000.0,,1095277,,1546000.0
2014-03-31,65959000.0,,1095277,,-1898000.0
2014-06-30,64313000.0,,1095277,,-2569000.0
2014-09-30,59814000.0,,1095277,,-9260000.0
2014-12-31,56556000.0,,1095277,,-28633000.0
2015-03-31,55512000.0,,1095277,,-1509000.0
2015-06-30,51968000.0,,1095277,,-11067000.0
2015-09-30,48939000.0,,1095277,,-6575000.0
2015-12-31,47408000.0,,1095277,,-19103000.0
2016-03-31,45633000.0,,1095277,,962000.0
2016-06-30,44732000.0,,1095277,,267000.0
2016-09-30,43027000.0,,1095277,,-1321000.0
2016-12-31,42200000.0,,1095277,,-419000.0
2017-03-31,40449000.0,,1095277,,-3692000.0
2017-06-30,39935000.0,,1095277,,-5740000.0
2017-09-30,39248000.0,,1095277,,-2256000.0
2017-12-31,39988000.0,,1095277,,1608000.0
2018-03-31,39078000.0,,1095277,,1849000.0
2018-06-30,38619000.0,,1095277,,263000.0
2018-09-30,37485000.0,,1095277,,-15000.0
2025-06-30,74396000.0,,1095565,HSTM,5886000.0
2026-06-30,83732000.0,,1095565,HSTM,8321000.0
2025-03-31,73485000.0,,1095565,HSTM,4378000.0
2026-03-31,81203000.0,,1095565,HSTM,7512000.0
2024-09-30,73095000.0,,1095565,HSTM,6498000.0
2025-09-30,76474000.0,,1095565,HSTM,7567000.0
2024-06-30,71556000.0,,1095565,HSTM,4411000.0
2024-03-31,72760000.0,,1095565,HSTM,5690000.0
2023-09-30,70339000.0,,1095565,HSTM,4863000.0
2023-06-30,69198000.0,,1095565,HSTM,4008000.0
2023-03-31,68946000.0,,1095565,HSTM,2891000.0
2022-09-30,67285000.0,,1095565,HSTM,2382000.0
2022-06-30,65638000.0,,1095565,HSTM,2953000.0
2022-03-31,65367000.0,,1095565,HSTM,4035000.0
2021-09-30,64091000.0,,1095565,HSTM,1785000.0
2021-06-30,64816000.0,,1095565,HSTM,3431000.0
2021-03-31,63468000.0,,1095565,HSTM,3300000.0
2020-09-30,60883000.0,,1095565,HSTM,3134000.0
2020-06-30,60553000.0,,1095565,HSTM,4304000.0
2020-03-31,61572000.0,,1095565,HSTM,7244000.0
2019-09-30,62450000.0,,1095565,HSTM,3748000.0
2019-06-30,63781000.0,,1095565,HSTM,2268000.0
2019-03-31,65187000.0,,1095565,HSTM,5369000.0
2018-09-30,59925000.0,,1095565,HSTM,4661000.0
2018-06-30,57008000.0,,1095565,HSTM,4264000.0
2018-03-31,54858000.0,,1095565,HSTM,3730000.0
2017-09-30,54743000.0,,1095565,HSTM,2731000.0
2017-06-30,52920000.0,,1095565,HSTM,2801000.0
2017-03-31,51967000.0,,1095565,HSTM,2365000.0
2016-09-30,58367000.0,,1095565,HSTM,1286000.0
2016-06-30,54793000.0,,1095565,HSTM,2316000.0
2016-03-31,54078000.0,,1095565,HSTM,2487000.0
2015-09-30,53835000.0,,1095565,HSTM,4325000.0
2015-06-30,52145000.0,,1095565,HSTM,2564000.0
2015-03-31,47156000.0,,1095565,HSTM,4790000.0
2014-09-30,44525000.0,,1095565,HSTM,4741000.0
2014-06-30,42476000.0,,1095565,HSTM,4110000.0
2014-03-31,38350000.0,,1095565,HSTM,3298000.0
2013-09-30,33659000.0,,1095565,HSTM,3879000.0
2013-06-30,31919000.0,,1095565,HSTM,4106000.0
2013-03-31,29646000.0,,1095565,HSTM,3173000.0
2012-09-30,26380000.0,,1095565,HSTM,3731000.0
2012-06-30,25841000.0,,1095565,HSTM,4041000.0
2012-03-31,23674000.0,,1095565,HSTM,2341000.0
2011-09-30,20618000.0,,1095565,HSTM,2694000.0
2011-06-30,21051000.0,,1095565,HSTM,3106000.0
2011-03-31,18506000.0,,1095565,HSTM,2557000.0
2010-09-30,16616000.0,,1095565,HSTM,1690000.0
2010-06-30,16660469.0,,1095565,HSTM,2347363.0
2023-12-31,70580000.0,,1095565,HSTM,4257000.0
2024-12-31,74235000.0,,1095565,HSTM,4688000.0
2025-12-31,79709000.0,,1095565,HSTM,2405000.0
2022-12-31,68536000.0,,1095565,HSTM,3079000.0
2021-12-31,64337000.0,,1095565,HSTM,-461000.0
2020-12-31,61818000.0,,1095565,HSTM,1136000.0
2019-12-31,62694000.0,,1095565,HSTM,3335000.0
2018-12-31,59825000.0,,1095565,HSTM,2836000.0
2017-12-31,55269000.0,,1095565,HSTM,1510000.0
2016-12-31,24886000.0,,1095565,HSTM,1082000.0
2015-12-31,55866000.0,,1095565,HSTM,1878000.0
2014-12-31,45339000.0,,1095565,HSTM,4226000.0
2013-12-31,37050000.0,,1095565,HSTM,3508000.0
2012-12-31,27837000.0,,1095565,HSTM,3346000.0
2011-12-31,21891000.0,,1095565,HSTM,2981000.0
2009-06-30,185597000.0,,1102541,,54470000.0
2009-09-30,174521000.0,,1102541,,51813000.0
2010-03-31,157258000.0,43782000.0,1102541,,48413000.0
2010-06-30,153007000.0,41839000.0,1102541,,50551000.0
2010-09-30,145158000.0,41896000.0,1102541,,41990000.0
2010-12-31,166789000.0,50900000.0,1102541,,20739000.0
2011-03-31,243018000.0,73164000.0,1102541,,39950000.0
2011-06-30,363559000.0,113795000.0,1102541,,29268000.0
2011-09-30,357290000.0,108827000.0,1102541,,31603000.0
2011-12-31,350237000.0,101788000.0,1102541,,24288000.0
2012-03-31,341091000.0,110069000.0,1102541,,27377000.0
2012-06-30,334479000.0,104418000.0,1102541,,14726000.0
2012-09-30,330839000.0,107626000.0,1102541,,15862000.0
2012-12-31,328726000.0,106974000.0,1102541,,14058000.0
2013-03-31,316788000.0,106578000.0,1102541,,-252872000.0
2013-06-30,313401000.0,104980000.0,1102541,,3935000.0
2013-09-30,308578000.0,108911000.0,1102541,,-1710000.0
2013-12-31,301839000.0,105601000.0,1102541,,-14302000.0
2014-03-31,297320000.0,106484000.0,1102541,,-12206000.0
2014-06-30,297358000.0,104598000.0,1102541,,-7388000.0
2014-09-30,297745000.0,105948000.0,1102541,,7689000.0
2014-12-31,284472000.0,101989000.0,1102541,,-8949000.0
2015-03-31,282447000.0,95258000.0,1102541,,5091000.0
2015-06-30,283664000.0,94349000.0,1102541,,10566000.0
2015-09-30,270904000.0,90775000.0,1102541,,5750000.0
2015-12-31,260237000.0,88381000.0,1102541,,-1181000.0
2016-03-31,254262000.0,81412000.0,1102541,,14432000.0
2016-06-30,240357000.0,76925000.0,1102541,,15648000.0
2016-09-30,235125000.0,79056000.0,1102541,,11116000.0
2016-12-31,230130000.0,81838000.0,1102541,,3784000.0
2022-09-30,78027.0,,1102942,,-286875.0
2023-09-30,151810.0,,1102942,,-346760.0
2022-06-30,94511.0,,1102942,,-323952.0
2023-06-30,190853.0,,1102942,,-629662.0
2022-03-31,95893.0,,1102942,,-261569.0
2023-03-31,175915.0,,1102942,,-251618.0
2021-09-30,129426.0,,1102942,,-335327.0
2022-12-31,75009.0,,1102942,,-524148.0
2009-06-30,,,1104188,,48523000.0
2009-09-30,,,1104188,,52593000.0
2010-03-31,,,1104188,,48110000.0
2010-06-30,146097000.0,,1104188,,51166000.0
2010-09-30,164064000.0,,1104188,,65242000.0
2010-12-31,,,1104188,,66013000.0
2011-03-31,174369000.0,,1104188,,63368000.0
2011-06-30,198705000.0,,1104188,,68788000.0
2011-09-30,232860000.0,,1104188,,73608000.0
2011-12-31,246153000.0,,1104188,,48535000.0
2012-03-31,226604000.0,,1104188,,52041000.0
2012-06-30,255727000.0,,1104188,,43130000.0
2012-09-30,285378000.0,,1104188,,63719000.0
2012-12-31,299492000.0,,1104188,,64409000.0
2013-03-31,307596000.0,,1104188,,70936000.0
2013-06-30,338904000.0,,1104188,,64448000.0
2013-09-30,368323000.0,,1104188,,52189000.0
2013-12-31,385451000.0,,1104188,,-4092000.0
2014-03-31,365315000.0,,1104188,,-68613000.0
2014-06-30,400151000.0,,1104188,,-61805000.0
2014-09-30,430415000.0,,1104188,,-40688000.0
2014-12-31,477196000.0,,1104188,,-33857000.0
2015-03-31,455332000.0,,1104188,,2695000.0
2015-06-30,493566000.0,,1104188,,17898000.0
2015-09-30,522090000.0,,1104188,,42902000.0
2015-12-31,466103000.0,,1104188,,18974000.0
2016-03-31,407952000.0,,1104188,,14772000.0
2016-06-30,420138000.0,,1104188,,-28695000.0
2016-09-30,410582000.0,,1104188,,-51563000.0
2016-12-31,411759000.0,,1104188,,-51648000.0
2017-03-31,374103000.0,,1104188,,-47310000.0
2017-06-30,461168000.0,,1104188,,-39674000.0
2017-09-30,516061000.0,,1104188,,-81350000.0
2017-12-31,509630000.0,,1104188,,-40844000.0
2018-03-31,454995000.0,,1104188,,-31490000.0
2020-06-30,11034000.0,,1104855,,473000.0
2021-06-30,8512000.0,,1104855,,-849000.0
2020-03-31,11949000.0,,1104855,,329000.0
2021-03-31,9631000.0,,1104855,,-2019000.0
2019-09-30,15249000.0,,1104855,,1339000.0
2020-09-30,10338000.0,,1104855,,-656000.0
2019-06-30,16696000.0,,1104855,,529000.0
2019-03-31,18064000.0,,1104855,,1175000.0
2018-09-30,18017000.0,,1104855,,-9360000.0
2018-06-30,17468000.0,,1104855,,193000.0
2018-03-31,16522000.0,,1104855,,-1051000.0
2017-09-30,15032000.0,,1104855,,31000.0
2017-06-30,14507000.0,,1104855,,-274000.0
2017-03-31,14290000.0,,1104855,,-1371000.0
2016-09-30,15527000.0,,1104855,,-2209000.0
2016-06-30,14929000.0,,1104855,,-6116000.0
2016-03-31,16597000.0,,1104855,,-4677000.0
2015-03-31,23157000.0,,1104855,,-2447000.0
2015-06-30,20600000.0,,1104855,,-16937000.0
2015-09-30,17865000.0,,1104855,,-3919000.0
2015-12-31,15711000.0,,1104855,,-5161000.0
2016-12-31,14607000.0,,1104855,,-3449000.0
2014-03-31,18613000.0,,1104855,,-429000.0
2014-06-30,20178000.0,,1104855,,-579000.0
2014-09-30,22231000.0,,1104855,,-44000.0
2014-12-31,21969000.0,,1104855,,-2098000.0
2013-03-31,20202000.0,,1104855,,1963000.0
2013-06-30,20125000.0,,1104855,,2671000.0
2013-09-30,23359000.0,,1104855,,3031000.0
2013-12-31,24477000.0,,1104855,,3087000.0
2012-03-31,17588000.0,,1104855,,-4354000.0
2012-06-30,17313000.0,,1104855,,-2577000.0
2012-09-30,18176000.0,,1104855,,323000.0
2012-12-31,18877000.0,,1104855,,982000.0
2011-03-31,13030000.0,,1104855,,-3293000.0
2011-06-30,13454000.0,,1104855,,-4117000.0
2011-09-30,12350000.0,,1104855,,-6960000.0
2011-12-31,15005000.0,,1104855,,-4173000.0
2010-09-30,12178000.0,,1104855,,-3798000.0
2010-06-30,9886000.0,,1104855,,-6376000.0
2019-12-31,13324000.0,,1104855,,-92000.0
2020-12-31,10543000.0,,1104855,,-94000.0
2018-12-31,17542000.0,,1104855,,152000.0
2017-12-31,16292000.0,,1104855,,49000.0
2016-09-30,65011000.0,,1105472,,-4316000.0
2017-09-30,74629000.0,,1105472,,3919000.0
2016-06-30,60857000.0,,1105472,,-2708000.0
2017-06-30,55733000.0,,1105472,,-12703000.0
2016-03-31,59151000.0,,1105472,,-3881000.0
2017-03-31,53368000.0,,1105472,,-10782000.0
2015-03-27,50145000.0,,1105472,,-18866000.0
2015-06-26,54701000.0,,1105472,,-15049000.0
2015-09-25,67862000.0,,1105472,,-1362000.0
2015-12-31,76326000.0,,1105472,,4060000.0
2016-12-31,67572000.0,,1105472,,-2704000.0
2014-03-28,70742000.0,,1105472,,-5791000.0
2014-06-27,75570000.0,,1105472,,-4801000.0
2014-09-26,73216000.0,,1105472,,-4715000.0
2014-12-31,76798000.0,,1105472,,-1945000.0
2013-03-29,63288000.0,,1105472,,-13472000.0
2013-06-28,69193000.0,,1105472,,-4633000.0
2013-09-27,68099000.0,,1105472,,-2911000.0
2013-12-31,76153000.0,,1105472,,-59000.0
2012-03-30,64339000.0,,1105472,,-6197000.0
2012-06-29,57610000.0,,1105472,,-11792000.0
2012-09-28,57049000.0,,1105472,,-14804000.0
2012-12-31,75136000.0,,1105472,,-15749000.0
2011-03-31,67299000.0,,1105472,,-11476000.0
2011-06-30,51772000.0,,1105472,,-6746000.0
2011-09-30,66353000.0,,1105472,,1201000.0
2011-12-31,74272000.0,,1105472,,4496000.0
2010-09-30,42739000.0,,1105472,,-22555000.0
2010-06-30,61181000.0,,1105472,,44000.0
2009-06-30,151995000.0,,1107694,,13403000.0
2009-09-30,162399000.0,,1107694,,13128000.0
2010-03-31,178805000.0,,1107694,,16728000.0
2010-06-30,187314000.0,,1107694,,17831000.0
2010-09-30,199710000.0,,1107694,,21635000.0
2010-12-31,214726000.0,,1107694,,23408000.0
2011-03-31,230002000.0,,1107694,,23983000.0
2011-06-30,247229000.0,,1107694,,28653000.0
2011-09-30,264572000.0,,1107694,,31070000.0
2011-12-31,283261000.0,,1107694,,39765000.0
2012-03-31,301355000.0,,1107694,,37084000.0
2012-06-30,318990000.0,,1107694,,40704000.0
2012-09-30,335985000.0,,1107694,,45330000.0
2012-12-31,352909000.0,,1107694,,49623000.0
2013-03-31,362200000.0,,1107694,,42813000.0
2013-06-30,375847000.0,,1107694,,35404000.0
2013-09-30,388636000.0,,1107694,,27762000.0
2013-12-31,408103000.0,,1107694,,24821000.0
2014-03-31,421000000.0,,1107694,,39100000.0
2014-06-30,441200000.0,,1107694,,33900000.0
2014-09-30,459700000.0,,1107694,,40500000.0
2014-12-31,472500000.0,,1107694,,44800000.0
2015-03-31,480200000.0,,1107694,,42900000.0
2015-06-30,489400000.0,,1107694,,42200000.0
2015-09-30,508900000.0,,1107694,,55000000.0
2015-12-31,522800000.0,,1107694,,59900000.0
2016-03-31,518100000.0,,1107694,,81200000.0
2016-06-30,523600000.0,,1107694,,64300000.0
2016-09-30,516200000.0,,1107694,,70200000.0
2023-03-31,62604000.0,,1118417,,-3122000.0
2024-03-31,65111000.0,,1118417,,-2625000.0
2022-12-31,59154000.0,,1118417,,-3549000.0
2023-12-31,63491000.0,,1118417,,-2667000.0
2022-06-30,56172000.0,,1118417,,-2084000.0
2023-06-30,63736000.0,,1118417,,2929000.0
2022-03-31,53280000.0,,1118417,,-3943000.0
2021-12-31,51542000.0,,1118417,,-2014000.0
2021-06-30,51038000.0,,1118417,,-3885000.0
2021-03-31,48192000.0,,1118417,,-6801000.0
2020-12-31,42734000.0,,1118417,,-1322000.0
2020-06-30,41256000.0,,1118417,,-380000.0
2020-03-31,39952000.0,,1118417,,-4131000.0
2019-12-31,38388000.0,,1118417,,-2458000.0
2019-06-30,34712000.0,,1118417,,-2089000.0
2019-03-31,34843000.0,,1118417,,-4749000.0
2018-12-31,35077000.0,,1118417,,-3110000.0
2018-06-30,39617000.0,,1118417,,-10956000.0
2018-03-31,39234000.0,,1118417,,-2405000.0
2017-12-31,39067000.0,,1118417,,-4033000.0
2017-06-30,34244000.0,,1118417,,-8756000.0
2017-03-31,33257000.0,,1118417,,-14992000.0
2016-12-31,28063000.0,,1118417,,-7653000.0
2016-06-30,27917000.0,,1118417,,-8515000.0
2016-03-31,26059000.0,,1118417,,-8906000.0
2015-12-31,24487000.0,,1118417,,-7653000.0
2015-06-30,23610000.0,,1118417,,-5700000.0
2015-03-31,22676000.0,,1118417,,-4317000.0
2014-12-31,22101000.0,,1118417,,-4207000.0
2014-06-30,19269000.0,,1118417,,-6683000.0
2014-03-31,20650000.0,,1118417,,-4897000.0
2013-12-31,21559000.0,,1118417,,-3013000.0
2013-06-30,27247000.0,,1118417,,1653000.0
2013-03-31,24559000.0,,1118417,,-1033000.0
2012-12-31,22341000.0,,1118417,,-1074000.0
2012-06-30,22773000.0,,1118417,,-1020000.0
2012-03-31,20240000.0,,1118417,,-3738000.0
2021-09-30,51481000.0,,1118417,,-2406000.0
2022-09-30,58170000.0,,1118417,,-4914000.0
2023-09-30,63969000.0,,1118417,,-375000.0
2020-09-30,41460000.0,,1118417,,363000.0
2019-09-30,36603000.0,,1118417,,-5063000.0
2018-09-30,36714000.0,,1118417,,-3384000.0
2017-09-30,35605000.0,,1118417,,-7210000.0
2016-09-30,28508000.0,,1118417,,-7666000.0
2015-09-30,25381000.0,,1118417,,-4915000.0
2014-09-30,20278000.0,,1118417,,-5800000.0
2013-09-30,27757000.0,,1118417,,982000.0
2009-08-31,164910000.0,52959000.0,1124804,,21570000.0
2010-03-31,184392000.0,56969000.0,1124804,,32066000.0
2010-06-30,191373000.0,66224000.0,1124804,,20547000.0
2010-09-30,242393000.0,103358000.0,1124804,,-1219000.0
2011-03-31,335308000.0,104148000.0,1124804,,24471000.0
2011-06-30,356831000.0,101532000.0,1124804,,32077000.0
2011-09-30,363736000.0,92152000.0,1124804,,34367000.0
2011-12-31,388202000.0,89739000.0,1124804,,45629000.0
2012-03-31,364712000.0,97317000.0,1124804,,12983000.0
2012-06-30,369956000.0,92291000.0,1124804,,17704000.0
2012-09-30,360694000.0,90412000.0,1124804,,9184000.0
2012-12-31,350963000.0,104350000.0,1124804,,-26600000.0
2013-03-31,347066000.0,104232000.0,1124804,,-28283000.0
2013-06-30,344827000.0,101588000.0,1124804,,-28321000.0
2013-09-30,330191000.0,104506000.0,1124804,,-43452000.0
2013-12-31,350977000.0,109273000.0,1124804,,-27545000.0
2014-03-31,340285000.0,89946000.0,1124804,,-11911000.0
2014-06-30,351296000.0,86663000.0,1124804,,-9093000.0
2014-09-30,345389000.0,97034000.0,1124804,,-18840000.0
2014-12-31,340903000.0,85038000.0,1124804,,656000.0
2015-03-31,334552000.0,82029000.0,1124804,,-5695000.0
2015-06-30,351718000.0,86749000.0,1124804,,5591000.0
2015-09-30,354476000.0,91043000.0,1124804,,8869000.0
2015-12-31,345647000.0,79354000.0,1124804,,23118000.0
2016-03-31,345558000.0,84153000.0,1124804,,11896000.0
2016-06-30,386521000.0,94802000.0,1124804,,18574000.0
2016-09-30,392384000.0,98778000.0,1124804,,16874000.0
2016-12-31,425436000.0,115132000.0,1124804,,12427000.0
2017-03-31,343056000.0,92752000.0,1124804,,2349000.0
2017-06-30,350150000.0,91033000.0,1124804,,13237000.0
2017-09-30,368091000.0,93790000.0,1124804,,18157000.0
2017-12-31,436411000.0,123113000.0,1124804,,-21259000.0
2018-03-31,433722000.0,119937000.0,1124804,,-6701000.0
2018-06-30,441464000.0,122913000.0,1124804,,-60094000.0
2018-09-30,432430000.0,108125000.0,1124804,,186000.0
2018-12-31,442346000.0,99992000.0,1124804,,-26443000.0
2019-03-31,399118000.0,95991000.0,1124804,,-15274000.0
2019-06-30,410883000.0,100462000.0,1124804,,-13596000.0
2019-09-30,408280000.0,96080000.0,1124804,,-15717000.0
2019-12-31,414330000.0,108275000.0,1124804,,-55102000.0
2020-03-31,381364000.0,92825000.0,1124804,,-26976000.0
2020-06-30,369304000.0,109897000.0,1124804,,-24665000.0
2020-09-30,365618000.0,93442000.0,1124804,,-11161000.0
2020-12-31,386414000.0,93777000.0,1124804,,-68078000.0
2021-03-31,134764000.0,30954000.0,1124804,,10352000.0
2021-06-30,141023000.0,27946000.0,1124804,,16587000.0
2021-09-30,144418000.0,28226000.0,1124804,,14679000.0
2021-12-31,157222000.0,24634000.0,1124804,,35151000.0
2022-03-31,136924000.0,44663000.0,1124804,,-3568000.0
2022-06-30,148483000.0,42365000.0,1124804,,-4520000.0
2022-09-30,146398000.0,38522000.0,1124804,,-9553000.0
2022-12-31,156212000.0,43651000.0,1124804,,-9462000.0
2023-03-31,149475000.0,47313000.0,1124804,,3818000.0
2023-06-30,173197000.0,39381000.0,1124804,,34018000.0
2023-09-30,148806000.0,51653000.0,1124804,,1242000.0
2023-12-31,154506000.0,62580000.0,1124804,,-4409000.0
2024-03-31,146356000.0,77473000.0,1124804,,-136067000.0
2024-06-30,152821000.0,69048000.0,1124804,,-24155000.0
2024-09-30,145181000.0,65662000.0,1124804,,-23052000.0
2024-12-31,150052000.0,57223000.0,1124804,,-11387000.0
2010-06-30,37218000.0,6368000.0,1131554,,5073000.0
2010-09-30,44456000.0,10465000.0,1131554,,2801000.0
2011-03-31,52878000.0,10147000.0,1131554,,1743000.0
2011-06-30,54817000.0,10648000.0,1131554,,4599000.0
2011-09-30,59238000.0,11118000.0,1131554,,5031000.0
2011-12-31,62151000.0,12973000.0,1131554,,6996000.0
2012-03-31,64560000.0,10390000.0,1131554,,8282000.0
2012-06-30,66990000.0,11060000.0,1131554,,15395000.0
2012-09-30,68961000.0,10278000.0,1131554,,11161000.0
2012-12-31,73181000.0,14952000.0,1131554,,6620000.0
2013-03-31,78276000.0,14652000.0,1131554,,201000.0
2013-06-30,83848000.0,14943000.0,1131554,,5667000.0
2013-09-30,89716000.0,15562000.0,1131554,,8754000.0
2013-12-31,97207000.0,16939000.0,1131554,,20272000.0
2014-03-31,98477000.0,17125000.0,1131554,,12355000.0
2014-06-30,103451000.0,17149000.0,1131554,,13834000.0
2014-09-30,125175000.0,21382000.0,1131554,,15618000.0
2014-12-31,-19802000.0,21425000.0,1131554,,-45348000.0
2015-03-31,109641000.0,19132000.0,1131554,,18267000.0
2015-06-30,87710000.0,18615000.0,1131554,,-7328000.0
2015-09-30,88747000.0,20339000.0,1131554,,-15955000.0
2015-12-31,86463000.0,26505000.0,1131554,,-32097000.0
2016-03-31,78246000.0,25914000.0,1131554,,-45343000.0
2016-06-30,121101000.0,29880000.0,1131554,,-13348000.0
2016-09-30,119936000.0,28827000.0,1131554,,-12226000.0
2016-12-31,107011000.0,41607000.0,1131554,,-51687000.0
2017-03-31,86097000.0,38815000.0,1131554,,-51347000.0
2017-06-30,118990000.0,29353000.0,1131554,,-8894000.0
2017-09-30,91015000.0,34881000.0,1131554,,-36139000.0
2017-12-31,106259000.0,50988000.0,1131554,,-33222000.0
2018-03-31,83709000.0,38110000.0,1131554,,-44234000.0
2018-06-30,76742000.0,33938000.0,1131554,,-43100000.0
2018-09-30,83286000.0,27320000.0,1131554,,-34629000.0
2018-12-31,82102000.0,22744000.0,1131554,,-42313000.0
2019-03-31,88105000.0,29246000.0,1131554,,-20339000.0
2019-06-30,77846000.0,23080000.0,1131554,,-18288000.0
2019-09-30,52210000.0,30536000.0,1131554,,-50972000.0
2019-12-31,90588000.0,29909000.0,1131554,,-18189000.0
2020-03-31,77122000.0,26344000.0,1131554,,-17287000.0
2020-06-30,76535000.0,24640000.0,1131554,,-11458000.0
2020-09-30,68636000.0,23265000.0,1131554,,-16998000.0
2020-12-31,69377000.0,15043000.0,1131554,,-2380000.0
2021-03-31,65499000.0,17928000.0,1131554,,-9043000.0
2021-06-30,71532000.0,21909000.0,1131554,,-4078000.0
2021-09-30,69753000.0,27953000.0,1131554,,-10513000.0
2021-12-31,-17442000.0,6429000.0,1131554,,-2129000.0
2022-03-31,46879000.0,17897000.0,1131554,,-1380000.0
2022-06-30,46055000.0,15288000.0,1131554,,4894000.0
2022-09-30,39570000.0,15338000.0,1131554,,1280000.0
2022-12-31,41252000.0,12630000.0,1131554,,-4488000.0
2023-03-31,41985000.0,15966000.0,1131554,,-1959000.0
2023-06-30,41019000.0,17256000.0,1131554,,-5084000.0
2023-09-30,39790000.0,20285000.0,1131554,,-3787000.0
2023-12-31,41402000.0,11709000.0,1131554,,184000.0
2024-03-31,42965000.0,13257000.0,1131554,,4576000.0
2024-06-30,43458000.0,12788000.0,1131554,,4297000.0
2024-09-30,42964000.0,13755000.0,1131554,,5515000.0
2024-12-31,44207000.0,11888000.0,1131554,,7294000.0
2025-03-31,42213000.0,11379000.0,1131554,,8229000.0
2025-06-30,42486000.0,11851000.0,1131554,,6860000.0
2025-09-30,42003000.0,12174000.0,1131554,,5869000.0
2010-06-30,,8612.0,1131903,FCCN,-13612.0
2010-09-30,60.0,8815.0,1131903,FCCN,-53755.0
2011-03-31,,160963.0,1131903,FCCN,-297297.0
2011-06-30,,105805.0,1131903,FCCN,-228876.0
2011-09-30,,152463.0,1131903,FCCN,-406156.0
2011-12-31,,597994.0,1131903,FCCN,-1125536.0
2012-03-31,,66785.0,1131903,FCCN,-645014.0
2012-06-30,27487.0,41263.0,1131903,FCCN,-434610.0
2012-09-30,100374.0,48598.0,1131903,FCCN,-1355505.0
2012-12-31,,115667.0,1131903,FCCN,-521713.0
2013-03-31,,60015.0,1131903,FCCN,-737008.0
2013-06-30,,73494.0,1131903,FCCN,-6650900.0
2013-09-30,,49369.0,1131903,FCCN,-765622.0
2013-12-31,,50013.0,1131903,FCCN,-3472970.0
2014-03-31,,158968.0,1131903,FCCN,-917381.0
2014-06-30,,9433.0,1131903,FCCN,-683121.0
2014-09-30,,25319.0,1131903,FCCN,-697503.0
2014-12-31,,31434.0,1131903,FCCN,-4350571.0
2015-03-31,,46618.0,1131903,FCCN,-190303.0
2015-06-30,,26845.0,1131903,FCCN,-174817.0
2015-09-30,,6332.0,1131903,FCCN,-385219.0
2015-12-31,,-3517.0,1131903,FCCN,-62722.0
2016-03-31,,19828.0,1131903,FCCN,-57075.0
2016-06-30,0.0,6687.0,1131903,FCCN,-44625.0
2016-09-30,0.0,5871.0,1131903,FCCN,-43882.0
2016-12-31,,7523.0,1131903,FCCN,-44301.0
2017-03-31,0.0,18355.0,1131903,FCCN,-55418.0
2017-06-30,0.0,,1131903,FCCN,-45809.0
2017-09-30,0.0,,1131903,FCCN,-43150.0
2017-12-31,0.0,,1131903,FCCN,-45627.0
2018-03-31,0.0,,1131903,FCCN,-53677.0
2018-06-30,0.0,,1131903,FCCN,-42278.0
2018-09-30,0.0,,1131903,FCCN,-41179.0
2018-12-31,0.0,,1131903,FCCN,-41225.0
2019-03-31,24.0,,1131903,FCCN,-50755.0
2019-06-30,72.0,,1131903,FCCN,-43852.0
2019-09-30,71.0,,1131903,FCCN,-42703.0
2019-12-31,72.0,,1131903,FCCN,-41635.0
2020-03-31,48.0,,1131903,FCCN,-48131.0
2020-06-30,0.0,,1131903,FCCN,-39671.0
2020-09-30,0.0,,1131903,FCCN,-40809.0
2020-12-31,0.0,,1131903,FCCN,
2021-03-31,0.0,,1131903,FCCN,
2021-06-30,0.0,,1131903,FCCN,
2021-09-30,0.0,,1131903,FCCN,
2021-12-31,0.0,,1131903,FCCN,
2022-03-31,99000.0,,1131903,FCCN,
2022-06-30,0.0,,1131903,FCCN,
2022-09-30,0.0,,1131903,FCCN,
2022-12-31,-677.0,,1131903,FCCN,
2023-03-31,0.0,,1131903,FCCN,
2023-06-30,0.0,,1131903,FCCN,-63896.0
2023-09-30,0.0,,1131903,FCCN,-45722.0
2023-12-31,0.0,,1131903,FCCN,
2024-03-31,0.0,,1131903,FCCN,
2024-06-30,0.0,,1131903,FCCN,-484425.0
2024-09-30,0.0,415819.0,1131903,FCCN,-1194986.0
2024-12-31,0.0,,1131903,FCCN,
2025-03-31,0.0,,1131903,FCCN,-660000.0
2025-06-30,0.0,451000.0,1131903,FCCN,-487000.0
2025-09-30,3139246.0,220500.0,1131903,FCCN,-972169.0
2025-12-31,18700622.0,,1131903,FCCN,-808971.0
2026-03-31,328512000.0,,1131903,FCCN,-2979000.0
2026-06-30,318278000.0,2402000.0,1131903,FCCN,-1857000.0
2015-03-31,24264000.0,,1142701,,-2948000.0
2016-03-31,18436000.0,,1142701,,-2915000.0
2014-03-31,42256000.0,,1142701,,-5030000.0
2014-06-30,41661000.0,,1142701,,3297000.0
2014-09-30,39989000.0,,1142701,,2173000.0
2014-12-31,41813000.0,,1142701,,3066000.0
2015-06-30,37562000.0,,1142701,,2170000.0
2015-09-30,36289000.0,,1142701,,2695000.0
2015-12-31,40107000.0,,1142701,,3043000.0
2013-03-31,57164000.0,,1142701,,-782000.0
2013-06-30,57567000.0,,1142701,,890000.0
2013-09-30,56239000.0,,1142701,,-48111000.0
2013-12-31,62644000.0,,1142701,,-7936000.0
2012-03-31,65949000.0,,1142701,,5665000.0
2012-06-30,64472000.0,,1142701,,3228000.0
2012-09-30,61460000.0,,1142701,,5046000.0
2012-12-31,65884000.0,,1142701,,-25836000.0
2011-03-31,241505000.0,,1142701,,22616000.0
2011-06-30,255565000.0,,1142701,,27789000.0
2011-09-30,182694000.0,,1142701,,20223000.0
2011-12-31,217921000.0,,1142701,,23674000.0
2010-09-30,193541000.0,,1142701,,25607000.0
2010-06-30,242686000.0,,1142701,,29836000.0
2010-03-31,251725000.0,,1142701,,25832000.0
2009-09-30,216206000.0,,1142701,,32674000.0
2009-06-30,260789000.0,,1142701,,43114000.0
2010-12-31,232601000.0,,1142701,,31415000.0
2025-02-28,52921000.0,22723000.0,1144879,APLD,-18943000.0
2026-02-28,126637000.0,79723000.0,1144879,APLD,-85667000.0
2024-11-30,36163000.0,25974000.0,1144879,APLD,-12805000.0
2025-11-30,126589000.0,56993000.0,1144879,APLD,-30957000.0
2024-08-31,34849000.0,10993000.0,1144879,APLD,25293000.0
2025-08-31,64216000.0,29152000.0,1144879,APLD,-22293000.0
2024-02-29,43348000.0,30020000.0,1144879,APLD,-55456000.0
2023-11-30,42203000.0,20266000.0,1144879,APLD,-7912000.0
2023-08-31,36323000.0,16170000.0,1144879,APLD,-7368000.0
2023-02-28,14090000.0,10546000.0,1144879,APLD,-6989000.0
2022-11-30,12340000.0,27226000.0,1144879,APLD,-26698000.0
2022-08-31,6924000.0,5008000.0,1144879,APLD,-4177000.0
2022-02-28,1026000.0,1370000.0,1144879,APLD,-2417000.0
2021-11-30,0.0,1181000.0,1144879,APLD,-1355000.0
2021-08-31,0.0,698000.0,1144879,APLD,-13038000.0
2021-02-28,0.0,0.0,1144879,APLD,0.0
2024-05-31,43701000.0,31320000.0,1144879,APLD,-27602000.0
2025-05-31,104636000.0,48187000.0,1144879,APLD,-65720000.0
2026-05-31,293869000.0,166228000.0,1144879,APLD,-97545000.0
2023-05-31,22038000.0,11135000.0,1144879,APLD,-5047000.0
2022-05-31,7523000.0,16692000.0,1144879,APLD,-4088000.0
2010-04-30,172613000.0,,1166388,,
2010-07-31,180676000.0,69144000.0,1166388,,23799000.0
2010-10-31,186641000.0,67868000.0,1166388,,30393000.0
2011-01-31,186869000.0,,1166388,,
2011-04-30,176332000.0,70235000.0,1166388,,18834000.0
2011-07-31,194959000.0,72217000.0,1166388,,21410000.0
2011-10-31,199364000.0,76536000.0,1166388,,18282000.0
2012-01-31,211993000.0,74918000.0,1166388,,27952000.0
2012-04-30,196635000.0,72723000.0,1166388,,20983000.0
2012-07-31,212426000.0,73953000.0,1166388,,26263000.0
2012-10-31,201520000.0,85626000.0,1166388,,16771000.0
2013-01-31,228961000.0,85335000.0,1166388,,35536000.0
2013-04-30,204786000.0,81704000.0,1166388,,13713000.0
2013-07-31,222447000.0,81364000.0,1166388,,31263000.0
2013-10-31,224314000.0,77472000.0,1166388,,37831000.0
2014-01-31,255745000.0,86845000.0,1166388,,39479000.0
2014-04-30,257393000.0,101048000.0,1166388,,996000.0
2014-07-31,276816000.0,107160000.0,1166388,,11470000.0
2014-10-31,282574000.0,102738000.0,1166388,,24358000.0
2015-01-31,311653000.0,104320000.0,1166388,,42287000.0
2015-04-30,269536000.0,102850000.0,1166388,,9610000.0
2015-07-31,295882000.0,111769000.0,1166388,,8710000.0
2015-10-31,284054000.0,99870000.0,1166388,,22328000.0
2016-01-31,280794000.0,98239000.0,1166388,,27204000.0
2016-04-30,245424000.0,100035000.0,1166388,,-11291000.0
2016-07-31,261921000.0,101146000.0,1166388,,3749000.0
2016-10-31,258902000.0,98899000.0,1166388,,5525000.0
2017-01-31,295859000.0,106872000.0,1166388,,19383000.0
2017-04-30,260995000.0,101807000.0,1166388,,-9385000.0
2017-07-31,274777000.0,103494000.0,1166388,,3946000.0
2017-10-31,280726000.0,97304000.0,1166388,,17812000.0
2018-01-31,318731000.0,112355000.0,1166388,,36257000.0
2018-04-30,289207000.0,107497000.0,1166388,,7782000.0
2018-07-31,306327000.0,104083000.0,1166388,,29231000.0
2018-10-31,303983000.0,99902000.0,1166388,,33670000.0
2019-01-31,330230000.0,114701000.0,1166388,,43552000.0
2019-04-30,315259000.0,121721000.0,1166388,,14468000.0
2019-07-31,324305000.0,126265000.0,1166388,,15275000.0
2019-10-31,324867000.0,116306000.0,1166388,,29817000.0
2020-01-31,339203000.0,14942000.0,1166388,,-61533000.0
2020-04-30,185865000.0,76827000.0,1166388,,-2041000.0
2020-07-31,204080000.0,77739000.0,1166388,,21573000.0
2020-10-31,215222000.0,80167000.0,1166388,,20057000.0
2021-01-31,225080000.0,92612000.0,1166388,,17833000.0
2021-04-30,200904000.0,87646000.0,1166388,,4442000.0
2021-07-31,214617000.0,91376000.0,1166388,,11537000.0
2021-10-31,224820000.0,89778000.0,1166388,,24668000.0
2022-01-31,234168000.0,108008000.0,1166388,,6196000.0
2022-04-30,217906000.0,102882000.0,1166388,,498000.0
2022-07-31,222899000.0,105705000.0,1166388,,1510000.0
2022-10-31,225193000.0,93757000.0,1166388,,21678000.0
2023-01-31,236247000.0,90595000.0,1166388,,33670000.0
2023-04-30,216566000.0,101279000.0,1166388,,8772000.0
2023-07-31,210165000.0,108374000.0,1166388,,-7512000.0
2023-10-31,218547000.0,87879000.0,1166388,,26718000.0
2024-01-31,265109000.0,108383000.0,1166388,,40207000.0
2024-04-30,221277000.0,93276000.0,1166388,,24445000.0
2024-07-31,210170000.0,93178000.0,1166388,,13870000.0
2024-10-31,224193000.0,95987000.0,1166388,,21748000.0
2025-01-31,253546000.0,97143000.0,1166388,,46324000.0
2025-04-30,208097000.0,89670000.0,1166388,,5072000.0
2025-07-31,208007000.0,94540000.0,1166388,,3349000.0
2010-06-30,37713149.0,,1169445,,6813860.0
2010-09-30,40913222.0,,1169445,,7678136.0
2011-03-31,40380000.0,,1169445,,8491000.0
2011-06-30,48839000.0,,1169445,,11518000.0
2011-09-30,42045000.0,,1169445,,9638000.0
2011-12-31,42212000.0,,1169445,,10527000.0
2012-03-31,44489000.0,,1169445,,8999000.0
2012-06-30,45731000.0,,1169445,,9925000.0
2012-09-30,45174000.0,,1169445,,9991000.0
2012-12-31,47915000.0,,1169445,,12362000.0
2013-03-31,49549000.0,,1169445,,10109000.0
2013-06-30,53261000.0,,1169445,,13148000.0
2013-09-30,46780000.0,,1169445,,11026000.0
2013-12-31,51273000.0,,1169445,,15961000.0
2014-03-31,52094000.0,,1169445,,11987000.0
2014-06-30,53053000.0,,1169445,,14069000.0
2014-09-30,53327000.0,,1169445,,14175000.0
2014-12-31,46268000.0,,1169445,,9356000.0
2015-03-31,46240000.0,,1169445,,7834000.0
2015-06-30,47086000.0,,1169445,,8386000.0
2015-09-30,44617000.0,,1169445,,4261000.0
2015-12-31,44231000.0,,1169445,,4605000.0
2016-03-31,69643000.0,,1169445,,776000.0
2016-06-30,68415000.0,,1169445,,5263000.0
2016-09-30,64663000.0,,1169445,,4244000.0
2016-12-31,64551000.0,,1169445,,4092000.0
2017-03-31,64075000.0,,1169445,,3234000.0
2017-06-30,67677000.0,,1169445,,4448000.0
2017-09-30,67113000.0,,1169445,,5622000.0
2017-12-31,78062000.0,,1169445,,-18118000.0
2018-03-31,70882000.0,,1169445,,7648000.0
2018-06-30,67905000.0,,1169445,,2225000.0
2018-09-30,69297000.0,,1169445,,5361000.0
2018-12-31,72327000.0,,1169445,,9648000.0
2019-03-31,69141000.0,,1169445,,6048000.0
2019-06-30,66156000.0,,1169445,,3616000.0
2019-09-30,68699000.0,,1169445,,6007000.0
2019-12-31,70638000.0,,1169445,,8912000.0
2020-03-31,69757000.0,,1169445,,6132000.0
2020-06-30,59549000.0,,1169445,,2745000.0
2020-09-30,68333000.0,,1169445,,6204000.0
2020-12-31,66849000.0,,1169445,,5973000.0
2021-03-31,68005000.0,,1169445,,4914000.0
2021-06-30,68533000.0,,1169445,,7738000.0
2021-09-30,70091000.0,,1169445,,4531000.0
2021-12-31,74000000.0,,1169445,,7524000.0
2022-03-31,77871000.0,,1169445,,8986000.0
2022-06-30,82726000.0,,1169445,,4588000.0
2022-09-30,82827000.0,,1169445,,4943000.0
2022-12-31,83224000.0,,1169445,,4266000.0
2023-03-31,86233000.0,,1169445,,6295000.0
2023-06-30,84622000.0,,1169445,,-1906000.0
2023-09-30,82712000.0,,1169445,,-5213000.0
2023-12-31,83397000.0,,1169445,,-44864000.0
2024-03-31,84117000.0,,1169445,,-588000.0
2024-06-30,85600000.0,,1169445,,-2149000.0
2024-09-30,84700000.0,,1169445,,2814000.0
2024-12-31,87788000.0,,1169445,,6294000.0
2025-03-31,87208000.0,,1169445,,8160000.0
2025-06-30,85729000.0,,1169445,,3627000.0
2025-09-30,86106000.0,,1169445,,4068000.0
2025-12-31,87793000.0,,1169445,,4977000.0
2026-03-31,86271000.0,,1169445,,3058000.0
2010-06-30,10609000.0,,1173489,CEVA,1895000.0
2010-09-30,10675000.0,,1173489,CEVA,2288000.0
2011-03-31,15052000.0,,1173489,CEVA,4876000.0
2011-06-30,14388000.0,,1173489,CEVA,4048000.0
2011-09-30,14847000.0,,1173489,CEVA,4722000.0
2011-12-31,15952000.0,,1173489,CEVA,4915000.0
2012-03-31,15112000.0,,1173489,CEVA,4598000.0
2012-06-30,13592000.0,,1173489,CEVA,3203000.0
2012-09-30,12006000.0,,1173489,CEVA,2148000.0
2012-12-31,12967000.0,,1173489,CEVA,2418000.0
2013-03-31,12116000.0,,1173489,CEVA,1309000.0
2013-06-30,12813000.0,,1173489,CEVA,1815000.0
2013-09-30,10005000.0,,1173489,CEVA,-1127000.0
2013-12-31,13966000.0,,1173489,CEVA,2762000.0
2014-03-31,13674000.0,,1173489,CEVA,2133000.0
2014-06-30,9215000.0,,1173489,CEVA,-2264000.0
2014-09-30,14098000.0,,1173489,CEVA,1230000.0
2015-03-31,13834000.0,,1173489,CEVA,563000.0
2015-06-30,13359000.0,,1173489,CEVA,30000.0
2015-09-30,16235000.0,,1173489,CEVA,3491000.0
2015-12-31,16071000.0,,1173489,CEVA,2228000.0
2016-03-31,16508000.0,,1173489,CEVA,1822000.0
2016-06-30,17103000.0,,1173489,CEVA,2647000.0
2016-09-30,17846000.0,,1173489,CEVA,3788000.0
2016-12-31,21196000.0,,1173489,CEVA,6129000.0
2017-03-31,21287000.0,,1173489,CEVA,4346000.0
2017-06-30,20575000.0,,1173489,CEVA,2170000.0
2017-09-30,24044000.0,,1173489,CEVA,6210000.0
2017-12-31,21601000.0,,1173489,CEVA,3147000.0
2018-03-31,17569000.0,,1173489,CEVA,-2908000.0
2018-06-30,17494000.0,,1173489,CEVA,-2661000.0
2018-09-30,21413000.0,,1173489,CEVA,2152000.0
2018-12-31,,,1173489,CEVA,2172000.0
2019-03-31,,,1173489,CEVA,-2932000.0
2019-06-30,,,1173489,CEVA,-2183000.0
2019-09-30,,,1173489,CEVA,-267000.0
2019-12-31,,,1173489,CEVA,3458000.0
2020-03-31,,,1173489,CEVA,-1663000.0
2020-06-30,,,1173489,CEVA,-1509000.0
2020-09-30,,,1173489,CEVA,2000.0
2020-12-31,,,1173489,CEVA,2407000.0
2021-03-31,,,1173489,CEVA,-1330000.0
2021-06-30,,,1173489,CEVA,1588000.0
2021-09-30,,,1173489,CEVA,1694000.0
2021-12-31,,,1173489,CEVA,5088000.0
2022-03-31,,,1173489,CEVA,468000.0
2022-06-30,,,1173489,CEVA,-276000.0
2022-09-30,,,1173489,CEVA,-2359000.0
2022-12-31,,,1173489,CEVA,6063000.0
2023-03-31,,,1173489,CEVA,-2620000.0
2023-06-30,,,1173489,CEVA,-5343000.0
2023-09-30,,,1173489,CEVA,-2717000.0
2023-12-31,,,1173489,CEVA,-2787000.0
2024-03-31,,,1173489,CEVA,-4960000.0
2024-06-30,,,1173489,CEVA,-35000.0
2024-09-30,,,1173489,CEVA,-2624000.0
2024-12-31,,,1173489,CEVA,74000.0
2025-03-31,24245000.0,,1173489,CEVA,-4382000.0
2025-06-30,25678000.0,,1173489,CEVA,-4482000.0
2025-09-30,,,1173489,CEVA,-2084000.0
2025-12-31,,,1173489,CEVA,-398000.0
2026-03-31,27024000.0,,1173489,CEVA,-5085000.0
2026-06-30,29033000.0,,1173489,CEVA,-2076000.0
2023-09-30,0.0,,1182731,,-627966.0
2024-09-30,0.0,,1182731,,-116997.0
2023-06-30,0.0,,1182731,,-16656.0
2024-06-30,0.0,,1182731,,-56331.0
2023-03-31,0.0,,1182731,,-34327.0
2024-03-31,0.0,,1182731,,-114932.0
2022-09-30,0.0,,1182731,,-38655.0
2022-06-30,0.0,,1182731,,-39.0
2022-03-31,0.0,,1182731,,-30120.0
2021-09-30,0.0,,1182731,,0.0
2022-12-31,0.0,,1182731,,-23676.0
2023-12-31,0.0,,1182731,,-682280.0
2019-12-31,335107000.0,68270000.0,1207074,,30410000.0
2020-12-31,346100000.0,72507000.0,1207074,,41451000.0
2019-09-30,328501000.0,70682000.0,1207074,,19235000.0
2020-09-30,317188000.0,71292000.0,1207074,,12726000.0
2019-06-30,319024000.0,70861000.0,1207074,,13428000.0
2020-06-30,301064000.0,61449000.0,1207074,,7155000.0
2018-06-30,300031000.0,69626000.0,1207074,,13924000.0
2018-09-30,305520000.0,75155000.0,1207074,,14019000.0
2018-12-31,314681000.0,73935000.0,1207074,,19285000.0
2019-03-31,327631000.0,74227000.0,1207074,,23040000.0
2020-03-31,329651000.0,63115000.0,1207074,,17139000.0
2017-06-30,227345000.0,54996000.0,1207074,,6070000.0
2017-09-30,248174000.0,59491000.0,1207074,,10279000.0
2017-12-31,263809000.0,66726000.0,1207074,,13663000.0
2018-03-31,281341000.0,67624000.0,1207074,,16375000.0
2016-06-30,205471000.0,53759000.0,1207074,,-1848000.0
2016-09-30,210089000.0,54183000.0,1207074,,3537000.0
2016-12-31,217209000.0,55904000.0,1207074,,6458000.0
2017-03-31,225962000.0,55564000.0,1207074,,10224000.0
2015-06-30,134844000.0,35072000.0,1207074,,12410000.0
2015-09-30,143002000.0,36246000.0,1207074,,13256000.0
2015-12-31,150603000.0,39561000.0,1207074,,14134000.0
2016-03-31,171853000.0,54793000.0,1207074,,5520000.0
2014-06-30,112274000.0,28456000.0,1207074,,11230000.0
2014-09-30,117700000.0,30491000.0,1207074,,12241000.0
2014-12-31,122996000.0,31233000.0,1207074,,14619000.0
2015-03-31,126016000.0,31816000.0,1207074,,14478000.0
2013-06-30,90489000.0,23758000.0,1207074,,8929000.0
2013-09-30,94301000.0,24022000.0,1207074,,9776000.0
2013-12-31,101043000.0,26026000.0,1207074,,11196000.0
2014-03-31,111100000.0,30182000.0,1207074,,12511000.0
2012-06-30,76217000.0,19754000.0,1207074,,6869000.0
2012-09-30,80535000.0,20204000.0,1207074,,7429000.0
2012-12-31,86474000.0,21634000.0,1207074,,9142000.0
2013-03-31,89949000.0,22858000.0,1207074,,9419000.0
2011-06-30,61045000.0,18276000.0,1207074,,4787000.0
2011-09-30,70311000.0,19449000.0,1207074,,5467000.0
2011-12-31,72184000.0,19335000.0,1207074,,6578000.0
2012-03-31,74231000.0,19378000.0,1207074,,7067000.0
2010-12-31,55606000.0,16453000.0,1207074,,4984000.0
2010-09-30,52676000.0,16292000.0,1207074,,4049000.0
2010-06-30,51403000.0,16420000.0,1207074,,3096000.0
2011-03-31,58294000.0,16532000.0,1207074,,5657000.0
2025-06-30,390633000.0,57473000.0,1210677,FA,37737000.0
2026-06-30,448763000.0,57811000.0,1210677,FA,57023000.0
2025-03-31,354588000.0,65585000.0,1210677,FA,7617000.0
2026-03-31,385201000.0,53475000.0,1210677,FA,33520000.0
2024-09-30,199119000.0,46050000.0,1210677,FA,9113000.0
2025-09-30,409151000.0,57459000.0,1210677,FA,42243000.0
2024-06-30,184546000.0,38640000.0,1210677,FA,9903000.0
2024-03-31,169416000.0,40662000.0,1210677,FA,-726000.0
2023-09-30,200364000.0,30217000.0,1210677,FA,23211000.0
2023-06-30,185315000.0,29982000.0,1210677,FA,17637000.0
2023-03-31,175520000.0,28682000.0,1210677,FA,11287000.0
2022-09-30,205986000.0,28034000.0,1210677,FA,25658000.0
2022-06-30,201561000.0,31136000.0,1210677,FA,22780000.0
2022-03-31,189881000.0,28545000.0,1210677,FA,17098000.0
2021-09-30,192867000.0,27203000.0,1210677,FA,24388000.0
2021-06-30,174826000.0,25075000.0,1210677,FA,17285000.0
2021-03-31,132070000.0,23978000.0,1210677,FA,-3169000.0
2020-09-30,136778000.0,18907000.0,1210677,FA,5289000.0
2020-06-30,104993000.0,15014000.0,1210677,FA,-6202000.0
2023-12-31,202562000.0,27851000.0,1210677,FA,29381000.0
2024-12-31,307124000.0,138590000.0,1210677,FA,-80674000.0
2025-12-31,420017000.0,55662000.0,1210677,FA,44871000.0
2022-12-31,212595000.0,28925000.0,1210677,FA,28742000.0
2021-12-31,212532000.0,31724000.0,1210677,FA,25319000.0
2020-06-30,258438000.0,,1212458,,-10830000.0
2021-06-30,308653000.0,,1212458,,-47358000.0
2020-03-31,249774000.0,,1212458,,-41769000.0
2021-03-31,287831000.0,,1212458,,-42062000.0
2019-09-30,227385000.0,,1212458,,-24446000.0
2020-09-30,266669000.0,,1212458,,-21110000.0
2019-06-30,214439000.0,,1212458,,-29292000.0
2019-03-31,202937000.0,,1212458,,-28384000.0
2018-09-30,184179000.0,,1212458,,-26558000.0
2018-06-30,171875000.0,,1212458,,-30364000.0
2018-03-31,162461000.0,,1212458,,-23750000.0
2017-09-30,134686000.0,,1212458,,-13596000.0
2017-06-30,122441000.0,,1212458,,-16832000.0
2017-03-31,115635000.0,,1212458,,-12754000.0
2016-09-30,99784000.0,,1212458,,-11849000.0
2016-06-30,89904000.0,,1212458,,-32005000.0
2016-03-31,79003000.0,,1212458,,-25601000.0
2015-09-30,69149000.0,,1212458,,-20517000.0
2015-06-30,63546000.0,,1212458,,-19070000.0
2015-03-31,57763000.0,,1212458,,-17517000.0
2014-09-30,50311000.0,,1212458,,-13202000.0
2014-06-30,46398000.0,,1212458,,-12187000.0
2014-03-31,42704000.0,,1212458,,-11279000.0
2013-09-30,34503000.0,,1212458,,-7323000.0
2013-06-30,31827000.0,,1212458,,-5259000.0
2013-03-31,30764000.0,,1212458,,-5896000.0
2012-09-30,27084000.0,,1212458,,-4575000.0
2012-06-30,25943000.0,,1212458,,-5065000.0
2012-03-31,24619000.0,,1212458,,-4583000.0
2011-09-30,20486000.0,,1212458,,-4179000.0
2011-06-30,19880000.0,,1212458,,-4270000.0
2011-03-31,18781000.0,,1212458,,-5052000.0
2018-12-31,198479000.0,,1212458,,-21039000.0
2019-12-31,243429000.0,,1212458,,-22809000.0
2020-12-31,275129000.0,,1212458,,-21487000.0
2017-12-31,146919000.0,,1212458,,-11747000.0
2016-12-31,109646000.0,,1212458,,-1405000.0
2015-12-31,74939000.0,,1212458,,-21046000.0
2014-12-31,56194000.0,,1212458,,-10319000.0
2013-12-31,40837000.0,,1212458,,-11005000.0
2012-12-31,28649000.0,,1212458,,-5354000.0
2011-12-31,22691000.0,,1212458,,-6083000.0
2015-09-30,779595000.0,,1271024,,-36681000.0
2016-09-30,959787000.0,,1271024,,23045000.0
2015-06-30,711735000.0,,1271024,,-81148000.0
2016-06-30,932714000.0,,1271024,,-5551000.0
2015-03-31,637687000.0,,1271024,,-17220000.0
2016-03-31,860650000.0,,1271024,,-66219000.0
2014-09-30,568265000.0,,1271024,,8603000.0
2014-06-30,533877000.0,,1271024,,14122000.0
2014-03-31,473193000.0,,1271024,,-764000.0
2013-09-30,392960000.0,,1271024,,4636000.0
2013-06-30,363661000.0,,1271024,,8095000.0
2013-03-31,324705000.0,,1271024,,23642000.0
2012-09-30,252028000.0,,1271024,,6036000.0
2012-06-30,228207000.0,,1271024,,13498000.0
2012-03-31,188456000.0,,1271024,,10610000.0
2011-09-30,139476000.0,,1271024,,4608000.0
2011-06-30,121040000.0,,1271024,,9929000.0
2011-03-31,93932000.0,,1271024,,1280000.0
2010-09-30,61792000.0,,1271024,,4001000.0
2010-06-30,54895000.0,,1271024,,5308000.0
2013-12-31,447219000.0,,1271024,,11439000.0
2014-12-31,643432000.0,,1271024,,14174000.0
2015-12-31,861894000.0,,1271024,,-15893000.0
2012-12-31,303618000.0,,1271024,,26718000.0
2011-12-31,167741000.0,,1271024,,10028000.0
2025-06-30,192509000.0,,1286139,LZ,-3100000.0
2026-06-30,205289000.0,,1286139,LZ,10650000.0
2025-03-31,183110000.0,,1286139,LZ,8966000.0
2026-03-31,206781000.0,,1286139,LZ,2764000.0
2024-09-30,168599000.0,,1286139,LZ,16269000.0
2025-09-30,190158000.0,,1286139,LZ,6493000.0
2024-06-30,177362000.0,,1286139,LZ,1146000.0
2024-03-31,174214000.0,,1286139,LZ,5055000.0
2023-09-30,167274000.0,,1286139,LZ,10256000.0
2023-06-30,168854000.0,,1286139,LZ,4745000.0
2023-03-31,165936000.0,,1286139,LZ,-796000.0
2022-09-30,155277000.0,,1286139,LZ,-10203000.0
2022-06-30,162649000.0,,1286139,LZ,-11389000.0
2022-03-31,155427000.0,,1286139,LZ,-25076000.0
2022-12-31,146626000.0,,1286139,LZ,4929000.0
2021-09-30,147879000.0,,1286139,LZ,-27510000.0
2021-06-30,150432000.0,,1286139,LZ,-27508000.0
2021-03-31,134632000.0,,1286139,LZ,-4353000.0
2020-09-30,131595000.0,,1286139,LZ,19586000.0
2020-06-30,111007000.0,,1286139,LZ,10534000.0
2023-12-31,158663000.0,,1286139,LZ,6854000.0
2024-12-31,161706000.0,,1286139,LZ,13111000.0
2025-12-31,190266000.0,,1286139,LZ,12617000.0
2021-12-31,142137000.0,,1286139,LZ,-25705000.0
2014-09-30,16523000000.0,,1288776,,3724000000.0
2015-09-30,18675000000.0,,1288776,,4708000000.0
2014-06-30,15955000000.0,,1288776,,4258000000.0
2015-06-30,17727000000.0,,1288776,,4825000000.0
2014-03-31,15420000000.0,,1288776,,4115000000.0
2015-03-31,17258000000.0,,1288776,,4447000000.0
2013-09-30,13754000000.0,,1288776,,3761000000.0
2013-06-30,13107000000.0,,1288776,,3465000000.0
2013-03-31,12951000000.0,,1288776,,3748000000.0
2012-09-30,13304000000.0,,1288776,,2740000000.0
2012-06-30,11807000000.0,,1288776,,3237000000.0
2012-03-31,10645000000.0,,1288776,,3389000000.0
2011-09-30,9720000000.0,,1288776,,3058000000.0
2011-06-30,9026000000.0,,1288776,,2881000000.0
2011-03-31,8575000000.0,,1288776,,2296000000.0
2010-09-30,7286000000.0,,1288776,,2547000000.0
2010-06-30,6820000000.0,,1288776,,2365000000.0
2010-03-31,6775000000.0,,1288776,,2488000000.0
2009-09-30,5945000000.0,,1288776,,2074000000.0
2009-06-30,5523000000.0,,1288776,,1874000000.0
2009-03-31,5509000000.0,,1288776,,1884000000.0
2008-09-30,5541391000.0,,1288776,,1647565000.0
2008-06-30,5367212000.0,,1288776,,1577965000.0
2013-12-31,15707000000.0,,1288776,,4429000000.0
2014-12-31,18103000000.0,,1288776,,4399000000.0
2011-12-31,10584000000.0,,1288776,,3507000000.0
2010-12-31,8440000000.0,,1288776,,2981000000.0
2009-12-31,6674000000.0,,1288776,,2480000000.0
2025-06-30,283269000.0,,1288847,FIVN,-1561000.0
2026-06-30,312444000.0,,1288847,FIVN,1977000.0
2025-03-31,279705000.0,,1288847,FIVN,-5428000.0
2026-03-31,305319000.0,,1288847,FIVN,18493000.0
2024-03-31,247010000.0,,1288847,FIVN,-20695000.0
2024-06-30,252086000.0,,1288847,FIVN,-19365000.0
2024-09-30,264182000.0,,1288847,FIVN,-15423000.0
2024-12-31,278660000.0,,1288847,FIVN,4180000.0
2025-09-30,285832000.0,,1288847,FIVN,16043000.0
2025-12-31,300282000.0,,1288847,FIVN,19796000.0
2023-03-31,218439000.0,,1288847,FIVN,-28997000.0
2023-06-30,222882000.0,,1288847,FIVN,-25243000.0
2023-09-30,230105000.0,,1288847,FIVN,-25738000.0
2023-12-31,239062000.0,,1288847,FIVN,-18598000.0
2022-03-31,182777000.0,,1288847,FIVN,-30839000.0
2022-06-30,189382000.0,,1288847,FIVN,-21761000.0
2022-09-30,198342000.0,,1288847,FIVN,-21731000.0
2022-12-31,208345000.0,,1288847,FIVN,-13251000.0
2021-03-31,137882000.0,,1288847,FIVN,-11086000.0
2021-06-30,143782000.0,,1288847,FIVN,-14194000.0
2021-09-30,154328000.0,,1288847,FIVN,-18991000.0
2021-12-31,173599000.0,,1288847,FIVN,-11979000.0
2020-03-31,95088000.0,,1288847,FIVN,-4956000.0
2020-06-30,99792000.0,,1288847,FIVN,-8229000.0
2020-09-30,112143000.0,,1288847,FIVN,-1785000.0
2020-12-31,127885000.0,,1288847,FIVN,2665000.0
2019-03-31,74538000.0,,1288847,FIVN,-322000.0
2019-06-30,77436000.0,,1288847,FIVN,85000.0
2019-09-30,83769000.0,,1288847,FIVN,472000.0
2019-12-31,92263000.0,,1288847,FIVN,3032000.0
2018-03-31,58905000.0,,1288847,FIVN,-150000.0
2018-06-30,61120000.0,,1288847,FIVN,194000.0
2018-09-30,65304000.0,,1288847,FIVN,979000.0
2018-12-31,72335000.0,,1288847,FIVN,5986000.0
2017-03-31,47014000.0,,1288847,FIVN,-4442000.0
2017-06-30,47727000.0,,1288847,FIVN,-3159000.0
2017-09-30,50081000.0,,1288847,FIVN,1714000.0
2017-12-31,55403000.0,,1288847,FIVN,167000.0
2016-03-31,38015000.0,,1288847,FIVN,-3639000.0
2016-06-30,38886000.0,,1288847,FIVN,-2196000.0
2016-09-30,40982000.0,,1288847,FIVN,-1917000.0
2016-12-31,44207000.0,,1288847,FIVN,1210000.0
2015-03-31,30274000.0,,1288847,FIVN,-7748000.0
2015-06-30,30274000.0,,1288847,FIVN,-6185000.0
2015-09-30,32287000.0,,1288847,FIVN,-4882000.0
2015-12-31,36033000.0,,1288847,FIVN,-2335000.0
2014-03-31,24274000.0,,1288847,FIVN,-9292000.0
2014-06-30,24685000.0,,1288847,FIVN,-7527000.0
2014-09-30,25869000.0,,1288847,FIVN,-10401000.0
2014-12-31,28274000.0,,1288847,FIVN,-8310000.0
2013-03-31,19115000.0,,1288847,FIVN,-6692000.0
2013-06-30,20283000.0,,1288847,FIVN,-7317000.0
2013-09-30,21091000.0,,1288847,FIVN,-6780000.0
2013-12-31,23643000.0,,1288847,FIVN,-7533000.0
2010-06-30,0.0,,1295560,,-39454.0
2010-09-30,0.0,,1295560,,-20430.0
2011-03-31,0.0,,1295560,,-42060.0
2011-06-30,0.0,,1295560,,-156364.0
2011-09-30,0.0,,1295560,,-138879.0
2011-12-31,0.0,,1295560,,-69717.0
2012-03-31,0.0,,1295560,,-35597.0
2012-06-30,,,1295560,,-11490.0
2012-09-30,0.0,,1295560,,-37742.0
2012-12-31,,,1295560,,-133955.0
2013-03-31,0.0,,1295560,,-220051.0
2013-06-30,,,1295560,,-191800.0
2013-09-30,0.0,,1295560,,-175097.0
2014-03-31,0.0,,1295560,,
2014-06-30,0.0,,1295560,,
2014-09-30,0.0,,1295560,,
2014-12-31,0.0,,1295560,,
2015-03-31,0.0,188015.0,1295560,,
2015-06-30,52833.0,451145.0,1295560,,
2015-09-30,0.0,135870.0,1295560,,
2015-12-31,-397.0,94087.0,1295560,,
2016-03-31,0.0,85861.0,1295560,,
2016-06-30,0.0,104157.0,1295560,,
2016-09-30,0.0,26077.0,1295560,,
2016-12-31,0.0,15452.0,1295560,,
2017-03-31,,29399.0,1295560,,-29399.0
2017-06-30,0.0,51628.0,1295560,,-51628.0
2017-09-30,0.0,38875.0,1295560,,
2017-12-31,,83504.0,1295560,,
2018-03-31,,82923.0,1295560,,-82923.0
2018-06-30,0.0,107110.0,1295560,,-107110.0
2018-09-30,0.0,151831.0,1295560,,
2023-09-30,50980000.0,,1313275,,-2291000.0
2024-09-30,49950000.0,,1313275,,-2804000.0
2023-06-30,50988000.0,,1313275,,-6342000.0
2024-06-30,49247000.0,,1313275,,-5037000.0
2023-03-31,49063000.0,,1313275,,-10744000.0
2024-03-31,50481000.0,,1313275,,2012000.0
2022-09-30,53944000.0,,1313275,,-821000.0
2022-06-30,54447000.0,,1313275,,703000.0
2022-03-31,53379000.0,,1313275,,-1958000.0
2021-09-30,52163000.0,,1313275,,-233000.0
2021-06-30,51472000.0,,1313275,,590000.0
2021-03-31,54817000.0,,1313275,,6122000.0
2020-09-30,49084000.0,,1313275,,1264000.0
2020-06-30,47926000.0,,1313275,,-1153000.0
2020-03-31,46653000.0,,1313275,,-7057000.0
2019-03-31,41836000.0,,1313275,,-4753000.0
2019-06-30,47582000.0,,1313275,,-7082000.0
2019-09-30,47434000.0,,1313275,,-2358000.0
2019-12-31,47603000.0,,1313275,,-6870000.0
2020-12-31,53690000.0,,1313275,,1623000.0
2018-03-31,41194000.0,,1313275,,-2416000.0
2018-06-30,41654000.0,,1313275,,-5017000.0
2018-09-30,41121000.0,,1313275,,-3141000.0
2018-12-31,40864000.0,,1313275,,-2527000.0
2017-03-31,37572000.0,,1313275,,-5132000.0
2017-06-30,38753000.0,,1313275,,-7884000.0
2017-09-30,39487000.0,,1313275,,-5349000.0
2017-12-31,40101000.0,,1313275,,-1331000.0
2016-03-31,36292000.0,,1313275,,-1531000.0
2016-06-30,36960000.0,,1313275,,-2211000.0
2016-09-30,38389000.0,,1313275,,-1552000.0
2016-12-31,38625000.0,,1313275,,-3684000.0
2015-03-31,32885000.0,,1313275,,-2541000.0
2015-06-30,32848000.0,,1313275,,-3151000.0
2015-09-30,33837000.0,,1313275,,-1025000.0
2015-12-31,35136000.0,,1313275,,-214000.0
2014-03-31,31105000.0,,1313275,,-4658000.0
2014-06-30,31003000.0,,1313275,,-3977000.0
2014-09-30,31527000.0,,1313275,,-3110000.0
2014-12-31,31382000.0,,1313275,,-3448000.0
2013-03-31,24721000.0,,1313275,,-3872000.0
2013-06-30,26901000.0,,1313275,,-3302000.0
2013-09-30,28527000.0,,1313275,,-1317000.0
2013-12-31,29746000.0,,1313275,,-1003000.0
2012-03-31,19944000.0,,1313275,,-3242000.0
2012-06-30,21620000.0,,1313275,,-3886000.0
2012-09-30,22071000.0,,1313275,,-3713000.0
2012-12-31,24338000.0,,1313275,,-4606000.0
2011-03-31,13074000.0,,1313275,,-4436000.0
2011-06-30,15280000.0,,1313275,,-5070000.0
2011-09-30,16673000.0,,1313275,,-3297000.0
2011-12-31,18536000.0,,1313275,,-3327000.0
2021-12-31,52641000.0,,1313275,,1095000.0
2022-12-31,49238000.0,,1313275,,-5956000.0
2023-12-31,50156000.0,,1313275,,-2264000.0
2009-08-31,239485000.0,79369000.0,1316360,,46257000.0
2010-02-28,236156000.0,84652000.0,1316360,,36738000.0
2010-05-31,261547000.0,89059000.0,1316360,,49331000.0
2010-08-31,267212000.0,86203000.0,1316360,,45064000.0
2010-11-30,292827000.0,98098000.0,1316360,,42996000.0
2011-02-28,293143000.0,101772000.0,1316360,,41920000.0
2011-05-31,323121000.0,105668000.0,1316360,,52706000.0
2011-08-31,338718000.0,117352000.0,1316360,,51678000.0
2011-11-30,370656000.0,128689000.0,1316360,,26164000.0
2012-02-28,342743000.0,125176000.0,1316360,,35060000.0
2012-02-29,342743000.0,125176000.0,1316360,,35060000.0
2012-05-31,387159000.0,126845000.0,1316360,,60491000.0
2012-08-31,385609000.0,138519000.0,1316360,,56260000.0
2012-11-30,414358000.0,,1316360,,
2013-02-28,382525000.0,142229000.0,1316360,,36400000.0
2013-05-31,418143000.0,143609000.0,1316360,,61584000.0
2013-08-31,480288000.0,179344000.0,1316360,,39426000.0
2013-11-30,559675000.0,176892000.0,1316360,,36564000.0
2014-02-28,490104000.0,197716000.0,1316360,,55654000.0
2014-05-31,529871000.0,203644000.0,1316360,,86773000.0
2014-08-31,518680000.0,211285000.0,1316360,,73778000.0
2014-11-30,541132000.0,177107000.0,1316360,,61279000.0
2015-02-28,513876000.0,186448000.0,1316360,,62946000.0
2015-05-31,556940000.0,202660000.0,1316360,,76169000.0
2015-08-31,557813000.0,207744000.0,1316360,,94727000.0
2015-11-30,555706000.0,198502000.0,1316360,,74001000.0
2016-02-29,548446000.0,186515000.0,1316360,,79512000.0
2016-05-31,587969000.0,206927000.0,1316360,,85210000.0
2025-06-30,47516000000.0,,1326801,META,20441000000.0
2026-06-30,60801000000.0,,1326801,META,18775000000.0
2025-03-31,42314000000.0,,1326801,META,17555000000.0
2026-03-31,56311000000.0,,1326801,META,22872000000.0
2024-09-30,40589000000.0,,1326801,META,17350000000.0
2025-09-30,51242000000.0,,1326801,META,20535000000.0
2024-06-30,39071000000.0,,1326801,META,14847000000.0
2024-03-31,36455000000.0,,1326801,META,13818000000.0
2023-09-30,34146000000.0,,1326801,META,13748000000.0
2023-06-30,31999000000.0,,1326801,META,9392000000.0
2023-03-31,28645000000.0,,1326801,META,7227000000.0
2022-09-30,27714000000.0,,1326801,META,5664000000.0
2022-06-30,28822000000.0,,1326801,META,8358000000.0
2022-03-31,27908000000.0,,1326801,META,8524000000.0
2021-09-30,29010000000.0,,1326801,META,10423000000.0
2021-06-30,29077000000.0,,1326801,META,12367000000.0
2021-03-31,26171000000.0,,1326801,META,11378000000.0
2020-09-30,21470000000.0,,1326801,META,8040000000.0
2020-06-30,18687000000.0,,1326801,META,5963000000.0
2020-03-31,17737000000.0,,1326801,META,5893000000.0
2019-09-30,17652000000.0,,1326801,META,7185000000.0
2019-06-30,16886000000.0,,1326801,META,4626000000.0
2019-03-31,15077000000.0,,1326801,META,3317000000.0
2018-09-30,13727000000.0,,1326801,META,5781000000.0
2018-06-30,13231000000.0,,1326801,META,5863000000.0
2018-03-31,11966000000.0,,1326801,META,5449000000.0
2017-09-30,10328000000.0,,1326801,META,5122000000.0
2017-06-30,9321000000.0,,1326801,META,4401000000.0
2017-03-31,8032000000.0,,1326801,META,3327000000.0
2016-09-30,7011000000.0,,1326801,META,3117000000.0
2016-06-30,6436000000.0,,1326801,META,2734000000.0
2016-03-31,5382000000.0,,1326801,META,2010000000.0
2015-09-30,4501000000.0,,1326801,META,1459000000.0
2015-06-30,4042000000.0,,1326801,META,1273000000.0
2015-03-31,3543000000.0,,1326801,META,933000000.0
2014-09-30,3203000000.0,,1326801,META,1397000000.0
2014-06-30,2910000000.0,,1326801,META,1390000000.0
2014-03-31,2502000000.0,,1326801,META,1075000000.0
2013-09-30,2016000000.0,,1326801,META,736000000.0
2013-06-30,1813000000.0,,1326801,META,562000000.0
2013-03-31,1458000000.0,,1326801,META,373000000.0
2012-09-30,1262000000.0,,1326801,META,377000000.0
2012-06-30,1184000000.0,,1326801,META,-743000000.0
2012-03-31,1058000000.0,,1326801,META,381000000.0
2011-09-30,954000000.0,,1326801,META,414000000.0
2011-06-30,895000000.0,,1326801,META,407000000.0
2023-12-31,40112000000.0,,1326801,META,16384000000.0
2024-12-31,48386000000.0,,1326801,META,23365000000.0
2025-12-31,59894000000.0,,1326801,META,24745000000.0
2022-12-31,32165000000.0,,1326801,META,6398000000.0
2021-12-31,33671000000.0,,1326801,META,12585000000.0
2020-12-31,28071000000.0,,1326801,META,12775000000.0
2019-12-31,21082000000.0,,1326801,META,8858000000.0
2018-12-31,16914000000.0,,1326801,META,7820000000.0
2017-12-31,12972000000.0,,1326801,META,7353000000.0
2016-12-31,8809000000.0,,1326801,META,4566000000.0
2015-12-31,5842000000.0,,1326801,META,2560000000.0
2014-12-31,3851000000.0,,1326801,META,1132000000.0
2013-12-31,2585000000.0,,1326801,META,1133000000.0
2012-12-31,1585000000.0,,1326801,META,523000000.0
2024-09-30,46544000.0,,1327318,,-7388000.0
2025-09-30,43207000.0,,1327318,,-7348000.0
2024-06-30,41795000.0,,1327318,,-15189000.0
2025-06-30,46998000.0,,1327318,,-8579000.0
2024-03-31,41052000.0,,1327318,,-7485000.0
2025-03-31,44810000.0,,1327318,,-11198000.0
2023-09-30,41146000.0,,1327318,,-9580000.0
2023-06-30,39293000.0,,1327318,,-22147000.0
2023-03-31,36980000.0,,1327318,,-21167000.0
2022-09-30,39052000.0,,1327318,,-78123000.0
2022-06-30,42275000.0,,1327318,,-13968000.0
2022-03-31,43533000.0,,1327318,,-14133000.0
2021-09-30,54966000.0,,1327318,,-6827000.0
2021-06-30,65766000.0,,1327318,,-6680000.0
2021-03-31,65105000.0,,1327318,,-8635000.0
2020-09-30,77247000.0,,1327318,,9735000.0
2020-06-30,58554000.0,,1327318,,-10866000.0
2020-03-31,78917000.0,,1327318,,-10618000.0
2019-09-30,85785000.0,,1327318,,-9202000.0
2019-06-30,88075000.0,,1327318,,-24684000.0
2019-03-31,85582000.0,,1327318,,-15265000.0
2018-09-30,93586000.0,,1327318,,-6549000.0
2018-06-30,87850000.0,,1327318,,-6745000.0
2018-03-31,81061000.0,,1327318,,-9059000.0
2017-09-30,82440000.0,,1327318,,-9146000.0
2017-06-30,81819000.0,,1327318,,-7456000.0
2017-03-31,75757000.0,,1327318,,-6158000.0
2016-09-30,75139000.0,,1327318,,-6691000.0
2016-06-30,66427000.0,,1327318,,-13955000.0
2016-03-31,61860000.0,,1327318,,-11016000.0
2015-09-30,72405000.0,,1327318,,-10800000.0
2015-06-30,65291000.0,,1327318,,-14598000.0
2015-03-31,58554000.0,,1327318,,-11400000.0
2014-09-30,56751000.0,,1327318,,-13527000.0
2014-06-30,50497000.0,,1327318,,-14856000.0
2014-03-31,43930000.0,,1327318,,-9518000.0
2013-09-30,37547000.0,,1327318,,-4452000.0
2013-06-30,31223000.0,,1327318,,-3191000.0
2022-12-31,36664000.0,,1327318,,-19471000.0
2023-12-31,41287000.0,,1327318,,-3573000.0
2024-12-31,46207000.0,,1327318,,-7118000.0
2021-12-31,45861000.0,,1327318,,-11336000.0
2020-12-31,63960000.0,,1327318,,-6767000.0
2019-12-31,75604000.0,,1327318,,-11705000.0
2018-12-31,72592000.0,,1327318,,-10711000.0
2017-12-31,83133000.0,,1327318,,-10903000.0
2016-12-31,74081000.0,,1327318,,-7237000.0
2015-12-31,63588000.0,,1327318,,-27184000.0
2014-12-31,55471000.0,,1327318,,-9604000.0
2014-07-31,16701000.0,,1327688,OOMA,-1522000.0
2014-10-31,18287000.0,,1327688,OOMA,-1496000.0
2015-04-30,19852000.0,,1327688,OOMA,-2932000.0
2015-07-31,21136000.0,,1327688,OOMA,-3060000.0
2015-10-31,23476000.0,,1327688,OOMA,-3502000.0
2016-01-31,24311000.0,,1327688,OOMA,-3193000.0
2016-04-30,24459000.0,,1327688,OOMA,-4042000.0
2016-07-31,25494000.0,,1327688,OOMA,-3413000.0
2016-10-31,27007000.0,,1327688,OOMA,-2908000.0
2017-01-31,27564000.0,,1327688,OOMA,-2913000.0
2017-04-30,27578000.0,,1327688,OOMA,-3498000.0
2017-07-31,28187000.0,,1327688,OOMA,-3792000.0
2017-10-31,28505000.0,,1327688,OOMA,-3327000.0
2018-01-31,30220000.0,,1327688,OOMA,-3107000.0
2018-04-30,30222000.0,,1327688,OOMA,-3931000.0
2018-07-31,,,1327688,OOMA,-4164000.0
2018-10-31,,,1327688,OOMA,-3864000.0
2019-01-31,,,1327688,OOMA,-3827000.0
2019-04-30,,,1327688,OOMA,-5020000.0
2019-07-31,,,1327688,OOMA,-5279000.0
2019-10-31,,,1327688,OOMA,-6940000.0
2020-01-31,,,1327688,OOMA,-2472000.0
2020-04-30,,,1327688,OOMA,-1145000.0
2020-07-31,,,1327688,OOMA,-549000.0
2020-10-31,,,1327688,OOMA,-522000.0
2021-01-31,,,1327688,OOMA,-559000.0
2021-04-30,,,1327688,OOMA,-966000.0
2021-07-31,,,1327688,OOMA,-458000.0
2021-10-31,,,1327688,OOMA,-379000.0
2022-01-31,,,1327688,OOMA,-127000.0
2022-04-30,,,1327688,OOMA,-759000.0
2022-07-31,,,1327688,OOMA,-1646000.0
2022-10-31,,,1327688,OOMA,-2855000.0
2023-01-31,,,1327688,OOMA,-497000.0
2023-04-30,,,1327688,OOMA,-608000.0
2023-07-31,,,1327688,OOMA,6000.0
2023-10-31,,,1327688,OOMA,-1018000.0
2024-01-31,,,1327688,OOMA,-2381000.0
2024-04-30,,,1327688,OOMA,-2737000.0
2024-07-31,,,1327688,OOMA,-1596000.0
2024-10-31,,,1327688,OOMA,-2286000.0
2025-01-31,,,1327688,OOMA,-321000.0
2025-04-30,,,1327688,OOMA,-57000.0
2025-07-31,,,1327688,OOMA,916000.0
2025-10-31,,,1327688,OOMA,1292000.0
2026-01-31,,,1327688,OOMA,2105000.0
2026-04-30,,,1327688,OOMA,3508000.0
2026-07-31,,,1327688,OOMA,3990000.0
2025-07-31,2348000000.0,,1327811,WDAY,248000000.0
2026-07-31,2649000000.0,,1327811,WDAY,313000000.0
2025-04-30,2240000000.0,,1327811,WDAY,39000000.0
2026-04-30,2542000000.0,,1327811,WDAY,338000000.0
2024-10-31,2160000000.0,,1327811,WDAY,165000000.0
2025-10-31,2432000000.0,,1327811,WDAY,259000000.0
2024-07-31,2085000000.0,,1327811,WDAY,111000000.0
2024-04-30,1990000000.0,,1327811,WDAY,64000000.0
2023-10-31,1866000000.0,,1327811,WDAY,88000000.0
2023-07-31,1787000000.0,,1327811,WDAY,36000000.0
2023-04-30,1684000000.0,,1327811,WDAY,-20000000.0
2022-10-31,1599103000.0,,1327811,WDAY,-26321000.0
2022-07-31,1535798000.0,,1327811,WDAY,-34078000.0
2022-04-30,1434657000.0,,1327811,WDAY,-72843000.0
2021-10-31,1327263000.0,,1327811,WDAY,23945000.0
2021-07-31,1260361000.0,,1327811,WDAY,-1120000.0
2021-04-30,1175033000.0,,1327811,WDAY,-38313000.0
2020-10-31,1105960000.0,,1327811,WDAY,-14077000.0
2020-07-31,1061967000.0,,1327811,WDAY,-16754000.0
2020-04-30,1018385000.0,,1327811,WDAY,-144457000.0
2019-04-30,825055000.0,,1327811,WDAY,-123386000.0
2019-07-31,887752000.0,,1327811,WDAY,-122497000.0
2019-10-31,938100000.0,,1327811,WDAY,-110250000.0
2020-01-31,976299000.0,,1327811,WDAY,-146097000.0
2021-01-31,1131684000.0,,1327811,WDAY,-73311000.0
2018-04-30,618643000.0,,1327811,WDAY,-71264000.0
2018-07-31,671720000.0,,1327811,WDAY,-88982000.0
2018-10-31,743189000.0,,1327811,WDAY,-182755000.0
2019-01-31,788628000.0,,1327811,WDAY,-120283000.0
2017-04-30,479861000.0,,1327811,WDAY,-60200000.0
2017-07-31,525320000.0,,1327811,WDAY,-81629000.0
2017-10-31,555389000.0,,1327811,WDAY,-80059000.0
2018-01-31,582480000.0,,1327811,WDAY,-81335000.0
2016-04-30,347677000.0,,1327811,WDAY,-71530000.0
2016-07-31,373657000.0,,1327811,WDAY,-86685000.0
2016-10-31,413522000.0,,1327811,WDAY,-105932000.0
2017-01-31,439584000.0,,1327811,WDAY,-88939000.0
2015-04-30,250957000.0,,1327811,WDAY,-53404000.0
2015-07-31,282696000.0,,1327811,WDAY,-67640000.0
2015-10-31,305266000.0,,1327811,WDAY,-70174000.0
2016-01-31,323427000.0,,1327811,WDAY,-73441000.0
2014-04-30,159737000.0,,1327811,WDAY,-52083000.0
2014-07-31,186780000.0,,1327811,WDAY,-61769000.0
2014-10-31,215070000.0,,1327811,WDAY,-51466000.0
2015-01-31,226273000.0,,1327811,WDAY,-50384000.0
2013-04-30,91645000.0,,1327811,WDAY,-32624000.0
2013-07-31,107555000.0,,1327811,WDAY,-32283000.0
2013-10-31,127872000.0,,1327811,WDAY,-40399000.0
2014-01-31,141866000.0,,1327811,WDAY,-47976000.0
2012-04-30,56818000.0,,1327811,WDAY,-19957000.0
2012-07-31,62702000.0,,1327811,WDAY,-26360000.0
2012-10-31,72618000.0,,1327811,WDAY,-40868000.0
2013-01-31,81519000.0,,1327811,WDAY,-30678000.0
2011-04-30,24693000.0,,1327811,WDAY,-15818000.0
2011-07-31,30126000.0,,1327811,WDAY,-20093000.0
2011-10-31,36450000.0,,1327811,WDAY,-19442000.0
2012-01-31,43158000.0,,1327811,WDAY,-23091000.0
2024-01-31,1922000000.0,,1327811,WDAY,79000000.0
2025-01-31,2211000000.0,,1327811,WDAY,75000000.0
2026-01-31,2532000000.0,,1327811,WDAY,175000000.0
2023-01-31,1646442000.0,,1327811,WDAY,-88758000.0
2022-01-31,1376343000.0,,1327811,WDAY,-100512000.0
2009-06-30,57870000.0,25280000.0,1333513,,224000.0
2009-09-30,58809000.0,25471000.0,1333513,,1282000.0
2010-03-31,56785000.0,27408000.0,1333513,,-4938000.0
2010-06-30,61907000.0,27260000.0,1333513,,43000.0
2010-09-30,63128000.0,24526000.0,1333513,,2411000.0
2010-12-31,62006000.0,22426000.0,1333513,,3139000.0
2011-03-31,77191000.0,30424000.0,1333513,,-1074000.0
2011-06-30,89051000.0,31490000.0,1333513,,5878000.0
2011-09-30,95793000.0,33342000.0,1333513,,7044000.0
2011-12-31,91259000.0,33636000.0,1333513,,2390000.0
2012-03-31,91617000.0,34128000.0,1333513,,1345000.0
2012-06-30,96396000.0,34067000.0,1333513,,5673000.0
2012-09-30,99084000.0,35307000.0,1333513,,5428000.0
2012-12-31,101775000.0,42355000.0,1333513,,1481000.0
2013-03-31,109059000.0,42468000.0,1333513,,751000.0
2013-06-30,121782000.0,43887000.0,1333513,,7629000.0
2013-09-30,124582000.0,45365000.0,1333513,,6912000.0
2013-12-31,126111000.0,52576000.0,1333513,,-4238000.0
2014-03-31,158808000.0,67486000.0,1333513,,-22633000.0
2014-06-30,224767000.0,74637000.0,1333513,,3533000.0
2014-09-30,233520000.0,72689000.0,1333513,,9135000.0
2014-12-31,237320000.0,77719000.0,1333513,,-2212000.0
2015-03-31,252754000.0,94465000.0,1333513,,-18439000.0
2015-06-30,269458000.0,88606000.0,1333513,,-3444000.0
2009-04-30,2649000000.0,,1336920,LDOS,204000000.0
2009-07-31,2749000000.0,,1336920,LDOS,221000000.0
2009-10-31,2765000000.0,,1336920,LDOS,233000000.0
2010-01-31,2683000000.0,,1336920,LDOS,209000000.0
2010-04-30,2627000000.0,,1336920,LDOS,206000000.0
2010-07-31,2749000000.0,,1336920,LDOS,272000000.0
2010-10-31,2821000000.0,,1336920,LDOS,252000000.0
2011-01-31,2724000000.0,,1336920,LDOS,217000000.0
2011-04-30,2663000000.0,,1336920,LDOS,227000000.0
2011-07-31,2573000000.0,,1336920,LDOS,206000000.0
2011-10-31,2790000000.0,,1336920,LDOS,-20000000.0
2012-01-31,2471000000.0,,1336920,LDOS,-114000000.0
2012-04-30,1598000000.0,,1336920,LDOS,116000000.0
2012-07-31,1623000000.0,152000000.0,1336920,LDOS,111000000.0
2012-10-31,1668000000.0,139000000.0,1336920,LDOS,105000000.0
2013-01-31,1580000000.0,,1336920,LDOS,91000000.0
2013-05-03,1593000000.0,128000000.0,1336920,LDOS,77000000.0
2013-08-02,1457000000.0,105000000.0,1336920,LDOS,10000000.0
2013-11-01,1414000000.0,113000000.0,1336920,LDOS,-5000000.0
2014-01-31,1291000000.0,94000000.0,1336920,LDOS,81000000.0
2014-05-02,1312000000.0,84000000.0,1336920,LDOS,87000000.0
2014-08-01,1306000000.0,87000000.0,1336920,LDOS,-410000000.0
2014-10-31,1276000000.0,72000000.0,1336920,LDOS,72000000.0
2015-01-30,1169000000.0,67000000.0,1336920,LDOS,37000000.0
2015-04-03,1246000000.0,75000000.0,1336920,LDOS,38000000.0
2015-07-03,1257000000.0,51000000.0,1336920,LDOS,64000000.0
2015-10-02,1302000000.0,53000000.0,1336920,LDOS,94000000.0
2016-01-01,1281000000.0,,1336920,LDOS,102000000.0
2016-04-01,1312000000.0,60000000.0,1336920,LDOS,89000000.0
2016-07-01,1288000000.0,56000000.0,1336920,LDOS,75000000.0
2016-09-30,1868000000.0,88000000.0,1336920,LDOS,101000000.0
2016-12-30,2575000000.0,218000000.0,1336920,LDOS,152000000.0
2017-03-31,2580000000.0,181000000.0,1336920,LDOS,141000000.0
2017-06-30,2571000000.0,186000000.0,1336920,LDOS,166000000.0
2017-09-29,2503000000.0,194000000.0,1336920,LDOS,151000000.0
2017-12-29,2516000000.0,176000000.0,1336920,LDOS,101000000.0
2018-03-30,2443000000.0,178000000.0,1336920,LDOS,159000000.0
2018-06-29,2529000000.0,174000000.0,1336920,LDOS,199000000.0
2018-09-28,2575000000.0,194000000.0,1336920,LDOS,203000000.0
2018-12-28,2647000000.0,183000000.0,1336920,LDOS,188000000.0
2019-03-29,2559000000.0,166000000.0,1336920,LDOS,192000000.0
2019-06-28,2716000000.0,175000000.0,1336920,LDOS,210000000.0
2019-09-27,2777000000.0,177000000.0,1336920,LDOS,249000000.0
2020-01-03,2924000000.0,171000000.0,1336920,LDOS,261000000.0
2020-04-03,2864000000.0,197000000.0,1336920,LDOS,192000000.0
2020-07-03,2892000000.0,195000000.0,1336920,LDOS,249000000.0
2020-10-02,3218000000.0,200000000.0,1336920,LDOS,258000000.0
2021-01-01,3223000000.0,178000000.0,1336920,LDOS,299000000.0
2021-04-02,3291000000.0,159000000.0,1336920,LDOS,308000000.0
2021-07-02,3417000000.0,224000000.0,1336920,LDOS,269000000.0
2021-10-01,3449000000.0,233000000.0,1336920,LDOS,305000000.0
2021-12-31,3460000000.0,235000000.0,1336920,LDOS,270000000.0
2022-04-01,3478000000.0,236000000.0,1336920,LDOS,271000000.0
2022-07-01,3567000000.0,262000000.0,1336920,LDOS,271000000.0
2022-09-30,3579000000.0,232000000.0,1336920,LDOS,281000000.0
2022-12-30,3663000000.0,221000000.0,1336920,LDOS,265000000.0
2023-03-31,3679000000.0,233000000.0,1336920,LDOS,265000000.0
2023-06-30,3813000000.0,237000000.0,1336920,LDOS,331000000.0
2023-09-29,3897000000.0,239000000.0,1336920,LDOS,-336000000.0
2023-12-29,3950000000.0,233000000.0,1336920,LDOS,361000000.0
2024-03-29,3951000000.0,226000000.0,1336920,LDOS,415000000.0
2024-06-28,4107000000.0,231000000.0,1336920,LDOS,475000000.0
2024-09-27,4169000000.0,247000000.0,1336920,LDOS,516000000.0
2025-01-03,4349000000.0,279000000.0,1336920,LDOS,421000000.0
2025-04-04,4228000000.0,230000000.0,1336920,LDOS,530000000.0
2025-07-04,4233000000.0,217000000.0,1336920,LDOS,571000000.0
2025-10-03,4449000000.0,286000000.0,1336920,LDOS,535000000.0
2026-01-02,4197000000.0,266000000.0,1336920,LDOS,473000000.0
2026-04-03,4383000000.0,223000000.0,1336920,LDOS,508000000.0
2026-07-03,4548000000.0,283000000.0,1336920,LDOS,514000000.0
2018-09-30,77682000.0,,1340127,,4316000.0
2019-09-30,125596000.0,,1340127,,-6901000.0
2018-06-30,77734000.0,,1340127,,-281000.0
2019-06-30,121510000.0,,1340127,,-4825000.0
2018-03-31,64026000.0,,1340127,,-2926000.0
2019-03-31,81215000.0,,1340127,,-2425000.0
2017-03-31,57099000.0,,1340127,,-6873000.0
2017-06-30,59034000.0,,1340127,,-4653000.0
2017-09-30,61637000.0,,1340127,,-1094000.0
2017-12-31,61692000.0,,1340127,,555000.0
2018-12-31,76966000.0,,1340127,,2558000.0
2016-03-31,48115000.0,,1340127,,-4451000.0
2016-06-30,53435000.0,,1340127,,1447000.0
2016-09-30,51948000.0,,1340127,,381000.0
2016-12-31,53488000.0,,1340127,,-161000.0
2015-03-31,33026000.0,,1340127,,-5993000.0
2015-06-30,33972000.0,,1340127,,-4476000.0
2015-09-30,34553000.0,,1340127,,-5701000.0
2015-12-31,35065000.0,,1340127,,-5488000.0
2014-03-31,29137000.0,,1340127,,-942000.0
2014-06-30,30295000.0,,1340127,,-2547000.0
2014-09-30,31274000.0,,1340127,,-481000.0
2014-12-31,31914000.0,,1340127,,-4615000.0
2013-03-31,24508000.0,,1340127,,-7411000.0
2013-06-30,26216000.0,,1340127,,-2305000.0
2013-09-30,27683000.0,,1340127,,-1177000.0
2013-12-31,28787000.0,,1340127,,341000.0
2012-03-31,18547000.0,,1340127,,-9103000.0
2012-06-30,20247000.0,,1340127,,-4223000.0
2012-09-30,21573000.0,,1340127,,-3359000.0
2012-12-31,23676000.0,,1340127,,-2249000.0
2011-03-31,12843000.0,,1340127,,-5353000.0
2011-06-30,14399000.0,,1340127,,-4662000.0
2011-09-30,15926000.0,,1340127,,-7438000.0
2011-12-31,17344000.0,,1340127,,-6101000.0
2010-09-30,10322000.0,,1340127,,-6695000.0
2025-06-30,1353443000.0,231681000.0,1352010,EPAM,126476000.0
2026-06-30,1414767000.0,245245000.0,1352010,EPAM,152222000.0
2025-03-31,1301692000.0,218917000.0,1352010,EPAM,99330000.0
2026-03-31,1400061000.0,239702000.0,1352010,EPAM,116768000.0
2024-09-30,1167527000.0,206820000.0,1352010,EPAM,176979000.0
2025-09-30,1394373000.0,234948000.0,1352010,EPAM,144943000.0
2024-06-30,1146597000.0,194058000.0,1352010,EPAM,120561000.0
2024-03-31,1165465000.0,198453000.0,1352010,EPAM,110532000.0
2023-09-30,1152136000.0,194829000.0,1352010,EPAM,114028000.0
2023-06-30,1170206000.0,194377000.0,1352010,EPAM,144346000.0
2023-03-31,1210941000.0,211887000.0,1352010,EPAM,120371000.0
2022-09-30,1226920000.0,198021000.0,1352010,EPAM,180227000.0
2022-06-30,1194861000.0,232527000.0,1352010,EPAM,93020000.0
2022-03-31,1171614000.0,237277000.0,1352010,EPAM,129242000.0
2021-09-30,988539000.0,169498000.0,1352010,EPAM,144124000.0
2021-06-30,881366000.0,151910000.0,1352010,EPAM,125274000.0
2021-03-31,780775000.0,136389000.0,1352010,EPAM,107251000.0
2020-09-30,652243000.0,116530000.0,1352010,EPAM,96396000.0
2020-06-30,632383000.0,114191000.0,1352010,EPAM,83426000.0
2020-03-31,651359000.0,125108000.0,1352010,EPAM,87509000.0
2019-03-31,521333000.0,101786000.0,1352010,EPAM,64658000.0
2019-06-30,551587000.0,111762000.0,1352010,EPAM,72882000.0
2019-09-30,588103000.0,118886000.0,1352010,EPAM,80565000.0
2019-12-31,632775000.0,124999000.0,1352010,EPAM,84745000.0
2020-12-31,723493000.0,128929000.0,1352010,EPAM,111993000.0
2018-03-31,424148000.0,89641000.0,1352010,EPAM,48697000.0
2018-06-30,445647000.0,93273000.0,1352010,EPAM,54237000.0
2018-09-30,468186000.0,93226000.0,1352010,EPAM,64560000.0
2018-12-31,504931000.0,97447000.0,1352010,EPAM,78270000.0
2017-03-31,324651000.0,79283000.0,1352010,EPAM,30966000.0
2017-06-30,348977000.0,81143000.0,1352010,EPAM,40682000.0
2017-09-30,377523000.0,81732000.0,1352010,EPAM,49248000.0
2017-12-31,399297000.0,85430000.0,1352010,EPAM,52050000.0
2016-03-31,264482000.0,61494000.0,1352010,EPAM,30331000.0
2016-06-30,283832000.0,64241000.0,1352010,EPAM,32080000.0
2016-09-30,298293000.0,67491000.0,1352010,EPAM,33902000.0
2016-12-31,313525000.0,71432000.0,1352010,EPAM,37383000.0
2015-03-31,200045000.0,46938000.0,1352010,EPAM,22820000.0
2015-06-30,217781000.0,55976000.0,1352010,EPAM,23606000.0
2015-09-30,236049000.0,55431000.0,1352010,EPAM,27776000.0
2015-12-31,260253000.0,64414000.0,1352010,EPAM,31765000.0
2014-03-31,160384000.0,32359000.0,1352010,EPAM,21857000.0
2014-06-30,174695000.0,38671000.0,1352010,EPAM,18476000.0
2014-09-30,192764000.0,42875000.0,1352010,EPAM,21835000.0
2014-12-31,202184000.0,49761000.0,1352010,EPAM,24015000.0
2013-03-31,124198000.0,27083000.0,1352010,EPAM,15536000.0
2013-06-30,133184000.0,28541000.0,1352010,EPAM,17535000.0
2013-09-30,140150000.0,27893000.0,1352010,EPAM,20230000.0
2013-12-31,157585000.0,32980000.0,1352010,EPAM,23192000.0
2012-03-31,94383000.0,17627000.0,1352010,EPAM,13784000.0
2012-06-30,103800000.0,20711000.0,1352010,EPAM,16830000.0
2012-09-30,110078000.0,21153000.0,1352010,EPAM,16736000.0
2012-12-31,125538000.0,26377000.0,1352010,EPAM,18656000.0
2011-03-31,72802000.0,13793000.0,1352010,EPAM,11812000.0
2011-06-30,80176000.0,16805000.0,1352010,EPAM,10878000.0
2011-09-30,86423000.0,15822000.0,1352010,EPAM,16891000.0
2011-12-31,95127000.0,18510000.0,1352010,EPAM,15427000.0
2023-12-31,1157257000.0,213972000.0,1352010,EPAM,122494000.0
2024-12-31,1248351000.0,216969000.0,1352010,EPAM,136512000.0
2025-12-31,1407548000.0,243161000.0,1352010,EPAM,149254000.0
2022-12-31,1231303000.0,204952000.0,1352010,EPAM,170477000.0
2021-12-31,1107464000.0,190939000.0,1352010,EPAM,165667000.0
2010-06-30,2358.0,,1353499,,-2003376.0
2010-09-30,7576.0,,1353499,,-640292.0
2011-03-31,0.0,,1353499,,-2465801.0
2011-06-30,0.0,,1353499,,-980272.0
2011-09-30,3000.0,,1353499,,-1378741.0
2012-03-31,0.0,,1353499,,-534185.0
2012-06-30,,,1353499,,-472387.0
2012-09-30,,,1353499,,-642106.0
2012-12-31,,,1353499,,-1219437.0
2013-03-31,988.0,,1353499,,-2317021.0
2013-06-30,732.0,,1353499,,-1157328.0
2013-09-30,487.0,,1353499,,-1400614.0
2013-12-31,291.0,,1353499,,-1488264.0
2014-03-31,1236.0,,1353499,,-1430116.0
2014-06-30,1103.0,,1353499,,-1452752.0
2014-09-30,1103.0,,1353499,,-1469614.0
2014-12-31,-951.0,,1353499,,-1270793.0
2015-03-31,,,1353499,,-1221064.0
2015-06-30,,,1353499,,-1461726.0
2015-09-30,,,1353499,,-1638738.0
2015-12-31,,,1353499,,-1220215.0
2016-06-30,,,1353499,,-592356.0
2016-09-30,,,1353499,,-434021.0
2017-03-31,,,1353499,,-401360.0
2017-06-30,,,1353499,,-529072.0
2017-09-30,,,1353499,,-1419628.0
2017-12-31,,,1353499,,-456961.0
2018-03-31,,,1353499,,-391030.0
2018-06-30,,,1353499,,-309149.0
2018-09-30,,,1353499,,-536334.0
2018-12-31,,,1353499,,-239990.0
2019-03-31,,,1353499,,-206445.0
2019-06-30,,,1353499,,-165956.0
2019-09-30,,,1353499,,-177279.0
2019-12-31,,,1353499,,-72671.0
2020-03-31,0.0,,1353499,,-202755.0
2020-06-30,0.0,,1353499,,-100108.0
2020-09-30,0.0,,1353499,,-93232.0
2020-12-31,0.0,,1353499,,-95034.0
2021-03-31,251000.0,,1353499,,156839.0
2021-06-30,0.0,,1353499,,-323983.0
2021-09-30,37000.0,,1353499,,-86760.0
2021-12-31,0.0,,1353499,,-124144.0
2022-03-31,0.0,,1353499,,-130243.0
2022-06-30,0.0,,1353499,,-88577.0
2025-06-30,5722599.0,,1355839,IPM,-1129699.0
2026-06-30,6462542.0,,1355839,IPM,-1512371.0
2025-03-31,5518038.0,,1355839,IPM,-1333927.0
2026-03-31,6354751.0,,1355839,IPM,-768182.0
2024-09-30,275420.0,,1355839,IPM,-1487374.0
2025-09-30,6238019.0,,1355839,IPM,-1435762.0
2024-06-30,271409.0,,1355839,IPM,-1051051.0
2024-03-31,271572.0,,1355839,IPM,-1005009.0
2023-09-30,2767939.0,,1355839,IPM,-389416.0
2023-06-30,2956002.0,,1355839,IPM,-277698.0
2023-03-31,2564017.0,,1355839,IPM,-909019.0
2022-09-30,2623467.0,,1355839,IPM,-1060403.0
2022-06-30,2644468.0,,1355839,IPM,-1083586.0
2022-03-31,2926701.0,,1355839,IPM,-713166.0
2021-09-30,3377647.0,,1355839,IPM,-456542.0
2021-06-30,3415803.0,,1355839,IPM,577011.0
2021-03-31,3372002.0,,1355839,IPM,408862.0
2020-09-30,3309255.0,,1355839,IPM,543792.0
2020-06-30,3380475.0,,1355839,IPM,530662.0
2020-03-31,2720742.0,,1355839,IPM,-363602.0
2019-09-30,2958439.0,,1355839,IPM,-1087247.0
2019-06-30,4872874.0,,1355839,IPM,423047.0
2019-03-31,4873175.0,,1355839,IPM,-105232.0
2018-09-30,5304734.0,,1355839,IPM,417688.0
2018-06-30,5825157.0,,1355839,IPM,663923.0
2018-03-31,4070404.0,,1355839,IPM,-493089.0
2017-09-30,5927475.0,,1355839,IPM,-2012100.0
2017-06-30,6239589.0,,1355839,IPM,-1462119.0
2017-03-31,6718952.0,,1355839,IPM,-1075516.0
2016-09-30,4647948.0,,1355839,IPM,-67809.0
2016-06-30,4355567.0,,1355839,IPM,-772446.0
2016-03-31,4937698.0,,1355839,IPM,40504.0
2015-09-30,2926693.0,,1355839,IPM,102705.0
2015-06-30,3188539.0,,1355839,IPM,-238375.0
2015-03-31,3186083.0,,1355839,IPM,-982775.0
2014-09-30,3484500.0,,1355839,IPM,-182691.0
2014-06-30,3450010.0,,1355839,IPM,-254100.0
2014-03-31,3292353.0,,1355839,IPM,-1005243.0
2013-09-30,2989978.0,,1355839,IPM,-1559138.0
2013-06-30,3151989.0,,1355839,IPM,-1544128.0
2013-03-31,3469560.0,,1355839,IPM,-1257711.0
2012-09-30,4331701.0,,1355839,IPM,-265483.0
2012-06-30,5212637.0,,1355839,IPM,-1144530.0
2012-03-31,5745452.0,,1355839,IPM,-1715794.0
2011-09-30,5091026.0,,1355839,IPM,-518453.0
2011-03-31,3736905.0,,1355839,IPM,-931210.0
2011-06-30,4826783.0,,1355839,IPM,-639221.0
2010-09-30,1706691.0,,1355839,IPM,86972.0
2010-06-30,1243082.0,,1355839,IPM,-71912.0
2024-12-31,279879.0,,1355839,IPM,-1578115.0
2025-12-31,6133803.0,,1355839,IPM,-819791.0
2023-12-31,-7325926.0,,1355839,IPM,-2121478.0
2022-12-31,2794909.0,,1355839,IPM,-801655.0
2021-12-31,3108397.0,,1355839,IPM,-9841.0
2020-12-31,3422200.0,,1355839,IPM,531843.0
2019-12-31,2579129.0,,1355839,IPM,-7845901.0
2018-12-31,5131505.0,,1355839,IPM,-137397.0
2016-12-31,7047216.0,,1355839,IPM,-944097.0
2015-12-31,10820828.0,,1355839,IPM,647790.0
2014-12-31,3331827.0,,1355839,IPM,-302068.0
2013-12-31,2998565.0,,1355839,IPM,-1129580.0
2012-12-31,3956946.0,,1355839,IPM,-230141.0
2011-12-31,5500829.0,,1355839,IPM,-1575056.0
2010-06-30,1916000.0,,1356093,CREX,-2056000.0
2010-09-30,2672000.0,,1356093,CREX,-1387000.0
2011-03-31,2397000.0,,1356093,CREX,-2257000.0
2011-06-30,3054000.0,,1356093,CREX,-1432000.0
2011-09-30,2301000.0,,1356093,CREX,-1374000.0
2011-12-31,1522000.0,,1356093,CREX,-1649000.0
2012-03-31,1773000.0,,1356093,CREX,-1824000.0
2012-06-30,1557000.0,,1356093,CREX,-1206000.0
2012-09-30,1769000.0,,1356093,CREX,-1179000.0
2012-12-31,1605000.0,,1356093,CREX,-1190000.0
2013-03-31,1407000.0,,1356093,CREX,-1405000.0
2013-06-30,2626000.0,,1356093,CREX,-70000.0
2013-09-30,4105000.0,,1356093,CREX,-222000.0
2013-12-31,1235000.0,,1356093,CREX,-949000.0
2014-03-31,2272000.0,,1356093,CREX,-814000.0
2014-06-30,3006000.0,,1356093,CREX,-725000.0
2014-09-30,4420000.0,,1356093,CREX,-1431000.0
2014-12-31,3720000.0,,1356093,CREX,-1916000.0
2015-03-31,2126000.0,,1356093,CREX,-2605000.0
2015-06-30,2702000.0,,1356093,CREX,-2192000.0
2015-09-30,3369000.0,,1356093,CREX,-1317000.0
2015-12-31,3274000.0,,1356093,CREX,-1176000.0
2016-03-31,2435000.0,,1356093,CREX,-1597000.0
2016-06-30,3029000.0,,1356093,CREX,-795000.0
2016-09-30,2708000.0,,1356093,CREX,-2344000.0
2016-12-31,5501000.0,,1356093,CREX,179000.0
2017-03-31,6419000.0,,1356093,CREX,123000.0
2017-06-30,3568000.0,,1356093,CREX,-1022000.0
2017-09-30,3575000.0,,1356093,CREX,-3587000.0
2017-12-31,4136000.0,,1356093,CREX,-1614000.0
2018-03-31,4066000.0,,1356093,CREX,-1819000.0
2018-06-30,7179000.0,,1356093,CREX,-7000.0
2018-09-30,6001000.0,,1356093,CREX,-508000.0
2018-12-31,5229000.0,,1356093,CREX,-2148000.0
2019-03-31,9484000.0,,1356093,CREX,35000.0
2019-06-30,9314000.0,,1356093,CREX,495000.0
2019-09-30,6723000.0,,1356093,CREX,86000.0
2019-12-31,6077000.0,,1356093,CREX,-726000.0
2020-03-31,3704000.0,,1356093,CREX,-13001000.0
2020-06-30,3656000.0,,1356093,CREX,-1644000.0
2020-09-30,5107000.0,,1356093,CREX,-422000.0
2020-12-31,4990000.0,,1356093,CREX,-1015000.0
2021-03-31,5004000.0,,1356093,CREX,-213000.0
2021-06-30,3277000.0,,1356093,CREX,-411000.0
2021-09-30,4753000.0,,1356093,CREX,-404000.0
2021-12-31,5403000.0,,1356093,CREX,-1521000.0
2022-03-31,10757000.0,,1356093,CREX,-1014000.0
2022-06-30,10923000.0,,1356093,CREX,30000.0
2022-09-30,11180000.0,,1356093,CREX,-284000.0
2022-12-31,,,1356093,CREX,-1212000.0
2023-03-31,,,1356093,CREX,-90000.0
2023-06-30,,,1356093,CREX,-700000.0
2023-09-30,,,1356093,CREX,160000.0
2023-12-31,,,1356093,CREX,1976000.0
2024-03-31,,,1356093,CREX,-76000.0
2024-06-30,,,1356093,CREX,592000.0
2024-09-30,,,1356093,CREX,1136000.0
2024-12-31,,,1356093,CREX,-714000.0
2025-03-31,,,1356093,CREX,-722000.0
2025-06-30,,,1356093,CREX,-1331000.0
2025-09-30,,,1356093,CREX,-7270000.0
2025-12-31,,,1356093,CREX,457000.0
2026-03-31,,,1356093,CREX,-6206000.0
2026-06-30,,,1356093,CREX,-2745000.0
2010-06-30,60355000.0,,1365038,,-1043000.0
2010-09-30,65355000.0,,1365038,,946000.0
2011-03-31,79523000.0,,1365038,,-4192000.0
2011-06-30,81473000.0,,1365038,,-3292000.0
2011-09-30,81473000.0,,1365038,,-3292000.0
2011-12-31,82397000.0,,1365038,,-2353000.0
2012-03-31,86234000.0,,1365038,,-2896000.0
2012-06-30,93055000.0,,1365038,,928000.0
2012-09-30,98147000.0,,1365038,,4514000.0
2012-12-31,-69796000.0,,1365038,,-5832000.0
2013-03-31,100620000.0,,1365038,,1266000.0
2013-06-30,101066000.0,,1365038,,1333000.0
2013-09-30,50745000.0,,1365038,,-4956000.0
2013-12-31,-43020000.0,,1365038,,-7381000.0
2014-03-31,45056000.0,,1365038,,-5708000.0
2014-06-30,43077000.0,,1365038,,-5215000.0
2014-09-30,41315000.0,,1365038,,-239318000.0
2014-12-31,42981000.0,,1365038,,-16911000.0
2015-03-31,33210000.0,,1365038,,-9663000.0
2015-06-30,29768000.0,,1365038,,-14527000.0
2015-09-30,28505000.0,,1365038,,-13967000.0
2015-12-31,34486000.0,,1365038,,-8614000.0
2016-03-31,26969000.0,,1365038,,-12880000.0
2016-06-30,24435000.0,,1365038,,-13669000.0
2016-09-30,28059000.0,,1365038,,-8383000.0
2016-12-31,33989000.0,,1365038,,-7353000.0
2017-03-31,27238000.0,,1365038,,-10050000.0
2017-06-30,28565000.0,,1365038,,-8917000.0
2017-09-30,33460000.0,,1365038,,-6818000.0
2017-12-31,39727000.0,,1365038,,-5556000.0
2018-03-31,33747000.0,,1365038,,-5910000.0
2018-06-30,34321000.0,,1365038,,-6275000.0
2018-09-30,41456000.0,,1365038,,-6077000.0
2018-12-31,45518000.0,,1365038,,-5060000.0
2019-03-31,34038000.0,,1365038,,-10356000.0
2019-06-30,35789000.0,,1365038,,-6807000.0
2019-09-30,40030000.0,,1365038,,-4522000.0
2019-12-31,45099000.0,,1365038,,-5357000.0
2020-03-31,32865000.0,,1365038,,-10568000.0
2020-06-30,50968000.0,,1365038,,-2927000.0
2020-09-30,63255000.0,,1365038,,-1736000.0
2020-12-31,64973000.0,,1365038,,-2584000.0
2021-03-31,51877000.0,,1365038,,-6125000.0
2010-06-30,15952000.0,,1366246,,-2460000.0
2010-09-30,15468000.0,,1366246,,-1185000.0
2011-03-31,17612000.0,,1366246,,-2578000.0
2011-06-30,19436000.0,,1366246,,-1580000.0
2011-09-30,19253000.0,,1366246,,-7315000.0
2011-12-31,17724000.0,,1366246,,-9761000.0
2012-03-31,26509000.0,,1366246,,-6035000.0
2012-06-30,29264000.0,,1366246,,-5217000.0
2012-09-30,26099000.0,,1366246,,-4183000.0
2012-12-31,26311000.0,,1366246,,-6671000.0
2013-03-31,24605000.0,,1366246,,-5494000.0
2013-06-30,24445000.0,,1366246,,-5954000.0
2013-09-30,21722000.0,,1366246,,-7843000.0
2013-12-31,34841000.0,,1366246,,-3471000.0
2014-03-31,44580000.0,,1366246,,707000.0
2014-06-30,40910000.0,,1366246,,-3666000.0
2014-09-30,64791000.0,,1366246,,-106000.0
2014-12-31,72865000.0,,1366246,,5130000.0
2015-03-31,69470000.0,,1366246,,2512000.0
2015-06-30,56150000.0,,1366246,,-6144000.0
2015-09-30,63250000.0,,1366246,,389000.0
2015-12-31,61030000.0,,1366246,,-3058000.0
2016-03-31,54528000.0,,1366246,,-9185000.0
2016-06-30,48363000.0,,1366246,,-13480000.0
2016-09-30,51381000.0,,1366246,,-41945000.0
2016-12-31,46309000.0,,1366246,,-17380000.0
2017-03-31,56788000.0,,1366246,,-22654000.0
2017-06-30,68679000.0,,1366246,,-23798000.0
2017-09-30,81148000.0,,1366246,,-12457000.0
2017-12-31,80212000.0,,1366246,,-32637000.0
2018-03-31,81443000.0,,1366246,,-6780000.0
2018-06-30,90193000.0,,1366246,,-3842000.0
2018-09-30,99285000.0,,1366246,,-234000.0
2018-12-31,95640000.0,,1366246,,-1559000.0
2019-03-31,95885000.0,,1366246,,77000.0
2019-06-30,95540000.0,,1366246,,1951000.0
2019-09-30,107077000.0,,1366246,,-5708000.0
2019-12-31,112879000.0,,1366246,,10921000.0
2020-03-31,107274000.0,,1366246,,-9529000.0
2020-06-30,133316000.0,,1366246,,-15187000.0
2020-09-30,158531000.0,,1366246,,20383000.0
2020-12-31,141401000.0,,1366246,,24848000.0
2010-06-30,3394.0,4256.0,1368761,,-5952.0
2010-09-30,1807.0,13042.0,1368761,,-20577.0
2011-03-31,19564.0,6874.0,1368761,,-18621.0
2011-06-30,7541.0,412.0,1368761,,-4040.0
2011-09-30,2991.0,237.0,1368761,,-4579.0
2011-12-31,0.0,-2439.0,1368761,,-5946.0
2012-03-31,,110.0,1368761,,-46372.0
2012-06-30,0.0,29293.0,1368761,,-381074.0
2012-09-30,0.0,3672.0,1368761,,-3489853.0
2012-12-31,,1797.0,1368761,,-1571428.0
2013-03-31,,130.0,1368761,,-137185.0
2013-06-30,0.0,115.0,1368761,,-143002.0
2013-09-30,0.0,195.0,1368761,,-117216.0
2013-12-31,,7667.0,1368761,,-1177370.0
2014-03-31,,70.0,1368761,,-1025158.0
2014-06-30,,79.0,1368761,,-60043.0
2014-09-30,,210.0,1368761,,-5596137.0
2014-12-31,,,1368761,,21262975.0
2015-03-31,,,1368761,,-1127381.0
2015-06-30,,,1368761,,-80796.0
2015-09-30,,,1368761,,-51194.0
2018-06-30,40475000.0,,1372414,,-2871000.0
2019-06-30,38037000.0,,1372414,,-6119000.0
2018-03-31,35767000.0,,1372414,,-7211000.0
2019-03-31,33017000.0,,1372414,,-8892000.0
2017-03-31,36329000.0,,1372414,,-8946000.0
2017-06-30,42201000.0,,1372414,,-3544000.0
2017-09-30,39301000.0,,1372414,,-4936000.0
2017-12-31,35727000.0,,1372414,,-3922000.0
2018-09-30,40552000.0,,1372414,,-2608000.0
2018-12-31,38115000.0,,1372414,,-5147000.0
2016-03-31,40128000.0,,1372414,,-12387000.0
2016-06-30,47631000.0,,1372414,,-7441000.0
2016-09-30,40369000.0,,1372414,,-9643000.0
2016-12-31,41697000.0,,1372414,,-7342000.0
2015-03-31,25817000.0,,1372414,,-15071000.0
2015-06-30,36836000.0,,1372414,,-10593000.0
2015-09-30,42780000.0,,1372414,,-10287000.0
2015-12-31,46226000.0,,1372414,,-7099000.0
2014-03-31,28232000.0,,1372414,,-8560000.0
2014-06-30,37554000.0,,1372414,,-5624000.0
2014-09-30,35326000.0,,1372414,,-6940000.0
2014-12-31,36180000.0,,1372414,,-7439000.0
2013-09-30,29004000.0,,1372414,,-6634000.0
2013-06-30,28032000.0,,1372414,,-6241000.0
2013-03-31,19827000.0,,1372414,,-9709000.0
2013-12-31,30272000.0,,1372414,,-7166000.0
2025-06-30,548000.0,,1376321,CNET,-682000.0
2026-06-30,652000.0,,1376321,CNET,-381000.0
2025-03-31,1652000.0,,1376321,CNET,-579000.0
2026-03-31,383000.0,,1376321,CNET,79000.0
2024-09-30,3239000.0,,1376321,CNET,-1992000.0
2025-09-30,1717000.0,,1376321,CNET,-153000.0
2024-06-30,6420000.0,,1376321,CNET,-301000.0
2024-03-31,3531000.0,,1376321,CNET,-922000.0
2023-09-30,9181000.0,,1376321,CNET,-1606000.0
2023-06-30,9820000.0,,1376321,CNET,-1336000.0
2023-03-31,6316000.0,,1376321,CNET,-1312000.0
2022-09-30,7216000.0,,1376321,CNET,-1831000.0
2022-06-30,6945000.0,,1376321,CNET,-2713000.0
2022-03-31,7652000.0,,1376321,CNET,-1551000.0
2021-09-30,11900000.0,,1376321,CNET,-1574000.0
2021-06-30,14551000.0,,1376321,CNET,-8279000.0
2021-03-31,8396000.0,,1376321,CNET,-1815000.0
2020-09-30,12304000.0,,1376321,CNET,-1404000.0
2020-06-30,10416000.0,,1376321,CNET,-1020000.0
2020-03-31,4384000.0,,1376321,CNET,-2276000.0
2019-09-30,15508000.0,,1376321,CNET,-275000.0
2019-06-30,15453000.0,,1376321,CNET,-1222000.0
2019-03-31,8567000.0,,1376321,CNET,-738000.0
2018-09-30,17042000.0,,1376321,CNET,-3350000.0
2018-06-30,22520000.0,,1376321,CNET,-8320000.0
2018-03-31,8260000.0,,1376321,CNET,-1545000.0
2017-09-30,13523000.0,,1376321,CNET,-2010000.0
2017-06-30,10500000.0,,1376321,CNET,-422000.0
2017-03-31,7264000.0,,1376321,CNET,-1049000.0
2016-09-30,11902000.0,,1376321,CNET,-1364000.0
2016-06-30,8436000.0,,1376321,CNET,-988000.0
2016-03-31,5060000.0,,1376321,CNET,-1408000.0
2015-09-30,8498000.0,,1376321,CNET,-2558000.0
2015-06-30,9174000.0,,1376321,CNET,-1252000.0
2015-03-31,5661000.0,,1376321,CNET,-2064000.0
2014-09-30,12010000.0,,1376321,CNET,-1199000.0
2014-06-30,10179000.0,,1376321,CNET,-1274000.0
2014-03-31,5182000.0,,1376321,CNET,-665000.0
2013-09-30,7341000.0,,1376321,CNET,1376000.0
2013-06-30,8777000.0,,1376321,CNET,793000.0
2013-03-31,6990000.0,,1376321,CNET,-57000.0
2012-09-30,10236000.0,,1376321,CNET,1868000.0
2012-06-30,13076000.0,,1376321,CNET,808000.0
2012-03-31,14920000.0,,1376321,CNET,134000.0
2011-09-30,6329000.0,,1376321,CNET,1188000.0
2011-06-30,8814000.0,,1376321,CNET,3389000.0
2011-03-31,6834000.0,,1376321,CNET,3038000.0
2010-09-30,8631000.0,,1376321,CNET,3844000.0
2010-06-30,11627000.0,,1376321,CNET,4196000.0
2024-12-31,2249000.0,,1376321,CNET,-542000.0
2025-12-31,697000.0,,1376321,CNET,-539000.0
2023-12-31,5268000.0,,1376321,CNET,-1758000.0
2022-12-31,4422000.0,,1376321,CNET,-5024000.0
2021-12-31,12481000.0,,1376321,CNET,-1922000.0
2020-12-31,11304000.0,,1376321,CNET,-1001000.0
2019-12-31,18552000.0,,1376321,CNET,547000.0
2018-12-31,9324000.0,,1376321,CNET,-1297000.0
2017-12-31,15346000.0,,1376321,CNET,-5917000.0
2016-12-31,9352000.0,,1376321,CNET,-2388000.0
2015-12-31,8932000.0,,1376321,CNET,-3442000.0
2014-12-31,10242000.0,,1376321,CNET,-9850000.0
2013-12-31,6824000.0,,1376321,CNET,-1500000.0
2012-12-31,8171000.0,,1376321,CNET,1700000.0
2011-12-31,6128000.0,,1376321,CNET,-4453000.0
2010-10-31,0.0,,1378125,,
2011-01-31,0.0,,1378125,,
2011-04-30,0.0,,1378125,,
2011-07-31,0.0,,1378125,,
2011-10-31,0.0,,1378125,,
2012-01-31,0.0,,1378125,,
2012-04-30,0.0,,1378125,,
2012-07-31,0.0,,1378125,,
2012-10-31,0.0,,1378125,,
2013-04-30,0.0,,1378125,,-27171.0
2013-10-31,0.0,,1378125,,-18792.0
2014-01-31,,,1378125,,-37142.0
2014-04-30,,,1378125,,-13462.0
2014-07-31,,,1378125,,-3054.0
2014-10-31,,,1378125,,-12549.0
2015-01-31,,,1378125,,-1550.0
2015-04-30,,,1378125,,-3557.0
2015-07-31,,,1378125,,-11445.0
2015-10-31,,,1378125,,-6446.0
2016-01-31,,,1378125,,-11335.0
2016-04-30,,,1378125,,-2745.0
2016-07-31,,,1378125,,1193.0
2016-10-31,,,1378125,,-300.0
2017-01-31,,,1378125,,-2103.0
2017-04-30,,,1378125,,-300.0
2017-10-31,,,1378125,,-55617.0
2018-01-31,,,1378125,,-364828.0
2018-04-30,73988.0,,1378125,,-438848.0
2018-07-31,,,1378125,,316186.0
2018-10-31,,238306.0,1378125,,-335602.0
2019-01-31,856383.0,,1378125,,-760526.0
2019-04-30,,,1378125,,-7115959.0
2019-07-31,,,1378125,,-4136111.0
2019-10-31,,3726046.0,1378125,,-3616952.0
2020-01-31,5507206.0,,1378125,,-4583642.0
2020-04-30,,,1378125,,-2375249.0
2010-12-31,60599.0,,1380277,,
2011-03-31,86315.0,,1380277,,
2011-09-30,204975.0,,1380277,,-1297602.0
2011-12-31,66650.0,,1380277,,-599785.0
2012-03-31,66650.0,,1380277,,
2012-06-30,39115.0,,1380277,,
2012-09-30,54068.0,,1380277,,-594369.0
2012-12-31,17201.0,,1380277,,-606161.0
2013-03-31,41761.0,,1380277,,-616727.0
2013-06-30,3746.0,,1380277,,
2013-09-30,65167.0,,1380277,,-595426.0
2014-03-31,27550.0,,1380277,,-554604.0
2014-09-30,16071.0,,1380277,,
2015-03-31,12863.0,,1380277,,
2010-06-30,601133.0,,1381871,,127926.0
2010-09-30,151650.0,,1381871,,-447196.0
2011-06-30,1256630.0,,1381871,,-42329.0
2011-09-30,,,1381871,,-198420.0
2012-03-31,,,1381871,,-683175.0
2012-06-30,,,1381871,,-628047.0
2012-09-30,,,1381871,,-571137.0
2012-12-31,,,1381871,,-1556124.0
2013-03-31,,,1381871,,-3215130.0
2013-06-30,,,1381871,,-204506.0
2013-09-30,,,1381871,,-345349.0
2013-12-31,,,1381871,,-379931.0
2014-03-31,,,1381871,,-378142.0
2014-06-30,,,1381871,,-620705.0
2014-09-30,,,1381871,,-127115.0
2014-12-31,,,1381871,,-126206.0
2015-03-31,,,1381871,,-132491.0
2015-06-30,,,1381871,,-113506.0
2015-09-30,,,1381871,,-171296.0
2015-12-31,,,1381871,,-96474.0
2016-03-31,,,1381871,,-204271.0
2016-06-30,,,1381871,,-84148.0
2016-09-30,,,1381871,,-92619.0
2016-12-31,,,1381871,,118976.0
2017-03-31,,,1381871,,-27562.0
2017-06-30,,,1381871,,-27728.0
2017-09-30,,,1381871,,-6336.0
2017-12-31,,,1381871,,-18770.0
2018-03-31,,,1381871,,-62423.0
2018-06-30,,,1381871,,-105422.0
2018-09-30,81016.0,,1381871,,-706969.0
2018-12-31,,,1381871,,-15796.0
2019-03-31,,,1381871,,-132167.0
2019-06-30,,,1381871,,-74957.0
2019-09-30,,,1381871,,-42877.0
2019-12-31,,,1381871,,-141184.0
2020-03-31,,,1381871,,-30000.0
2020-06-30,,,1381871,,-120100.0
2020-09-30,,,1381871,,-134525.0
2020-12-31,,,1381871,,-381024.0
2021-03-31,,,1381871,,-108075.0
2021-06-30,9000.0,,1381871,,-93908.0
2021-09-30,67400.0,,1381871,,-47925.0
2021-12-31,,,1381871,,-38387.0
2022-03-31,88667.0,,1381871,,-57507.0
2022-06-30,61181.0,,1381871,,-1641547.0
2022-09-30,0.0,,1381871,,-359314.0
2022-12-31,36075.0,,1381871,,410526.0
2023-03-31,4476.0,,1381871,,-383473.0
2023-06-30,,,1381871,,-165060.0
2023-09-30,62000.0,,1381871,,-247881.0
2023-12-31,,,1381871,,-150169.0
2024-03-31,,,1381871,,-195749.0
2024-06-30,,,1381871,,-162857.0
2024-09-30,,,1381871,,-206287.0
2025-06-30,620398000.0,,1384905,RNG,36963000.0
2026-06-30,657011000.0,,1384905,RNG,50285000.0
2025-03-31,612056000.0,,1384905,RNG,10340000.0
2026-03-31,644199000.0,,1384905,RNG,50028000.0
2024-09-30,608765000.0,,1384905,RNG,3291000.0
2025-09-30,638655000.0,,1384905,RNG,30807000.0
2024-06-30,592907000.0,,1384905,RNG,-5359000.0
2024-03-31,584211000.0,,1384905,RNG,-10899000.0
2023-09-30,558164000.0,,1384905,RNG,-54175000.0
2023-06-30,539305000.0,,1384905,RNG,-45062000.0
2023-03-31,533689000.0,,1384905,RNG,-54531000.0
2022-09-30,509032000.0,,1384905,RNG,-182559000.0
2022-06-30,486896000.0,,1384905,RNG,-107764000.0
2022-03-31,467656000.0,,1384905,RNG,-103542000.0
2021-09-30,414629000.0,,1384905,RNG,-83135000.0
2021-06-30,379273000.0,,1384905,RNG,-73381000.0
2021-03-31,352356000.0,,1384905,RNG,-42011000.0
2020-09-30,303624000.0,,1384905,RNG,-29670000.0
2020-06-30,277985000.0,,1384905,RNG,-29336000.0
2020-03-31,267512000.0,,1384905,RNG,-25490000.0
2019-03-31,201489000.0,,1384905,RNG,-7463000.0
2019-06-30,215152000.0,,1384905,RNG,-7180000.0
2019-09-30,233352000.0,,1384905,RNG,-10663000.0
2019-12-31,252865000.0,,1384905,RNG,-20369000.0
2020-12-31,334536000.0,,1384905,RNG,-28743000.0
2018-03-31,150343000.0,,1384905,RNG,-1351000.0
2018-06-30,160832000.0,,1384905,RNG,-4654000.0
2018-09-30,173825000.0,,1384905,RNG,-7027000.0
2018-12-31,188624000.0,,1384905,RNG,-3404000.0
2017-03-31,112234000.0,,1384905,RNG,-2229000.0
2017-06-30,119919000.0,,1384905,RNG,-2627000.0
2017-09-30,130279000.0,,1384905,RNG,-265000.0
2017-12-31,141185000.0,,1384905,RNG,-217000.0
2016-03-31,86538000.0,,1384905,RNG,-5981000.0
2016-06-30,91844000.0,,1384905,RNG,-6304000.0
2016-09-30,96839000.0,,1384905,RNG,-7061000.0
2016-12-31,104503000.0,,1384905,RNG,-6606000.0
2015-03-31,65318000.0,,1384905,RNG,-9569000.0
2015-06-30,70691000.0,,1384905,RNG,-9539000.0
2015-09-30,76780000.0,,1384905,RNG,-5828000.0
2015-12-31,83439000.0,,1384905,RNG,-5996000.0
2014-03-31,48262000.0,,1384905,RNG,-12238000.0
2014-06-30,52787000.0,,1384905,RNG,-12810000.0
2014-09-30,56944000.0,,1384905,RNG,-10814000.0
2014-12-31,61893000.0,,1384905,RNG,-9343000.0
2013-03-31,35525000.0,,1384905,RNG,-9408000.0
2013-06-30,37704000.0,,1384905,RNG,-13119000.0
2013-09-30,41934000.0,,1384905,RNG,-8151000.0
2013-12-31,45342000.0,,1384905,RNG,-10355000.0
2012-03-31,24808000.0,,1384905,RNG,-9723000.0
2012-06-30,27005000.0,,1384905,RNG,-8725000.0
2012-09-30,29588000.0,,1384905,RNG,-9038000.0
2012-12-31,33125000.0,,1384905,RNG,-6341000.0
2023-12-31,571271000.0,,1384905,RNG,-45043000.0
2024-12-31,614512000.0,,1384905,RNG,15637000.0
2025-12-31,644033000.0,,1384905,RNG,42441000.0
2022-12-31,524746000.0,,1384905,RNG,-255610000.0
2021-12-31,448496000.0,,1384905,RNG,-103259000.0
2010-06-30,24435000.0,,1385292,,6624000.0
2010-09-30,28358000.0,,1385292,,9706000.0
2011-03-31,29729000.0,,1385292,,9517000.0
2011-06-30,31066000.0,,1385292,,9695000.0
2011-09-30,30695000.0,,1385292,,9573000.0
2011-12-31,31722000.0,,1385292,,9457000.0
2012-03-31,34349000.0,,1385292,,10133000.0
2012-06-30,38496000.0,,1385292,,11894000.0
2012-09-30,37982000.0,,1385292,,12449000.0
2012-12-31,39034000.0,,1385292,,11992000.0
2013-03-31,42039000.0,,1385292,,13806000.0
2013-06-30,41085000.0,,1385292,,12180000.0
2013-09-30,40468000.0,,1385292,,11689000.0
2013-12-31,43032000.0,,1385292,,13014000.0
2014-03-31,46072000.0,,1385292,,13918000.0
2014-06-30,44963000.0,,1385292,,12781000.0
2014-09-30,47063000.0,,1385292,,12026000.0
2014-12-31,46402000.0,,1385292,,13357000.0
2015-03-31,46046000.0,,1385292,,11127000.0
2015-06-30,46405000.0,,1385292,,10096000.0
2015-09-30,49352000.0,,1385292,,11293000.0
2015-12-31,50616000.0,,1385292,,9928000.0
2016-03-31,49842000.0,,1385292,,9385000.0
2016-06-30,48733000.0,,1385292,,9995000.0
2016-09-30,52229000.0,,1385292,,5755000.0
2016-12-31,52637000.0,,1385292,,1256000.0
2017-03-31,52465000.0,,1385292,,75000.0
2017-06-30,57801000.0,,1385292,,1997000.0
2017-09-30,60507000.0,,1385292,,6141000.0
2017-12-31,65016000.0,,1385292,,5491000.0
2018-03-31,56683000.0,,1385292,,-2838000.0
2018-06-30,60687000.0,,1385292,,2135000.0
2018-09-30,57969000.0,,1385292,,9942000.0
2018-12-31,71398000.0,,1385292,,15250000.0
2019-03-31,51356000.0,,1385292,,3498000.0
2019-06-30,63236000.0,,1385292,,13620000.0
2018-03-31,0.0,8766.0,1386049,BYOC,-613606.0
2018-06-30,0.0,19591.0,1386049,BYOC,-326436.0
2018-09-30,0.0,69084.0,1386049,BYOC,-274217.0
2018-12-31,0.0,129441.0,1386049,BYOC,-546551.0
2019-03-31,463914.0,121043.0,1386049,BYOC,-228786.0
2019-06-30,1213928.0,324643.0,1386049,BYOC,-643559.0
2019-09-30,1807928.0,422906.0,1386049,BYOC,-503560.0
2019-12-31,614155.0,288633.0,1386049,BYOC,-746337.0
2020-03-31,1247590.0,304035.0,1386049,BYOC,-521573.0
2020-06-30,782009.0,348117.0,1386049,BYOC,-739970.0
2020-09-30,983155.0,234742.0,1386049,BYOC,-671801.0
2020-12-31,1176028.0,461618.0,1386049,BYOC,-401735.0
2021-03-31,1113519.0,204229.0,1386049,BYOC,-504240.0
2021-06-30,1120599.0,179834.0,1386049,BYOC,-856897.0
2021-09-30,1024501.0,158057.0,1386049,BYOC,-515740.0
2021-12-31,984434.0,148271.0,1386049,BYOC,-69657.0
2022-03-31,1009408.0,181817.0,1386049,BYOC,-551545.0
2022-06-30,1038092.0,195928.0,1386049,BYOC,-382312.0
2022-09-30,975636.0,171602.0,1386049,BYOC,-324806.0
2022-12-31,1022935.0,148695.0,1386049,BYOC,-298487.0
2023-03-31,910869.0,125807.0,1386049,BYOC,-248682.0
2010-06-30,76712.0,,1388295,ONEI,
2010-09-30,119779.0,,1388295,ONEI,
2011-03-31,36517.0,,1388295,ONEI,
2011-06-30,20895.0,,1388295,ONEI,
2011-09-30,7479.0,,1388295,ONEI,
2011-12-31,939.0,,1388295,ONEI,
2022-09-30,58.0,,1388295,ONEI,-204671.0
2023-03-31,3160.0,,1388295,ONEI,-532522.0
2023-06-30,44802.0,,1388295,ONEI,-3484027.0
2023-09-30,9162.0,,1388295,ONEI,-1046718.0
2023-12-31,13779.0,,1388295,ONEI,-1040627.0
2024-03-31,5387.0,,1388295,ONEI,-930218.0
2024-06-30,5489.0,,1388295,ONEI,-1051300.0
2024-09-30,3478.0,,1388295,ONEI,-900790.0
2024-12-31,16950.0,,1388295,ONEI,-1639357.0
2025-03-31,128518.0,,1388295,ONEI,-929533.0
2025-06-30,700755.0,,1388295,ONEI,-379468.0
2026-03-31,180117.0,,1388295,ONEI,-2385885.0
2026-06-30,439366.0,,1388295,ONEI,-923346.0
2023-09-30,4438000.0,,1389002,,-5110000.0
2024-09-30,4282000.0,,1389002,,-2132000.0
2023-06-30,4360000.0,,1389002,,-5988000.0
2024-06-30,4045000.0,,1389002,,-2087000.0
2023-03-31,4583000.0,,1389002,,-5960000.0
2024-03-31,4031000.0,,1389002,,-2527000.0
2022-09-30,4977000.0,,1389002,,-5821000.0
2022-06-30,4720000.0,,1389002,,-5596000.0
2022-03-31,5161000.0,,1389002,,-5340000.0
2021-09-30,6155000.0,,1389002,,-3275000.0
2021-06-30,6094000.0,,1389002,,-3011000.0
2021-03-31,6308000.0,,1389002,,-2447000.0
2020-09-30,6796000.0,,1389002,,-4255000.0
2020-06-30,7275000.0,,1389002,,-4539000.0
2020-03-31,8660000.0,,1389002,,-4415000.0
2019-09-30,11728000.0,,1389002,,-4074000.0
2019-06-30,12476000.0,,1389002,,-4477000.0
2019-03-31,13448000.0,,1389002,,-5113000.0
2018-09-30,13153000.0,,1389002,,-21734000.0
2018-06-30,14251000.0,,1389002,,-8449000.0
2018-03-31,15402000.0,,1389002,,-9083000.0
2017-09-30,18224000.0,,1389002,,-7254000.0
2017-06-30,18742000.0,,1389002,,-9563000.0
2017-03-31,20333000.0,,1389002,,-5982000.0
2016-09-30,24013000.0,,1389002,,-3239000.0
2016-06-30,25753000.0,,1389002,,-4488000.0
2016-03-31,27188000.0,,1389002,,-4087000.0
2015-09-30,26327000.0,,1389002,,-8927000.0
2015-06-30,26775000.0,,1389002,,-11737000.0
2015-03-31,26413000.0,,1389002,,-9657000.0
2014-09-30,25684000.0,,1389002,,-9153000.0
2014-06-30,23853000.0,,1389002,,-8883000.0
2014-03-31,22815000.0,,1389002,,-8056000.0
2013-09-30,20113000.0,,1389002,,-7865000.0
2013-06-30,18218000.0,,1389002,,-8758000.0
2013-03-31,17155000.0,,1389002,,-9803000.0
2012-09-30,15501000.0,,1389002,,-6423000.0
2012-06-30,14032000.0,,1389002,,-5573000.0
2012-03-31,12974000.0,,1389002,,-6492000.0
2022-12-31,5161000.0,,1389002,,-5244000.0
2023-12-31,4350000.0,,1389002,,-5748000.0
2021-12-31,5863000.0,,1389002,,-5329000.0
2020-12-31,7252000.0,,1389002,,-3086000.0
2019-12-31,11384000.0,,1389002,,-6180000.0
2018-12-31,15825000.0,,1389002,,-2985000.0
2016-12-31,22924000.0,,1389002,,-4131000.0
2017-12-31,17692000.0,,1389002,,-7471000.0
2015-12-31,29015000.0,,1389002,,-2127000.0
2014-12-31,27002000.0,,1389002,,-7892000.0
2013-12-31,21829000.0,,1389002,,-7910000.0
2012-12-31,17051000.0,,1389002,,-6797000.0
2024-09-30,82702000.0,,1392972,,31000.0
2025-09-30,91676000.0,,1392972,,-2866000.0
2024-06-30,82013000.0,,1392972,,-7184000.0
2025-06-30,88715000.0,,1392972,,-7599000.0
2024-03-31,80688000.0,,1392972,,-10302000.0
2025-03-31,86322000.0,,1392972,,-3825000.0
2023-09-30,77250000.0,,1392972,,-7842000.0
2023-06-30,75792000.0,,1392972,,-13355000.0
2023-03-31,73182000.0,,1392972,,-18796000.0
2022-09-30,70348000.0,,1392972,,-16181000.0
2022-06-30,68362000.0,,1392972,,-20537000.0
2022-03-31,66492000.0,,1392972,,-26503000.0
2021-09-30,62671000.0,,1392972,,-15808000.0
2021-06-30,62401000.0,,1392972,,-16306000.0
2021-03-31,61378000.0,,1392972,,-20590000.0
2020-09-30,61508000.0,,1392972,,-16163000.0
2020-06-30,63747000.0,,1392972,,-15139000.0
2020-03-31,66311000.0,,1392972,,-21352000.0
2019-03-31,56131000.0,,1392972,,-13610000.0
2019-06-30,63878000.0,,1392972,,-12145000.0
2019-09-30,64150000.0,,1392972,,-12512000.0
2019-12-31,66175000.0,,1392972,,-15071000.0
2020-12-31,60858000.0,,1392972,,-13426000.0
2018-03-31,47910000.0,,1392972,,-14747000.0
2018-06-30,47426000.0,,1392972,,-12993000.0
2018-09-30,49075000.0,,1392972,,-11866000.0
2018-12-31,52613000.0,,1392972,,-9609000.0
2017-03-31,40129000.0,,1392972,,-17668000.0
2017-06-30,40406000.0,,1392972,,-16710000.0
2017-09-30,41937000.0,,1392972,,-17750000.0
2017-12-31,46344000.0,,1392972,,-12815000.0
2016-03-31,37928000.0,,1392972,,-17974000.0
2016-06-30,37038000.0,,1392972,,-18050000.0
2016-09-30,38384000.0,,1392972,,-13116000.0
2016-12-31,39926000.0,,1392972,,-16258000.0
2015-03-31,43679000.0,,1392972,,-11723000.0
2015-06-30,41689000.0,,1392972,,-12868000.0
2015-09-30,40866000.0,,1392972,,-15866000.0
2015-12-31,42012000.0,,1392972,,-15040000.0
2014-03-31,40913000.0,,1392972,,-8500000.0
2014-06-30,44368000.0,,1392972,,-7871000.0
2014-09-30,46719000.0,,1392972,,-3720000.0
2014-12-31,53829000.0,,1392972,,-2316000.0
2013-03-31,33626000.0,,1392972,,689000.0
2013-06-30,35527000.0,,1392972,,780000.0
2013-09-30,36813000.0,,1392972,,1395000.0
2013-12-31,38871000.0,,1392972,,409000.0
2012-03-31,27021000.0,,1392972,,2151000.0
2012-06-30,28134000.0,,1392972,,1979000.0
2012-09-30,29913000.0,,1392972,,1812000.0
2012-12-31,32723000.0,,1392972,,2261000.0
2011-03-31,21406000.0,,1392972,,1242000.0
2011-06-30,23785000.0,,1392972,,2080000.0
2011-09-30,25208000.0,,1392972,,2589000.0
2011-12-31,26240000.0,,1392972,,2690000.0
2010-09-30,15686000.0,,1392972,,-3788000.0
2010-06-30,17839000.0,,1392972,,-965000.0
2022-12-31,70935000.0,,1392972,,-14873000.0
2023-12-31,77484000.0,,1392972,,-10609000.0
2024-12-31,84969000.0,,1392972,,-1567000.0
2021-12-31,64973000.0,,1392972,,-21639000.0
2014-12-31,0.0,,1393548,,-77235.0
2015-03-31,0.0,,1393548,,-93860.0
2015-06-30,0.0,,1393548,,-366.0
2015-09-30,,,1393548,,-290539.0
2015-12-31,0.0,,1393548,,-1212000.0
2016-03-31,0.0,,1393548,,-97000.0
2016-06-30,0.0,,1393548,,-126000.0
2016-09-30,,,1393548,,-458000.0
2016-12-31,,,1393548,,-94000.0
2017-03-31,,,1393548,,-110000.0
2017-06-30,,,1393548,,-83000.0
2020-12-31,,,1393548,,-964000.0
2021-03-31,,3631000.0,1393548,,-3689000.0
2021-06-30,,1027000.0,1393548,,-1257000.0
2021-09-30,,,1393548,,-1437000.0
2021-12-31,,,1393548,,-1783000.0
2022-03-31,,1140000.0,1393548,,-1353000.0
2022-06-30,,741000.0,1393548,,-930000.0
2011-09-30,4192.0,15466.0,1402453,,
2012-03-31,,4473.0,1402453,,
2012-09-30,472992.0,462261.0,1402453,,
2015-03-31,2669258.0,,1402453,,466083.0
2015-06-30,3533531.0,,1402453,,532995.0
2015-09-30,3650152.0,,1402453,,159599.0
2015-12-31,3434232.0,,1402453,,-238183.0
2016-03-31,4172312.0,,1402453,,229286.0
2016-06-30,3426813.0,,1402453,,-295280.0
2016-09-30,3010915.0,,1402453,,-98936.0
2016-12-31,2964362.0,,1402453,,-532275.0
2017-03-31,4361020.0,,1402453,,648329.0
2017-06-30,4623778.0,,1402453,,40444.0
2017-09-30,3668040.0,,1402453,,42869.0
2017-12-31,3416281.0,,1402453,,220066.0
2018-03-31,3309680.0,,1402453,,125742.0
2018-06-30,3108412.0,,1402453,,-162681.0
2018-09-30,2794480.0,,1402453,,-263504.0
2018-12-31,2930670.0,,1402453,,69343.0
2011-03-31,18694000.0,,1408278,,145000.0
2011-06-30,19467000.0,,1408278,,614000.0
2011-09-30,23954000.0,,1408278,,1566000.0
2011-12-31,28945000.0,,1408278,,1718000.0
2012-03-31,30670000.0,,1408278,,1620000.0
2012-06-30,30807000.0,,1408278,,1607000.0
2012-09-30,28326000.0,,1408278,,659000.0
2012-12-31,32178000.0,,1408278,,1962000.0
2013-03-31,29143000.0,,1408278,,110000.0
2013-06-30,26708000.0,,1408278,,-887000.0
2013-09-30,26551000.0,,1408278,,-918000.0
2013-12-31,29405000.0,,1408278,,985000.0
2014-03-31,25248000.0,,1408278,,-2414000.0
2014-06-30,24191000.0,,1408278,,-2148000.0
2014-09-30,26231000.0,,1408278,,-3556000.0
2014-12-31,30909000.0,,1408278,,1317000.0
2015-03-31,26730000.0,,1408278,,-971000.0
2015-06-30,24716000.0,,1408278,,-999000.0
2015-09-30,26351000.0,,1408278,,-854000.0
2015-12-31,32448000.0,,1408278,,-77000.0
2016-03-31,30260000.0,,1408278,,-1355000.0
2016-06-30,30476000.0,,1408278,,-2655000.0
2016-09-30,31721000.0,,1408278,,-2873000.0
2016-12-31,34916000.0,,1408278,,-2278000.0
2017-03-31,26540000.0,,1408278,,-6129000.0
2017-06-30,31216000.0,,1408278,,-2920000.0
2017-09-30,36269000.0,,1408278,,-1369000.0
2017-12-31,46002000.0,,1408278,,189000.0
2018-03-31,32915000.0,,1408278,,-2377000.0
2018-06-30,35923000.0,,1408278,,-2070000.0
2018-09-30,35643000.0,,1408278,,-1943000.0
2018-12-31,143879000.0,,1408278,,1000.0
2019-03-31,31824000.0,,1408278,,-2119000.0
2019-06-30,31849000.0,,1408278,,-1952000.0
2019-09-30,31366000.0,,1408278,,-3539000.0
2019-12-31,26806000.0,,1408278,,-197000.0
2020-03-31,20583000.0,,1408278,,-4302000.0
2020-06-30,18176000.0,,1408278,,-3105000.0
2020-09-30,18529000.0,,1408278,,-3598000.0
2020-12-31,24074000.0,,1408278,,350000.0
2010-06-30,0.0,,1413909,DSGT,
2010-12-31,0.0,,1413909,DSGT,
2011-03-31,0.0,,1413909,DSGT,
2011-06-30,0.0,,1413909,DSGT,
2011-09-30,0.0,,1413909,DSGT,
2011-12-31,0.0,,1413909,DSGT,
2012-03-31,0.0,,1413909,DSGT,
2012-06-30,0.0,,1413909,DSGT,
2012-09-30,0.0,,1413909,DSGT,
2013-06-30,0.0,,1413909,DSGT,
2014-06-30,1124703.0,,1413909,DSGT,15642.0
2014-09-30,834330.0,,1413909,DSGT,125311.0
2015-03-31,790180.0,,1413909,DSGT,-268995.0
2015-06-30,469035.0,,1413909,DSGT,-440803.0
2015-09-30,438445.0,,1413909,DSGT,-436607.0
2015-12-31,214275.0,,1413909,DSGT,-692087.0
2016-03-31,254928.0,,1413909,DSGT,-412325.0
2016-06-30,482317.0,,1413909,DSGT,-155291.0
2016-09-30,243469.0,,1413909,DSGT,-488711.0
2016-12-31,189222.0,,1413909,DSGT,-629410.0
2017-03-31,248270.0,,1413909,DSGT,-297997.0
2017-06-30,434202.0,,1413909,DSGT,-156097.0
2017-09-30,303151.0,,1413909,DSGT,-317484.0
2017-12-31,114954.0,,1413909,DSGT,-873292.0
2018-03-31,110896.0,,1413909,DSGT,-509661.0
2018-06-30,237046.0,,1413909,DSGT,-377752.0
2018-09-30,708963.0,,1413909,DSGT,114885.0
2018-12-31,224119.0,,1413909,DSGT,-411289.0
2019-03-31,501424.0,,1413909,DSGT,-178828.0
2019-06-30,284646.0,,1413909,DSGT,-104461.0
2019-09-30,453210.0,,1413909,DSGT,-200550.0
2019-12-31,160140.0,,1413909,DSGT,-1942704.0
2020-03-31,150212.0,,1413909,DSGT,-1055641.0
2020-06-30,123955.0,,1413909,DSGT,-1148446.0
2020-09-30,334161.0,,1413909,DSGT,-391882.0
2020-12-31,292154.0,,1413909,DSGT,-2473727.0
2021-03-31,387106.0,,1413909,DSGT,-1418216.0
2021-06-30,494838.0,,1413909,DSGT,-1055978.0
2021-09-30,498380.0,,1413909,DSGT,-1830676.0
2021-12-31,712495.0,,1413909,DSGT,-1648643.0
2022-03-31,744251.0,,1413909,DSGT,-892768.0
2022-06-30,1174878.0,,1413909,DSGT,-1457332.0
2022-09-30,1425673.0,,1413909,DSGT,-1782487.0
2022-12-31,489051.0,,1413909,DSGT,-1117044.0
2023-03-31,299448.0,,1413909,DSGT,-1231076.0
2023-06-30,1016037.0,,1413909,DSGT,-523803.0
2017-12-31,305573.0,,1415605,,-167022.0
2018-12-31,195892.0,,1415605,,-440497.0
2018-03-31,251664.0,,1415605,,-199991.0
2019-03-31,361916.0,,1415605,,-596192.0
2021-06-30,1190427000.0,,1418091,,30252000.0
2022-06-30,1176660000.0,,1418091,,-343762000.0
2021-03-31,1036018000.0,,1418091,,52182000.0
2022-03-31,1200984000.0,,1418091,,-127833000.0
2020-09-30,936233000.0,,1418091,,56107000.0
2021-09-30,1283817000.0,,1418091,,-742548000.0
2020-06-30,683438000.0,,1418091,,-273930000.0
2020-03-31,807637000.0,,1418091,,-7443000.0
2019-09-30,823717000.0,,1418091,,44145000.0
2019-06-30,841381000.0,,1418091,,75686000.0
2019-03-31,786890000.0,,1418091,,93658000.0
2018-09-30,758111000.0,,1418091,,91868000.0
2018-06-30,710541000.0,,1418091,,79624000.0
2018-03-31,664871000.0,,1418091,,74925000.0
2017-09-30,589633000.0,,1418091,,7279000.0
2017-06-30,573855000.0,,1418091,,-38359000.0
2017-03-31,548251000.0,,1418091,,-40278000.0
2016-09-30,615934000.0,,1418091,,-78089000.0
2016-06-30,601958000.0,,1418091,,-86376000.0
2016-03-31,594521000.0,,1418091,,-59116000.0
2015-09-30,569237000.0,,1418091,,-105237000.0
2015-06-30,502383000.0,,1418091,,-131004000.0
2015-03-31,435939000.0,,1418091,,-146616000.0
2014-09-30,361266000.0,,1418091,,-161431000.0
2014-06-30,312166000.0,,1418091,,-149911000.0
2014-03-31,250492000.0,,1418091,,-129371000.0
2013-09-30,168580000.0,,1418091,,-63332000.0
2013-06-30,139292000.0,,1418091,,-38916000.0
2013-03-31,114343000.0,,1418091,,-23907000.0
2019-12-31,1007341000.0,,1418091,,152884000.0
2020-12-31,1289041000.0,,1418091,,251924000.0
2021-12-31,1567220000.0,,1418091,,167375000.0
2018-12-31,908836000.0,,1418091,,206908000.0
2017-12-31,731560000.0,,1418091,,110098000.0
2016-12-31,717206000.0,,1418091,,-143627000.0
2015-12-31,710473000.0,,1418091,,-67179000.0
2014-12-31,479078000.0,,1418091,,-98153000.0
2013-12-31,242675000.0,,1418091,,-509676000.0
2014-12-31,,,1419582,,-846000.0
2015-03-31,,,1419582,,-993000.0
2015-06-30,,,1419582,,-2401000.0
2015-09-30,,,1419582,,-1078000.0
2015-12-31,400000.0,,1419582,,-1106000.0
2016-03-31,1403000.0,,1419582,,-1980000.0
2016-06-30,1303000.0,,1419582,,-2423000.0
2016-09-30,,,1419582,,-1787000.0
2016-12-31,,,1419582,,-738000.0
2017-03-31,,,1419582,,-1194000.0
2017-06-30,,,1419582,,-1186000.0
2017-09-30,1284000.0,,1419582,,-3140000.0
2017-12-31,,,1419582,,-1433000.0
2018-03-31,3023000.0,,1419582,,-1143000.0
2018-06-30,,,1419582,,-711000.0
2018-09-30,2388000.0,,1419582,,-1074000.0
2010-06-30,513533.0,418267.0,1419951,DTST,-249494.0
2010-09-30,886372.0,616305.0,1419951,DTST,-176924.0
2011-03-31,872155.0,573159.0,1419951,DTST,-280642.0
2011-06-30,898958.0,673917.0,1419951,DTST,-378241.0
2011-09-30,1088944.0,1015861.0,1419951,DTST,-621703.0
2011-12-31,1080266.0,994154.0,1419951,DTST,-546103.0
2012-03-31,970399.0,899573.0,1419951,DTST,-514166.0
2012-06-30,1013665.0,985497.0,1419951,DTST,-753834.0
2012-09-30,1012613.0,714840.0,1419951,DTST,-331979.0
2012-12-31,1021674.0,868513.0,1419951,DTST,-565153.0
2013-03-31,1176178.0,721395.0,1419951,DTST,-272331.0
2013-06-30,1170364.0,659942.0,1419951,DTST,-140244.0
2013-09-30,1119032.0,685357.0,1419951,DTST,-157484.0
2013-12-31,1110724.0,795517.0,1419951,DTST,-240765.0
2014-03-31,1042963.0,550030.0,1419951,DTST,-127975.0
2014-06-30,1004477.0,631966.0,1419951,DTST,-166152.0
2014-09-30,1014129.0,574047.0,1419951,DTST,-95310.0
2014-12-31,951102.0,570174.0,1419951,DTST,-106932.0
2015-03-31,958133.0,527866.0,1419951,DTST,-148630.0
2015-06-30,1099683.0,503006.0,1419951,DTST,-76891.0
2015-09-30,930686.0,400984.0,1419951,DTST,-98214.0
2015-12-31,1002849.0,449241.0,1419951,DTST,-68535.0
2016-03-31,984620.0,438110.0,1419951,DTST,-69806.0
2016-06-30,922919.0,389684.0,1419951,DTST,-113129.0
2016-09-30,922919.0,389684.0,1419951,DTST,-113128.0
2016-12-31,1554472.0,696333.0,1419951,DTST,-336832.0
2017-03-31,2323915.0,605066.0,1419951,DTST,394791.0
2017-06-30,2036299.0,744136.0,1419951,DTST,67188.0
2017-09-30,,741503.0,1419951,DTST,68366.0
2017-12-31,,1340639.0,1419951,DTST,-615102.0
2018-03-31,1949524.0,744462.0,1419951,DTST,29308.0
2018-06-30,2750542.0,974336.0,1419951,DTST,23258.0
2018-09-30,2560512.0,776793.0,1419951,DTST,257269.0
2018-12-31,1626824.0,628461.0,1419951,DTST,25525.0
2019-03-31,2001281.0,822868.0,1419951,DTST,101870.0
2019-06-30,2033628.0,859823.0,1419951,DTST,72196.0
2019-09-30,2013662.0,884650.0,1419951,DTST,-103621.0
2019-12-31,2435037.0,963712.0,1419951,DTST,136079.0
2020-03-31,2098710.0,876626.0,1419951,DTST,5967.0
2020-06-30,2005625.0,988266.0,1419951,DTST,-123062.0
2020-09-30,2723532.0,1017863.0,1419951,DTST,84661.0
2020-12-31,2493066.0,1014036.0,1419951,DTST,31371.0
2021-03-31,2574691.0,1118407.0,1419951,DTST,35385.0
2021-06-30,3528249.0,1602311.0,1419951,DTST,-95386.0
2021-09-30,3860258.0,1874258.0,1419951,DTST,-331668.0
2021-12-31,14876227.0,2589206.0,1419951,DTST,-375403.0
2022-03-31,8657199.0,2459866.0,1419951,DTST,186044.0
2022-06-30,4827749.0,2594204.0,1419951,DTST,-1035642.0
2022-09-30,4419285.0,2075525.0,1419951,DTST,-223224.0
2022-12-31,23870837.0,2707713.0,1419951,DTST,-3003193.0
2023-03-31,6879723.0,2130759.0,1419951,DTST,-41014.0
2023-06-30,5904391.0,2472010.0,1419951,DTST,106744.0
2023-09-30,5986625.0,2316213.0,1419951,DTST,14141.0
2023-12-31,6188837.0,2825754.0,1419951,DTST,-248282.0
2024-03-31,8235747.0,2752677.0,1419951,DTST,213795.0
2024-06-30,4910492.0,2796679.0,1419951,DTST,-388786.0
2024-09-30,325299.0,984099.0,1419951,DTST,-839632.0
2024-12-31,-12252291.0,-2693087.0,1419951,DTST,-2298496.0
2025-03-31,312744.0,856915.0,1419951,DTST,-716138.0
2025-06-30,327951.0,1088944.0,1419951,DTST,-950762.0
2025-09-30,416956.0,1296974.0,1419951,DTST,-1098475.0
2025-12-31,325278.0,945193.0,1419951,DTST,-808327.0
2026-03-31,346707.0,1472113.0,1419951,DTST,-1286094.0
2026-06-30,358530.0,1450551.0,1419951,DTST,-1282070.0
2025-06-30,71095000.0,,1422930,PUBM,-5461000.0
2026-06-30,78593000.0,,1422930,PUBM,579000.0
2025-03-31,63825000.0,,1422930,PUBM,-11903000.0
2026-03-31,62567000.0,,1422930,PUBM,-15273000.0
2024-09-30,71786000.0,,1422930,PUBM,-1365000.0
2025-09-30,67960000.0,,1422930,PUBM,-8419000.0
2024-06-30,67267000.0,,1422930,PUBM,-3985000.0
2024-03-31,66701000.0,,1422930,PUBM,-5525000.0
2023-09-30,63677000.0,,1422930,PUBM,-571000.0
2023-06-30,63330000.0,,1422930,PUBM,-7134000.0
2023-03-31,55407000.0,,1422930,PUBM,-10672000.0
2022-09-30,64500000.0,,1422930,PUBM,9622000.0
2022-06-30,63032000.0,,1422930,PUBM,9794000.0
2022-03-31,54552000.0,,1422930,PUBM,4581000.0
2021-09-30,58086000.0,,1422930,PUBM,14048000.0
2021-06-30,49658000.0,,1422930,PUBM,10133000.0
2021-03-31,43608000.0,,1422930,PUBM,6642000.0
2020-09-30,37797000.0,,1422930,PUBM,7791000.0
2020-06-30,26361000.0,,1422930,PUBM,729000.0
2020-03-31,28348000.0,,1422930,PUBM,1029000.0
2023-12-31,84600000.0,,1422930,PUBM,20413000.0
2024-12-31,85502000.0,,1422930,PUBM,14802000.0
2025-12-31,80046000.0,,1422930,PUBM,8524000.0
2022-12-31,74296000.0,,1422930,PUBM,16523000.0
2021-12-31,75556000.0,,1422930,PUBM,27966000.0
2020-12-31,56242000.0,,1422930,PUBM,22206000.0
2013-03-31,1907000.0,,1433714,,-11483000.0
2013-06-30,2325000.0,,1433714,,-14213000.0
2013-09-30,3609000.0,,1433714,,-16641000.0
2013-12-31,5132000.0,,1433714,,-20002000.0
2014-03-31,15951000.0,,1433714,,-24304000.0
2014-06-30,18510000.0,,1433714,,-21826000.0
2014-09-30,19539000.0,,1433714,,-20280000.0
2014-12-31,21315000.0,,1433714,,-19748000.0
2015-03-31,22717000.0,,1433714,,-19741000.0
2015-06-30,23585000.0,,1433714,,-21293000.0
2015-09-30,25501000.0,,1433714,,-20058000.0
2015-12-31,29897000.0,,1433714,,-19126000.0
2016-03-31,22717000.0,,1433714,,-21444000.0
2016-06-30,23585000.0,,1433714,,-16791000.0
2016-09-30,25501000.0,,1433714,,-11519000.0
2016-12-31,29897000.0,,1433714,,-9364000.0
2017-03-31,27703000.0,,1433714,,-14566000.0
2017-06-30,32632000.0,,1433714,,-17597000.0
2017-09-30,34492000.0,,1433714,,-18076000.0
2017-12-31,37193000.0,,1433714,,-7487000.0
2018-03-31,36479000.0,,1433714,,-14572000.0
2018-06-30,37784000.0,,1433714,,-14059000.0
2018-09-30,40041000.0,,1433714,,-7472000.0
2018-12-31,42100000.0,,1433714,,-3791000.0
2019-03-31,35490000.0,,1433714,,-10853000.0
2019-06-30,35910000.0,,1433714,,-8639000.0
2019-09-30,35461000.0,,1433714,,-9604000.0
2019-12-31,36447000.0,,1433714,,-12242000.0
2020-03-31,39045000.0,,1433714,,-56598000.0
2020-06-30,35500000.0,,1433714,,-4327000.0
2020-09-30,35078000.0,,1433714,,-490000.0
2020-12-31,37086000.0,,1433714,,-1371000.0
2021-03-31,35059000.0,,1433714,,-3089000.0
2021-06-30,35603000.0,,1433714,,-2445000.0
2021-09-30,34776000.0,,1433714,,-1885000.0
2010-06-30,,1205.0,1435617,PWDY,-1205.0
2010-09-30,,38060.0,1435617,PWDY,-38060.0
2011-03-31,0.0,,1435617,PWDY,-575087.0
2011-06-30,0.0,69293.0,1435617,PWDY,-69293.0
2011-09-30,0.0,49892.0,1435617,PWDY,-49892.0
2011-12-31,0.0,,1435617,PWDY,
2012-03-31,0.0,,1435617,PWDY,-41735.0
2012-06-30,0.0,,1435617,PWDY,-19134.0
2012-09-30,0.0,,1435617,PWDY,-22610.0
2013-03-31,,,1435617,PWDY,-30544.0
2013-06-30,,,1435617,PWDY,-177101.0
2013-09-30,,,1435617,PWDY,-57975.0
2013-12-31,,,1435617,PWDY,-64720.0
2014-03-31,,,1435617,PWDY,-47963.0
2014-06-30,,,1435617,PWDY,-116257.0
2014-09-30,,,1435617,PWDY,-125348.0
2014-12-31,,,1435617,PWDY,-85272.0
2015-03-31,,,1435617,PWDY,-62993.0
2015-06-30,470.0,,1435617,PWDY,-201265.0
2015-09-30,470.0,,1435617,PWDY,-201265.0
2015-12-31,,,1435617,PWDY,59174.0
2016-03-31,264.0,,1435617,PWDY,-85955.0
2016-06-30,,,1435617,PWDY,-31843.0
2016-09-30,224.0,,1435617,PWDY,-20903.0
2016-12-31,,,1435617,PWDY,-26976.0
2017-03-31,,,1435617,PWDY,-26160.0
2017-06-30,,,1435617,PWDY,-18174.0
2020-03-31,300.0,,1435617,PWDY,-5201.0
2020-06-30,2629.0,,1435617,PWDY,-2169.0
2020-09-30,221.0,,1435617,PWDY,-30914.0
2020-12-31,982463.0,,1435617,PWDY,-16432.0
2021-03-31,36577.0,,1435617,PWDY,12558.0
2021-06-30,7380.0,,1435617,PWDY,-7110.0
2021-09-30,1959.0,,1435617,PWDY,-8131.0
2021-12-31,2686.0,,1435617,PWDY,-38851.0
2022-03-31,32056.0,,1435617,PWDY,-39311.0
2022-06-30,341928.0,,1435617,PWDY,-43977.0
2022-09-30,370718.0,,1435617,PWDY,47767.0
2022-12-31,462466.0,,1435617,PWDY,-1306095.0
2023-03-31,450274.0,,1435617,PWDY,-3180.0
2023-06-30,285224.0,,1435617,PWDY,
2023-09-30,366303.0,,1435617,PWDY,
2023-12-31,351149.0,,1435617,PWDY,
2024-03-31,275739.0,,1435617,PWDY,
2024-06-30,317529.0,,1435617,PWDY,
2024-09-30,273749.0,,1435617,PWDY,
2024-12-31,384437.0,,1435617,PWDY,
2025-03-31,271056.0,,1435617,PWDY,
2025-06-30,342697.0,,1435617,PWDY,
2025-09-30,270316.0,,1435617,PWDY,
2025-12-31,276907.0,,1435617,PWDY,
2026-03-31,171025.0,,1435617,PWDY,
2026-06-30,255595.0,,1435617,PWDY,
2010-06-30,204196.0,,1437491,,
2010-09-30,212110.0,,1437491,,
2011-03-31,201356.0,,1437491,,
2011-06-30,171034.0,,1437491,,
2011-09-30,147412.0,,1437491,,
2011-12-31,156169.0,,1437491,,
2012-03-31,116730.0,,1437491,,
2012-06-30,171001.0,,1437491,,
2012-09-30,205030.0,,1437491,,
2013-03-31,347644.0,,1437491,,
2013-06-30,195595.0,,1437491,,
2013-09-30,126545.0,,1437491,,
2014-03-31,69578.0,,1437491,,
2014-06-30,12100.0,,1437491,,
2014-09-30,68578.0,,1437491,,
2014-12-31,68014.0,,1437491,,
2015-03-31,2225000.0,,1437491,,-2761000.0
2015-06-30,2271000.0,,1437491,,-2070000.0
2015-09-30,1687000.0,,1437491,,-2370000.0
2015-12-31,-6124000.0,,1437491,,-2713000.0
2016-03-31,1231000.0,252000.0,1437491,,-2140000.0
2016-06-30,2393000.0,433000.0,1437491,,-5971000.0
2016-09-30,3889000.0,662000.0,1437491,,-6450000.0
2016-12-31,2078000.0,848000.0,1437491,,-10532000.0
2017-03-31,15000.0,375000.0,1437491,,-6825000.0
2017-06-30,2506000.0,499000.0,1437491,,-14173000.0
2017-09-30,1905000.0,499000.0,1437491,,-11884000.0
2017-12-31,2175000.0,431000.0,1437491,,-9997000.0
2018-03-31,-6028000.0,248000.0,1437491,,-2476000.0
2018-06-30,753000.0,2091000.0,1437491,,-2947000.0
2018-09-30,286000.0,2493000.0,1437491,,-3493000.0
2018-12-31,15000.0,1943000.0,1437491,,-3151000.0
2019-03-31,8000.0,,1437491,,-4557000.0
2019-06-30,35000.0,1550000.0,1437491,,-2534000.0
2019-09-30,44000.0,1683000.0,1437491,,-2514000.0
2019-12-31,140000.0,2232000.0,1437491,,-2651000.0
2020-03-31,362000.0,-4095000.0,1437491,,-2108000.0
2020-06-30,2313000.0,605000.0,1437491,,-2195000.0
2020-09-30,3278000.0,1665000.0,1437491,,-3889000.0
2020-12-31,4465000.0,2528000.0,1437491,,-4236000.0
2021-03-31,5028532.0,1570409.0,1437491,,-8604021.0
2021-06-30,5156213.0,1856150.0,1437491,,-1967254.0
2021-09-30,6111000.0,2601412.0,1437491,,-4166386.0
2021-12-31,17455.0,1092819.0,1437491,,-4768263.0
2022-03-31,-11257486.0,-156018.0,1437491,,-5125713.0
2022-06-30,5418655.0,1688064.0,1437491,,-8369971.0
2022-09-30,0.0,1621728.0,1437491,,-7003539.0
2022-12-31,,1089816.0,1437491,,-1454507.0
2023-03-31,,-350291.0,1437491,,10440465.0
2023-06-30,45150.0,10160441.0,1437491,,-12233599.0
2023-09-30,1500.0,7030891.0,1437491,,-13747580.0
2023-12-31,,6897295.0,1437491,,-10238512.0
2024-03-31,,2054638.0,1437491,,-1094032.0
2025-03-31,9368000.0,,1438231,,-12079000.0
2026-03-31,7579000.0,,1438231,,-7136000.0
2024-09-30,9443000.0,,1438231,,-11369000.0
2025-09-30,7627000.0,,1438231,,-8364000.0
2024-06-30,10379000.0,,1438231,,-9982000.0
2025-06-30,8010000.0,,1438231,,-8426000.0
2024-03-31,9938000.0,,1438231,,-10857000.0
2023-09-30,8994000.0,,1438231,,-11156000.0
2023-06-30,8730000.0,,1438231,,-11268000.0
2023-03-31,7843000.0,,1438231,,-14767000.0
2022-09-30,7821000.0,,1438231,,-15527000.0
2022-06-30,7747000.0,,1438231,,-14949000.0
2022-03-31,7411000.0,,1438231,,-18016000.0
2021-09-30,6417000.0,,1438231,,-7956000.0
2021-06-30,6278000.0,,1438231,,-15436000.0
2021-03-31,6700000.0,,1438231,,-8226000.0
2020-09-30,5751000.0,,1438231,,-8386000.0
2020-06-30,6497000.0,,1438231,,-7538000.0
2020-03-31,6189000.0,,1438231,,-9055000.0
2019-03-31,5660000.0,,1438231,,-8672000.0
2019-06-30,6180000.0,,1438231,,-8152000.0
2019-09-30,5828000.0,,1438231,,-8032000.0
2019-12-31,5319000.0,,1438231,,-8875000.0
2020-12-31,5553000.0,,1438231,,-7834000.0
2018-03-31,5613000.0,,1438231,,-8353000.0
2018-06-30,5438000.0,,1438231,,-8303000.0
2018-09-30,4914000.0,,1438231,,-8606000.0
2018-12-31,5227000.0,,1438231,,-8262000.0
2017-03-31,6091000.0,,1438231,,-6446000.0
2017-06-30,5587000.0,,1438231,,-7050000.0
2017-09-30,8677000.0,,1438231,,-4407000.0
2017-12-31,4858000.0,,1438231,,-8662000.0
2016-03-31,5580000.0,,1438231,,-5474000.0
2016-06-30,5457000.0,,1438231,,-5310000.0
2016-09-30,5576000.0,,1438231,,-5255000.0
2016-12-31,5180000.0,,1438231,,-5881000.0
2015-03-31,5989000.0,,1438231,,-4174000.0
2015-06-30,5798000.0,,1438231,,-4045000.0
2015-09-30,5386000.0,,1438231,,-4471000.0
2015-12-31,5016000.0,,1438231,,-5287000.0
2014-03-31,7205000.0,,1438231,,-3321000.0
2014-06-30,5663000.0,,1438231,,-4458000.0
2014-09-30,6927000.0,,1438231,,-3240000.0
2014-12-31,5863000.0,,1438231,,-4204000.0
2013-03-31,10243000.0,,1438231,,1644000.0
2013-06-30,10470000.0,,1438231,,1356000.0
2013-09-30,7425000.0,,1438231,,-2023000.0
2013-12-31,6826000.0,,1438231,,-3390000.0
2012-03-31,17046000.0,,1438231,,9154000.0
2012-06-30,9112000.0,,1438231,,1931000.0
2012-09-30,8903000.0,,1438231,,1588000.0
2012-12-31,9314000.0,,1438231,,1921000.0
2011-03-31,9091000.0,,1438231,,1417000.0
2011-06-30,9473000.0,,1438231,,2346000.0
2011-09-30,8550000.0,,1438231,,1425000.0
2011-12-31,8925000.0,,1438231,,1201000.0
2010-09-30,5237000.0,,1438231,,-813000.0
2010-06-30,5248000.0,,1438231,,-378000.0
2024-12-31,8658000.0,,1438231,,-9099000.0
2025-12-31,8908000.0,,1438231,,-4293000.0
2023-12-31,9284000.0,,1438231,,-11016000.0
2022-12-31,7218000.0,,1438231,,-13317000.0
2021-12-31,7125000.0,,1438231,,-8248000.0
2011-03-31,242890000.0,,1439404,,36202000.0
2011-06-30,279144000.0,,1439404,,13005000.0
2011-09-30,306829000.0,,1439404,,31738000.0
2011-12-31,311237000.0,,1439404,,-486561000.0
2012-03-31,320972000.0,,1439404,,-85578000.0
2012-06-30,332493000.0,,1439404,,-38449000.0
2012-09-30,316637000.0,,1439404,,-96554000.0
2012-12-31,311165000.0,,1439404,,37610000.0
2013-03-31,263589000.0,,1439404,,-4933000.0
2013-06-30,230735000.0,,1439404,,-30368000.0
2013-09-30,202580000.0,,1439404,,-2853000.0
2013-12-31,176362000.0,,1439404,,-27477000.0
2014-03-31,168020000.0,,1439404,,-70257000.0
2014-06-30,153232000.0,,1439404,,-66217000.0
2014-09-30,176611000.0,,1439404,,-59329000.0
2014-12-31,192547000.0,,1439404,,-48938000.0
2015-03-31,183293000.0,,1439404,,-54069000.0
2015-06-30,199918000.0,,1439404,,-27681000.0
2015-09-30,195737000.0,,1439404,,-9180000.0
2015-12-31,185769000.0,,1439404,,-55126000.0
2016-03-31,186721000.0,,1439404,,-26883000.0
2016-06-30,181735000.0,,1439404,,-6606000.0
2016-09-30,182424000.0,,1439404,,-46299000.0
2016-12-31,190540000.0,,1439404,,-34461000.0
2017-03-31,194284000.0,,1439404,,-8980000.0
2017-06-30,209231000.0,,1439404,,5692000.0
2017-09-30,224595000.0,,1439404,,19952000.0
2017-12-31,233280000.0,,1439404,,9060000.0
2018-03-31,208232000.0,,1439404,,4257000.0
2018-06-30,217045000.0,,1439404,,-2986000.0
2018-09-30,233243000.0,,1439404,,4770000.0
2018-12-31,248680000.0,,1439404,,759000.0
2019-03-31,265403000.0,,1439404,,-141635000.0
2019-06-30,306500000.0,,1439404,,-61234000.0
2019-09-30,345293000.0,,1439404,,-73663000.0
2019-12-31,404504000.0,,1439404,,4332000.0
2020-03-31,403800000.0,,1439404,,-91600000.0
2020-06-30,451700000.0,,1439404,,-129300000.0
2020-09-30,503300000.0,,1439404,,-121600000.0
2020-12-31,,,1439404,,-27700000.0
2021-03-31,680300000.0,,1439404,,-5500000.0
2021-06-30,720000000.0,,1439404,,74800000.0
2021-09-30,704700000.0,,1439404,,-12300000.0
2021-12-31,695500000.0,,1439404,,-1200000.0
2022-03-31,691200000.0,,1439404,,15000000.0
2010-03-31,276154000.0,37514000.0,1442145,VRSK,106414000.0
2010-06-30,281677000.0,42638000.0,1442145,VRSK,107075000.0
2010-09-30,287354000.0,40982000.0,1442145,VRSK,113718000.0
2010-12-31,293158000.0,45240000.0,1442145,VRSK,113707000.0
2011-03-31,312869000.0,49256000.0,1442145,VRSK,119297000.0
2011-06-30,327280000.0,55909000.0,1442145,VRSK,123818000.0
2011-09-30,340098000.0,51475000.0,1442145,VRSK,131409000.0
2011-12-31,211146000.0,42855000.0,1442145,VRSK,106639000.0
2012-03-31,346501000.0,53979000.0,1442145,VRSK,138961000.0
2012-06-30,373226000.0,62473000.0,1442145,VRSK,138402000.0
2012-09-30,398863000.0,58707000.0,1442145,VRSK,155251000.0
2013-03-31,376697000.0,56322000.0,1442145,VRSK,145528000.0
2013-06-30,390356000.0,58198000.0,1442145,VRSK,146857000.0
2013-09-30,411927000.0,56783000.0,1442145,VRSK,166835000.0
2013-12-31,416723000.0,57679000.0,1442145,VRSK,155047000.0
2014-03-31,409643000.0,57134000.0,1442145,VRSK,148843000.0
2014-06-30,423554000.0,57074000.0,1442145,VRSK,159066000.0
2014-09-30,448665000.0,56164000.0,1442145,VRSK,175490000.0
2014-12-31,149238000.0,16928000.0,1442145,VRSK,148901000.0
2015-03-31,384293000.0,49714000.0,1442145,VRSK,173952000.0
2015-06-30,428599000.0,82336000.0,1442145,VRSK,146043000.0
2015-09-30,470408000.0,70642000.0,1442145,VRSK,197148000.0
2015-12-31,477400000.0,75608000.0,1442145,VRSK,186257000.0
2016-03-31,492700000.0,71000000.0,1442145,VRSK,192600000.0
2016-06-30,498300000.0,75600000.0,1442145,VRSK,191200000.0
2016-09-30,498100000.0,77800000.0,1442145,VRSK,198400000.0
2016-12-31,506100000.0,77200000.0,1442145,VRSK,185400000.0
2017-03-31,502600000.0,75900000.0,1442145,VRSK,187700000.0
2017-06-30,523200000.0,78800000.0,1442145,VRSK,195000000.0
2017-09-30,549100000.0,80900000.0,1442145,VRSK,208400000.0
2017-12-31,570300000.0,87200000.0,1442145,VRSK,210100000.0
2018-03-31,581200000.0,91800000.0,1442145,VRSK,194500000.0
2018-06-30,601300000.0,93000000.0,1442145,VRSK,212300000.0
2018-09-30,598700000.0,95700000.0,1442145,VRSK,211100000.0
2018-12-31,613900000.0,98200000.0,1442145,VRSK,216200000.0
2019-03-31,625000000.0,111400000.0,1442145,VRSK,202400000.0
2019-06-30,652600000.0,112300000.0,1442145,VRSK,218300000.0
2019-09-30,652700000.0,255000000.0,1442145,VRSK,69500000.0
2019-12-31,676800000.0,124800000.0,1442145,VRSK,206700000.0
2020-03-31,689800000.0,112100000.0,1442145,VRSK,252300000.0
2020-06-30,678800000.0,96400000.0,1442145,VRSK,259700000.0
2020-09-30,702700000.0,96400000.0,1442145,VRSK,275400000.0
2020-12-31,198100000.0,3300000.0,1442145,VRSK,168900000.0
2021-03-31,726100000.0,119800000.0,1442145,VRSK,250400000.0
2021-06-20,747500000.0,,1442145,VRSK,
2021-06-30,747500000.0,111400000.0,1442145,VRSK,267400000.0
2021-09-30,759000000.0,115100000.0,1442145,VRSK,288900000.0
2021-12-31,,-33100000.0,1442145,VRSK,104700000.0
2022-03-31,643600000.0,107900000.0,1442145,VRSK,622800000.0
2022-06-30,612800000.0,96300000.0,1442145,VRSK,247600000.0
2022-09-30,610100000.0,96500000.0,1442145,VRSK,253600000.0
2022-12-31,630500000.0,80800000.0,1442145,VRSK,282500000.0
2023-03-31,651600000.0,79000000.0,1442145,VRSK,294100000.0
2023-06-30,675000000.0,86800000.0,1442145,VRSK,306000000.0
2023-09-30,677600000.0,111600000.0,1442145,VRSK,281100000.0
2023-12-31,677200000.0,114400000.0,1442145,VRSK,250500000.0
2024-03-31,704000000.0,92900000.0,1442145,VRSK,307400000.0
2024-06-30,716800000.0,101500000.0,1442145,VRSK,318700000.0
2024-09-30,725300000.0,114000000.0,1442145,VRSK,311500000.0
2024-12-31,735600000.0,100300000.0,1442145,VRSK,316300000.0
2025-03-31,753000000.0,108900000.0,1442145,VRSK,330100000.0
2025-06-30,772600000.0,106500000.0,1442145,VRSK,354300000.0
2025-09-30,768300000.0,110600000.0,1442145,VRSK,345900000.0
2025-12-31,778800000.0,132200000.0,1442145,VRSK,313600000.0
2026-03-31,782600000.0,109500000.0,1442145,VRSK,352200000.0
2010-06-30,899056.0,,1448558,,
2010-09-30,945929.0,,1448558,,
2011-03-31,870319.0,,1448558,,
2011-06-30,814293.0,,1448558,,
2011-09-30,996859.0,,1448558,,
2011-12-31,881794.0,,1448558,,
2012-03-31,919408.0,,1448558,,
2013-03-31,,,1448558,,-274939.0
2013-12-31,900.0,,1448558,,
2014-03-31,5400.0,,1448558,,-222849.0
2014-09-30,8850.0,,1448558,,
2014-12-31,9960.0,,1448558,,
2015-03-31,6908.0,,1448558,,
2015-06-30,29280.0,,1448558,,
2015-09-30,36783.0,,1448558,,
2015-12-31,23783.0,,1448558,,
2016-03-31,29084.0,,1448558,,-87447.0
2016-06-30,16883.0,,1448558,,
2016-09-30,29383.0,,1448558,,-148790.0
2016-12-31,29784.0,,1448558,,-120206.0
2017-03-31,26801.0,,1448558,,-257367.0
2017-06-30,57473.0,,1448558,,-326399.0
2017-09-30,87105.0,,1448558,,-64406.0
2017-12-31,66289.0,,1448558,,-1012169.0
2018-03-31,39471.0,,1448558,,-177813.0
2018-06-30,-192865.0,,1448558,,-255642.0
2018-09-30,0.0,,1448558,,-265605.0
2018-12-31,79527.0,,1448558,,-227042.0
2019-03-31,335168.0,,1448558,,-239758.0
2019-06-30,650518.0,,1448558,,-1546631.0
2019-09-30,598662.0,,1448558,,-733020.0
2019-12-31,723062.0,,1448558,,-384899.0
2020-03-31,565314.0,,1448558,,-594824.0
2020-06-30,481466.0,,1448558,,-1157203.0
2020-09-30,4662998.0,,1448558,,-927522.0
2020-12-31,8916163.0,,1448558,,-756871.0
2021-03-31,8071476.0,,1448558,,-992494.0
2025-06-30,343096000.0,,1454938,TEAD,-2259000.0
2026-06-30,284589000.0,,1454938,TEAD,-15649000.0
2025-03-31,286357000.0,,1454938,TEAD,-44436000.0
2026-03-31,265983000.0,,1454938,TEAD,-21806000.0
2024-09-30,224177000.0,,1454938,TEAD,-2949000.0
2025-09-30,318772000.0,,1454938,TEAD,-6280000.0
2024-06-30,214148000.0,,1454938,TEAD,-5627000.0
2024-03-31,216964000.0,,1454938,TEAD,-6597000.0
2023-09-30,230015000.0,,1454938,TEAD,2620000.0
2023-06-30,225800000.0,,1454938,TEAD,-7659000.0
2023-03-31,231774000.0,,1454938,TEAD,-9310000.0
2022-09-30,229017000.0,,1454938,TEAD,-7073000.0
2022-06-30,250883000.0,,1454938,TEAD,-2879000.0
2022-03-31,254216000.0,,1454938,TEAD,74000.0
2021-09-30,250784000.0,,1454938,TEAD,-6416000.0
2021-06-30,247153000.0,,1454938,TEAD,17155000.0
2021-03-31,228024000.0,,1454938,TEAD,14780000.0
2020-09-30,186510000.0,,1454938,TEAD,3621000.0
2020-06-30,157862000.0,,1454938,TEAD,299000.0
2023-12-31,248229000.0,,1454938,TEAD,5710000.0
2024-12-31,234586000.0,,1454938,TEAD,2535000.0
2025-12-31,352236000.0,,1454938,TEAD,-346044000.0
2022-12-31,257966000.0,,1454938,TEAD,-3670000.0
2021-12-31,289669000.0,,1454938,TEAD,9037000.0
2017-09-30,46612000.0,,1458962,,-3764000.0
2018-09-30,63782000.0,,1458962,,-14501000.0
2017-06-30,44107000.0,,1458962,,-4153000.0
2018-06-30,61611000.0,,1458962,,-16209000.0
2017-03-31,42214000.0,,1458962,,-3473000.0
2018-03-31,53823000.0,,1458962,,-4154000.0
2016-09-30,35262000.0,,1458962,,-5402000.0
2016-06-30,33561000.0,,1458962,,-6133000.0
2016-03-31,32006000.0,,1458962,,-6135000.0
2015-09-30,26081000.0,,1458962,,-9172000.0
2015-06-30,24760000.0,,1458962,,-8596000.0
2015-03-31,22263000.0,,1458962,,-7652000.0
2014-09-30,17618000.0,,1458962,,-7629000.0
2014-06-30,16571000.0,,1458962,,-5575000.0
2015-12-31,28265000.0,,1458962,,-9322000.0
2016-12-31,38192000.0,,1458962,,-3662000.0
2017-12-31,49693000.0,,1458962,,-2960000.0
2012-06-30,,182812.0,1462223,NIXX,-182812.0
2012-09-30,,210096.0,1462223,NIXX,-210096.0
2012-12-31,,476230.0,1462223,NIXX,-476230.0
2013-03-31,,185148.0,1462223,NIXX,-185148.0
2013-06-30,,114354.0,1462223,NIXX,-114354.0
2013-09-30,,618197.0,1462223,NIXX,-618197.0
2013-12-31,,428913.0,1462223,NIXX,-428913.0
2014-03-31,,258622.0,1462223,NIXX,-258622.0
2014-06-30,,42706.0,1462223,NIXX,-42706.0
2014-09-30,,134725.0,1462223,NIXX,-134725.0
2014-12-31,,115461.0,1462223,NIXX,-115461.0
2015-03-31,,100366.0,1462223,NIXX,-100366.0
2015-06-30,,72965.0,1462223,NIXX,-72965.0
2015-09-30,,101894.0,1462223,NIXX,-101894.0
2015-12-31,,61061.0,1462223,NIXX,-61061.0
2016-03-31,,59008.0,1462223,NIXX,-59008.0
2016-06-30,,78783.0,1462223,NIXX,-78783.0
2016-09-30,,70598.0,1462223,NIXX,-70598.0
2016-12-31,,81351.0,1462223,NIXX,-81351.0
2017-03-31,,81242.0,1462223,NIXX,-81242.0
2017-06-30,,108320.0,1462223,NIXX,-108320.0
2017-09-30,,111688.0,1462223,NIXX,-111688.0
2017-12-31,,64867.0,1462223,NIXX,-64867.0
2018-03-31,244947.0,472200.0,1462223,NIXX,-227253.0
2018-06-30,283885.0,280603.0,1462223,NIXX,-296332.0
2018-09-30,158706.0,235127.0,1462223,NIXX,-294388.0
2018-12-31,141382.0,307836.0,1462223,NIXX,-307836.0
2019-03-31,163302.0,469682.0,1462223,NIXX,-306380.0
2019-06-30,1972481.0,,1462223,NIXX,-2190776.0
2019-09-30,1945744.0,,1462223,NIXX,-1950703.0
2019-12-31,1916460.0,,1462223,NIXX,-6056323.0
2020-03-31,2313123.0,,1462223,NIXX,-1854525.0
2020-06-30,1853414.0,,1462223,NIXX,-1422832.0
2020-09-30,1992167.0,,1462223,NIXX,-1894860.0
2020-12-31,2344188.0,,1462223,NIXX,-1566046.0
2021-03-31,3164545.0,,1462223,NIXX,-1923646.0
2021-06-30,4380894.0,,1462223,NIXX,-2452892.0
2021-09-30,6257882.0,4882762.0,1462223,NIXX,-6555382.0
2021-12-31,8380791.0,,1462223,NIXX,-6013031.0
2022-03-31,6868653.0,,1462223,NIXX,-4125737.0
2022-06-30,7112450.0,,1462223,NIXX,-2333177.0
2022-09-30,5784424.0,3717357.0,1462223,NIXX,-5720297.0
2022-12-31,1485991.0,,1462223,NIXX,-5674484.0
2023-03-31,2251796.0,,1462223,NIXX,-2803400.0
2023-06-30,575353.0,,1462223,NIXX,-939048.0
2023-09-30,183722.0,,1462223,NIXX,-2094535.0
2023-12-31,177148.0,,1462223,NIXX,-1899324.0
2024-03-31,222557.0,,1462223,NIXX,-1053305.0
2024-06-30,133101.0,,1462223,NIXX,-983189.0
2024-09-30,135886.0,,1462223,NIXX,-5493295.0
2024-12-31,-485544.0,,1462223,NIXX,-5490211.0
2025-03-31,1262000.0,,1462223,NIXX,-3826000.0
2025-06-30,13363000.0,,1462223,NIXX,-2231000.0
2025-09-30,31914932.0,,1462223,NIXX,-2162449.0
2025-12-31,51366068.0,,1462223,NIXX,-3535551.0
2026-03-31,29094000.0,,1462223,NIXX,-1224000.0
2026-06-30,16091000.0,,1462223,NIXX,-1620000.0
2021-09-30,346974000.0,,1463172,,-38908000.0
2022-09-30,416861000.0,,1463172,,-55427000.0
2021-06-30,318216000.0,,1463172,,-42421000.0
2022-06-30,407208000.0,,1463172,,-92491000.0
2021-03-31,298048000.0,,1463172,,-37280000.0
2022-03-31,388327000.0,,1463172,,-60626000.0
2020-09-30,261926000.0,,1463172,,-28326000.0
2020-06-30,246664000.0,,1463172,,-31498000.0
2020-03-31,237475000.0,,1463172,,-41284000.0
2019-09-30,210477000.0,,1463172,,-35428000.0
2019-06-30,194583000.0,,1463172,,-51362000.0
2019-03-31,181484000.0,,1463172,,-43914000.0
2018-09-30,154828000.0,,1463172,,-34201000.0
2018-06-30,141882000.0,,1463172,,-33597000.0
2018-03-31,129791000.0,,1463172,,-33615000.0
2017-09-30,112265000.0,,1463172,,-26567000.0
2017-06-30,102096000.0,,1463172,,-27465000.0
2017-03-31,93888000.0,,1463172,,-25261000.0
2016-09-30,80717000.0,,1463172,,-26213000.0
2016-06-30,74200000.0,,1463172,,-26296000.0
2016-03-31,68459000.0,,1463172,,-26687000.0
2015-09-30,55661000.0,,1463172,,-18807000.0
2015-06-30,48227000.0,,1463172,,-20940000.0
2015-03-31,42234000.0,,1463172,,-18845000.0
2014-09-30,33910000.0,,1463172,,-17812000.0
2014-06-30,29506000.0,,1463172,,-21378000.0
2014-03-31,25092000.0,,1463172,,-9752000.0
2013-09-30,19237000.0,,1463172,,-4611000.0
2013-06-30,16396000.0,,1463172,,-6161000.0
2019-12-31,229872000.0,,1463172,,-32300000.0
2020-12-31,283499000.0,,1463172,,-54791000.0
2021-12-31,375365000.0,,1463172,,-48075000.0
2018-12-31,172245000.0,,1463172,,-36515000.0
2017-12-31,121916000.0,,1463172,,-26853000.0
2016-12-31,89468000.0,,1463172,,-18951000.0
2015-12-31,62646000.0,,1463172,,-24393000.0
2014-12-31,38541000.0,,1463172,,-17203000.0
2025-05-31,17727871000.0,,1467373,ACN,2982782000.0
2026-05-31,18718144000.0,,1467373,ACN,3175298000.0
2025-02-28,16659301000.0,,1467373,ACN,2244714000.0
2026-02-28,18044066000.0,,1467373,ACN,2493547000.0
2024-11-30,17689545000.0,,1467373,ACN,2948477000.0
2025-11-30,18742125000.0,,1467373,ACN,2873698000.0
2023-11-30,16224303000.0,,1467373,ACN,2564887000.0
2024-02-29,15799514000.0,,1467373,ACN,2046427000.0
2024-05-31,16466828000.0,,1467373,ACN,2630865000.0
2024-08-31,16405819000.0,,1467373,ACN,2353668000.0
2025-08-31,17596260000.0,,1467373,ACN,2049691000.0
2022-11-30,15747802000.0,,1467373,ACN,2593100000.0
2023-02-28,15814158000.0,,1467373,ACN,1944581000.0
2023-05-31,16564585000.0,,1467373,ACN,2359288000.0
2023-08-31,15985200000.0,,1467373,ACN,1912920000.0
2021-11-30,14965153000.0,,1467373,ACN,2434294000.0
2022-02-28,15046693000.0,,1467373,ACN,2061580000.0
2022-05-31,16158803000.0,,1467373,ACN,2603118000.0
2022-08-31,15423656000.0,,1467373,ACN,2268189000.0
2020-11-30,11762185000.0,,1467373,ACN,1890669000.0
2021-02-28,12088125000.0,,1467373,ACN,1653515000.0
2021-05-31,13263795000.0,,1467373,ACN,2118656000.0
2021-08-31,13419284000.0,,1467373,ACN,1958689000.0
2019-11-30,11358958000.0,,1467373,ACN,1767263000.0
2020-02-29,11141505000.0,,1467373,ACN,1488945000.0
2020-05-31,10991305000.0,,1467373,ACN,1712733000.0
2020-08-31,10835271000.0,,1467373,ACN,1544703000.0
2018-11-30,10605546000.0,,1467373,ACN,1629012000.0
2019-02-28,10454129000.0,,1467373,ACN,1386626000.0
2019-05-31,11099688000.0,,1467373,ACN,1717943000.0
2019-08-31,11055650000.0,,1467373,ACN,1571493000.0
2017-11-30,9884313000.0,,1467373,ACN,1498176000.0
2018-02-28,9909238000.0,,1467373,ACN,1296044000.0
2018-05-31,10694996000.0,,1467373,ACN,1634875000.0
2018-08-31,10503987000.0,,1467373,ACN,1469684000.0
2016-11-30,9005603000.0,,1467373,ACN,1331959000.0
2017-02-28,8762182000.0,,1467373,ACN,1138653000.0
2017-05-31,9356787000.0,,1467373,ACN,865435000.0
2017-08-31,9640906000.0,,1467373,ACN,1296562000.0
2015-11-30,8465984000.0,,1467373,ACN,1221260000.0
2016-02-29,8397053000.0,,1467373,ACN,1088044000.0
2016-05-31,8969044000.0,,1467373,ACN,1305943000.0
2016-08-31,8965580000.0,,1467373,ACN,1195198000.0
2014-11-30,8343257000.0,,1467373,ACN,1187709000.0
2015-02-28,7931590000.0,,1467373,ACN,1021033000.0
2015-05-31,8275066000.0,,1467373,ACN,1133519000.0
2015-08-31,8364511000.0,,1467373,ACN,1093608000.0
2013-11-30,7799696000.0,,1467373,ACN,1091099000.0
2014-02-28,7567483000.0,,1467373,ACN,951282000.0
2014-05-31,8240180000.0,,1467373,ACN,1178766000.0
2014-08-31,8267319000.0,,1467373,ACN,1079365000.0
2012-11-30,7668036000.0,,1467373,ACN,1048674000.0
2013-02-28,7493320000.0,,1467373,ACN,1164532000.0
2013-05-31,7707935000.0,,1467373,ACN,1141971000.0
2013-08-31,7524994000.0,,1467373,ACN,983503000.0
2011-11-30,7589108000.0,,1467373,ACN,981138000.0
2012-02-29,7259828000.0,,1467373,ACN,889299000.0
2012-05-31,7640790000.0,,1467373,ACN,1060761000.0
2012-08-31,7288259000.0,,1467373,ACN,940350000.0
2010-11-30,6478193000.0,,1467373,ACN,826935000.0
2011-02-28,6496293000.0,,1467373,ACN,771577000.0
2011-05-31,7204355000.0,,1467373,ACN,949416000.0
2011-08-31,7174073000.0,,1467373,ACN,922529000.0
2012-02-28,7259828000.0,,1467373,ACN,889299000.0
2009-11-30,5747687000.0,,1467373,ACN,746408000.0
2010-02-28,5537823000.0,,1467373,ACN,650973000.0
2010-05-31,5975495000.0,,1467373,ACN,803830000.0
2010-08-31,5833073000.0,,1467373,ACN,713634000.0
2008-11-30,6470608000.0,,1467373,ACN,814772000.0
2009-02-28,5657563000.0,,1467373,ACN,677467000.0
2009-05-31,5537348000.0,,1467373,ACN,732040000.0
2009-08-31,5505449000.0,,1467373,ACN,419586000.0
2024-09-30,77801000.0,,1475115,,-8952000.0
2025-09-30,71743000.0,,1475115,,-902000.0
2024-06-30,84551000.0,,1475115,,-6454000.0
2025-06-30,72758000.0,,1475115,,-6340000.0
2024-03-31,86252000.0,,1475115,,-7570000.0
2025-03-31,73833000.0,,1475115,,-9724000.0
2023-09-30,81544000.0,,1475115,,-11564000.0
2023-06-30,78912000.0,,1475115,,-6682000.0
2023-03-31,77914000.0,,1475115,,-13823000.0
2022-09-30,67472000.0,,1475115,,-13278000.0
2022-06-30,66041000.0,,1475115,,-13300000.0
2022-03-31,55875000.0,,1475115,,-14581000.0
2021-06-30,46311000.0,,1475115,,-18229000.0
2021-09-30,53367000.0,,1475115,,-11228000.0
2021-03-31,27818000.0,,1475115,,-25843000.0
2020-09-30,21868000.0,,1475115,,-11737000.0
2020-06-30,8394000.0,,1475115,,-36146000.0
2020-03-31,49086000.0,,1475115,,-137114000.0
2019-09-30,82052000.0,,1475115,,-23702000.0
2019-06-30,80758000.0,,1475115,,-15329000.0
2019-03-31,81326000.0,,1475115,,-10941000.0
2018-09-30,73628000.0,,1475115,,-13054000.0
2018-06-30,67542000.0,,1475115,,-13220000.0
2018-03-31,74526000.0,,1475115,,-3091000.0
2017-09-30,50749000.0,,1475115,,-10425000.0
2023-12-31,87764000.0,,1475115,,-9064000.0
2024-12-31,76464000.0,,1475115,,-7817000.0
2025-12-31,73509000.0,,1475115,,-9128000.0
2022-12-31,71539000.0,,1475115,,-5583000.0
2021-12-31,59638000.0,,1475115,,-12478000.0
2020-12-31,26658000.0,,1475115,,-13283000.0
2019-12-31,82665000.0,,1475115,,-19979000.0
2018-12-31,75915000.0,,1475115,,-9310000.0
2010-10-31,,,1482554,HFUS,-9044.0
2011-01-31,,,1482554,HFUS,-7259.0
2011-04-30,,,1482554,HFUS,-13445.0
2011-07-31,,,1482554,HFUS,-229.0
2011-10-31,,,1482554,HFUS,-6808.0
2012-01-31,,,1482554,HFUS,-4050.0
2012-04-30,,,1482554,HFUS,-4008.0
2012-10-31,,,1482554,HFUS,-5859.0
2013-01-21,,,1482554,HFUS,-4536.0
2013-01-31,,,1482554,HFUS,-4536.0
2013-04-30,,,1482554,HFUS,-4381.0
2013-10-31,,,1482554,HFUS,-3099.0
2014-01-31,,,1482554,HFUS,-7974.0
2014-04-30,,,1482554,HFUS,-6122.0
2014-07-31,,,1482554,HFUS,-3584.0
2014-10-31,,,1482554,HFUS,-1011.0
2015-01-31,,,1482554,HFUS,-7936.0
2015-04-30,,,1482554,HFUS,-5863.0
2015-07-31,,,1482554,HFUS,-6264.0
2015-10-31,,,1482554,HFUS,-7839.0
2016-01-31,,,1482554,HFUS,-10788.0
2016-04-30,0.0,,1482554,HFUS,-6085.0
2016-07-31,,,1482554,HFUS,-3699.0
2016-10-31,0.0,,1482554,HFUS,-2076.0
2017-01-31,0.0,,1482554,HFUS,-7277.0
2017-04-30,0.0,,1482554,HFUS,-5559.0
2017-07-31,0.0,,1482554,HFUS,-4703.0
2017-10-31,0.0,,1482554,HFUS,-1577.0
2018-01-31,0.0,,1482554,HFUS,-11987.0
2018-04-30,0.0,,1482554,HFUS,-5193.0
2018-07-31,0.0,,1482554,HFUS,-6846.0
2018-10-31,0.0,,1482554,HFUS,-3749.0
2019-01-31,0.0,56060.0,1482554,HFUS,-56060.0
2019-04-30,23103.0,280825.0,1482554,HFUS,-264717.0
2019-07-31,33071.0,,1482554,HFUS,-357992.0
2019-10-31,64516.0,429611.0,1482554,HFUS,-393986.0
2020-01-31,25684.0,465667.0,1482554,HFUS,-1461164.0
2020-04-30,10310.0,411396.0,1482554,HFUS,-414624.0
2020-07-31,-2203.0,506100.0,1482554,HFUS,-1229183.0
2020-10-31,79387.0,584504.0,1482554,HFUS,-658206.0
2021-01-31,102925.0,861205.0,1482554,HFUS,-968355.0
2021-04-30,137892.0,481820.0,1482554,HFUS,-586958.0
2021-07-31,233255.0,-1671874.0,1482554,HFUS,1957864.0
2021-10-31,169812.0,479540.0,1482554,HFUS,-672951.0
2022-01-31,186951.0,49157.0,1482554,HFUS,-49157.0
2022-04-30,157770.0,38655.0,1482554,HFUS,-38655.0
2022-07-31,46729.0,-389439.0,1482554,HFUS,582850.0
2022-10-31,,54648.0,1482554,HFUS,-54648.0
2023-01-31,,21362.0,1482554,HFUS,-21362.0
2023-04-30,,21417.0,1482554,HFUS,-21417.0
2023-07-31,,26223.0,1482554,HFUS,-26223.0
2023-10-31,,20192.0,1482554,HFUS,-20192.0
2024-01-31,62443.0,21942.0,1482554,HFUS,-15004.0
2024-04-30,116640.0,86300.0,1482554,HFUS,30340.0
2024-07-31,,119486.0,1482554,HFUS,1101376.0
2024-10-31,467462.0,165568.0,1482554,HFUS,192072.0
2025-01-31,,201187.0,1482554,HFUS,176850.0
2025-04-30,354791.0,169887.0,1482554,HFUS,184904.0
2025-07-31,,160774.0,1482554,HFUS,671351.0
2025-10-31,330267.0,216375.0,1482554,HFUS,113892.0
2026-01-31,,169522.0,1482554,HFUS,21477.0
2026-04-30,1051217.0,213566.0,1482554,HFUS,836939.0
2010-06-30,27916000.0,,1487101,,-348000.0
2010-09-30,28992000.0,,1487101,,-289000.0
2011-03-31,41661000.0,,1487101,,175000.0
2011-06-30,44898000.0,,1487101,,239000.0
2011-09-30,53957000.0,,1487101,,345000.0
2011-12-31,50071000.0,,1487101,,1069000.0
2012-03-31,55776000.0,,1487101,,648000.0
2012-06-30,56155000.0,,1487101,,975000.0
2012-09-30,57353000.0,,1487101,,704000.0
2012-12-31,74236000.0,,1487101,,866000.0
2013-03-31,77872000.0,,1487101,,-3092000.0
2013-06-30,78258000.0,,1487101,,-2992000.0
2013-09-30,73773000.0,,1487101,,-2226000.0
2013-12-31,68829000.0,,1487101,,-2506000.0
2014-03-31,63807000.0,,1487101,,-3888000.0
2014-06-30,74229000.0,,1487101,,-1487000.0
2014-09-30,78969000.0,,1487101,,-1702000.0
2014-12-31,62245000.0,,1487101,,25827000.0
2015-03-31,68848000.0,,1487101,,2829000.0
2015-06-30,75869000.0,,1487101,,6312000.0
2015-09-30,78100000.0,,1487101,,3308000.0
2015-12-31,75118000.0,,1487101,,3681000.0
2016-03-31,73642000.0,,1487101,,4939000.0
2016-06-30,73346000.0,,1487101,,5067000.0
2016-09-30,72111000.0,,1487101,,4240000.0
2016-12-31,68928000.0,,1487101,,-1056000.0
2017-03-31,68256000.0,,1487101,,-1267000.0
2017-06-30,124058000.0,,1487101,,-10550000.0
2017-09-30,122394000.0,,1487101,,534000.0
2017-12-31,126878000.0,,1487101,,3611000.0
2018-03-31,125742000.0,,1487101,,668000.0
2018-06-30,128140000.0,,1487101,,3688000.0
2018-09-30,126690000.0,,1487101,,3743000.0
2018-12-31,126268000.0,,1487101,,-183000.0
2019-03-31,113761000.0,,1487101,,1208000.0
2010-08-31,,,1487931,,-2058.0
2010-11-30,,,1487931,,-735.0
2011-05-31,,,1487931,,-1284.0
2011-08-31,,,1487931,,-527.0
2011-11-30,,,1487931,,-500.0
2012-02-28,,,1487931,,-600.0
2012-02-29,,,1487931,,-727.0
2012-05-31,,,1487931,,-2646.0
2012-08-31,,,1487931,,-650.0
2012-11-30,,,1487931,,-650.0
2013-05-31,,,1487931,,-2598.0
2013-08-31,,,1487931,,-2548.0
2013-11-30,,,1487931,,-1047.0
2014-02-28,,,1487931,,-1820.0
2014-05-31,,,1487931,,-1148.0
2014-08-31,,,1487931,,-469.0
2014-11-30,,,1487931,,-468.0
2014-12-31,,,1487931,,-2500366.0
2015-02-28,,,1487931,,-469.0
2015-03-31,135138.0,,1487931,,-240193.0
2015-05-31,,,1487931,,-1149.0
2015-06-30,183237.0,,1487931,,-643171.0
2015-08-31,,,1487931,,-469.0
2015-09-30,140652.0,,1487931,,-965758.0
2015-11-30,,,1487931,,-9821.0
2015-12-31,145772.0,,1487931,,
2016-03-31,122185.0,,1487931,,-1223813.0
2016-06-30,111454.0,,1487931,,-665164.0
2016-09-30,94552.0,,1487931,,-761692.0
2016-12-31,97007.0,,1487931,,6057.0
2017-03-31,128337.0,,1487931,,-673613.0
2017-06-30,157090.0,,1487931,,-642522.0
2017-09-30,124553.0,,1487931,,-1404972.0
2017-12-31,148242.0,,1487931,,-773286.0
2018-03-31,126880.0,,1487931,,-733112.0
2018-06-30,129339.0,,1487931,,-640332.0
2018-09-30,134818.0,,1487931,,-592964.0
2018-12-31,113993.0,,1487931,,-749589.0
2019-03-31,133153.0,,1487931,,-519624.0
2019-06-30,135091.0,,1487931,,-1414342.0
2019-09-30,108021.0,,1487931,,-800011.0
2019-12-31,186498.0,,1487931,,-651477.0
2020-03-31,104044.0,,1487931,,-845645.0
2020-06-30,76445.0,,1487931,,-155127.0
2020-09-30,83935.0,,1487931,,-110336.0
2020-12-31,97464.0,,1487931,,-81896.0
2021-03-31,60965.0,,1487931,,-176529.0
2021-06-30,304497.0,,1487931,,-242114.0
2021-09-30,200159.0,,1487931,,-518973.0
2021-12-31,54875.0,,1487931,,-292413.0
2022-03-31,167102.0,,1487931,,-144815.0
2022-06-30,173772.0,,1487931,,-176350.0
2022-09-30,155049.0,,1487931,,-193103.0
2016-03-31,38614000.0,,1494259,CARG,
2016-06-30,45627000.0,,1494259,CARG,
2016-09-30,53136000.0,,1494259,CARG,3257000.0
2016-12-31,60764000.0,,1494259,CARG,
2017-03-31,67035000.0,,1494259,CARG,6384000.0
2017-06-30,76240000.0,,1494259,CARG,5995000.0
2017-09-30,82989000.0,,1494259,CARG,2863000.0
2017-12-31,90597000.0,,1494259,CARG,32000.0
2018-03-31,98575000.0,,1494259,CARG,6459000.0
2018-06-30,110296000.0,,1494259,CARG,3953000.0
2018-09-30,119125000.0,,1494259,CARG,5877000.0
2018-12-31,126090000.0,,1494259,CARG,6902000.0
2019-03-31,135270000.0,,1494259,CARG,7435000.0
2019-06-30,145031000.0,,1494259,CARG,3548000.0
2019-09-30,150462000.0,,1494259,CARG,9704000.0
2019-12-31,158153000.0,,1494259,CARG,13635000.0
2020-03-31,157689000.0,,1494259,CARG,12019000.0
2020-06-30,94737000.0,,1494259,CARG,8709000.0
2020-09-30,147472000.0,,1494259,CARG,43567000.0
2020-12-31,151553000.0,,1494259,CARG,33461000.0
2021-03-31,171368000.0,,1494259,CARG,25791000.0
2021-06-30,217748000.0,,1494259,CARG,38477000.0
2021-09-30,222915000.0,,1494259,CARG,40076000.0
2021-12-31,339342000.0,,1494259,CARG,43924000.0
2022-03-31,430608000.0,,1494259,CARG,26659000.0
2022-06-30,511229000.0,,1494259,CARG,23542000.0
2022-09-30,426454000.0,,1494259,CARG,28656000.0
2022-12-31,286744000.0,,1494259,CARG,29621000.0
2023-03-31,231963000.0,,1494259,CARG,14059000.0
2023-06-30,239737000.0,,1494259,CARG,17738000.0
2023-09-30,219419000.0,,1494259,CARG,23095000.0
2023-12-31,7302000.0,,1494259,CARG,65437000.0
2024-03-31,187395000.0,,1494259,CARG,26284000.0
2024-06-30,195851000.0,,1494259,CARG,-93584000.0
2024-09-30,204554000.0,,1494259,CARG,27434000.0
2024-12-31,210244000.0,,1494259,CARG,197013000.0
2025-03-31,212235000.0,,1494259,CARG,50654000.0
2025-06-30,221998000.0,,1494259,CARG,60549000.0
2025-09-30,231653000.0,,1494259,CARG,54674000.0
2025-12-31,241094000.0,,1494259,CARG,78568000.0
2026-03-31,243555000.0,,1494259,CARG,40079000.0
2026-06-30,250971000.0,,1494259,CARG,62982000.0
2022-06-30,,,1497230,FYNN,-197340.0
2022-09-30,,,1497230,FYNN,-185955.0
2023-03-31,,,1497230,FYNN,-186625.0
2023-06-30,,,1497230,FYNN,-236625.0
2023-09-30,,,1497230,FYNN,-286204.0
2023-12-31,,,1497230,FYNN,-214363.0
2024-03-31,0.0,,1497230,FYNN,-204883.0
2024-06-30,0.0,,1497230,FYNN,-488083.0
2024-09-30,,,1497230,FYNN,-247246.0
2024-12-31,,,1497230,FYNN,141959.0
2025-03-31,43653.0,,1497230,FYNN,-190203.0
2025-06-30,24499.0,,1497230,FYNN,-295436.0
2025-09-30,25404.0,,1497230,FYNN,-152931.0
2010-06-30,13288041.0,2484501.0,1505611,,42925.0
2010-09-30,16414168.0,2469145.0,1505611,,481490.0
2011-03-31,12800958.0,3492975.0,1505611,,-1169366.0
2011-06-30,13223806.0,3499674.0,1505611,,-834223.0
2011-09-30,16446541.0,3274994.0,1505611,,164431.0
2011-12-31,15887695.0,3329357.0,1505611,,233158.0
2012-03-31,17810000.0,3835000.0,1505611,,-82000.0
2012-06-30,17767000.0,4802000.0,1505611,,-1083000.0
2012-09-30,6000000.0,4741000.0,1505611,,-619000.0
2012-12-31,29924000.0,4774000.0,1505611,,-1325000.0
2013-03-31,500000.0,5033000.0,1505611,,-2209000.0
2013-06-30,14721000.0,4464000.0,1505611,,-898000.0
2013-09-30,17575000.0,4485000.0,1505611,,-203000.0
2013-12-31,27896000.0,4356000.0,1505611,,-1481000.0
2014-03-31,16709000.0,3717000.0,1505611,,-143000.0
2014-06-30,12990000.0,2703000.0,1505611,,102000.0
2014-09-30,11608000.0,2419000.0,1505611,,-16000.0
2014-12-31,23239000.0,4492000.0,1505611,,986000.0
2015-03-31,11749000.0,2857000.0,1505611,,-275000.0
2015-06-30,9370000.0,2070000.0,1505611,,-3354000.0
2015-09-30,8240000.0,1730000.0,1505611,,-52000.0
2020-03-31,18287000.0,,1505611,,1526000.0
2020-06-30,15653000.0,,1505611,,1498000.0
2020-09-30,11119000.0,,1505611,,74000.0
2020-12-31,18301000.0,,1505611,,930000.0
2021-03-31,16072000.0,,1505611,,329000.0
2021-06-30,15169000.0,,1505611,,112000.0
2021-09-30,18219000.0,,1505611,,878000.0
2021-12-31,16483000.0,,1505611,,-921000.0
2022-03-31,19721000.0,,1505611,,238000.0
2022-06-30,27506000.0,,1505611,,1983000.0
2022-09-30,25713000.0,,1505611,,1527000.0
2022-12-31,24475000.0,,1505611,,699000.0
2023-03-31,27039000.0,,1505611,,1188000.0
2023-06-30,30912000.0,,1505611,,1346000.0
2023-09-30,27140000.0,,1505611,,1516000.0
2023-12-31,-58052000.0,,1505611,,725000.0
2024-03-31,25618000.0,,1505611,,-898000.0
2025-06-30,998227000.0,,1506293,PINS,-4330000.0
2026-06-30,1179654000.0,,1506293,PINS,-55198000.0
2025-03-31,854988000.0,,1506293,PINS,-35477000.0
2026-03-31,1007514000.0,,1506293,PINS,-80292000.0
2024-09-30,898373000.0,,1506293,PINS,-5916000.0
2025-09-30,1049205000.0,,1506293,PINS,58516000.0
2024-06-30,853680000.0,,1506293,PINS,-21441000.0
2024-03-31,739983000.0,,1506293,PINS,-54416000.0
2023-09-30,763203000.0,,1506293,PINS,-4999000.0
2023-06-30,708025000.0,,1506293,PINS,-73243000.0
2023-03-31,602581000.0,,1506293,PINS,-243686000.0
2022-09-30,684550000.0,,1506293,PINS,-69375000.0
2022-06-30,665930000.0,,1506293,PINS,-34505000.0
2022-03-31,574885000.0,,1506293,PINS,-3665000.0
2021-09-30,632932000.0,,1506293,PINS,98449000.0
2021-06-30,613210000.0,,1506293,PINS,71198000.0
2021-03-31,485230000.0,,1506293,PINS,-22908000.0
2020-09-30,442616000.0,,1506293,PINS,-97033000.0
2020-06-30,272485000.0,,1506293,PINS,-104530000.0
2020-03-31,271940000.0,,1506293,PINS,-146090000.0
2019-09-30,279703000.0,,1506293,PINS,-133710000.0
2019-06-30,261249000.0,,1506293,PINS,-1167143000.0
2019-03-31,201911000.0,,1506293,PINS,-44826000.0
2018-09-30,190197000.0,,1506293,PINS,-22431000.0
2018-06-30,161192000.0,,1506293,PINS,-41368000.0
2018-03-31,131359000.0,,1506293,PINS,-54982000.0
2023-12-31,981262000.0,,1506293,PINS,196250000.0
2024-12-31,1154130000.0,,1506293,PINS,261590000.0
2025-12-31,1319347000.0,,1506293,PINS,301174000.0
2022-12-31,877209000.0,,1506293,PINS,5868000.0
2021-12-31,846655000.0,,1506293,PINS,179448000.0
2020-12-31,705617000.0,,1506293,PINS,205149000.0
2019-12-31,399898000.0,,1506293,PINS,-43187000.0
2018-12-31,273184000.0,,1506293,PINS,44060000.0
2011-06-30,,,1510247,,-26925.0
2011-09-30,2457.0,4874.0,1510247,,-4682.0
2012-03-31,583.0,7347.0,1510247,,-7519.0
2012-06-30,683.0,71446.0,1510247,,-71518.0
2012-09-30,440.0,67667.0,1510247,,-90088.0
2012-12-31,164.0,256068.0,1510247,,-268762.0
2013-03-31,340.0,199791.0,1510247,,-200846.0
2013-06-30,93338.0,233962.0,1510247,,-214530.0
2013-09-30,74939.0,214728.0,1510247,,-199605.0
2013-12-31,64808.0,129638.0,1510247,,-138568.0
2014-03-31,121293.0,73885.0,1510247,,-71039.0
2014-06-30,83589.0,73512.0,1510247,,-54434.0
2014-09-30,83724.0,143865.0,1510247,,-145128.0
2014-12-31,37150.0,168309.0,1510247,,-175018.0
2015-03-31,61317.0,113322.0,1510247,,-102516.0
2015-06-30,48685.0,85041.0,1510247,,-85252.0
2015-09-30,19260.0,,1510247,,-73351.0
2015-12-31,10398.0,,1510247,,-56142.0
2016-03-31,6588.0,,1510247,,-62991.0
2016-06-30,4433.0,,1510247,,-58457.0
2016-09-30,147.0,,1510247,,-56799.0
2016-12-31,887.0,,1510247,,-87560.0
2017-03-31,1055.0,,1510247,,-41148.0
2017-06-30,1251.0,,1510247,,-81135.0
2017-09-30,787.0,,1510247,,-47164.0
2017-12-31,700.0,,1510247,,-87378.0
2018-03-31,1594.0,,1510247,,-183258.0
2018-06-30,,,1510247,,-161134.0
2018-09-30,525.0,,1510247,,-218463.0
2018-12-31,,,1510247,,-182534.0
2019-03-31,2064.0,,1510247,,-1030998.0
2019-06-30,,,1510247,,-593563.0
2019-09-30,748.0,,1510247,,-681263.0
2019-12-31,,,1510247,,-1391019.0
2020-03-31,560.0,,1510247,,-479875.0
2020-06-30,,,1510247,,-500598.0
2020-09-30,,,1510247,,-416834.0
2020-12-31,,,1510247,,-418796.0
2021-03-31,,,1510247,,-1468692.0
2021-06-30,,,1510247,,-360488.0
2021-09-30,,,1510247,,-596886.0
2021-12-31,,,1510247,,-1013517.0
2022-03-31,,,1510247,,-456504.0
2022-06-30,,,1510247,,-275362.0
2022-09-30,,,1510247,,-157752.0
2012-09-30,,,1514056,TESI,-700.0
2013-03-31,,,1514056,TESI,-1217.0
2013-06-30,,,1514056,TESI,-5104.0
2013-09-30,,,1514056,TESI,-2568.0
2013-12-31,,,1514056,TESI,-128.0
2014-03-31,,,1514056,TESI,-2300.0
2014-06-30,,,1514056,TESI,-4437.0
2014-09-30,,,1514056,TESI,-8406.0
2014-12-31,,,1514056,TESI,-5349.0
2015-03-31,,,1514056,TESI,-3753.0
2015-06-30,,,1514056,TESI,-1300.0
2015-09-30,,,1514056,TESI,-1340.0
2015-12-31,,,1514056,TESI,-2222.0
2016-03-31,,,1514056,TESI,-3772.0
2016-06-30,,,1514056,TESI,-1350.0
2016-09-30,46132.0,,1514056,TESI,-1396.0
2016-12-31,,,1514056,TESI,-4611.0
2017-03-31,8290.0,,1514056,TESI,-26243.0
2017-06-30,3895.0,,1514056,TESI,-5562.0
2017-09-30,6574.0,,1514056,TESI,-51209.0
2017-12-31,44221.0,,1514056,TESI,-219076.0
2018-03-31,89786.0,,1514056,TESI,-106422.0
2018-06-30,31124.0,,1514056,TESI,-38179.0
2018-09-30,31124.0,,1514056,TESI,-38179.0
2018-12-31,29284.0,,1514056,TESI,-80949.0
2019-03-31,5565.0,,1514056,TESI,-62284.0
2019-06-30,132793.0,,1514056,TESI,-71656.0
2019-09-30,222318.0,,1514056,TESI,-229389.0
2019-12-31,320056.0,,1514056,TESI,-82314.0
2020-03-31,291061.0,,1514056,TESI,-34881.0
2020-06-30,230258.0,,1514056,TESI,-72377.0
2020-09-30,217858.0,,1514056,TESI,-93033.0
2020-12-31,270772.0,,1514056,TESI,-154677.0
2021-03-31,382386.0,,1514056,TESI,-1001530.0
2021-06-30,937002.0,,1514056,TESI,-867910.0
2021-09-30,789699.0,,1514056,TESI,-1734874.0
2021-12-31,603213.0,,1514056,TESI,-863963.0
2022-03-31,522.0,,1514056,TESI,-226880.0
2022-06-30,919738.0,,1514056,TESI,-175242.0
2022-09-30,1254058.0,,1514056,TESI,-244551.0
2022-12-31,2028794.0,,1514056,TESI,-458329.0
2023-03-31,1080327.0,,1514056,TESI,-602945.0
2023-06-30,1827245.0,,1514056,TESI,-22657641.0
2023-09-30,2606653.0,,1514056,TESI,-1819660.0
2023-12-31,714367.0,,1514056,TESI,14103691.0
2024-03-31,1187582.0,,1514056,TESI,-1900584.0
2024-06-30,2661183.0,,1514056,TESI,-1775392.0
2024-09-30,3883105.0,,1514056,TESI,-11511284.0
2024-12-31,1842533.0,,1514056,TESI,9295562.0
2025-03-31,1750172.0,,1514056,TESI,-1995612.0
2025-06-30,145913000.0,,1516513,DOCS,54517000.0
2026-06-30,156618000.0,,1516513,DOCS,33644000.0
2024-12-31,168603000.0,,1516513,DOCS,79925000.0
2025-12-31,185053000.0,,1516513,DOCS,71896000.0
2024-09-30,136832000.0,,1516513,DOCS,53142000.0
2025-09-30,168525000.0,,1516513,DOCS,63681000.0
2024-06-30,126676000.0,,1516513,DOCS,46053000.0
2023-12-31,135284000.0,,1516513,DOCS,58551000.0
2023-09-30,113612000.0,,1516513,DOCS,33792000.0
2023-06-30,108469000.0,,1516513,DOCS,29683000.0
2022-12-31,115262000.0,,1516513,DOCS,38484000.0
2022-09-30,102185000.0,,1516513,DOCS,32101000.0
2022-06-30,90639000.0,,1516513,DOCS,21682000.0
2021-12-31,97876000.0,,1516513,DOCS,35789000.0
2021-09-30,79350000.0,,1516513,DOCS,24951000.0
2021-06-30,72669000.0,,1516513,DOCS,24875000.0
2020-12-31,58709000.0,,1516513,DOCS,17936000.0
2020-09-30,45113000.0,,1516513,DOCS,10437000.0
2020-06-30,36388000.0,,1516513,DOCS,2083000.0
2024-03-31,118057000.0,,1516513,DOCS,41852000.0
2025-03-31,138288000.0,,1516513,DOCS,48680000.0
2026-03-31,145372000.0,,1516513,DOCS,24826000.0
2023-03-31,110966000.0,,1516513,DOCS,32841000.0
2022-03-31,93653000.0,,1516513,DOCS,27921000.0
2021-03-31,66687000.0,,1516513,DOCS,22847000.0
2011-03-31,0.0,,1516805,,-10958.0
2011-06-30,0.0,,1516805,,-579.0
2011-09-30,0.0,,1516805,,-1019.0
2011-12-31,0.0,,1516805,,-51.0
2012-03-31,0.0,,1516805,,-33.0
2012-06-30,0.0,,1516805,,-20.0
2012-09-30,0.0,,1516805,,-16768.0
2012-12-31,0.0,,1516805,,-16751.0
2013-03-31,0.0,5217.0,1516805,,-5217.0
2013-06-30,,5847.0,1516805,,-5847.0
2014-03-31,,351628.0,1516805,,-366985.0
2014-06-30,15802.0,793125.0,1516805,,-803740.0
2014-12-31,45505.0,989785.0,1516805,,-987272.0
2015-03-31,22661.0,668234.0,1516805,,-1149712.0
2015-06-30,18187.0,1241022.0,1516805,,-1896724.0
2015-09-30,-2483.0,1020915.0,1516805,,-2194805.0
2015-12-31,5584.0,1481826.0,1516805,,-2809532.0
2016-03-31,7358.0,1212913.0,1516805,,-2290003.0
2016-06-30,5703.0,1602233.0,1516805,,-3838064.0
2016-09-30,2834.0,615530.0,1516805,,-4444323.0
2016-12-31,9968.0,1766099.0,1516805,,-2803847.0
2017-03-31,7475.0,1983534.0,1516805,,-5960896.0
2017-06-30,28481.0,1393206.0,1516805,,-2013796.0
2017-09-30,46281.0,1460252.0,1516805,,-2832505.0
2017-12-31,61086.0,1482842.0,1516805,,-1895749.0
2018-03-31,47242.0,1441003.0,1516805,,-1721265.0
2018-06-30,987.0,1275510.0,1516805,,-2002494.0
2018-09-30,230632.0,597433.0,1516805,,-2919946.0
2018-12-31,144515.0,143437.0,1516805,,1078.0
2019-03-31,59544.0,112892.0,1516805,,-53348.0
2019-06-30,0.0,90131.0,1516805,,-90131.0
2019-09-30,166352.0,553645.0,1516805,,-387293.0
2019-12-31,383375.0,158957.0,1516805,,224418.0
2020-03-31,0.0,147721.0,1516805,,-147721.0
2020-06-30,74082.0,156333.0,1516805,,-82251.0
2020-09-30,489009.0,410739.0,1516805,,78270.0
2020-12-31,,387160.0,1516805,,-387160.0
2021-03-31,22890.0,240047.0,1516805,,-1677049.0
2021-06-30,194089.0,374589.0,1516805,,-180500.0
2010-11-30,43782.0,,1517389,JFIL,29694.0
2011-05-31,19197.0,,1517389,JFIL,-44810.0
2011-08-31,19645.0,,1517389,JFIL,-32930.0
2011-11-30,31269.0,,1517389,JFIL,-19406.0
2012-02-29,35776.0,,1517389,JFIL,-32510.0
2012-05-31,54047.0,,1517389,JFIL,-8141.0
2012-08-31,40502.0,,1517389,JFIL,-34224.0
2012-11-30,9608.0,,1517389,JFIL,-40297.0
2013-02-28,,,1517389,JFIL,-11277.0
2013-05-31,,,1517389,JFIL,-8141.0
2013-08-31,,,1517389,JFIL,-34764.0
2013-11-30,,,1517389,JFIL,-20035.0
2014-02-28,,,1517389,JFIL,-273309.0
2014-05-31,,,1517389,JFIL,-51077.0
2014-08-31,,,1517389,JFIL,-59311.0
2014-11-30,,,1517389,JFIL,-49921.0
2015-02-28,,,1517389,JFIL,-84151.0
2015-05-31,,,1517389,JFIL,-51037.0
2015-08-31,,,1517389,JFIL,-56074.0
2015-11-30,,,1517389,JFIL,-75104.0
2016-02-29,,,1517389,JFIL,-194840.0
2016-05-31,,,1517389,JFIL,-173385.0
2016-08-31,,,1517389,JFIL,-198508.0
2016-11-30,,,1517389,JFIL,-181705.0
2017-02-28,,,1517389,JFIL,-175555.0
2017-05-31,,,1517389,JFIL,-180604.0
2017-08-31,,,1517389,JFIL,-174318.0
2017-11-30,,,1517389,JFIL,-171429.0
2018-02-28,,,1517389,JFIL,-60220.0
2018-05-31,8241.0,,1517389,JFIL,-1109635.0
2018-08-31,5849.0,,1517389,JFIL,-93386.0
2018-11-30,24099.0,,1517389,JFIL,-94215.0
2019-02-28,14954.0,,1517389,JFIL,981137.0
2019-05-31,6330.0,,1517389,JFIL,-25742.0
2019-08-31,10185.0,,1517389,JFIL,-17402.0
2019-11-30,20434.0,,1517389,JFIL,-10440.0
2020-02-29,48.0,,1517389,JFIL,-22564.0
2020-05-31,0.0,,1517389,JFIL,-23100.0
2020-08-31,0.0,,1517389,JFIL,-19872.0
2020-11-30,0.0,,1517389,JFIL,-22985.0
2021-02-28,0.0,,1517389,JFIL,-18229.0
2021-05-31,0.0,,1517389,JFIL,-21528.0
2021-08-31,0.0,,1517389,JFIL,-18333.0
2021-11-30,0.0,,1517389,JFIL,-23253.0
2022-02-28,0.0,,1517389,JFIL,-1697.0
2022-05-31,0.0,17913.0,1517389,JFIL,-17913.0
2022-08-31,0.0,14104.0,1517389,JFIL,-14104.0
2022-11-30,0.0,14754.0,1517389,JFIL,-14754.0
2023-02-28,0.0,14774.0,1517389,JFIL,-14774.0
2023-05-31,0.0,23844.0,1517389,JFIL,-23844.0
2023-08-31,0.0,12943.0,1517389,JFIL,-12943.0
2023-11-30,0.0,14954.0,1517389,JFIL,-14954.0
2024-02-29,0.0,15624.0,1517389,JFIL,-15624.0
2024-05-31,0.0,22171.0,1517389,JFIL,-22171.0
2024-08-31,0.0,10069.0,1517389,JFIL,-10069.0
2024-11-30,0.0,14130.0,1517389,JFIL,-14130.0
2025-02-28,0.0,13302.0,1517389,JFIL,-13302.0
2025-05-31,0.0,19190.0,1517389,JFIL,-19190.0
2025-08-31,0.0,13312.0,1517389,JFIL,-13312.0
2025-11-30,0.0,14496.0,1517389,JFIL,-14496.0
2026-02-28,0.0,,1517389,JFIL,
2026-05-31,0.0,,1517389,JFIL,
2010-12-31,0.0,,1519177,,
2011-09-30,0.0,,1519177,,
2011-12-31,0.0,,1519177,,
2019-09-30,0.0,,1519177,,0.0
2020-03-31,0.0,,1519177,,-10062.0
2020-06-30,0.0,,1519177,,-1912418.0
2020-09-30,135000.0,,1519177,,-8440.0
2021-03-31,71429.0,,1519177,,-524472.0
2021-06-30,38214.0,,1519177,,-875175.0
2021-09-30,35714.0,,1519177,,-1127468.0
2021-12-31,35714.0,,1519177,,-1865103.0
2022-03-31,444096.0,,1519177,,-1313105.0
2022-06-30,6292177.0,,1519177,,1272362.0
2022-09-30,102353.0,,1519177,,-1310591.0
2022-12-31,-6494159.0,,1519177,,-3312651.0
2011-03-31,149222000.0,,1526520,TRIP,73314000.0
2011-06-30,169242000.0,,1526520,TRIP,83819000.0
2011-09-30,180801000.0,,1526520,TRIP,82068000.0
2011-12-31,137798000.0,,1526520,TRIP,33556000.0
2012-03-31,183715000.0,,1526520,TRIP,73377000.0
2012-06-30,197148000.0,,1526520,TRIP,83678000.0
2012-09-30,212710000.0,,1526520,TRIP,92249000.0
2012-12-31,169393000.0,,1526520,TRIP,46992000.0
2013-03-31,230000000.0,,1526520,TRIP,88000000.0
2013-06-30,247000000.0,,1526520,TRIP,94000000.0
2013-09-30,255000000.0,,1526520,TRIP,84000000.0
2013-12-31,213000000.0,,1526520,TRIP,28000000.0
2014-03-31,281000000.0,,1526520,TRIP,96000000.0
2014-06-30,323000000.0,,1526520,TRIP,100000000.0
2014-09-30,354000000.0,,1526520,TRIP,84000000.0
2014-12-31,288000000.0,,1526520,TRIP,60000000.0
2015-03-31,363000000.0,,1526520,TRIP,90000000.0
2015-06-30,405000000.0,,1526520,TRIP,79000000.0
2015-09-30,415000000.0,,1526520,TRIP,88000000.0
2015-12-31,309000000.0,,1526520,TRIP,-25000000.0
2016-03-31,352000000.0,,1526520,TRIP,42000000.0
2016-06-30,391000000.0,,1526520,TRIP,47000000.0
2016-09-30,421000000.0,,1526520,TRIP,66000000.0
2016-12-31,316000000.0,,1526520,TRIP,10000000.0
2017-03-31,372000000.0,,1526520,TRIP,27000000.0
2017-06-30,424000000.0,,1526520,TRIP,46000000.0
2017-09-30,439000000.0,,1526520,TRIP,42000000.0
2017-12-31,321000000.0,,1526520,TRIP,9000000.0
2018-03-31,378000000.0,,1526520,TRIP,23000000.0
2018-06-30,433000000.0,,1526520,TRIP,49000000.0
2018-09-30,458000000.0,,1526520,TRIP,89000000.0
2018-12-31,346000000.0,,1526520,TRIP,23000000.0
2019-03-31,376000000.0,,1526520,TRIP,31000000.0
2019-06-30,422000000.0,,1526520,TRIP,66000000.0
2019-09-30,428000000.0,,1526520,TRIP,68000000.0
2019-12-31,335000000.0,,1526520,TRIP,23000000.0
2020-03-31,278000000.0,,1526520,TRIP,-27000000.0
2020-06-30,59000000.0,,1526520,TRIP,-164000000.0
2020-09-30,151000000.0,,1526520,TRIP,-46000000.0
2020-12-31,116000000.0,,1526520,TRIP,-92000000.0
2021-03-31,123000000.0,,1526520,TRIP,-84000000.0
2021-06-30,235000000.0,,1526520,TRIP,-35000000.0
2021-09-30,303000000.0,,1526520,TRIP,16000000.0
2021-12-31,241000000.0,,1526520,TRIP,-28000000.0
2022-03-31,262000000.0,,1526520,TRIP,-20000000.0
2022-06-30,417000000.0,,1526520,TRIP,63000000.0
2022-09-30,459000000.0,,1526520,TRIP,70000000.0
2022-12-31,354000000.0,,1526520,TRIP,-12000000.0
2023-03-31,371000000.0,,1526520,TRIP,-14000000.0
2023-06-30,494000000.0,,1526520,TRIP,44000000.0
2023-09-30,533000000.0,,1526520,TRIP,64000000.0
2023-12-31,390000000.0,,1526520,TRIP,32000000.0
2024-03-31,395000000.0,,1526520,TRIP,-15000000.0
2024-06-30,497000000.0,,1526520,TRIP,36000000.0
2024-09-30,532000000.0,,1526520,TRIP,70000000.0
2024-12-31,411000000.0,,1526520,TRIP,1000000.0
2025-03-31,398200000.0,,1526520,TRIP,-15500000.0
2025-06-30,476000000.0,14100000.0,1526520,TRIP,57900000.0
2025-09-30,553000000.0,,1526520,TRIP,70000000.0
2025-12-31,463800000.0,,1526520,TRIP,-32400000.0
2026-03-31,382400000.0,,1526520,TRIP,-25200000.0
2026-06-30,441900000.0,13100000.0,1526520,TRIP,37800000.0
2011-09-30,0.0,,1528188,WNFT,-4941.0
2011-12-31,0.0,,1528188,WNFT,-14551.0
2012-03-31,0.0,,1528188,WNFT,-5742.0
2012-09-30,0.0,,1528188,WNFT,-4158.0
2012-12-31,0.0,,1528188,WNFT,
2021-09-30,,,1528188,WNFT,-130474.0
2021-12-31,,,1528188,WNFT,-19890000.0
2022-03-31,,,1528188,WNFT,-5195.0
2022-06-30,,,1528188,WNFT,-42663.0
2022-09-30,,,1528188,WNFT,-36408.0
2022-12-31,,,1528188,WNFT,-33131.0
2023-03-31,,,1528188,WNFT,-9500.0
2023-06-30,,,1528188,WNFT,-18566.0
2023-09-30,,,1528188,WNFT,-84582.0
2023-12-31,,,1528188,WNFT,-32063.0
2013-03-31,5361544.0,,1529113,XTIA,-962039.0
2013-06-30,14788950.0,,1529113,XTIA,-430345.0
2013-09-30,13941000.0,,1529113,XTIA,-1012000.0
2013-12-31,16480506.0,,1529113,XTIA,-1511616.0
2014-03-31,16320000.0,,1529113,XTIA,-694000.0
2014-06-30,17144000.0,,1529113,XTIA,-2371000.0
2014-09-30,14283000.0,,1529113,XTIA,-2461000.0
2014-12-31,15202000.0,,1529113,XTIA,-2180000.0
2015-03-31,14122000.0,,1529113,XTIA,-2811000.0
2015-06-30,17697000.0,,1529113,XTIA,-1695000.0
2015-09-30,14874000.0,,1529113,XTIA,-3123000.0
2015-12-31,20264000.0,,1529113,XTIA,-3783000.0
2016-03-31,14087000.0,,1529113,XTIA,-4182000.0
2016-06-30,13332000.0,,1529113,XTIA,-3948000.0
2016-09-30,11240000.0,,1529113,XTIA,-4142000.0
2016-12-31,14508000.0,,1529113,XTIA,-11451000.0
2017-03-31,13481000.0,,1529113,XTIA,-5354000.0
2017-06-30,15096000.0,,1529113,XTIA,-5230000.0
2017-09-30,871000.0,,1529113,XTIA,-4695000.0
2017-12-31,-25513000.0,,1529113,XTIA,249000.0
2018-03-31,849000.0,,1529113,XTIA,-3780000.0
2018-06-30,839000.0,,1529113,XTIA,-4483000.0
2018-09-30,940000.0,,1529113,XTIA,-3317000.0
2018-12-31,1128000.0,,1529113,XTIA,-6822000.0
2019-03-31,1363000.0,,1529113,XTIA,-4863000.0
2019-06-30,1491000.0,,1529113,XTIA,-4725000.0
2019-09-30,1534000.0,,1529113,XTIA,-5684000.0
2019-12-31,1913000.0,,1529113,XTIA,-5538000.0
2020-03-31,1804000.0,,1529113,XTIA,-5566000.0
2020-06-30,1076000.0,,1529113,XTIA,-5128000.0
2020-09-30,2554000.0,,1529113,XTIA,-6246000.0
2020-12-31,3863000.0,,1529113,XTIA,-6854000.0
2021-03-31,2954000.0,,1529113,XTIA,-12420000.0
2021-06-30,3453000.0,,1529113,XTIA,-13293000.0
2021-09-30,4450000.0,,1529113,XTIA,-12456000.0
2021-12-31,5138000.0,,1529113,XTIA,-34574000.0
2022-03-31,2649000.0,,1529113,XTIA,-9237000.0
2022-06-30,2576000.0,,1529113,XTIA,-9373000.0
2022-09-30,2435000.0,,1529113,XTIA,-5463000.0
2022-12-31,-1551000.0,,1529113,XTIA,4829000.0
2023-03-31,0.0,,1529113,XTIA,-1284000.0
2023-06-30,0.0,,1529113,XTIA,-4041000.0
2023-09-30,0.0,,1529113,XTIA,-2378000.0
2023-12-31,4562000.0,,1529113,XTIA,114000.0
2024-03-31,220000.0,,1529113,XTIA,-8877000.0
2024-06-30,1031000.0,,1529113,XTIA,-13927000.0
2024-09-30,918000.0,,1529113,XTIA,-4216000.0
2024-12-31,1033000.0,,1529113,XTIA,-2647000.0
2025-03-31,484000.0,,1529113,XTIA,-8203000.0
2025-06-30,600000.0,,1529113,XTIA,-11130000.0
2025-09-30,2484000.0,,1529113,XTIA,-14809000.0
2025-12-31,18922000.0,,1529113,XTIA,-8679000.0
2026-03-31,27696000.0,,1529113,XTIA,-10390000.0
2020-07-31,115525000.0,,1540184,,-34516000.0
2021-07-31,144108000.0,,1540184,,-59837000.0
2020-04-30,112691000.0,,1540184,,-32764000.0
2021-04-30,131374000.0,,1540184,,-50054000.0
2019-04-30,93619000.0,,1540184,,-2045000.0
2019-07-31,95670000.0,,1540184,,-38452000.0
2019-10-31,103074000.0,,1540184,,-41667000.0
2020-01-31,110100000.0,,1540184,,-32766000.0
2020-10-31,120958000.0,,1540184,,-29545000.0
2021-01-31,128047000.0,,1540184,,-41203000.0
2018-04-30,70666000.0,,1540184,,-27076000.0
2018-07-31,75426000.0,,1540184,,-27569000.0
2018-10-31,81166000.0,,1540184,,-16493000.0
2019-01-31,86384000.0,,1540184,,-9306000.0
2012-03-31,,,1543272,,-4000.0
2012-06-30,0.0,,1543272,,0.0
2012-09-30,,,1543272,,-500.0
2012-12-31,,,1543272,,-351858.0
2013-03-31,,,1543272,,-316270.0
2013-06-30,0.0,,1543272,,-229384.0
2013-09-30,,,1543272,,-269605.0
2013-12-31,,,1543272,,-217470.0
2014-03-31,3403.0,,1543272,,-243610.0
2014-06-30,40780.0,,1543272,,-99352.0
2014-09-30,50000.0,,1543272,,-34692.0
2014-12-31,12676.0,,1543272,,-102507.0
2015-03-31,2610.0,,1543272,,-54309.0
2015-06-30,10000.0,,1543272,,-46812.0
2015-09-30,10000.0,,1543272,,-34071.0
2015-12-31,0.0,,1543272,,-241275.0
2016-03-31,,,1543272,,-29476.0
2016-06-30,,,1543272,,-418598.0
2016-09-30,,,1543272,,-900908.0
2016-12-31,,,1543272,,-8883993.0
2017-03-31,0.0,,1543272,,-5669646.0
2017-06-30,0.0,,1543272,,-80957.0
2017-09-30,0.0,,1543272,,-11369.0
2017-12-31,,,1543272,,5490212.0
2018-03-31,0.0,,1543272,,-61684.0
2018-06-30,0.0,,1543272,,-56931.0
2018-09-30,0.0,,1543272,,-25354.0
2025-06-30,1641490.0,,1546296,IPDN,-496544.0
2026-06-30,1181296.0,,1546296,IPDN,-1740636.0
2025-03-31,1504586.0,,1546296,IPDN,-705341.0
2026-03-31,1548076.0,,1546296,IPDN,-1853582.0
2024-09-30,1694095.0,,1546296,IPDN,-423912.0
2025-09-30,1731762.0,,1546296,IPDN,-2359854.0
2024-06-30,1690460.0,,1546296,IPDN,-582350.0
2024-03-31,1726842.0,,1546296,IPDN,-802926.0
2023-09-30,2008368.0,,1546296,IPDN,-1328968.0
2023-06-30,1841225.0,,1546296,IPDN,-1431265.0
2023-03-31,1955209.0,,1546296,IPDN,-1126780.0
2022-09-30,2114495.0,,1546296,IPDN,-1110636.0
2022-06-30,2195507.0,,1546296,IPDN,-27053.0
2022-03-31,2052880.0,,1546296,IPDN,-916213.0
2021-09-30,1683015.0,,1546296,IPDN,-92502.0
2021-06-30,1460165.0,,1546296,IPDN,-541528.0
2021-03-31,1484852.0,,1546296,IPDN,-823477.0
2020-09-30,1305522.0,,1546296,IPDN,-920582.0
2020-06-30,951830.0,,1546296,IPDN,-1799113.0
2020-03-31,982297.0,,1546296,IPDN,-1429004.0
2019-09-30,1341406.0,,1546296,IPDN,-908949.0
2019-06-30,1324162.0,,1546296,IPDN,-763763.0
2019-03-31,1307327.0,,1546296,IPDN,-867182.0
2018-09-30,1894622.0,,1546296,IPDN,-7403893.0
2018-06-30,2118583.0,,1546296,IPDN,-1967863.0
2018-03-31,2313498.0,,1546296,IPDN,-2097151.0
2017-09-30,3051726.0,,1546296,IPDN,-2528285.0
2017-06-30,3659290.0,,1546296,IPDN,-12281102.0
2017-03-31,5634481.0,,1546296,IPDN,-3691394.0
2016-09-30,6360167.0,,1546296,IPDN,-1280202.0
2016-06-30,6851028.0,,1546296,IPDN,-941179.0
2016-03-31,7343143.0,,1546296,IPDN,-1898605.0
2015-09-30,9221179.0,,1546296,IPDN,-28825832.0
2015-06-30,10398829.0,,1546296,IPDN,-1324392.0
2015-03-31,10702440.0,,1546296,IPDN,-2503221.0
2014-09-30,1575380.0,,1546296,IPDN,-582772.0
2014-06-30,1032287.0,,1546296,IPDN,-792216.0
2014-03-31,1237653.0,,1546296,IPDN,-551865.0
2013-09-30,979289.0,,1546296,IPDN,-459415.0
2013-06-30,976920.0,,1546296,IPDN,-433714.0
2013-03-31,919803.0,,1546296,IPDN,-246975.0
2012-09-30,1707932.0,,1546296,IPDN,616564.0
2012-06-30,1513877.0,,1546296,IPDN,769418.0
2012-03-31,1514661.0,,1546296,IPDN,747836.0
2024-12-31,1619208.0,,1546296,IPDN,-595957.0
2025-12-31,1668901.0,,1546296,IPDN,-2890845.0
2023-12-31,1894235.0,,1546296,IPDN,-651538.0
2022-12-31,1951206.0,,1546296,IPDN,-1047973.0
2021-12-31,1470567.0,,1546296,IPDN,-1432957.0
2020-12-31,1217087.0,,1546296,IPDN,-696518.0
2019-12-31,1052317.0,,1546296,IPDN,-456241.0
2018-12-31,1294215.0,,1546296,IPDN,-3069779.0
2017-12-31,3734758.0,,1546296,IPDN,-4767317.0
2016-12-31,5672728.0,,1546296,IPDN,533523.0
2015-12-31,7859153.0,,1546296,IPDN,-3738083.0
2014-12-31,7798411.0,,1546296,IPDN,-3670717.0
2013-12-31,1158632.0,,1546296,IPDN,-870251.0
2012-12-31,1417641.0,,1546296,IPDN,397189.0
2025-06-30,266990000.0,,1549346,SSTK,34731000.0
2026-06-30,221801000.0,,1549346,SSTK,-155236000.0
2025-03-31,242620000.0,,1549346,SSTK,10201000.0
2026-03-31,199170000.0,,1549346,SSTK,-30954000.0
2024-09-30,250588000.0,,1549346,SSTK,18149000.0
2025-09-30,260094000.0,,1549346,SSTK,32491000.0
2024-06-30,220053000.0,,1549346,SSTK,20666000.0
2024-03-31,214315000.0,,1549346,SSTK,16746000.0
2023-09-30,233248000.0,,1549346,SSTK,17192000.0
2023-06-30,208840000.0,,1549346,SSTK,8715000.0
2023-03-31,215280000.0,,1549346,SSTK,40369000.0
2022-09-30,204096000.0,,1549346,SSTK,28685000.0
2022-06-30,206872000.0,,1549346,SSTK,25374000.0
2022-03-31,199132000.0,,1549346,SSTK,31918000.0
2021-09-30,194439000.0,,1549346,SSTK,22169000.0
2021-06-30,189912000.0,,1549346,SSTK,33225000.0
2021-03-31,183281000.0,,1549346,SSTK,38118000.0
2020-09-30,165227000.0,,1549346,SSTK,29347000.0
2020-06-30,159230000.0,,1549346,SSTK,22545000.0
2020-03-31,161285000.0,,1549346,SSTK,5781000.0
2019-03-31,163332000.0,,1549346,SSTK,8099000.0
2019-06-30,161741000.0,,1549346,SSTK,3070000.0
2019-09-30,159079000.0,,1549346,SSTK,3183000.0
2019-12-31,166371000.0,,1549346,SSTK,5803000.0
2020-12-31,180944000.0,,1549346,SSTK,27593000.0
2018-03-31,153019000.0,,1549346,SSTK,4489000.0
2018-06-30,156584000.0,,1549346,SSTK,5625000.0
2018-09-30,151575000.0,,1549346,SSTK,6699000.0
2018-12-31,162072000.0,,1549346,SSTK,15639000.0
2017-03-31,130224000.0,,1549346,SSTK,10303000.0
2017-06-30,133995000.0,,1549346,SSTK,3285000.0
2017-09-30,141063000.0,,1549346,SSTK,5570000.0
2017-12-31,151829000.0,,1549346,SSTK,7191000.0
2016-03-31,116652000.0,,1549346,SSTK,10822000.0
2016-06-30,124419000.0,,1549346,SSTK,10477000.0
2016-09-30,123073000.0,,1549346,SSTK,11288000.0
2016-12-31,130173000.0,,1549346,SSTK,13199000.0
2015-03-31,97522000.0,,1549346,SSTK,8236000.0
2015-06-30,104365000.0,,1549346,SSTK,9666000.0
2015-09-30,107260000.0,,1549346,SSTK,8087000.0
2015-12-31,116002000.0,,1549346,SSTK,15029000.0
2014-03-31,72777000.0,,1549346,SSTK,9074000.0
2014-06-30,80238000.0,,1549346,SSTK,8411000.0
2014-09-30,83730000.0,,1549346,SSTK,9213000.0
2014-12-31,91226000.0,,1549346,SSTK,12338000.0
2013-03-31,51117000.0,,1549346,SSTK,9983000.0
2013-06-30,56809000.0,,1549346,SSTK,10933000.0
2013-09-30,59558000.0,,1549346,SSTK,9914000.0
2013-12-31,68031000.0,,1549346,SSTK,12493000.0
2012-03-31,37574000.0,,1549346,SSTK,3794000.0
2012-06-30,40625000.0,,1549346,SSTK,6211000.0
2012-09-30,42260000.0,,1549346,SSTK,8890000.0
2012-12-31,49157000.0,,1549346,SSTK,2957000.0
2011-03-31,25475000.0,,1549346,SSTK,4436000.0
2011-06-30,28912000.0,,1549346,SSTK,6407000.0
2011-09-30,31156000.0,,1549346,SSTK,5940000.0
2011-12-31,34728000.0,,1549346,SSTK,6107000.0
2023-12-31,217219000.0,,1549346,SSTK,2124000.0
2024-12-31,250306000.0,,1549346,SSTK,13147000.0
2025-12-31,220221000.0,,1549346,SSTK,-2364000.0
2022-12-31,217726000.0,,1549346,SSTK,7647000.0
2021-12-31,205783000.0,,1549346,SSTK,14594000.0
2025-06-30,0.0,,1554818,AUUD,-1567208.0
2026-06-30,7584.0,,1554818,AUUD,-3023978.0
2025-03-31,0.0,,1554818,AUUD,-1751013.0
2026-03-31,0.0,,1554818,AUUD,-2288454.0
2024-09-30,0.0,,1554818,AUUD,-1947850.0
2025-09-30,0.0,,1554818,AUUD,-2379958.0
2024-06-30,0.0,,1554818,AUUD,-1654390.0
2024-03-31,0.0,,1554818,AUUD,-2054620.0
2023-09-30,0.0,,1554818,AUUD,-1829562.0
2023-06-30,0.0,,1554818,AUUD,-1784290.0
2023-03-31,0.0,,1554818,AUUD,-1847406.0
2022-09-30,0.0,,1554818,AUUD,-1328291.0
2022-06-30,0.0,,1554818,AUUD,-2048362.0
2022-03-31,0.0,,1554818,AUUD,-1752248.0
2021-09-30,0.0,,1554818,AUUD,-2052128.0
2021-06-30,0.0,,1554818,AUUD,-1003438.0
2021-03-31,0.0,,1554818,AUUD,-867740.0
2020-09-30,1040.0,,1554818,AUUD,-485868.0
2020-06-30,45103.0,,1554818,AUUD,-845813.0
2020-03-31,64776.0,,1554818,AUUD,-832443.0
2024-12-31,0.0,,1554818,AUUD,-2260279.0
2025-12-31,0.0,,1554818,AUUD,-1999427.0
2023-12-31,0.0,,1554818,AUUD,-2015110.0
2022-12-31,0.0,,1554818,AUUD,-1595519.0
2021-12-31,0.0,,1554818,AUUD,-1646129.0
2020-12-31,5.0,,1554818,AUUD,-218726.0
2016-10-31,33917000.0,,1554875,,-22504000.0
2017-10-31,31772000.0,,1554875,,-35753000.0
2016-07-31,27556000.0,,1554875,,-24538000.0
2017-07-31,34866000.0,,1554875,,-49144000.0
2025-06-30,229607000.0,35104000.0,1559865,EVTC,56134000.0
2026-06-30,274820000.0,57310000.0,1559865,EVTC,53278000.0
2025-03-31,228792000.0,36210000.0,1559865,EVTC,49500000.0
2026-03-31,247923000.0,47846000.0,1559865,EVTC,44569000.0
2024-09-30,211795000.0,34097000.0,1559865,EVTC,41541000.0
2025-09-30,228587000.0,37678000.0,1559865,EVTC,37732000.0
2024-06-30,211978000.0,38187000.0,1559865,EVTC,43360000.0
2024-03-31,205318000.0,35626000.0,1559865,EVTC,32803000.0
2023-09-30,173198000.0,30437000.0,1559865,EVTC,39562000.0
2023-06-30,167076000.0,29522000.0,1559865,EVTC,34773000.0
2023-03-31,159814000.0,23875000.0,1559865,EVTC,40090000.0
2022-09-30,145803000.0,26001000.0,1559865,EVTC,23818000.0
2022-06-30,160571000.0,20051000.0,1559865,EVTC,46647000.0
2022-03-31,150248000.0,20384000.0,1559865,EVTC,46045000.0
2021-09-30,145883000.0,17126000.0,1559865,EVTC,47017000.0
2021-06-30,149148000.0,16752000.0,1559865,EVTC,54292000.0
2021-03-31,139528000.0,16102000.0,1559865,EVTC,44999000.0
2020-09-30,136507000.0,16682000.0,1559865,EVTC,43844000.0
2020-06-30,117937000.0,17529000.0,1559865,EVTC,25590000.0
2020-03-31,121942000.0,17317000.0,1559865,EVTC,32763000.0
2019-09-30,118804000.0,15152000.0,1559865,EVTC,34802000.0
2019-06-30,122548000.0,15064000.0,1559865,EVTC,37688000.0
2019-03-31,118836000.0,15139000.0,1559865,EVTC,37405000.0
2018-09-30,112017000.0,14404000.0,1559865,EVTC,32361000.0
2018-06-30,113347000.0,17848000.0,1559865,EVTC,30640000.0
2018-03-31,110274000.0,13432000.0,1559865,EVTC,33555000.0
2017-09-30,102725000.0,14612000.0,1559865,EVTC,8808000.0
2017-06-30,103511000.0,14588000.0,1559865,EVTC,29994000.0
2017-03-31,101280000.0,10831000.0,1559865,EVTC,30592000.0
2016-09-30,94467000.0,10818000.0,1559865,EVTC,27007000.0
2016-06-30,97672000.0,12573000.0,1559865,EVTC,28192000.0
2016-03-31,95479000.0,10835000.0,1559865,EVTC,26566000.0
2015-09-30,92941000.0,10392000.0,1559865,EVTC,21474000.0
2015-06-30,93405000.0,8948000.0,1559865,EVTC,27447000.0
2015-03-31,91497000.0,7703000.0,1559865,EVTC,27016000.0
2014-09-30,88879000.0,7104000.0,1559865,EVTC,26460000.0
2014-06-30,91333000.0,10463000.0,1559865,EVTC,25429000.0
2014-03-31,87433000.0,8062000.0,1559865,EVTC,24889000.0
2013-09-30,87414000.0,8990000.0,1559865,EVTC,21864000.0
2013-06-30,89175000.0,12624000.0,1559865,EVTC,16938000.0
2013-03-31,87339000.0,8863000.0,1559865,EVTC,20399000.0
2012-09-30,83839000.0,7295000.0,1559865,EVTC,17882000.0
2012-06-30,84372000.0,8477000.0,1559865,EVTC,18234000.0
2012-03-31,82488000.0,8987000.0,1559865,EVTC,17838000.0
2023-12-31,194621000.0,44338000.0,1559865,EVTC,21735000.0
2024-12-31,216395000.0,37648000.0,1559865,EVTC,47962000.0
2025-12-31,244832000.0,45172000.0,1559865,EVTC,43074000.0
2022-12-31,161787000.0,23334000.0,1559865,EVTC,40890000.0
2021-12-31,155237000.0,18068000.0,1559865,EVTC,50206000.0
2020-12-31,134202000.0,19280000.0,1559865,EVTC,39195000.0
2019-12-31,127186000.0,16056000.0,1559865,EVTC,34607000.0
2018-12-31,118231000.0,23033000.0,1559865,EVTC,28572000.0
2017-12-31,99628000.0,16130000.0,1559865,EVTC,16689000.0
2016-12-31,101889000.0,12760000.0,1559865,EVTC,25380000.0
2015-12-31,95685000.0,10235000.0,1559865,EVTC,27423000.0
2014-12-31,94143000.0,15647000.0,1559865,EVTC,20209000.0
2012-12-31,91791000.0,6927000.0,1559865,EVTC,25692000.0
2025-06-30,1344930000.0,,1564408,SNAP,-259676000.0
2026-06-30,1598993000.0,,1564408,SNAP,-170721000.0
2025-03-31,1363217000.0,,1564408,SNAP,-193846000.0
2026-03-31,1528791000.0,,1564408,SNAP,-74449000.0
2024-09-30,1372574000.0,,1564408,SNAP,-173210000.0
2025-09-30,1506839000.0,,1564408,SNAP,-128362000.0
2024-06-30,1236768000.0,,1564408,SNAP,-253975000.0
2024-03-31,1194773000.0,,1564408,SNAP,-333232000.0
2023-09-30,1188551000.0,,1564408,SNAP,-380063000.0
2023-06-30,1067669000.0,,1564408,SNAP,-404339000.0
2023-03-31,988608000.0,,1564408,SNAP,-365264000.0
2022-09-30,1128476000.0,,1564408,SNAP,-435242000.0
2022-06-30,1110909000.0,,1564408,SNAP,-400940000.0
2022-03-31,1062727000.0,,1564408,SNAP,-271527000.0
2021-09-30,1067471000.0,,1564408,SNAP,-180824000.0
2021-06-30,982108000.0,,1564408,SNAP,-192512000.0
2021-03-31,769584000.0,,1564408,SNAP,-303606000.0
2020-09-30,678668000.0,,1564408,SNAP,-167864000.0
2020-06-30,454158000.0,,1564408,SNAP,-310608000.0
2020-03-31,462478000.0,,1564408,SNAP,-286364000.0
2019-09-30,446199000.0,,1564408,SNAP,-228853000.0
2019-06-30,388021000.0,,1564408,SNAP,-304818000.0
2019-03-31,320426000.0,,1564408,SNAP,-316061000.0
2018-09-30,297695000.0,,1564408,SNAP,-323371000.0
2018-06-30,262263000.0,,1564408,SNAP,-357842000.0
2018-03-31,230666000.0,,1564408,SNAP,-392530000.0
2017-09-30,207937000.0,,1564408,SNAP,-461827000.0
2017-06-30,181671000.0,,1564408,SNAP,-449018000.0
2017-03-31,149648000.0,,1564408,SNAP,-2213767000.0
2016-09-30,128204000.0,,1564408,SNAP,-130968000.0
2016-06-30,71798000.0,,1564408,SNAP,-115859000.0
2016-03-31,38798000.0,,1564408,SNAP,-103821000.0
2023-12-31,1361287000.0,,1564408,SNAP,-248713000.0
2024-12-31,1557283000.0,,1564408,SNAP,-26877000.0
2025-12-31,1716461000.0,,1564408,SNAP,49717000.0
2022-12-31,1299735000.0,,1564408,SNAP,-287597000.0
2021-12-31,1297885000.0,,1564408,SNAP,-25127000.0
2020-12-31,911322000.0,,1564408,SNAP,-97236000.0
2019-12-31,560888000.0,,1564408,SNAP,-253596000.0
2018-12-31,389822000.0,,1564408,SNAP,-194707000.0
2017-12-31,285693000.0,,1564408,SNAP,-360964000.0
2016-12-31,165682000.0,,1564408,SNAP,-169737000.0
2015-03-31,11742000.0,,1566469,,-14939000.0
2015-06-30,11752000.0,17847000.0,1566469,,-17343000.0
2015-09-30,14405000.0,18147000.0,1566469,,-23620000.0
2015-12-31,20405000.0,,1566469,,-15001000.0
2016-03-31,17783000.0,27373000.0,1566469,,-23795000.0
2016-06-30,24113000.0,47248000.0,1566469,,-52979000.0
2016-09-30,20662000.0,22034000.0,1566469,,-22422000.0
2016-12-31,17846000.0,8603000.0,1566469,,-21292000.0
2017-03-31,19104000.0,17435000.0,1566469,,-19829000.0
2017-06-30,23514000.0,19225000.0,1566469,,-14793000.0
2017-09-30,21760000.0,17521000.0,1566469,,-16036000.0
2017-12-31,22298000.0,20795000.0,1566469,,-17242000.0
2018-03-31,22263000.0,20737000.0,1566469,,-15747000.0
2018-06-30,22047000.0,18388000.0,1566469,,-13866000.0
2018-09-30,22292000.0,17001000.0,1566469,,-11824000.0
2018-12-31,22862000.0,14637000.0,1566469,,-9264000.0
2019-03-31,20209000.0,15324000.0,1566469,,-10280000.0
2019-06-30,20052000.0,13811000.0,1566469,,-10904000.0
2019-09-30,18604000.0,13708000.0,1566469,,-6784000.0
2019-12-31,24190000.0,12752000.0,1566469,,-4590000.0
2020-03-31,18180000.0,12427000.0,1566469,,-5860000.0
2020-06-30,17585000.0,11995000.0,1566469,,-6809000.0
2020-09-30,18765000.0,12442000.0,1566469,,-6835000.0
2020-12-31,18642000.0,11670000.0,1566469,,-6763000.0
2021-03-31,16170000.0,12502000.0,1566469,,-9373000.0
2021-06-30,16090000.0,11837000.0,1566469,,-8590000.0
2021-09-30,14359000.0,12969000.0,1566469,,-11072000.0
2021-12-31,16030000.0,14784000.0,1566469,,-11864000.0
2022-03-31,16373000.0,14980000.0,1566469,,-12486000.0
2022-06-30,16498000.0,14017000.0,1566469,,-11713000.0
2022-09-30,16633000.0,16580000.0,1566469,,-14159000.0
2022-12-31,17498000.0,16924000.0,1566469,,-12969000.0
2023-03-31,17050000.0,16705000.0,1566469,,-12229000.0
2023-06-30,17256000.0,12630000.0,1566469,,-8729000.0
2023-09-30,12468000.0,8718000.0,1566469,,-10513000.0
2012-06-30,3259.0,,1568385,BMTM,
2012-09-30,4908.0,,1568385,BMTM,
2013-03-31,70569.0,,1568385,BMTM,
2013-06-30,103146.0,434110.0,1568385,BMTM,
2013-09-30,151770.0,295024.0,1568385,BMTM,
2013-12-31,322118.0,,1568385,BMTM,
2014-03-31,213370.0,412793.0,1568385,BMTM,
2014-06-30,251793.0,477202.0,1568385,BMTM,-405325.0
2014-09-30,276843.0,435204.0,1568385,BMTM,-344972.0
2014-12-31,427180.0,533435.0,1568385,BMTM,
2015-03-31,310083.0,455742.0,1568385,BMTM,-333769.0
2015-06-30,371947.0,487473.0,1568385,BMTM,-387335.0
2015-09-30,431014.0,516439.0,1568385,BMTM,-358652.0
2015-12-31,579035.0,754584.0,1568385,BMTM,-590741.0
2016-03-31,424415.0,786714.0,1568385,BMTM,-632834.0
2016-06-30,459170.0,732339.0,1568385,BMTM,-510155.0
2016-09-30,405737.0,686802.0,1568385,BMTM,-511282.0
2016-12-31,644463.0,887440.0,1568385,BMTM,-639111.0
2017-03-31,661098.0,884203.0,1568385,BMTM,-599161.0
2017-06-30,666821.0,1064765.0,1568385,BMTM,-763355.0
2017-09-30,715500.0,797268.0,1568385,BMTM,-480797.0
2017-12-31,-939402.0,-149409.0,1568385,BMTM,-320783.0
2018-03-31,683058.0,828992.0,1568385,BMTM,-656638.0
2018-06-30,291276.0,1072199.0,1568385,BMTM,-963788.0
2018-09-30,185417.0,802423.0,1568385,BMTM,-734181.0
2018-12-31,575898.0,791244.0,1568385,BMTM,-782979.0
2019-03-31,1085456.0,915954.0,1568385,BMTM,-716194.0
2019-06-30,716594.0,804449.0,1568385,BMTM,-643313.0
2019-09-30,2113276.0,2764121.0,1568385,BMTM,-2083767.0
2019-12-31,2776136.0,4969716.0,1568385,BMTM,-5110553.0
2020-03-31,2270186.0,3575850.0,1568385,BMTM,-3128746.0
2020-06-30,2273940.0,5584288.0,1568385,BMTM,-4407852.0
2020-09-30,4894486.0,6153561.0,1568385,BMTM,-3344135.0
2020-12-31,6400817.0,6778653.0,1568385,BMTM,-62044553.0
2021-03-31,2399720.0,4274434.0,1568385,BMTM,-3241557.0
2021-06-30,2433415.0,4749835.0,1568385,BMTM,-3792528.0
2021-09-30,3805000.0,4635000.0,1568385,BMTM,-2538000.0
2021-12-31,4286865.0,4822731.0,1568385,BMTM,-2334915.0
2022-03-31,3460000.0,3851000.0,1568385,BMTM,-2119000.0
2022-06-30,5717000.0,3443000.0,1568385,BMTM,-626000.0
2022-09-30,5244000.0,3323000.0,1568385,BMTM,-1177000.0
2022-12-31,5159000.0,3538000.0,1568385,BMTM,-1146000.0
2023-03-31,1498000.0,3428000.0,1568385,BMTM,-2900000.0
2023-06-30,12616000.0,8128000.0,1568385,BMTM,-3920000.0
2023-09-30,15289000.0,4121000.0,1568385,BMTM,-17018000.0
2023-12-31,15143000.0,6845000.0,1568385,BMTM,-2974000.0
2024-03-31,12448000.0,5244000.0,1568385,BMTM,-2107000.0
2024-06-30,13003000.0,5310000.0,1568385,BMTM,-1888000.0
2024-09-30,14151000.0,4414000.0,1568385,BMTM,-27000.0
2024-12-31,17079000.0,6410000.0,1568385,BMTM,-896000.0
2025-03-31,14190000.0,4524000.0,1568385,BMTM,-252000.0
2025-06-30,15408000.0,4021000.0,1568385,BMTM,-984000.0
2025-09-30,13940000.0,4099000.0,1568385,BMTM,155000.0
2025-12-31,15691000.0,3788000.0,1568385,BMTM,-351000.0
2026-03-31,13963000.0,2566000.0,1568385,BMTM,1743000.0
2026-06-30,13632000.0,3603000.0,1568385,BMTM,-91000.0
2013-03-31,146.0,,1568969,LOTT,
2013-09-30,2762.0,,1568969,LOTT,-15855.0
2013-12-31,1904.0,,1568969,LOTT,-18090.0
2014-03-31,2301.0,,1568969,LOTT,-44024.0
2014-06-30,713.0,,1568969,LOTT,-20503.0
2014-09-30,1329.0,,1568969,LOTT,-26014.0
2014-12-31,750.0,,1568969,LOTT,-54615.0
2015-03-31,871.0,,1568969,LOTT,-181174.0
2015-06-30,1080.0,,1568969,LOTT,-612497.0
2015-09-30,386.0,,1568969,LOTT,-899175.0
2015-12-31,1472.0,,1568969,LOTT,-877139.0
2016-03-31,3554.0,,1568969,LOTT,-130872.0
2016-09-30,402.0,,1568969,LOTT,-41641.0
2016-12-31,139.0,,1568969,LOTT,-127562.0
2017-03-31,178.0,,1568969,LOTT,-146321.0
2017-06-30,276.0,,1568969,LOTT,-230271.0
2017-09-30,934.0,,1568969,LOTT,-171940.0
2017-12-31,110.0,,1568969,LOTT,-210660.0
2018-03-31,158.0,,1568969,LOTT,-124569.0
2018-06-30,3047.0,,1568969,LOTT,-124944.0
2018-09-30,78.0,,1568969,LOTT,-44240.0
2018-12-31,119.0,,1568969,LOTT,-44903.0
2019-03-31,92.0,,1568969,LOTT,-37988.0
2019-06-30,56.0,,1568969,LOTT,-36782.0
2019-09-30,135.0,,1568969,LOTT,-55164.0
2019-12-31,68.0,,1568969,LOTT,-49609.0
2021-09-30,,,1568969,LOTT,-160000.0
2022-03-31,,,1568969,LOTT,-480000.0
2022-06-30,,,1568969,LOTT,-652000.0
2022-09-30,,,1568969,LOTT,-545000.0
2022-12-31,,,1568969,LOTT,-485000.0
2023-03-31,,,1568969,LOTT,-436000.0
2023-06-30,,,1568969,LOTT,-449000.0
2023-09-30,,,1568969,LOTT,-342000.0
2023-12-31,,,1568969,LOTT,-411000.0
2024-03-31,13000.0,,1568969,LOTT,-398000.0
2024-06-30,2000.0,,1568969,LOTT,-405000.0
2024-09-30,1000.0,,1568969,LOTT,-610000.0
2024-12-31,13000.0,,1568969,LOTT,-411000.0
2025-03-31,3000.0,,1568969,LOTT,-123000.0
2025-06-30,1000.0,,1568969,LOTT,-353000.0
2025-09-30,2000.0,,1568969,LOTT,-237000.0
2025-12-31,2000.0,,1568969,LOTT,-16347000.0
2026-03-31,,,1568969,LOTT,-1184000.0
2026-06-30,,,1568969,LOTT,-1307000.0
2012-04-30,1182000000.0,,1571123,SAIC,85000000.0
2012-07-31,1231000000.0,31000000.0,1571123,SAIC,62000000.0
2012-10-31,1213000000.0,28000000.0,1571123,SAIC,73000000.0
2013-01-31,1155000000.0,,1571123,SAIC,61000000.0
2013-05-03,1139000000.0,29000000.0,1571123,SAIC,52000000.0
2013-08-02,1034000000.0,18000000.0,1571123,SAIC,38000000.0
2013-11-01,1007000000.0,22000000.0,1571123,SAIC,37000000.0
2014-01-31,941000000.0,,1571123,SAIC,56000000.0
2014-05-02,977000000.0,22000000.0,1571123,SAIC,59000000.0
2014-08-01,952000000.0,22000000.0,1571123,SAIC,59000000.0
2014-10-31,1004000000.0,24000000.0,1571123,SAIC,63000000.0
2015-01-30,952000000.0,,1571123,SAIC,59000000.0
2015-05-01,1009000000.0,26000000.0,1571123,SAIC,57000000.0
2015-07-31,1099000000.0,49000000.0,1571123,SAIC,52000000.0
2015-10-30,1136000000.0,41000000.0,1571123,SAIC,64000000.0
2016-01-29,1071000000.0,68000000.0,1571123,SAIC,54000000.0
2016-05-06,1213000000.0,51000000.0,1571123,SAIC,64000000.0
2016-08-05,1093000000.0,39000000.0,1571123,SAIC,68000000.0
2016-11-04,1112000000.0,40000000.0,1571123,SAIC,72000000.0
2017-02-03,1024000000.0,36000000.0,1571123,SAIC,59000000.0
2017-05-05,1103000000.0,33000000.0,1571123,SAIC,63000000.0
2017-08-04,1078000000.0,40000000.0,1571123,SAIC,59000000.0
2017-11-03,1145000000.0,37000000.0,1571123,SAIC,72000000.0
2018-02-02,1128000000.0,45000000.0,1571123,SAIC,62000000.0
2018-05-04,1175000000.0,35000000.0,1571123,SAIC,66000000.0
2018-08-03,1115000000.0,38000000.0,1571123,SAIC,74000000.0
2018-11-02,1177000000.0,42000000.0,1571123,SAIC,73000000.0
2019-02-01,1192000000.0,43000000.0,1571123,SAIC,7000000.0
2019-05-03,1615000000.0,77000000.0,1571123,SAIC,93000000.0
2019-08-02,1594000000.0,82000000.0,1571123,SAIC,95000000.0
2019-11-01,1630000000.0,68000000.0,1571123,SAIC,94000000.0
2020-01-31,1540000000.0,61000000.0,1571123,SAIC,88000000.0
2020-05-01,1757000000.0,76000000.0,1571123,SAIC,78000000.0
2020-07-31,1764000000.0,89000000.0,1571123,SAIC,100000000.0
2020-10-30,1818000000.0,96000000.0,1571123,SAIC,110000000.0
2021-01-29,1717000000.0,91000000.0,1571123,SAIC,102000000.0
2021-04-30,1878000000.0,80000000.0,1571123,SAIC,130000000.0
2021-07-30,1836000000.0,85000000.0,1571123,SAIC,133000000.0
2021-10-29,1898000000.0,87000000.0,1571123,SAIC,114000000.0
2022-01-28,1782000000.0,92000000.0,1571123,SAIC,85000000.0
2022-04-29,1996000000.0,92000000.0,1571123,SAIC,125000000.0
2022-07-29,1831000000.0,93000000.0,1571123,SAIC,125000000.0
2022-10-28,1909000000.0,87000000.0,1571123,SAIC,133000000.0
2023-02-03,1968000000.0,102000000.0,1571123,SAIC,118000000.0
2023-05-05,2028000000.0,84000000.0,1571123,SAIC,157000000.0
2023-08-04,1784000000.0,88000000.0,1571123,SAIC,362000000.0
2023-11-03,1895000000.0,87000000.0,1571123,SAIC,143000000.0
2024-02-02,1737000000.0,114000000.0,1571123,SAIC,79000000.0
2024-05-03,1847000000.0,85000000.0,1571123,SAIC,131000000.0
2024-08-02,1818000000.0,77000000.0,1571123,SAIC,134000000.0
2024-11-01,1976000000.0,83000000.0,1571123,SAIC,160000000.0
2025-01-31,1838000000.0,94000000.0,1571123,SAIC,138000000.0
2025-05-02,1877000000.0,89000000.0,1571123,SAIC,121000000.0
2025-08-01,1769000000.0,75000000.0,1571123,SAIC,139000000.0
2025-10-31,1866000000.0,101000000.0,1571123,SAIC,128000000.0
2026-01-30,1750000000.0,85000000.0,1571123,SAIC,133000000.0
2026-05-01,1906000000.0,83000000.0,1571123,SAIC,179000000.0
2026-07-31,1880000000.0,87000000.0,1571123,SAIC,152000000.0
2019-03-31,464625000.0,,1575189,,118828000.0
2020-03-31,544642000.0,,1575189,,134681000.0
2018-03-31,407367000.0,,1575189,,112233000.0
2018-06-30,421196000.0,,1575189,,150165000.0
2018-09-30,443943000.0,,1575189,,139895000.0
2018-12-31,457344000.0,,1575189,,151001000.0
2019-06-30,497973000.0,,1575189,,172898000.0
2019-09-30,541493000.0,,1575189,,176604000.0
2019-12-31,547167000.0,,1575189,,180201000.0
2017-03-31,298764000.0,,1575189,,58871000.0
2017-06-30,309572000.0,,1575189,,82975000.0
2017-09-30,343418000.0,,1575189,,91008000.0
2017-12-31,378907000.0,,1575189,,127663000.0
2016-03-31,260401000.0,,1575189,,34186000.0
2016-06-30,275309000.0,,1575189,,77500000.0
2016-09-30,287530000.0,,1575189,,90938000.0
2016-12-31,294870000.0,,1575189,,112925000.0
2015-03-31,235069000.0,,1575189,,27040000.0
2015-06-30,248817000.0,,1575189,,40522000.0
2015-09-30,268971000.0,,1575189,,58356000.0
2015-12-31,267574000.0,,1575189,,67638000.0
2014-03-31,209785000.0,,1575189,,40696000.0
2014-06-30,211906000.0,,1575189,,57465000.0
2014-09-30,227581000.0,,1575189,,62868000.0
2014-12-31,238996000.0,,1575189,,67538000.0
2018-06-30,,296.0,1577445,ODYS,
2019-03-31,24000.0,,1577445,ODYS,-329000.0
2019-06-30,120000.0,8621.0,1577445,ODYS,-348000.0
2019-09-30,128000.0,,1577445,ODYS,-357000.0
2019-12-31,37000.0,,1577445,ODYS,-773000.0
2020-03-31,40000.0,,1577445,ODYS,-1509000.0
2020-06-30,34000.0,,1577445,ODYS,-936000.0
2020-09-30,12000.0,,1577445,ODYS,-1028000.0
2020-12-31,405000.0,,1577445,ODYS,-1233000.0
2021-03-31,24000.0,,1577445,ODYS,-1590000.0
2021-06-30,274000.0,,1577445,ODYS,-2097000.0
2021-09-30,23000.0,,1577445,ODYS,-2566000.0
2021-12-31,66000.0,,1577445,ODYS,-2859000.0
2022-03-31,2000.0,,1577445,ODYS,-2769000.0
2022-06-30,370000.0,,1577445,ODYS,-2581000.0
2022-09-30,134000.0,,1577445,ODYS,-2325000.0
2022-12-31,159000.0,,1577445,ODYS,-1764000.0
2023-03-31,303000.0,,1577445,ODYS,-2779000.0
2023-06-30,674000.0,,1577445,ODYS,-3119000.0
2023-09-30,110000.0,,1577445,ODYS,-2872000.0
2023-12-31,1946000.0,,1577445,ODYS,-1863000.0
2024-03-31,187000.0,,1577445,ODYS,-3364000.0
2024-06-30,1181000.0,,1577445,ODYS,-2364000.0
2024-09-30,1292000.0,,1577445,ODYS,-3016000.0
2024-12-31,1304000.0,,1577445,ODYS,-3763000.0
2025-03-31,2065000.0,,1577445,ODYS,-4560000.0
2025-06-30,362000.0,,1577445,ODYS,-4438000.0
2025-09-30,149000.0,,1577445,ODYS,-4707000.0
2025-12-31,439000.0,,1577445,ODYS,-4430000.0
2026-03-31,82000.0,,1577445,ODYS,-5338000.0
2026-06-30,420000.0,,1577445,ODYS,-4531000.0
2025-06-30,115381000.0,,1581760,LIF,1992000.0
2026-06-30,158959000.0,,1581760,LIF,-57000.0
2025-03-31,103624000.0,,1581760,LIF,2189000.0
2026-03-31,143123000.0,,1581760,LIF,-8078000.0
2024-09-30,92865000.0,,1581760,LIF,-4951000.0
2025-09-30,124497000.0,,1581760,LIF,5691000.0
2024-06-30,84863000.0,,1581760,LIF,-2363000.0
2024-03-31,78227000.0,,1581760,LIF,-6379000.0
2023-09-30,78624000.0,,1581760,LIF,-6507000.0
2023-06-30,70788000.0,,1581760,LIF,-4243000.0
2023-03-31,68143000.0,,1581760,LIF,-14892000.0
2022-09-30,57153000.0,,1581760,LIF,-21124000.0
2022-06-30,48844000.0,,1581760,LIF,-33468000.0
2022-03-31,50970000.0,,1581760,LIF,-27107000.0
2021-09-30,29697000.0,,1581760,LIF,-7748000.0
2021-06-30,25009000.0,,1581760,LIF,-6807000.0
2023-12-31,86963000.0,,1581760,LIF,-4341000.0
2024-12-31,115529000.0,,1581760,LIF,5717000.0
2025-12-31,145979000.0,,1581760,LIF,8954000.0
2022-12-31,71338000.0,,1581760,LIF,-12712000.0
2025-06-30,218700000.0,,1582961,DOCN,35619000.0
2026-06-30,281184000.0,,1582961,DOCN,29371000.0
2025-03-31,210703000.0,,1582961,DOCN,37642000.0
2026-03-31,257905000.0,,1582961,DOCN,36571000.0
2024-09-30,198484000.0,,1582961,DOCN,24606000.0
2025-09-30,229634000.0,,1582961,DOCN,44932000.0
2024-06-30,192476000.0,,1582961,DOCN,22328000.0
2024-03-31,184730000.0,,1582961,DOCN,11538000.0
2023-03-31,165134000.0,,1582961,DOCN,-33056000.0
2023-06-30,169814000.0,,1582961,DOCN,-1501000.0
2023-09-30,177062000.0,,1582961,DOCN,35468000.0
2023-12-31,180874000.0,,1582961,DOCN,10985000.0
2024-12-31,204925000.0,,1582961,DOCN,32535000.0
2022-09-30,152115000.0,,1582961,DOCN,7198000.0
2022-03-31,127327000.0,,1582961,DOCN,-13584000.0
2022-06-30,133882000.0,,1582961,DOCN,-7945000.0
2021-09-30,111428000.0,,1582961,DOCN,-1671000.0
2021-06-30,103810000.0,,1582961,DOCN,-2630000.0
2021-03-31,93661000.0,,1582961,DOCN,3254000.0
2020-09-30,81160000.0,,1582961,DOCN,-6720000.0
2020-06-30,76911000.0,,1582961,DOCN,1778000.0
2020-03-31,72792000.0,,1582961,DOCN,-12487000.0
2025-12-31,242390000.0,,1582961,DOCN,38796000.0
2022-12-31,162998000.0,,1582961,DOCN,-11366000.0
2021-12-31,119662000.0,,1582961,DOCN,-10139000.0
2020-12-31,87517000.0,,1582961,DOCN,1638000.0
2019-03-31,276249000.0,,1584423,,-27978000.0
2020-03-31,303232000.0,,1584423,,-47543000.0
2018-09-30,272335000.0,,1584423,,-44058000.0
2019-09-30,290844000.0,,1584423,,-42492000.0
2018-06-30,254967000.0,,1584423,,-80233000.0
2019-06-30,281053000.0,,1584423,,-50829000.0
2018-03-31,246597000.0,,1584423,,-71631000.0
2017-09-30,228658000.0,,1584423,,-40147000.0
2017-06-30,212126000.0,,1584423,,-30463000.0
2017-03-31,205353000.0,,1584423,,-16527000.0
2016-09-30,198335000.0,,1584423,,-17736000.0
2016-06-30,180807000.0,,1584423,,-32873000.0
2016-03-31,174253000.0,,1584423,,-3675000.0
2015-09-30,168577000.0,,1584423,,-78159000.0
2015-06-30,157913000.0,,1584423,,-4888000.0
2015-03-31,152197000.0,,1584423,,-9699000.0
2014-09-30,146895000.0,,1584423,,-22398000.0
2014-03-31,130154000.0,,1584423,,-12229000.0
2014-06-30,134199000.0,,1584423,,-30446000.0
2013-09-30,129503000.0,,1584423,,-8689000.0
2013-06-30,114252000.0,,1584423,,-23729000.0
2013-03-31,124442000.0,,1584423,,-7992000.0
2017-12-31,235846000.0,,1584423,,-68356000.0
2018-12-31,276542000.0,,1584423,,-46137000.0
2019-12-31,307835000.0,,1584423,,-20818000.0
2016-12-31,204512000.0,,1584423,,-16818000.0
2015-12-31,175034000.0,,1584423,,-15929000.0
2013-12-31,132711000.0,,1584423,,-14470000.0
2025-07-31,1217227000.0,,1585521,ZM,321735000.0
2026-07-31,1277217000.0,,1585521,ZM,314316000.0
2025-04-30,1174715000.0,,1585521,ZM,241592000.0
2026-04-30,1239006000.0,,1585521,ZM,310473000.0
2024-10-31,1177541000.0,,1585521,ZM,182840000.0
2025-10-31,1229835000.0,,1585521,ZM,310414000.0
2024-07-31,1162520000.0,,1585521,ZM,202370000.0
2024-04-30,1141234000.0,,1585521,ZM,203022000.0
2023-10-31,1136727000.0,,1585521,ZM,169389000.0
2023-07-31,1138676000.0,,1585521,ZM,177618000.0
2023-04-30,1105364000.0,,1585521,ZM,9742000.0
2022-10-31,1101899000.0,,1585521,ZM,66508000.0
2022-07-31,1099458000.0,,1585521,ZM,121743000.0
2022-04-30,1073800000.0,,1585521,ZM,187065000.0
2021-10-31,1050756000.0,,1585521,ZM,290857000.0
2021-07-31,1021495000.0,,1585521,ZM,294603000.0
2021-04-30,956237000.0,,1585521,ZM,226312000.0
2020-10-31,777196000.0,,1585521,ZM,192242000.0
2020-07-31,663520000.0,,1585521,ZM,188104000.0
2020-04-30,328167000.0,,1585521,ZM,23385000.0
2019-04-30,121988000.0,,1585521,ZM,1557000.0
2019-07-31,145826000.0,,1585521,ZM,2265000.0
2019-10-31,166593000.0,,1585521,ZM,-1679000.0
2020-01-31,188251000.0,,1585521,ZM,10553000.0
2021-01-31,882485000.0,,1585521,ZM,256117000.0
2018-04-30,60070000.0,,1585521,ZM,-1684000.0
2018-07-31,74526000.0,,1585521,ZM,3422000.0
2018-10-31,90121000.0,,1585521,ZM,-1063000.0
2019-01-31,105800000.0,,1585521,ZM,5492000.0
2024-01-31,1146457000.0,,1585521,ZM,168530000.0
2025-01-31,1184138000.0,,1585521,ZM,225063000.0
2026-01-31,1246992000.0,,1585521,ZM,249892000.0
2023-01-31,1117803000.0,,1585521,ZM,-129887000.0
2022-01-31,1071376000.0,,1585521,ZM,251819000.0
2022-03-31,7704.0,,1593184,BRGX,-37319.0
2022-06-30,14258.0,,1593184,BRGX,-33263.0
2022-09-30,11283.0,,1593184,BRGX,-2191.0
2022-12-31,8914.0,,1593184,BRGX,-5535.0
2023-03-31,1075585.0,770993.0,1593184,BRGX,-184106.0
2023-06-30,863278.0,1000334.0,1593184,BRGX,-544619.0
2023-09-30,794544.0,2963602.0,1593184,BRGX,-2468553.0
2023-12-31,678008.0,494517.0,1593184,BRGX,-211556.0
2024-03-31,549548.0,3408936.0,1593184,BRGX,-3079436.0
2024-06-30,734032.0,1397087.0,1593184,BRGX,-1039797.0
2024-09-30,596037.0,236279.0,1593184,BRGX,-327307.0
2024-12-31,460489.0,808888.0,1593184,BRGX,-18316815.0
2025-03-31,515147.0,590368.0,1593184,BRGX,-192615.0
2025-06-30,445970.0,456728.0,1593184,BRGX,-107259.0
2025-09-30,507755.0,432540.0,1593184,BRGX,-8459.0
2025-12-31,385641.0,527089.0,1593184,BRGX,-935658.0
2026-03-31,426175.0,396394.0,1593184,BRGX,-49764.0
2014-02-28,,7059.0,1593773,,-7059.0
2014-05-31,,1510.0,1593773,,-1510.0
2014-08-31,0.0,1947.0,1593773,,-1947.0
2014-11-30,,21459.0,1593773,,-21459.0
2015-02-28,0.0,183.0,1593773,,-183.0
2015-05-31,,5581.0,1593773,,-5581.0
2015-08-31,,,1593773,,-501.0
2015-11-30,,,1593773,,-23935.0
2016-02-29,,,1593773,,-11051.0
2016-05-31,,,1593773,,-6313.0
2016-08-31,,,1593773,,-6140.0
2016-11-30,,,1593773,,-4089.0
2017-02-28,0.0,,1593773,,-8009.0
2017-05-31,0.0,,1593773,,-6571.0
2017-08-31,0.0,,1593773,,-78049.0
2017-11-30,0.0,,1593773,,12162.0
2018-02-28,0.0,,1593773,,-29400.0
2018-05-31,0.0,,1593773,,-24676.0
2018-08-31,0.0,,1593773,,-15399.0
2018-11-30,0.0,,1593773,,-15390.0
2020-02-29,0.0,,1593773,,-1100.0
2020-05-31,0.0,,1593773,,0.0
2020-08-31,0.0,,1593773,,0.0
2020-11-30,0.0,,1593773,,0.0
2021-02-28,0.0,,1593773,,-1000.0
2021-05-31,0.0,,1593773,,-9425.0
2021-08-31,0.0,,1593773,,-17581.0
2021-11-30,0.0,,1593773,,-21325.0
2022-02-28,0.0,,1593773,,-273229.0
2022-05-31,0.0,,1593773,,-5348.0
2022-08-31,0.0,,1593773,,0.0
2022-11-30,0.0,,1593773,,239375.0
2023-02-28,0.0,,1593773,,-17655.0
2023-05-31,0.0,,1593773,,-758298.0
2023-08-31,0.0,,1593773,,-14550.0
2023-11-30,0.0,,1593773,,624438.0
2024-02-29,0.0,,1593773,,-49674.0
2024-05-31,0.0,,1593773,,-45094.0
2024-08-31,8.0,,1593773,,-50825.0
2024-11-30,,,1593773,,-38213.0
2025-02-28,0.0,,1593773,,-50485.0
2025-05-31,0.0,,1593773,,-68017.0
2025-08-31,232.0,,1593773,,-36261.0
2025-06-30,173332000.0,,1595974,MGNI,21959000.0
2026-06-30,192823000.0,,1595974,MGNI,31222000.0
2025-03-31,155771000.0,,1595974,MGNI,-1364000.0
2026-03-31,164371000.0,,1595974,MGNI,7719000.0
2024-09-30,162003000.0,,1595974,MGNI,15123000.0
2025-09-30,179494000.0,,1595974,MGNI,25041000.0
2024-06-30,162880000.0,,1595974,MGNI,9574000.0
2024-03-31,149319000.0,,1595974,MGNI,-13828000.0
2023-09-30,150085000.0,,1595974,MGNI,-17843000.0
2023-06-30,152543000.0,,1595974,MGNI,-71795000.0
2023-03-31,130150000.0,,1595974,MGNI,-100495000.0
2022-09-30,145815000.0,,1595974,MGNI,-21155000.0
2022-06-30,137780000.0,,1595974,MGNI,-23263000.0
2022-03-31,118075000.0,,1595974,MGNI,-39824000.0
2021-09-30,131871000.0,,1595974,MGNI,-23948000.0
2021-06-30,114541000.0,,1595974,MGNI,-46981000.0
2021-03-31,60715000.0,,1595974,MGNI,-13776000.0
2020-09-30,60982000.0,,1595974,MGNI,-10940000.0
2020-06-30,42348000.0,,1595974,MGNI,-40562000.0
2020-03-31,36295000.0,,1595974,MGNI,-10727000.0
2019-03-31,32416000.0,,1595974,MGNI,-13288000.0
2019-06-30,37870000.0,,1595974,MGNI,-8600000.0
2019-09-30,37642000.0,,1595974,MGNI,-6681000.0
2019-12-31,48486000.0,,1595974,MGNI,986000.0
2020-12-31,82003000.0,,1595974,MGNI,7995000.0
2018-03-31,24876000.0,,1595974,MGNI,-27668000.0
2018-06-30,28648000.0,,1595974,MGNI,-19191000.0
2018-09-30,29729000.0,,1595974,MGNI,-14266000.0
2018-12-31,41432000.0,,1595974,MGNI,-2483000.0
2017-03-31,46015000.0,,1595974,MGNI,-15472000.0
2017-06-30,42922000.0,,1595974,MGNI,-11325000.0
2017-09-30,35211000.0,,1595974,MGNI,-105752000.0
2017-12-31,31397000.0,,1595974,MGNI,-24427000.0
2016-03-31,69232000.0,,1595974,MGNI,-1877000.0
2016-06-30,70511000.0,,1595974,MGNI,1321000.0
2016-09-30,65811000.0,,1595974,MGNI,-2373000.0
2016-12-31,72667000.0,,1595974,MGNI,-21968000.0
2015-09-30,64253000.0,,1595974,MGNI,-5167000.0
2015-06-30,53046000.0,,1595974,MGNI,-11498000.0
2015-03-31,37178000.0,,1595974,MGNI,-7125000.0
2014-09-30,32165000.0,,1595974,MGNI,-5442000.0
2014-06-30,28283000.0,,1595974,MGNI,-7116000.0
2014-03-31,23015000.0,,1595974,MGNI,-6469000.0
2013-09-30,20063000.0,,1595974,MGNI,-2949000.0
2013-06-30,19035000.0,,1595974,MGNI,-1590000.0
2013-03-31,16600000.0,,1595974,MGNI,-1777000.0
2023-12-31,186932000.0,,1595974,MGNI,35124000.0
2024-12-31,193968000.0,,1595974,MGNI,40218000.0
2025-12-31,205356000.0,,1595974,MGNI,51965000.0
2022-12-31,175399000.0,,1595974,MGNI,-28542000.0
2021-12-31,161286000.0,,1595974,MGNI,3635000.0
2015-12-31,94007000.0,,1595974,MGNI,18192000.0
2014-12-31,41832000.0,,1595974,MGNI,249000.0
2013-12-31,28132000.0,,1595974,MGNI,2436000.0
2014-02-28,0.0,,1596961,RDNW,
2014-05-31,,,1596961,RDNW,-43722.0
2014-08-31,,,1596961,RDNW,-56923.0
2015-02-28,0.0,,1596961,RDNW,
2015-08-31,0.0,,1596961,RDNW,
2016-03-31,0.0,,1596961,RDNW,
2016-06-30,0.0,10825.0,1596961,RDNW,-11300.0
2016-08-31,0.0,,1596961,RDNW,
2016-09-30,0.0,36706.0,1596961,RDNW,-37181.0
2017-03-31,38889.0,655208.0,1596961,RDNW,-711092.0
2017-06-30,116522.0,1708967.0,1596961,RDNW,-1820423.0
2017-09-30,3706142.0,2326043.0,1596961,RDNW,-2227302.0
2017-12-31,3444349.0,2896781.0,1596961,RDNW,-3218540.0
2018-03-31,8064832.0,3880492.0,1596961,RDNW,-3527355.0
2018-06-30,13914534.0,5545509.0,1596961,RDNW,-4498506.0
2018-09-30,19255022.0,8431561.0,1596961,RDNW,-6672796.0
2018-12-31,115163843.0,18106368.0,1596961,RDNW,-8702475.0
2019-03-31,223177759.0,20440016.0,1596961,RDNW,-6831172.0
2019-06-30,270179904.0,25007565.0,1596961,RDNW,-9817491.0
2019-09-30,220320323.0,19010939.0,1596961,RDNW,-7470084.0
2019-12-31,126951361.0,22165729.0,1596961,RDNW,-13673952.0
2020-03-31,144424750.0,18056426.0,1596961,RDNW,-19892934.0
2020-06-30,84341293.0,11174287.0,1596961,RDNW,2389392.0
2020-09-30,117257000.0,13279000.0,1596961,RDNW,2989000.0
2020-12-31,70403957.0,11149287.0,1596961,RDNW,-4045458.0
2021-03-31,104264000.0,13401000.0,1596961,RDNW,-2822000.0
2021-06-30,168345000.0,18114000.0,1596961,RDNW,765000.0
2021-09-30,221214000.0,61507000.0,1596961,RDNW,-22702000.0
2021-12-31,430348000.0,71055000.0,1596961,RDNW,15891000.0
2022-03-31,445201000.0,78076000.0,1596961,RDNW,22663000.0
2022-06-30,412182000.0,96233000.0,1596961,RDNW,31046000.0
2022-09-30,380664000.0,93822000.0,1596961,RDNW,14067000.0
2022-12-31,220853000.0,86369000.0,1596961,RDNW,-327876000.0
2023-03-31,334400000.0,86300000.0,1596961,RDNW,-700000.0
2023-06-30,382700000.0,100300000.0,1596961,RDNW,800000.0
2023-09-30,338100000.0,85000000.0,1596961,RDNW,-200000.0
2023-12-31,311200000.0,75700000.0,1596961,RDNW,-69400000.0
2024-03-31,307800000.0,73900000.0,1596961,RDNW,5200000.0
2024-06-30,336800000.0,71400000.0,1596961,RDNW,15400000.0
2024-09-30,295000000.0,65900000.0,1596961,RDNW,5300000.0
2024-12-31,269600000.0,64200000.0,1596961,RDNW,-41100000.0
2025-03-31,244700000.0,61100000.0,1596961,RDNW,3800000.0
2025-06-30,299900000.0,66700000.0,1596961,RDNW,-18800000.0
2025-09-30,281000000.0,64400000.0,1596961,RDNW,9400000.0
2025-12-31,256900000.0,64100000.0,1596961,RDNW,5400000.0
2026-03-31,260400000.0,62100000.0,1596961,RDNW,7600000.0
2026-06-30,296800000.0,65000000.0,1596961,RDNW,17900000.0
2013-03-31,635302000.0,199829000.0,1597033,SABR,112176000.0
2013-06-30,631339000.0,212364000.0,1597033,SABR,91026000.0
2013-09-30,629984000.0,208033000.0,1597033,SABR,100315000.0
2013-12-31,626921000.0,-182773000.0,1597033,SABR,77413000.0
2014-03-31,666415000.0,110738000.0,1597033,SABR,103707000.0
2014-06-30,646380000.0,127651000.0,1597033,SABR,96082000.0
2014-09-30,672480000.0,113581000.0,1597033,SABR,117847000.0
2014-12-31,646142000.0,115624000.0,1597033,SABR,103709000.0
2015-03-31,710348000.0,122358000.0,1597033,SABR,118992000.0
2015-06-30,707091000.0,123360000.0,1597033,SABR,122605000.0
2015-09-30,785002000.0,166324000.0,1597033,SABR,108772000.0
2015-12-31,758455000.0,145035000.0,1597033,SABR,109400000.0
2016-03-31,859543000.0,133856000.0,1597033,SABR,171422000.0
2016-06-30,845242000.0,146886000.0,1597033,SABR,142039000.0
2016-09-30,838982000.0,155182000.0,1597033,SABR,90150000.0
2016-12-31,829620000.0,190229000.0,1597033,SABR,55961000.0
2017-03-31,915353000.0,144441000.0,1597033,SABR,163326000.0
2017-06-30,900663000.0,146856000.0,1597033,SABR,18718000.0
2017-09-30,900606000.0,91840000.0,1597033,SABR,176796000.0
2017-12-31,881862000.0,126938000.0,1597033,SABR,134600000.0
2018-03-31,988369000.0,130111000.0,1597033,SABR,165401000.0
2018-06-30,984376000.0,123784000.0,1597033,SABR,138833000.0
2018-09-30,970283000.0,130152000.0,1597033,SABR,136763000.0
2018-12-31,923928000.0,167876000.0,1597033,SABR,121019000.0
2019-03-31,1049361000.0,151391000.0,1597033,SABR,110407000.0
2019-06-30,1000006000.0,154705000.0,1597033,SABR,81913000.0
2019-09-30,984199000.0,128791000.0,1597033,SABR,113460000.0
2019-12-31,941422000.0,165323000.0,1597033,SABR,57637000.0
2020-03-31,658977000.0,203601000.0,1597033,SABR,-151411000.0
2020-06-30,83044000.0,123784000.0,1597033,SABR,-384070000.0
2020-09-30,278365000.0,119626000.0,1597033,SABR,-233049000.0
2020-12-31,313714000.0,139395000.0,1597033,SABR,-219509000.0
2021-03-31,327484000.0,130613000.0,1597033,SABR,-202553000.0
2021-06-30,419668000.0,159000000.0,1597033,SABR,-180370000.0
2021-09-30,441086000.0,157234000.0,1597033,SABR,-156688000.0
2021-12-31,500637000.0,163231000.0,1597033,SABR,-125876000.0
2022-03-31,584910000.0,167678000.0,1597033,SABR,-79532000.0
2022-06-30,657532000.0,176308000.0,1597033,SABR,-70193000.0
2022-09-30,663394000.0,172359000.0,1597033,SABR,-56535000.0
2022-12-31,631179000.0,144814000.0,1597033,SABR,-54800000.0
2023-03-31,742695000.0,164428000.0,1597033,SABR,-213000.0
2023-06-30,737529000.0,179063000.0,1597033,SABR,-42183000.0
2023-09-30,740461000.0,150736000.0,1597033,SABR,52201000.0
2023-12-31,421392000.0,88660000.0,1597033,SABR,22418000.0
2024-03-31,782886000.0,141416000.0,1597033,SABR,98085000.0
2024-06-30,695050000.0,153938000.0,1597033,SABR,48722000.0
2024-09-30,691300000.0,149386000.0,1597033,SABR,57841000.0
2024-12-31,575609000.0,131232000.0,1597033,SABR,37201000.0
2025-03-31,702126000.0,129953000.0,1597033,SABR,91395000.0
2025-06-30,687149000.0,129167000.0,1597033,SABR,89134000.0
2025-09-30,715183000.0,140475000.0,1597033,SABR,93625000.0
2025-12-31,666525000.0,157806000.0,1597033,SABR,21341000.0
2026-03-31,760326000.0,134005000.0,1597033,SABR,115917000.0
2026-06-30,711961000.0,137657000.0,1597033,SABR,92783000.0
2015-02-28,513700000.0,,1598014,,
2015-05-31,557000000.0,,1598014,,
2015-08-31,557900000.0,200100000.0,1598014,,91000000.0
2015-11-30,555700000.0,,1598014,,
2016-02-29,548500000.0,186500000.0,1598014,,79700000.0
2016-05-31,587900000.0,207000000.0,1598014,,85000000.0
2016-08-31,724600000.0,267600000.0,1598014,,-16700000.0
2016-11-30,873800000.0,246000000.0,1598014,,112400000.0
2017-02-28,844200000.0,268000000.0,1598014,,95700000.0
2017-05-31,906100000.0,274200000.0,1598014,,136800000.0
2017-08-31,904700000.0,268800000.0,1598014,,152500000.0
2017-11-30,944700000.0,285000000.0,1598014,,146100000.0
2018-02-28,932100000.0,290300000.0,1598014,,139900000.0
2018-05-31,1008300000.0,299200000.0,1598014,,180900000.0
2018-08-31,1001000000.0,287700000.0,1598014,,160300000.0
2018-11-30,1067800000.0,315600000.0,1598014,,160200000.0
2019-02-28,1046400000.0,300300000.0,1598014,,175000000.0
2019-05-31,1135500000.0,293300000.0,1598014,,238700000.0
2019-08-31,1112300000.0,295400000.0,1598014,,342800000.0
2019-11-30,1120400000.0,308900000.0,1598014,,247000000.0
2020-02-29,1080800000.0,316200000.0,1598014,,570900000.0
2020-05-31,1026600000.0,258100000.0,1598014,,144100000.0
2020-08-31,1073200000.0,258700000.0,1598014,,261200000.0
2020-11-30,1107200000.0,295000000.0,1598014,,174300000.0
2021-02-28,1119900000.0,302200000.0,1598014,,233400000.0
2021-05-31,1181400000.0,283300000.0,1598014,,275600000.0
2021-08-31,1180500000.0,285600000.0,1598014,,290800000.0
2021-11-30,1176300000.0,309900000.0,1598014,,761600000.0
2017-09-30,0.0,,1603494,,-313439.0
2018-09-30,12542.0,,1603494,,-293887.0
2017-06-30,0.0,,1603494,,-595671.0
2018-06-30,15208.0,,1603494,,-256603.0
2017-03-31,0.0,,1603494,,-502067.0
2018-03-31,6093.0,,1603494,,-186712.0
2016-09-30,0.0,,1603494,,-170505.0
2016-06-30,0.0,,1603494,,-343109.0
2016-03-31,0.0,,1603494,,-357781.0
2015-09-30,0.0,,1603494,,-428713.0
2015-06-30,0.0,,1603494,,-383754.0
2015-03-31,0.0,,1603494,,-97649.0
2014-09-30,0.0,,1603494,,-48028.0
2014-06-30,5750.0,,1603494,,1750.0
2017-12-31,1096.0,,1603494,,-569671.0
2018-12-31,24130.0,,1603494,,-4028761.0
2016-12-31,15000.0,,1603494,,-369382.0
2015-12-31,2520.0,,1603494,,-585505.0
2024-09-30,36246000.0,,1603652,,-5891000.0
2025-09-30,32943000.0,,1603652,,-1769000.0
2024-06-30,34537000.0,,1603652,,-8340000.0
2025-06-30,31687000.0,,1603652,,-2153000.0
2024-03-31,40092000.0,,1603652,,-8348000.0
2025-03-31,31272000.0,,1603652,,-2447000.0
2023-09-30,46047000.0,,1603652,,-5848000.0
2023-06-30,43977000.0,,1603652,,-6148000.0
2023-03-31,49578000.0,,1603652,,-10308000.0
2022-09-30,52134000.0,,1603652,,-13132000.0
2022-06-30,43334000.0,,1603652,,-15796000.0
2024-12-31,32030000.0,,1603652,,-4615000.0
2025-12-31,33292000.0,,1603652,,-2504000.0
2023-12-31,45051000.0,,1603652,,-23800000.0
2013-03-31,247000000.0,,1606745,,8000000.0
2013-06-30,263000000.0,115000000.0,1606745,,17000000.0
2013-09-30,274000000.0,129000000.0,1606745,,10000000.0
2013-12-31,250000000.0,,1606745,,-52000000.0
2014-03-31,294000000.0,134000000.0,1606745,,29000000.0
2014-06-30,335000000.0,168000000.0,1606745,,31000000.0
2014-09-30,375000000.0,205000000.0,1606745,,17000000.0
2014-12-31,325000000.0,160000000.0,1606745,,-9000000.0
2015-03-31,374000000.0,196000000.0,1606745,,38000000.0
2015-06-30,414000000.0,245000000.0,1606745,,25000000.0
2015-09-30,432000000.0,243000000.0,1606745,,35000000.0
2015-12-31,345000000.0,251000000.0,1606745,,-83000000.0
2016-03-31,361000000.0,215000000.0,1606745,,2000000.0
2016-06-30,398000000.0,239000000.0,1606745,,13000000.0
2016-09-30,434000000.0,252000000.0,1606745,,31000000.0
2016-12-31,339000000.0,212000000.0,1606745,,-23000000.0
2017-03-31,378000000.0,245000000.0,1606745,,-7000000.0
2017-06-30,431000000.0,271000000.0,1606745,,13000000.0
2017-09-30,439000000.0,293000000.0,1606745,,16000000.0
2017-12-31,321000000.0,212000000.0,1606745,,-1814000000.0
2018-03-31,378000000.0,243000000.0,1606745,,9000000.0
2018-06-30,433000000.0,266000000.0,1606745,,34000000.0
2018-09-30,458000000.0,249000000.0,1606745,,76000000.0
2018-12-31,346000000.0,208000000.0,1606745,,9000000.0
2019-03-31,376000000.0,224000000.0,1606745,,16000000.0
2019-06-30,422000000.0,228000000.0,1606745,,51000000.0
2019-09-30,428000000.0,231000000.0,1606745,,55000000.0
2019-12-31,334000000.0,191000000.0,1606745,,-281000000.0
2020-03-31,278000000.0,182000000.0,1606745,,-44000000.0
2020-06-30,59000000.0,99000000.0,1606745,,-723000000.0
2020-09-30,151000000.0,107000000.0,1606745,,-59000000.0
2020-12-31,116000000.0,114000000.0,1606745,,-106000000.0
2021-03-31,123000000.0,115000000.0,1606745,,-97000000.0
2021-06-30,235000000.0,173000000.0,1606745,,-49000000.0
2021-09-30,303000000.0,188000000.0,1606745,,4000000.0
2021-12-31,241000000.0,175000000.0,1606745,,-43000000.0
2022-03-31,262000000.0,183000000.0,1606745,,-22000000.0
2022-06-30,417000000.0,248000000.0,1606745,,60000000.0
2022-09-30,459000000.0,283000000.0,1606745,,66000000.0
2022-12-31,354000000.0,255000000.0,1606745,,-16000000.0
2023-03-31,371000000.0,270000000.0,1606745,,-17000000.0
2023-06-30,494000000.0,321000000.0,1606745,,40000000.0
2023-09-30,533000000.0,324000000.0,1606745,,-964000000.0
2023-12-31,390000000.0,229000000.0,1606745,,29000000.0
2024-03-31,395000000.0,280000000.0,1606745,,-18000000.0
2024-06-30,497000000.0,323000000.0,1606745,,33000000.0
2024-09-30,532000000.0,325000000.0,1606745,,67000000.0
2024-12-31,411000000.0,,1606745,,-669000000.0
2025-06-30,1217600000.0,,1609711,GDDY,266300000.0
2026-06-30,1298000000.0,,1609711,GDDY,342500000.0
2025-03-31,1194300000.0,,1609711,GDDY,247300000.0
2026-03-31,1266900000.0,,1609711,GDDY,310500000.0
2024-09-30,1147600000.0,,1609711,GDDY,253800000.0
2025-09-30,1265300000.0,,1609711,GDDY,296700000.0
2024-06-30,1124500000.0,,1609711,GDDY,208200000.0
2024-03-31,1108500000.0,,1609711,GDDY,175900000.0
2023-09-30,1069700000.0,,1609711,GDDY,167100000.0
2023-06-30,1048100000.0,,1609711,GDDY,119600000.0
2023-03-31,1036000000.0,,1609711,GDDY,70800000.0
2022-09-30,1033200000.0,,1609711,GDDY,129700000.0
2022-06-30,1015500000.0,,1609711,GDDY,124600000.0
2022-03-31,1002700000.0,,1609711,GDDY,109600000.0
2021-09-30,964000000.0,,1609711,GDDY,131300000.0
2021-06-30,931300000.0,,1609711,GDDY,88000000.0
2021-03-31,901100000.0,,1609711,GDDY,38000000.0
2020-09-30,844400000.0,,1609711,GDDY,92400000.0
2020-06-30,806400000.0,,1609711,GDDY,22900000.0
2020-03-31,792000000.0,,1609711,GDDY,64400000.0
2019-09-30,760500000.0,,1609711,GDDY,91400000.0
2019-06-30,737200000.0,,1609711,GDDY,18900000.0
2019-03-31,710000000.0,,1609711,GDDY,18800000.0
2018-03-31,633200000.0,,1609711,GDDY,26800000.0
2018-06-30,651600000.0,,1609711,GDDY,43500000.0
2018-09-30,679500000.0,,1609711,GDDY,37500000.0
2018-12-31,695800000.0,,1609711,GDDY,41800000.0
2019-12-31,780400000.0,,1609711,GDDY,73500000.0
2017-03-31,489700000.0,,1609711,GDDY,5700000.0
2017-06-30,557800000.0,,1609711,GDDY,6100000.0
2017-09-30,582200000.0,,1609711,GDDY,32100000.0
2017-12-31,602200000.0,,1609711,GDDY,23000000.0
2016-03-31,433700000.0,,1609711,GDDY,1300000.0
2016-06-30,456200000.0,,1609711,GDDY,9700000.0
2016-09-30,472100000.0,,1609711,GDDY,21200000.0
2016-12-31,485900000.0,,1609711,GDDY,17900000.0
2015-03-31,376300000.0,,1609711,GDDY,-20500000.0
2015-06-30,394500000.0,,1609711,GDDY,-33600000.0
2015-09-30,411100000.0,,1609711,GDDY,10900000.0
2015-12-31,425400000.0,,1609711,GDDY,12200000.0
2014-03-31,320200000.0,,1609711,GDDY,-34100000.0
2014-06-30,338500000.0,,1609711,GDDY,-18500000.0
2014-09-30,356900000.0,,1609711,GDDY,-6600000.0
2014-12-31,371700000.0,,1609711,GDDY,-2700000.0
2023-12-31,1100300000.0,,1609711,GDDY,189900000.0
2024-12-31,1192600000.0,,1609711,GDDY,255600000.0
2025-12-31,1273900000.0,,1609711,GDDY,317000000.0
2022-12-31,1039900000.0,,1609711,GDDY,134900000.0
2021-12-31,1019300000.0,,1609711,GDDY,124800000.0
2020-12-31,873900000.0,,1609711,GDDY,92500000.0
2014-06-30,1000.0,,1610607,,
2014-09-30,1500.0,,1610607,,
2015-03-31,0.0,,1610607,,-4120.0
2015-06-30,,,1610607,,-6476.0
2015-09-30,1040.0,,1610607,,-5966.0
2015-12-31,,,1610607,,-2584.0
2016-03-31,2000.0,,1610607,,-10685.0
2016-06-30,5000.0,,1610607,,3026.0
2016-09-30,2000.0,,1610607,,-779.0
2016-12-31,1356337.0,,1610607,,47684.0
2017-03-31,295593.0,,1610607,,-2091.0
2017-06-30,333794.0,,1610607,,94182.0
2017-09-30,12000.0,,1610607,,
2017-12-31,1091654.0,,1610607,,
2018-03-31,772014.0,,1610607,,333275.0
2018-06-30,870590.0,,1610607,,318230.0
2025-07-31,113094000.0,,1614178,YEXT,29674000.0
2026-07-31,111103000.0,,1614178,YEXT,17562000.0
2025-04-30,109483000.0,,1614178,YEXT,1118000.0
2026-04-30,107917000.0,,1614178,YEXT,5582000.0
2024-10-31,113989000.0,,1614178,YEXT,-10368000.0
2025-10-31,111998000.0,,1614178,YEXT,7780000.0
2024-07-31,97887000.0,,1614178,YEXT,-7566000.0
2024-04-30,95990000.0,,1614178,YEXT,-5426000.0
2023-10-31,101164000.0,,1614178,YEXT,-1781000.0
2023-07-31,102598000.0,,1614178,YEXT,-4231000.0
2023-04-30,99453000.0,,1614178,YEXT,-1232000.0
2022-10-31,99280000.0,,1614178,YEXT,-12132000.0
2022-07-31,100869000.0,,1614178,YEXT,-19521000.0
2022-04-30,98802000.0,,1614178,YEXT,-25502000.0
2021-10-31,99529000.0,,1614178,YEXT,-24354000.0
2021-07-31,98124000.0,,1614178,YEXT,-26412000.0
2021-04-30,91992000.0,,1614178,YEXT,-17232000.0
2020-04-30,85351000.0,,1614178,YEXT,-29189000.0
2020-07-31,88055000.0,,1614178,YEXT,-24240000.0
2020-10-31,89061000.0,,1614178,YEXT,-21760000.0
2021-01-31,92194000.0,,1614178,YEXT,-19143000.0
2022-01-31,100932000.0,,1614178,YEXT,-21961000.0
2019-04-30,68708000.0,,1614178,YEXT,-19260000.0
2019-07-31,72373000.0,,1614178,YEXT,-30297000.0
2019-10-31,76370000.0,,1614178,YEXT,-42833000.0
2020-01-31,81378000.0,,1614178,YEXT,-30563000.0
2018-04-30,50988000.0,,1614178,YEXT,-16906000.0
2018-07-31,54923000.0,,1614178,YEXT,-19504000.0
2018-10-31,58613000.0,,1614178,YEXT,-23012000.0
2019-01-31,63759000.0,,1614178,YEXT,-16223000.0
2017-04-30,37080000.0,,1614178,YEXT,-15394000.0
2017-07-31,40769000.0,,1614178,YEXT,-16507000.0
2017-10-31,44332000.0,,1614178,YEXT,-17236000.0
2018-01-31,48020000.0,,1614178,YEXT,-17503000.0
2016-04-30,27125000.0,,1614178,YEXT,-9307000.0
2016-07-31,29556000.0,,1614178,YEXT,-9007000.0
2016-10-31,31909000.0,,1614178,YEXT,-10120000.0
2017-01-31,35671000.0,,1614178,YEXT,-14266000.0
2024-01-31,101107000.0,,1614178,YEXT,1043000.0
2025-01-31,113091000.0,,1614178,YEXT,-9088000.0
2026-01-31,112004000.0,,1614178,YEXT,5977000.0
2023-01-31,101899000.0,,1614178,YEXT,-7673000.0
2025-06-30,23193000.0,,1615165,VERI,-19012000.0
2026-06-30,24263000.0,,1615165,VERI,-22136000.0
2025-03-31,22463000.0,,1615165,VERI,-21634000.0
2026-03-31,20259000.0,,1615165,VERI,-19423000.0
2024-09-30,21993000.0,,1615165,VERI,-22492000.0
2025-09-30,26632000.0,,1615165,VERI,-18161000.0
2024-06-30,24058000.0,,1615165,VERI,-20306000.0
2024-03-31,24153000.0,,1615165,VERI,-24370000.0
2023-09-30,27968000.0,,1615165,VERI,-25183000.0
2023-06-30,27967000.0,,1615165,VERI,-28180000.0
2023-03-31,30263000.0,,1615165,VERI,-23589000.0
2022-09-30,37196000.0,,1615165,VERI,-3611000.0
2022-06-30,34235000.0,,1615165,VERI,-3629000.0
2022-03-31,34407000.0,,1615165,VERI,-20805000.0
2021-09-30,22655000.0,,1615165,VERI,-11080000.0
2021-03-31,18295000.0,,1615165,VERI,-30536000.0
2021-06-30,19206000.0,,1615165,VERI,-12647000.0
2020-09-30,15718000.0,,1615165,VERI,-10973000.0
2020-06-30,13268000.0,,1615165,VERI,-11556000.0
2020-03-31,11904000.0,,1615165,VERI,-12812000.0
2019-09-30,12805000.0,,1615165,VERI,-16196000.0
2019-06-30,12270000.0,,1615165,VERI,-16736000.0
2019-03-31,12125000.0,,1615165,VERI,-16508000.0
2018-09-30,7545000.0,,1615165,VERI,-16265000.0
2018-06-30,4168000.0,,1615165,VERI,-14453000.0
2018-03-31,4388000.0,,1615165,VERI,-13230000.0
2017-09-30,3719000.0,,1615165,VERI,-19455000.0
2017-06-30,4087000.0,,1615165,VERI,-7848000.0
2017-03-31,3108000.0,,1615165,VERI,-6631000.0
2016-09-30,2321000.0,,1615165,VERI,-5969000.0
2016-06-30,2011000.0,,1615165,VERI,-6528000.0
2016-03-31,2076000.0,,1615165,VERI,-3930000.0
2024-12-31,22433000.0,,1615165,VERI,-21038000.0
2025-12-31,19904000.0,,1615165,VERI,-22447000.0
2023-12-31,13788000.0,,1615165,VERI,-22618000.0
2022-12-31,43890000.0,,1615165,VERI,-9950000.0
2021-12-31,55149000.0,,1615165,VERI,-7110000.0
2020-12-31,16818000.0,,1615165,VERI,-12332000.0
2019-12-31,12448000.0,,1615165,VERI,-14631000.0
2018-12-31,10946000.0,,1615165,VERI,-18042000.0
2017-12-31,3499000.0,,1615165,VERI,-12828000.0
2016-12-31,2503000.0,,1615165,VERI,-7353000.0
2014-08-31,0.0,6387.0,1616156,WEWA,-6387.0
2014-11-30,0.0,23515.0,1616156,WEWA,-23515.0
2015-02-28,,,1616156,WEWA,-3545.0
2015-05-31,,,1616156,WEWA,-2654.0
2015-08-31,,,1616156,WEWA,-26261.0
2015-11-30,,,1616156,WEWA,-33105.0
2016-02-29,,,1616156,WEWA,-9641.0
2016-05-31,,,1616156,WEWA,-8445.0
2016-08-31,,,1616156,WEWA,-643393.0
2016-11-30,,,1616156,WEWA,-1574152.0
2017-02-28,,,1616156,WEWA,-1963736.0
2017-05-31,,,1616156,WEWA,-646795.0
2017-08-31,,,1616156,WEWA,-1224650.0
2017-11-30,,,1616156,WEWA,-1197140.0
2018-02-28,,,1616156,WEWA,-857519.0
2018-05-31,,,1616156,WEWA,-186066.0
2019-02-28,,,1616156,WEWA,-238027.0
2019-08-31,,,1616156,WEWA,-236703.0
2019-11-30,,,1616156,WEWA,-73318.0
2020-02-29,,,1616156,WEWA,-63392.0
2020-05-31,,,1616156,WEWA,-54462.0
2020-08-31,12498.0,,1616156,WEWA,-76155.0
2020-11-30,22501.0,,1616156,WEWA,-47723.0
2021-02-28,27500.0,,1616156,WEWA,-365010.0
2021-05-31,20955.0,,1616156,WEWA,-545506.0
2021-08-31,,,1616156,WEWA,-577834.0
2021-11-30,,,1616156,WEWA,-560998.0
2022-02-28,,,1616156,WEWA,-669916.0
2022-05-31,,,1616156,WEWA,-56561.0
2022-08-31,,,1616156,WEWA,-74388.0
2022-11-30,,,1616156,WEWA,-55999.0
2023-02-28,,,1616156,WEWA,-57831.0
2023-05-31,,,1616156,WEWA,-57113.0
2023-08-31,0.0,,1616156,WEWA,-74552.0
2023-11-30,0.0,,1616156,WEWA,-43632.0
2024-02-29,0.0,,1616156,WEWA,-14432.0
2024-05-31,0.0,,1616156,WEWA,-13230.0
2024-08-31,0.0,,1616156,WEWA,-32690.0
2024-11-30,0.0,,1616156,WEWA,-13427.0
2025-02-28,0.0,,1616156,WEWA,-13666.0
2025-05-31,0.0,,1616156,WEWA,-30887.0
2025-08-31,0.0,,1616156,WEWA,-29980.0
2025-11-30,0.0,,1616156,WEWA,-15252.0
2026-02-28,0.0,,1616156,WEWA,-14393.0
2026-05-31,0.0,,1616156,WEWA,-17030.0
2025-06-30,112232000.0,,1617553,ZIP,-6662000.0
2026-06-30,118061000.0,,1617553,ZIP,4138000.0
2025-03-31,110065000.0,,1617553,ZIP,-11669000.0
2026-03-31,107547000.0,,1617553,ZIP,-1548000.0
2024-09-30,117084000.0,,1617553,ZIP,-3239000.0
2025-09-30,114982000.0,,1617553,ZIP,-5027000.0
2024-06-30,123658000.0,,1617553,ZIP,9423000.0
2024-03-31,122239000.0,,1617553,ZIP,-906000.0
2023-09-30,155630000.0,,1617553,ZIP,32666000.0
2023-06-30,170421000.0,,1617553,ZIP,22524000.0
2023-03-31,183749000.0,,1617553,ZIP,10960000.0
2022-09-30,226968000.0,,1617553,ZIP,29471000.0
2022-06-30,239943000.0,,1617553,ZIP,25097000.0
2022-03-31,227260000.0,,1617553,ZIP,14224000.0
2021-09-30,212672000.0,,1617553,ZIP,17968000.0
2021-06-30,182960000.0,,1617553,ZIP,-68317000.0
2021-03-31,125372000.0,,1617553,ZIP,16466000.0
2020-09-30,102851000.0,,1617553,ZIP,23094000.0
2020-06-30,87655000.0,,1617553,ZIP,21648000.0
2023-12-31,135922000.0,,1617553,ZIP,13287000.0
2024-12-31,111020000.0,,1617553,ZIP,-4016000.0
2025-12-31,111673000.0,,1617553,ZIP,4000000.0
2022-12-31,210478000.0,,1617553,ZIP,28436000.0
2021-12-31,220137000.0,,1617553,ZIP,25491000.0
2014-06-30,,,1619227,,-31186.0
2014-09-30,24839.0,,1619227,,-15405.0
2015-03-31,12022.0,,1619227,,18879.0
2015-06-30,12252.0,,1619227,,6755.0
2015-09-30,9977.0,,1619227,,-9767.0
2015-12-31,-3229.0,,1619227,,-22300.0
2016-03-31,8915.0,,1619227,,-139255.0
2016-06-30,0.0,,1619227,,-26848.0
2016-09-30,16566.0,,1619227,,-13012.0
2017-03-31,3008.0,,1619227,,-19686.0
2017-06-30,0.0,,1619227,,-25889.0
2017-09-30,,,1619227,,-7928.0
2018-03-31,,,1619227,,-35219431.0
2018-06-30,,,1619227,,-37006.0
2018-09-30,,,1619227,,-19329.0
2018-12-31,,,1619227,,-26082.0
2019-03-31,,,1619227,,-19212.0
2019-09-30,,,1619227,,-14579.0
2020-03-31,,,1619227,,-11662639.0
2020-09-30,,,1619227,,-16368.0
2021-03-31,,,1619227,,-9730.0
2021-09-30,,,1619227,,-9933.0
2022-03-31,,,1619227,,-9728.0
2022-09-30,,,1619227,,-9142.0
2020-09-30,161377000.0,,1619954,,15929000.0
2021-09-30,192230000.0,,1619954,,18622000.0
2020-06-30,162215000.0,,1619954,,15685000.0
2021-06-30,190439000.0,,1619954,,24238000.0
2020-03-31,154187000.0,,1619954,,9064000.0
2021-03-31,177176000.0,,1619954,,23330000.0
2019-09-30,166453000.0,,1619954,,22072000.0
2019-06-30,156977000.0,,1619954,,20541000.0
2019-03-31,145491000.0,,1619954,,5891000.0
2018-09-30,145809000.0,,1619954,,16248000.0
2018-06-30,152798000.0,,1619954,,-2351000.0
2018-03-31,92755000.0,,1619954,,-20835000.0
2017-09-30,115855000.0,,1619954,,13882000.0
2017-06-30,110578000.0,,1619954,,8896000.0
2017-03-31,108306000.0,,1619954,,6316000.0
2016-09-30,105013000.0,,1619954,,9026000.0
2016-06-30,123825000.0,,1619954,,26827000.0
2016-03-31,102657000.0,,1619954,,3297000.0
2015-09-30,105459000.0,,1619954,,18873000.0
2015-06-30,117618000.0,,1619954,,45996000.0
2015-03-31,93633000.0,,1619954,,25348000.0
2014-09-30,85991000.0,,1619954,,23130000.0
2014-06-30,100957000.0,,1619954,,38847000.0
2014-03-31,84674000.0,,1619954,,23917000.0
2018-12-31,136314000.0,,1619954,,4353000.0
2019-12-31,173489000.0,,1619954,,20983000.0
2020-12-31,189745000.0,,1619954,,31032000.0
2017-12-31,114619000.0,,1619954,,4695000.0
2016-12-31,96093000.0,,1619954,,-1516000.0
2015-12-31,120561000.0,,1619954,,26239000.0
2014-12-31,89918000.0,,1619954,,24167000.0
2018-03-31,129000.0,,1621672,SLE,-4126000.0
2018-06-30,358000.0,,1621672,SLE,-3602000.0
2018-09-30,153000.0,,1621672,SLE,-3558000.0
2018-12-31,406000.0,,1621672,SLE,-4874000.0
2019-03-31,249000.0,,1621672,SLE,-6136000.0
2019-06-30,223000.0,,1621672,SLE,-5505000.0
2019-09-30,350000.0,,1621672,SLE,-4425000.0
2019-12-31,262000.0,,1621672,SLE,-4704000.0
2020-03-31,243000.0,,1621672,SLE,-5148000.0
2020-06-30,324000.0,,1621672,SLE,-4559000.0
2020-09-30,718000.0,,1621672,SLE,-4297000.0
2020-12-31,779000.0,,1621672,SLE,-4739000.0
2021-03-31,788000.0,,1621672,SLE,-4626000.0
2021-06-30,1084000.0,,1621672,SLE,-6313000.0
2021-09-30,,,1621672,SLE,-6973000.0
2021-12-31,,,1621672,SLE,-7168000.0
2022-03-31,,,1621672,SLE,-7961000.0
2022-06-30,,,1621672,SLE,-8743000.0
2022-09-30,,,1621672,SLE,-52081000.0
2022-12-31,,,1621672,SLE,-16175000.0
2023-03-31,,,1621672,SLE,-7220000.0
2023-06-30,,,1621672,SLE,-8187000.0
2023-09-30,,,1621672,SLE,-4496000.0
2023-12-31,,,1621672,SLE,-12934000.0
2024-03-31,,,1621672,SLE,-4605000.0
2024-06-30,,,1621672,SLE,-4093000.0
2024-09-30,,,1621672,SLE,-3453000.0
2024-12-31,,,1621672,SLE,-4603000.0
2025-03-31,,,1621672,SLE,-3631000.0
2025-06-30,,,1621672,SLE,-3145000.0
2025-09-30,,,1621672,SLE,-3051000.0
2025-12-31,,,1621672,SLE,-3226000.0
2026-03-31,,,1621672,SLE,-4159000.0
2026-06-30,,,1621672,SLE,-3646000.0
2014-12-31,0.0,,1621697,,
2015-03-31,0.0,,1621697,,-1608.0
2015-06-30,0.0,,1621697,,-2323.0
2015-09-30,0.0,,1621697,,
2015-12-31,0.0,,1621697,,-6067.0
2016-03-31,0.0,,1621697,,-3167.0
2016-06-30,1000.0,,1621697,,-9678.0
2016-09-30,995.0,,1621697,,-1285.0
2016-12-31,,,1621697,,-4240.0
2017-03-31,,,1621697,,-4905.0
2017-06-30,,,1621697,,-25790.0
2017-09-30,,,1621697,,-54424.0
2017-12-31,1999.0,,1621697,,-17078.0
2018-03-31,218524.0,,1621697,,-13412.0
2018-06-30,274474.0,,1621697,,-618982.0
2018-09-30,,,1621697,,-297868.0
2018-12-31,121750.0,,1621697,,46949.0
2019-03-31,524860.0,,1621697,,-139453.0
2019-06-30,806387.0,,1621697,,43518.0
2014-11-30,30861.0,,1622231,,
2015-02-28,30176.0,,1622231,,
2015-05-31,31529.0,,1622231,,
2015-08-31,30015.0,,1622231,,
2015-11-30,30035.0,,1622231,,
2016-02-29,15390.0,,1622231,,
2016-05-31,53248.0,,1622231,,
2016-08-31,30873.0,,1622231,,
2016-11-30,30000.0,,1622231,,
2017-02-28,35188.0,,1622231,,
2017-05-31,17584.0,,1622231,,
2017-08-31,0.0,,1622231,,
2018-02-28,,,1622231,,-20455.0
2018-05-31,,,1622231,,-21374.0
2019-02-28,,,1622231,,-8251.0
2019-05-31,,,1622231,,-11190.0
2019-11-30,,,1622231,,-77681.0
2020-02-29,0.0,,1622231,,-165008.0
2020-05-31,0.0,,1622231,,-209346.0
2020-08-31,,,1622231,,-228321.0
2020-11-30,,,1622231,,-278528.0
2021-02-28,717.0,,1622231,,-1329879.0
2021-05-31,183.0,,1622231,,-340143.0
2021-08-31,,,1622231,,-367746.0
2021-11-30,0.0,,1622231,,-1435686.0
2022-02-28,0.0,,1622231,,-1082427.0
2017-06-30,21515000.0,325000.0,1622822,,8905000.0
2018-06-30,20258000.0,620000.0,1622822,,8702000.0
2017-03-31,18632000.0,353000.0,1622822,,6734000.0
2018-03-31,20920000.0,510000.0,1622822,,8053000.0
2016-09-30,13687000.0,233000.0,1622822,,5203000.0
2017-09-30,22207000.0,710000.0,1622822,,7618000.0
2016-06-30,15578000.0,612000.0,1622822,,3010000.0
2016-03-31,15323000.0,389000.0,1622822,,2153000.0
2015-09-30,19106000.0,1149000.0,1622822,,5054000.0
2015-06-30,19455000.0,513000.0,1622822,,3312000.0
2015-03-31,21491000.0,959000.0,1622822,,4655000.0
2014-09-30,20587000.0,354000.0,1622822,,7085000.0
2014-06-30,20981000.0,490000.0,1622822,,7261000.0
2014-03-31,24669000.0,319000.0,1622822,,8301000.0
2016-12-31,16638000.0,407000.0,1622822,,6301000.0
2017-12-31,26313000.0,2715000.0,1622822,,6635000.0
2015-12-31,18728000.0,449000.0,1622822,,5591000.0
2014-12-31,23224000.0,1244000.0,1622822,,6259000.0
2025-06-30,186900000.0,,1625278,NRDS,10700000.0
2026-06-30,197300000.0,,1625278,NRDS,7000000.0
2025-03-31,209200000.0,,1625278,NRDS,700000.0
2026-03-31,222200000.0,,1625278,NRDS,27200000.0
2024-09-30,191300000.0,,1625278,NRDS,6600000.0
2025-09-30,215100000.0,,1625278,NRDS,34400000.0
2024-06-30,150600000.0,,1625278,NRDS,-9600000.0
2024-03-31,161900000.0,,1625278,NRDS,3700000.0
2023-09-30,152800000.0,,1625278,NRDS,4000000.0
2023-06-30,143300000.0,,1625278,NRDS,-4200000.0
2023-03-31,169600000.0,,1625278,NRDS,-800000.0
2022-09-30,142600000.0,,1625278,NRDS,-8800000.0
2022-06-30,125200000.0,,1625278,NRDS,-9000000.0
2022-03-31,129100000.0,,1625278,NRDS,-9100000.0
2021-09-30,98500000.0,,1625278,NRDS,6300000.0
2021-06-30,91600000.0,,1625278,NRDS,-22700000.0
2021-03-31,90000000.0,,1625278,NRDS,-13200000.0
2023-12-31,133700000.0,,1625278,NRDS,4600000.0
2024-12-31,183800000.0,,1625278,NRDS,8700000.0
2025-12-31,225400000.0,,1625278,NRDS,19400000.0
2022-12-31,142000000.0,,1625278,NRDS,7900000.0
2021-12-31,99500000.0,,1625278,NRDS,-9400000.0
2015-04-30,,,1625376,,750.0
2015-07-31,,,1625376,,-279.0
2016-01-31,0.0,,1625376,,2823.0
2016-04-30,0.0,,1625376,,-2600.0
2016-07-31,0.0,,1625376,,-790.0
2016-10-31,4875.0,,1625376,,-2416.0
2017-01-31,0.0,,1625376,,-2390.0
2017-04-30,0.0,,1625376,,-116.0
2017-07-31,0.0,,1625376,,-4104.0
2017-10-31,0.0,,1625376,,-3498.0
2018-01-31,0.0,,1625376,,-3880.0
2018-04-30,,,1625376,,-2708.0
2018-07-31,0.0,,1625376,,-2364.0
2018-10-31,,,1625376,,-13549.0
2019-01-31,0.0,,1625376,,-16229.0
2019-04-30,,,1625376,,-7879.0
2019-07-31,,,1625376,,-17048.0
2025-06-30,194939000.0,,1627475,UPWK,32565000.0
2026-06-30,191660000.0,,1627475,UPWK,28137000.0
2025-03-31,192706000.0,,1627475,UPWK,38690000.0
2026-03-31,195483000.0,,1627475,UPWK,32718000.0
2024-09-30,193776000.0,,1627475,UPWK,20793000.0
2025-09-30,201730000.0,,1627475,UPWK,29758000.0
2024-06-30,193129000.0,,1627475,UPWK,17781000.0
2024-03-31,190937000.0,,1627475,UPWK,13049000.0
2023-09-30,175733000.0,,1627475,UPWK,11466000.0
2023-06-30,168611000.0,,1627475,UPWK,-6116000.0
2023-03-31,160858000.0,,1627475,UPWK,-25038000.0
2022-09-30,158641000.0,,1627475,UPWK,-25442000.0
2022-06-30,156898000.0,,1627475,UPWK,-23048000.0
2022-03-31,141337000.0,,1627475,UPWK,-23652000.0
2021-09-30,128141000.0,,1627475,UPWK,-8317000.0
2021-06-30,124181000.0,,1627475,UPWK,-16395000.0
2021-03-31,113619000.0,,1627475,UPWK,-7697000.0
2020-09-30,96748000.0,,1627475,UPWK,-3029000.0
2020-06-30,87531000.0,,1627475,UPWK,-10984000.0
2020-03-31,83196000.0,,1627475,UPWK,-9051000.0
2019-09-30,78015000.0,,1627475,UPWK,-3692000.0
2019-06-30,73783000.0,,1627475,UPWK,-2899000.0
2019-03-31,68476000.0,,1627475,UPWK,-5265000.0
2018-09-30,64113000.0,,1627475,UPWK,-3334000.0
2018-06-30,62681000.0,,1627475,UPWK,329000.0
2018-03-31,59218000.0,,1627475,UPWK,-6009000.0
2017-09-30,52262000.0,,1627475,UPWK,203000.0
2023-12-31,183934000.0,,1627475,UPWK,8428000.0
2024-12-31,191483000.0,,1627475,UPWK,13583000.0
2025-12-31,198409000.0,,1627475,UPWK,28294000.0
2022-12-31,161442000.0,,1627475,UPWK,-20482000.0
2021-12-31,136856000.0,,1627475,UPWK,-21808000.0
2020-12-31,106153000.0,,1627475,UPWK,656000.0
2019-12-31,80288000.0,,1627475,UPWK,-6876000.0
2018-12-31,67342000.0,,1627475,UPWK,-2698000.0
2014-11-30,,,1627611,,-5000.0
2015-02-28,,,1627611,,-11693.0
2015-05-31,,,1627611,,-8087.0
2015-08-31,,,1627611,,-7134.0
2015-11-30,,,1627611,,-14391.0
2016-02-29,,,1627611,,-2127.0
2016-05-31,,,1627611,,-11389.0
2016-08-31,,,1627611,,-10682.0
2016-09-30,,,1627611,,-39012.0
2017-02-28,,,1627611,,-6689.0
2017-03-31,34379.0,,1627611,,-47126.0
2017-05-31,,,1627611,,-2500.0
2017-06-30,9018.0,,1627611,,-66995.0
2017-09-30,7790.0,,1627611,,-218485.0
2017-12-31,9600.0,,1627611,,
2018-03-31,8942.0,,1627611,,-697280.0
2018-06-30,16682.0,,1627611,,-1018786.0
2018-09-30,48102.0,,1627611,,-916981.0
2018-12-31,19105.0,,1627611,,-622587.0
2019-03-31,221129.0,,1627611,,-648549.0
2019-06-30,238131.0,,1627611,,-513732.0
2019-09-30,165798.0,,1627611,,-563976.0
2019-12-31,1003549.0,,1627611,,-1216400.0
2020-03-31,407788.0,,1627611,,-805434.0
2020-06-30,114974.0,,1627611,,-531462.0
2020-09-30,68052.0,,1627611,,-495705.0
2020-12-31,130498.0,,1627611,,-716699.0
2021-03-31,137428.0,,1627611,,-458069.0
2021-06-30,183299.0,,1627611,,-518641.0
2021-09-30,190876.0,,1627611,,-468808.0
2021-12-31,148603.0,,1627611,,-522739.0
2014-03-31,0.0,,1628104,,-3003.0
2014-06-30,0.0,,1628104,,-3043.0
2014-12-31,13000.0,,1628104,,-26933.0
2015-03-31,0.0,,1628104,,-30384.0
2015-06-30,0.0,,1628104,,-22003.0
2015-09-30,0.0,,1628104,,-106421.0
2015-12-31,0.0,,1628104,,-239167.0
2016-03-31,0.0,,1628104,,-21656.0
2016-06-30,0.0,,1628104,,-64394.0
2016-09-30,6061.0,,1628104,,-3581732.0
2016-12-31,0.0,,1628104,,-537726.0
2017-03-31,0.0,,1628104,,-516307.0
2017-06-30,0.0,,1628104,,-413326.0
2017-09-30,0.0,,1628104,,-254307.0
2017-12-31,0.0,,1628104,,-235430.0
2018-03-31,0.0,,1628104,,-252991.0
2018-06-30,0.0,,1628104,,-356577.0
2018-09-30,195074.0,,1628104,,-271788.0
2018-12-31,522167.0,,1628104,,-372494.0
2019-03-31,646141.0,,1628104,,-626210.0
2019-06-30,645850.0,,1628104,,-800820.0
2014-09-30,,,1630212,CHGA,-3500.0
2015-03-31,,,1630212,CHGA,-7050.0
2015-06-30,,,1630212,CHGA,-4750.0
2015-09-30,,,1630212,CHGA,-12265.0
2015-12-31,,,1630212,CHGA,-6941.0
2016-03-31,,,1630212,CHGA,-59479.0
2016-06-30,,,1630212,CHGA,-46052.0
2016-09-30,326667.0,,1630212,CHGA,207833.0
2016-12-31,,,1630212,CHGA,-25369.0
2017-03-31,66286.0,,1630212,CHGA,-492883.0
2017-06-30,374751.0,,1630212,CHGA,-388718.0
2017-09-30,317450.0,,1630212,CHGA,-657919.0
2017-12-31,319063.0,,1630212,CHGA,-2338343.0
2018-03-31,307913.0,,1630212,CHGA,-1314719.0
2018-06-30,496093.0,,1630212,CHGA,-1213254.0
2018-09-30,413503.0,,1630212,CHGA,-2379418.0
2018-12-31,344777.0,,1630212,CHGA,-2723744.0
2019-03-31,284164.0,,1630212,CHGA,-4465313.0
2019-06-30,399727.0,,1630212,CHGA,-4343752.0
2019-09-30,383216.0,,1630212,CHGA,-5476347.0
2019-12-31,479198.0,,1630212,CHGA,-5091818.0
2020-03-31,296956.0,,1630212,CHGA,-3222192.0
2020-06-30,301267.0,,1630212,CHGA,-3002827.0
2020-09-30,324982.0,,1630212,CHGA,-3190558.0
2020-12-31,454557.0,,1630212,CHGA,-3038442.0
2021-03-31,289774.0,,1630212,CHGA,-2303588.0
2021-06-30,280232.0,,1630212,CHGA,-2302280.0
2021-09-30,486764.0,,1630212,CHGA,-1964971.0
2021-12-31,334202.0,,1630212,CHGA,-2262991.0
2022-03-31,297631.0,,1630212,CHGA,-2126942.0
2022-06-30,290821.0,,1630212,CHGA,-2843571.0
2022-09-30,317390.0,,1630212,CHGA,-1589099.0
2022-12-31,296327.0,,1630212,CHGA,-2233283.0
2023-03-31,296165.0,,1630212,CHGA,-2753327.0
2023-06-30,306905.0,,1630212,CHGA,-2068368.0
2023-09-30,331290.0,,1630212,CHGA,-1141136.0
2023-12-31,321321.0,,1630212,CHGA,-9790852.0
2024-03-31,314588.0,,1630212,CHGA,-843062.0
2024-06-30,327887.0,,1630212,CHGA,-1504363.0
2024-09-30,345159.0,,1630212,CHGA,-1269961.0
2024-12-31,345769.0,,1630212,CHGA,-1223864.0
2025-03-31,349800.0,,1630212,CHGA,-1785423.0
2025-06-30,350406.0,,1630212,CHGA,-3908516.0
2025-09-30,350099.0,,1630212,CHGA,-76193.0
2025-12-31,,,1630212,CHGA,-1821227.0
2026-03-31,,,1630212,CHGA,-2721126.0
2026-06-30,,,1630212,CHGA,-2051879.0
2025-03-31,143885.0,,1633369,CAST,-3307287.0
2026-03-31,92909.0,,1633369,CAST,-4421866.0
2024-12-31,151545.0,,1633369,CAST,-3887374.0
2025-12-31,62090.0,,1633369,CAST,-2749848.0
2023-03-31,2918000000.0,,1635327,FLUT,-15000000.0
2023-06-30,3001000000.0,,1635327,FLUT,222000000.0
2023-09-30,,,1635327,FLUT,-137000000.0
2023-12-31,,,1635327,FLUT,-619000000.0
2024-03-31,3397000000.0,,1635327,FLUT,124000000.0
2024-06-30,3611000000.0,,1635327,FLUT,369000000.0
2024-09-30,,,1635327,FLUT,97000000.0
2024-12-31,,,1635327,FLUT,279000000.0
2025-03-31,,,1635327,FLUT,223000000.0
2025-06-30,,,1635327,FLUT,389000000.0
2025-09-30,,,1635327,FLUT,-834000000.0
2025-12-31,,,1635327,FLUT,258000000.0
2026-03-31,,,1635327,FLUT,79000000.0
2026-06-30,,,1635327,FLUT,-144000000.0
2014-06-30,,,1635748,,0.0
2014-09-30,0.0,,1635748,,0.0
2014-12-31,0.0,,1635748,,-695.0
2015-03-31,,,1635748,,-693.0
2015-06-30,2607.0,,1635748,,-3247.0
2015-09-30,1300.0,,1635748,,-3129.0
2015-12-31,0.0,,1635748,,-9065.0
2016-03-31,0.0,,1635748,,-26017.0
2016-06-30,3907.0,,1635748,,-6376.0
2017-03-31,1.0,,1635748,,-478684.0
2017-06-30,0.0,,1635748,,-810006.0
2017-09-30,0.0,,1635748,,-623930.0
2017-12-31,-1.0,,1635748,,-668171.0
2018-03-31,0.0,,1635748,,-431975.0
2018-06-30,0.0,,1635748,,-690719.0
2018-09-30,0.0,,1635748,,-212801.0
2018-12-31,0.0,,1635748,,-4470410.0
2019-03-31,0.0,,1635748,,-251791.0
2019-06-30,0.0,,1635748,,-117097.0
2019-09-30,0.0,,1635748,,-256126.0
2019-12-31,0.0,,1635748,,9758.0
2020-03-31,,,1635748,,-619241.0
2020-06-30,86756.0,,1635748,,-16620996.0
2020-09-30,671251.0,,1635748,,-818343.0
2020-12-31,,,1635748,,15087461.0
2014-09-30,27614.0,24876.0,1635965,,-2828.0
2015-03-31,30621.0,,1635965,,
2015-06-30,12291.0,,1635965,,
2015-09-30,26299.0,752.0,1635965,,26769.0
2015-12-31,24100.0,,1635965,,
2016-03-31,21334.0,,1635965,,
2016-06-30,0.0,,1635965,,
2016-09-30,0.0,,1635965,,
2017-03-31,48020.0,,1635965,,
2017-06-30,106186.0,,1635965,,
2017-09-30,0.0,,1635965,,
2017-12-31,0.0,,1635965,,
2018-06-30,,,1635965,,-706941.0
2018-09-30,,,1635965,,-762784.0
2019-06-30,,,1635965,,-1936425.0
2019-09-30,,,1635965,,-845395.0
2025-06-30,80721000.0,,1636422,HCAT,-37094000.0
2026-06-30,70487000.0,,1636422,HCAT,-36480000.0
2025-03-31,79413000.0,,1636422,HCAT,-20171000.0
2026-03-31,70756000.0,,1636422,HCAT,-106477000.0
2024-09-30,76353000.0,,1636422,HCAT,-13687000.0
2025-09-30,76323000.0,,1636422,HCAT,-17509000.0
2024-06-30,75902000.0,,1636422,HCAT,-15807000.0
2024-03-31,74723000.0,,1636422,HCAT,-22812000.0
2023-09-30,73773000.0,,1636422,HCAT,-24580000.0
2023-06-30,73213000.0,,1636422,HCAT,-34618000.0
2023-03-31,73868000.0,,1636422,HCAT,-34914000.0
2022-09-30,68354000.0,,1636422,HCAT,-45721000.0
2022-06-30,70633000.0,,1636422,HCAT,-33192000.0
2022-03-31,68087000.0,,1636422,HCAT,-24347000.0
2021-09-30,61737000.0,,1636422,HCAT,-42249000.0
2021-06-30,59627000.0,,1636422,HCAT,-32319000.0
2021-03-31,55846000.0,,1636422,HCAT,-24317000.0
2020-09-30,47191000.0,,1636422,HCAT,-23458000.0
2020-06-30,43259000.0,,1636422,HCAT,-15640000.0
2020-03-31,45116000.0,,1636422,HCAT,-18105000.0
2019-09-30,39423000.0,,1636422,HCAT,-20736000.0
2019-06-30,36804000.0,,1636422,HCAT,-9363000.0
2019-03-31,35213000.0,,1636422,HCAT,-11094000.0
2018-09-30,32868000.0,,1636422,HCAT,-16495000.0
2018-06-30,22990000.0,,1636422,HCAT,-18811000.0
2023-12-31,75084000.0,,1636422,HCAT,-32785000.0
2024-12-31,79606000.0,,1636422,HCAT,-17500000.0
2025-12-31,74679000.0,,1636422,HCAT,-86080000.0
2022-12-31,69162000.0,,1636422,HCAT,-36745000.0
2021-12-31,64716000.0,,1636422,HCAT,-44765000.0
2020-12-31,53279000.0,,1636422,HCAT,-38922000.0
2019-12-31,43501000.0,,1636422,HCAT,-13672000.0
2019-06-30,40915000.0,,1639225,,-13157000.0
2020-06-30,91923000.0,,1639225,,-262000.0
2019-03-31,32067000.0,,1639225,,-16221000.0
2020-03-31,68823000.0,,1639225,,-6867000.0
2018-09-30,18782000.0,,1639225,,-11014000.0
2019-09-30,46658000.0,,1639225,,-21115000.0
2018-06-30,15981000.0,,1639225,,-6513000.0
2019-12-31,50558000.0,,1639225,,-9888000.0
2025-06-30,156629000.0,,1640428,EVER,14168000.0
2026-06-30,195086000.0,,1640428,EVER,23485000.0
2025-03-31,166632000.0,,1640428,EVER,7997000.0
2026-03-31,190852000.0,,1640428,EVER,23416000.0
2024-09-30,144530000.0,,1640428,EVER,11666000.0
2025-09-30,173940000.0,,1640428,EVER,17540000.0
2024-06-30,117140000.0,,1640428,EVER,6292000.0
2024-03-31,91065000.0,,1640428,EVER,1766000.0
2023-09-30,55011000.0,,1640428,EVER,-29412000.0
2023-06-30,67985000.0,,1640428,EVER,-13370000.0
2023-03-31,109220000.0,,1640428,EVER,-2431000.0
2022-09-30,103223000.0,,1640428,EVER,-6590000.0
2022-06-30,101915000.0,,1640428,EVER,-3821000.0
2022-03-31,110681000.0,,1640428,EVER,-5698000.0
2021-09-30,107563000.0,,1640428,EVER,-7785000.0
2021-06-30,105063000.0,,1640428,EVER,-1876000.0
2021-03-31,103822000.0,,1640428,EVER,-3790000.0
2020-09-30,89977000.0,,1640428,EVER,-3289000.0
2020-06-30,78302000.0,,1640428,EVER,-2956000.0
2020-03-31,81364000.0,,1640428,EVER,-1653000.0
2019-03-31,52233000.0,,1640428,EVER,-4566000.0
2019-06-30,55667000.0,,1640428,EVER,-2246000.0
2019-09-30,67112000.0,,1640428,EVER,-82000.0
2019-12-31,73799000.0,,1640428,EVER,-1155000.0
2020-12-31,97292000.0,,1640428,EVER,-3784000.0
2018-03-31,40730000.0,,1640428,EVER,-1235000.0
2018-06-30,41092000.0,,1640428,EVER,-1627000.0
2018-09-30,41748000.0,,1640428,EVER,-3936000.0
2018-12-31,39779000.0,,1640428,EVER,-7114000.0
2017-03-31,31752000.0,,1640428,EVER,-1551000.0
2017-06-30,30017000.0,,1640428,EVER,-1580000.0
2017-09-30,32096000.0,,1640428,EVER,-1019000.0
2017-12-31,32377000.0,,1640428,EVER,-539000.0
2023-12-31,55705000.0,,1640428,EVER,-6762000.0
2024-12-31,147455000.0,,1640428,EVER,12027000.0
2025-12-31,195320000.0,,1640428,EVER,18631000.0
2022-12-31,88308000.0,,1640428,EVER,-8679000.0
2021-12-31,102067000.0,,1640428,EVER,-8473000.0
2025-08-02,391480000.0,,1642896,IOT,-26619000.0
2026-08-01,508437000.0,,1642896,IOT,4875000.0
2025-05-03,366884000.0,,1642896,IOT,-33255000.0
2026-05-02,478844000.0,,1642896,IOT,7195000.0
2024-11-02,321981000.0,,1642896,IOT,-47370000.0
2025-11-01,415975000.0,,1642896,IOT,-1721000.0
2024-08-03,300202000.0,,1642896,IOT,-58194000.0
2024-05-04,280726000.0,,1642896,IOT,-65997000.0
2023-10-28,237534000.0,,1642896,IOT,-54767000.0
2023-07-29,219257000.0,,1642896,IOT,-69754000.0
2023-04-29,204320000.0,,1642896,IOT,-75824000.0
2022-10-29,169800000.0,,1642896,IOT,-63476000.0
2022-07-30,153523000.0,,1642896,IOT,-65782000.0
2022-04-30,142645000.0,,1642896,IOT,-70205000.0
2021-10-30,113819000.0,,1642896,IOT,-32284000.0
2021-07-31,101043000.0,,1642896,IOT,-31229000.0
2021-05-01,87731000.0,,1642896,IOT,-38598000.0
2024-02-03,276274000.0,,1642896,IOT,-123002000.0
2025-02-01,346290000.0,,1642896,IOT,-18412000.0
2026-01-31,444296000.0,,1642896,IOT,9019000.0
2023-01-28,186577000.0,,1642896,IOT,-59992000.0
2022-01-29,125752000.0,,1642896,IOT,-251737000.0
2016-09-30,2418.0,,1643542,,-1281.0
2017-09-30,7026.0,,1643542,,-146.0
2016-06-30,1830.0,,1643542,,-5448.0
2017-06-30,14963.0,,1643542,,-3985.0
2016-03-31,3351.0,,1643542,,-792.0
2017-03-31,9795.0,,1643542,,-12128.0
2015-09-30,3766.0,,1643542,,-2547.0
2015-06-30,5136.0,,1643542,,-1362.0
2015-03-31,6999.0,,1643542,,-8702.0
2016-12-31,6020.0,,1643542,,-6225.0
2017-12-31,5777.0,,1643542,,-12868.0
2015-12-31,1639.0,,1643542,,-10999.0
2023-06-30,190384000.0,44910000.0,1645070,,8831000.0
2024-06-30,200528000.0,50379000.0,1645070,,10683000.0
2023-03-31,179274000.0,47451000.0,1645070,,9889000.0
2024-03-31,185999000.0,59890000.0,1645070,,-7084000.0
2022-09-30,199299000.0,42411000.0,1645070,,19988000.0
2023-09-30,180566000.0,42382000.0,1645070,,15050000.0
2022-06-30,205591000.0,41886000.0,1645070,,23106000.0
2022-03-31,191972000.0,42333000.0,1645070,,15975000.0
2021-09-30,169557000.0,84983000.0,1645070,,-30509000.0
2021-06-30,159328000.0,38605000.0,1645070,,14797000.0
2021-03-31,139370000.0,29606000.0,1645070,,8407000.0
2020-09-30,117602000.0,25391000.0,1645070,,2773000.0
2021-12-31,173629000.0,45506000.0,1645070,,7673000.0
2022-12-31,169920000.0,48829000.0,1645070,,-64000.0
2023-12-31,169416000.0,39012000.0,1645070,,12823000.0
2025-06-30,1550000000.0,,1650164,TOST,80000000.0
2026-06-30,1908000000.0,,1650164,TOST,152000000.0
2025-03-31,1337000000.0,,1650164,TOST,43000000.0
2026-03-31,1630000000.0,,1650164,TOST,110000000.0
2024-09-30,1305000000.0,,1650164,TOST,34000000.0
2025-09-30,1633000000.0,,1650164,TOST,84000000.0
2024-06-30,1242000000.0,,1650164,TOST,5000000.0
2024-03-31,1075000000.0,,1650164,TOST,-56000000.0
2023-09-30,1032000000.0,,1650164,TOST,-59000000.0
2023-06-30,978000000.0,,1650164,TOST,-80000000.0
2023-03-31,819000000.0,,1650164,TOST,-92000000.0
2022-09-30,752000000.0,,1650164,TOST,-85000000.0
2022-06-30,675000000.0,,1650164,TOST,-99000000.0
2022-03-31,535000000.0,,1650164,TOST,-101000000.0
2021-09-30,486000000.0,,1650164,TOST,-55000000.0
2021-06-30,426000000.0,,1650164,TOST,-51000000.0
2021-03-31,282000000.0,,1650164,TOST,-5000000.0
2020-09-30,236757000.0,,1650164,TOST,-38651000.0
2023-12-31,1036000000.0,,1650164,TOST,-56000000.0
2024-12-31,1338000000.0,,1650164,TOST,33000000.0
2025-12-31,1633000000.0,,1650164,TOST,85000000.0
2022-12-31,769000000.0,,1650164,TOST,-99000000.0
2021-12-31,511000000.0,,1650164,TOST,-117000000.0
2015-09-30,,,1650575,BRQSF,-2975.0
2015-12-31,,,1650575,BRQSF,-62232.0
2016-03-31,,,1650575,BRQSF,-177789.0
2016-06-30,,,1650575,BRQSF,-226488.0
2016-09-30,27492000.0,,1650575,BRQSF,-713000.0
2016-12-31,,,1650575,BRQSF,-327749.0
2017-03-31,31210000.0,,1650575,BRQSF,1071000.0
2017-06-30,22129000.0,,1650575,BRQSF,260000.0
2017-09-30,44319000.0,,1650575,BRQSF,-11483000.0
2017-12-31,56649000.0,,1650575,BRQSF,2223000.0
2018-03-31,58256000.0,,1650575,BRQSF,3189000.0
2018-06-30,56339000.0,,1650575,BRQSF,2332000.0
2018-09-30,28292000.0,,1650575,BRQSF,-873000.0
2025-06-30,96428000000.0,,1652044,GOOGL,31271000000.0
2026-06-30,119796000000.0,,1652044,GOOGL,40770000000.0
2025-03-31,90234000000.0,,1652044,GOOGL,30606000000.0
2026-03-31,109896000000.0,,1652044,GOOGL,39696000000.0
2024-09-30,88268000000.0,,1652044,GOOGL,28521000000.0
2025-09-30,102346000000.0,,1652044,GOOGL,31228000000.0
2024-06-30,84742000000.0,,1652044,GOOGL,27425000000.0
2024-03-31,80539000000.0,,1652044,GOOGL,25472000000.0
2023-09-30,76693000000.0,,1652044,GOOGL,21343000000.0
2023-06-30,74604000000.0,,1652044,GOOGL,21838000000.0
2023-03-31,69787000000.0,,1652044,GOOGL,17415000000.0
2022-09-30,69092000000.0,,1652044,GOOGL,17135000000.0
2022-06-30,69685000000.0,,1652044,GOOGL,19453000000.0
2022-03-31,68011000000.0,,1652044,GOOGL,20094000000.0
2021-09-30,65118000000.0,,1652044,GOOGL,21031000000.0
2021-06-30,61880000000.0,,1652044,GOOGL,19361000000.0
2021-03-31,55314000000.0,,1652044,GOOGL,16437000000.0
2020-09-30,46173000000.0,,1652044,GOOGL,11213000000.0
2020-06-30,38297000000.0,,1652044,GOOGL,6383000000.0
2020-03-31,41159000000.0,,1652044,GOOGL,7977000000.0
2019-09-30,40499000000.0,,1652044,GOOGL,9177000000.0
2019-06-30,38944000000.0,,1652044,GOOGL,9180000000.0
2019-03-31,36339000000.0,,1652044,GOOGL,6608000000.0
2018-09-30,33740000000.0,,1652044,GOOGL,8625000000.0
2018-06-30,32657000000.0,,1652044,GOOGL,3045000000.0
2018-03-31,31146000000.0,,1652044,GOOGL,7633000000.0
2017-09-30,27772000000.0,,1652044,GOOGL,7782000000.0
2017-06-30,26010000000.0,,1652044,GOOGL,4132000000.0
2017-03-31,24750000000.0,,1652044,GOOGL,6568000000.0
2016-09-30,22451000000.0,,1652044,GOOGL,5767000000.0
2016-06-30,21500000000.0,,1652044,GOOGL,5968000000.0
2016-03-31,20257000000.0,,1652044,GOOGL,5342000000.0
2015-09-30,18675000000.0,,1652044,GOOGL,4708000000.0
2015-06-30,17727000000.0,,1652044,GOOGL,4825000000.0
2015-03-31,17258000000.0,,1652044,GOOGL,4447000000.0
2014-09-30,16523000000.0,,1652044,GOOGL,3724000000.0
2023-12-31,86310000000.0,,1652044,GOOGL,23697000000.0
2024-12-31,96469000000.0,,1652044,GOOGL,30972000000.0
2025-12-31,113828000000.0,,1652044,GOOGL,35934000000.0
2022-12-31,76048000000.0,,1652044,GOOGL,18160000000.0
2021-12-31,75325000000.0,,1652044,GOOGL,21885000000.0
2020-12-31,56898000000.0,,1652044,GOOGL,15651000000.0
2019-12-31,46075000000.0,,1652044,GOOGL,9266000000.0
2018-12-31,39276000000.0,,1652044,GOOGL,8221000000.0
2017-12-31,32323000000.0,,1652044,GOOGL,7696000000.0
2016-12-31,26064000000.0,,1652044,GOOGL,6639000000.0
2015-12-31,21329000000.0,,1652044,GOOGL,5380000000.0
2015-09-30,0.0,,1653979,,
2016-09-30,0.0,,1653979,,
2017-06-30,15000.0,,1657249,,
2017-03-31,10000.0,,1657249,,
2015-06-30,0.0,,1657803,,0.0
2015-09-30,0.0,,1657803,,-650.0
2016-03-31,2000.0,,1657803,,
2016-06-30,2500.0,,1657803,,-565.0
2016-09-30,0.0,,1657803,,-23783.0
2016-12-31,0.0,,1657803,,
2018-06-30,15351.0,,1657803,,
2018-09-30,1815.0,,1657803,,
2016-12-31,0.0,,1658520,,
2017-03-31,0.0,,1658520,,
2017-09-30,0.0,,1658520,,
2017-12-31,0.0,,1658520,,
2018-03-31,0.0,,1658520,,
2018-06-30,0.0,,1658520,,
2018-09-30,0.0,,1658520,,40993.0
2018-12-31,0.0,,1658520,,
2019-03-31,0.0,,1658520,,
2019-06-30,0.0,,1658520,,
2019-09-30,0.0,,1658520,,-52392.0
2019-12-31,0.0,,1658520,,
2020-03-31,0.0,,1658520,,
2020-06-30,0.0,,1658520,,
2020-09-30,0.0,,1658520,,
2020-12-31,0.0,,1658520,,
2021-03-31,0.0,,1658520,,
2021-06-30,0.0,,1658520,,
2021-09-30,0.0,,1658520,,
2021-12-31,0.0,,1658520,,
2022-03-31,0.0,,1658520,,
2022-06-30,0.0,,1658520,,
2022-09-30,0.0,,1658520,,
2022-12-31,0.0,,1658520,,
2023-03-31,0.0,,1658520,,
2015-12-31,,32.0,1659183,,-6202.0
2016-03-31,,3852.0,1659183,,-4532.0
2016-06-30,850.0,376.0,1659183,,-4741.0
2016-09-30,,5350.0,1659183,,-13656.0
2016-12-31,7725.0,7363.0,1659183,,-11155.0
2017-03-31,1395859.0,1002844.0,1659183,,-227079.0
2017-06-30,1444910.0,991386.0,1659183,,-192686.0
2017-09-30,1219146.0,1433787.0,1659183,,-820412.0
2017-12-31,3480.0,2461.0,1659183,,-14590.0
2018-03-31,812605.0,1224810.0,1659183,,-726294.0
2018-06-30,1074580.0,1491915.0,1659183,,-672309.0
2018-09-30,1142226.0,1365158.0,1659183,,-492802.0
2018-12-31,1174510.0,-1097685.0,1659183,,-407443.0
2019-03-31,1455927.0,718262.0,1659183,,-146176.0
2019-06-30,1385303.0,788201.0,1659183,,-327986.0
2019-09-30,1416432.0,780883.0,1659183,,-337685.0
2019-12-31,1615105.0,721150.0,1659183,,-87321.0
2020-03-31,1666890.0,735953.0,1659183,,-89215.0
2020-06-30,1503056.0,697198.0,1659183,,-205117.0
2020-09-30,1477296.0,931874.0,1659183,,-500991.0
2020-12-31,1279931.0,852163.0,1659183,,-602248.0
2021-03-31,1377454.0,1370594.0,1659183,,-1135163.0
2021-06-30,1571072.0,1219531.0,1659183,,-899820.0
2021-09-30,1695923.0,1057415.0,1659183,,-1123892.0
2021-12-31,1498824.0,926134.0,1659183,,-912620.0
2022-03-31,1254870.0,783490.0,1659183,,-891580.0
2016-03-31,2530.0,,1660839,,-8519.0
2016-06-30,977.0,,1660839,,-23386.0
2016-09-30,864.0,,1660839,,-37871.0
2016-12-31,1241.0,,1660839,,-70399.0
2017-03-31,591.0,,1660839,,-24279.0
2017-06-30,667.0,,1660839,,-38452.0
2017-09-30,,,1660839,,-1304.0
2017-12-31,,,1660839,,-9155.0
2018-03-31,,,1660839,,-160.0
2018-06-30,,,1660839,,-27973.0
2018-09-30,,,1660839,,-4570.0
2018-12-31,,,1660839,,-4536.0
2019-03-31,,,1660839,,-15595.0
2019-06-30,,,1660839,,-4690.0
2019-09-30,,,1660839,,-4953.0
2015-03-31,61269.0,,1662574,,-59008.0
2015-06-30,26437.0,,1662574,,-78510.0
2015-09-30,90693.0,,1662574,,-480194.0
2015-12-31,28334.0,,1662574,,-607504.0
2016-03-31,19777.0,,1662574,,-140007.0
2016-06-30,492081.0,,1662574,,-140386.0
2016-09-30,1878465.0,,1662574,,-4720906.0
2016-12-31,1425146.0,,1662574,,-6556876.0
2017-03-31,1708681.0,,1662574,,-2831190.0
2017-06-30,1776875.0,,1662574,,-1120691.0
2017-09-30,2194275.0,,1662574,,-1468505.0
2017-12-31,2013096.0,,1662574,,-1324301.0
2018-03-31,2032672.0,,1662574,,-828374.0
2018-06-30,1778633.0,,1662574,,-1119273.0
2018-09-30,2053185.0,,1662574,,-797757.0
2018-12-31,2779893.0,,1662574,,-1130367.0
2019-03-31,1966860.0,,1662574,,-924858.0
2019-06-30,2075081.0,,1662574,,-818359.0
2019-09-30,2233747.0,,1662574,,-454709.0
2019-12-31,2021309.0,,1662574,,-780971.0
2020-03-31,1292239.0,,1662574,,-1068402.0
2020-06-30,1746979.0,,1662574,,-324435.0
2020-09-30,1439155.0,,1662574,,-725156.0
2020-12-31,1681158.0,,1662574,,-1263805.0
2021-03-31,1875284.0,1262265.0,1662574,,-710849.0
2021-06-30,1388551.0,1400485.0,1662574,,-1467025.0
2021-09-30,1514692.0,2307830.0,1662574,,-2153421.0
2021-12-31,1519395.0,841212.0,1662574,,-2541630.0
2022-03-31,1231125.0,1694819.0,1662574,,-1849159.0
2022-06-30,1139582.0,1778696.0,1662574,,-1950677.0
2022-09-30,1484958.0,1952670.0,1662574,,-1698450.0
2022-12-31,1570836.0,1886960.0,1662574,,-13172136.0
2023-03-31,1199643.0,1875360.0,1662574,,-1765333.0
2023-06-30,956498.0,2061738.0,1662574,,-2325843.0
2023-09-30,970237.0,1948773.0,1662574,,-1984051.0
2023-12-31,914642.0,1773133.0,1662574,,-7243404.0
2024-03-31,874232.0,1535844.0,1662574,,-1761017.0
2021-09-30,64091000.0,,1664998,,-680000.0
2022-09-30,85836000.0,,1664998,,4543000.0
2021-06-30,59350000.0,,1664998,,-15795000.0
2022-06-30,80762000.0,,1664998,,2818000.0
2021-03-31,53550000.0,,1664998,,2765000.0
2022-03-31,75033000.0,,1664998,,2592000.0
2020-09-30,44932000.0,,1664998,,-1000000.0
2020-06-30,41489000.0,,1664998,,-56000.0
2020-03-31,39178000.0,,1664998,,-1518000.0
2020-12-31,49287000.0,,1664998,,1032000.0
2021-12-31,69307000.0,,1664998,,7122000.0
2016-02-29,,,1665300,PHUN,-1081.0
2016-05-31,,,1665300,PHUN,-156.0
2016-08-31,,,1665300,PHUN,-477.0
2016-11-30,,,1665300,PHUN,-144868.0
2017-02-28,,,1665300,PHUN,-84763.0
2017-05-31,,,1665300,PHUN,-310454.0
2017-08-31,,,1665300,PHUN,-234351.0
2018-02-28,,,1665300,PHUN,-585473.0
2018-03-31,4980000.0,,1665300,PHUN,-6594000.0
2018-05-31,,,1665300,PHUN,-283355.0
2018-06-30,14185000.0,,1665300,PHUN,4666000.0
2018-08-31,,,1665300,PHUN,-552385.0
2018-09-30,5215000.0,,1665300,PHUN,-3341000.0
2018-12-31,6503000.0,,1665300,PHUN,
2019-03-31,5315000.0,,1665300,PHUN,-3310000.0
2019-06-30,5510000.0,,1665300,PHUN,-2924000.0
2019-09-30,5637000.0,,1665300,PHUN,-2292000.0
2019-12-31,2688000.0,,1665300,PHUN,-3786000.0
2020-03-31,2640000.0,,1665300,PHUN,-3862000.0
2020-06-30,2213000.0,,1665300,PHUN,-2970000.0
2020-09-30,3130000.0,,1665300,PHUN,-7499000.0
2020-12-31,2018000.0,,1665300,PHUN,-3167000.0
2021-03-31,1646000.0,,1665300,PHUN,-3412000.0
2021-06-30,1436000.0,,1665300,PHUN,-4194000.0
2021-09-30,2160000.0,,1665300,PHUN,-4037000.0
2021-12-31,5401000.0,,1665300,PHUN,-5201000.0
2022-03-31,6778000.0,,1665300,PHUN,-5022000.0
2022-06-30,5485000.0,,1665300,PHUN,-7535000.0
2022-09-30,4758000.0,,1665300,PHUN,-7878000.0
2022-12-31,-10500000.0,,1665300,PHUN,-3596000.0
2023-03-31,1344000.0,,1665300,PHUN,-6694000.0
2023-06-30,1295000.0,,1665300,PHUN,-6087000.0
2023-09-30,1252000.0,,1665300,PHUN,-13278000.0
2023-12-31,941000.0,,1665300,PHUN,-19632000.0
2024-03-31,921000.0,,1665300,PHUN,-2874000.0
2024-06-30,1011000.0,,1665300,PHUN,-2934000.0
2024-09-30,665000.0,,1665300,PHUN,-3190000.0
2024-12-31,592000.0,,1665300,PHUN,-4891000.0
2025-03-31,688000.0,,1665300,PHUN,-4814000.0
2025-06-30,455000.0,,1665300,PHUN,-4260000.0
2025-09-30,622000.0,,1665300,PHUN,-3500000.0
2025-12-31,788000.0,,1665300,PHUN,-7945000.0
2026-03-31,542000.0,,1665300,PHUN,-4022000.0
2026-06-30,799000.0,,1665300,PHUN,-6049000.0
2025-06-30,58041000.0,,1666071,CDLX,-9569000.0
2026-06-30,36882000.0,,1666071,CDLX,-5441000.0
2025-03-31,56435000.0,,1666071,CDLX,-11115000.0
2026-03-31,34319000.0,,1666071,CDLX,-8274000.0
2024-09-30,61110000.0,,1666071,CDLX,-148546000.0
2025-09-30,46962000.0,,1666071,CDLX,-68854000.0
2024-06-30,64002000.0,,1666071,CDLX,-15812000.0
2024-03-31,62233000.0,,1666071,CDLX,-22826000.0
2023-09-30,73064000.0,,1666071,CDLX,-20652000.0
2023-06-30,76701000.0,,1666071,CDLX,-24323000.0
2023-03-31,59030000.0,,1666071,CDLX,12227000.0
2022-09-30,67285000.0,,1666071,CDLX,11520000.0
2022-06-30,69270000.0,,1666071,CDLX,-122319000.0
2022-03-31,63983000.0,,1666071,CDLX,35656000.0
2021-09-30,62075000.0,,1666071,CDLX,-39793000.0
2021-06-30,56763000.0,,1666071,CDLX,-44228000.0
2021-03-31,53230000.0,,1666071,CDLX,-22169000.0
2020-09-30,46079000.0,,1666071,CDLX,-16139000.0
2020-06-30,28222000.0,,1666071,CDLX,-19738000.0
2020-03-31,45509000.0,,1666071,CDLX,-11929000.0
2019-09-30,56419000.0,,1666071,CDLX,-6598000.0
2019-06-30,48730000.0,,1666071,CDLX,-5482000.0
2019-03-31,35988000.0,,1666071,CDLX,-6501000.0
2018-09-30,34582000.0,,1666071,CDLX,-8658000.0
2018-06-30,35570000.0,,1666071,CDLX,-11634000.0
2018-03-31,32713000.0,,1666071,CDLX,-9817000.0
2017-09-30,31406000.0,,1666071,CDLX,-2539000.0
2017-06-30,32812000.0,,1666071,CDLX,-5317000.0
2017-03-31,26881000.0,,1666071,CDLX,-7048000.0
2023-12-31,76630000.0,,1666071,CDLX,-102922000.0
2024-12-31,68269000.0,,1666071,CDLX,-8315000.0
2025-12-31,50890000.0,,1666071,CDLX,-12278000.0
2022-12-31,76647000.0,,1666071,CDLX,-382635000.0
2021-12-31,86686000.0,,1666071,CDLX,-16409000.0
2020-12-31,67082000.0,,1666071,CDLX,-6117000.0
2019-12-31,69293000.0,,1666071,CDLX,1256000.0
2018-12-31,47819000.0,,1666071,CDLX,-10808000.0
2017-12-31,39266000.0,,1666071,CDLX,-2195000.0
2019-09-30,6219119.0,,1667489,,827525.0
2020-09-30,6511707.0,,1667489,,-1415543.0
2019-06-30,5700635.0,,1667489,,868869.0
2020-06-30,6349742.0,,1667489,,1926553.0
2017-03-31,2494111.0,,1667489,,-758394.0
2017-06-30,2498902.0,,1667489,,967170.0
2017-09-30,2730237.0,,1667489,,1161480.0
2018-03-31,5059305.0,,1667489,,621165.0
2018-06-30,5305762.0,,1667489,,905286.0
2018-09-30,5726425.0,,1667489,,1351166.0
2019-03-31,6282979.0,,1667489,,1563403.0
2020-03-31,6252751.0,,1667489,,1418421.0
2016-09-30,2228482.0,,1667489,,783376.0
2016-06-30,2125539.0,,1667489,,738845.0
2016-03-31,2065277.0,,1667489,,594293.0
2015-09-30,1931799.0,,1667489,,805872.0
2015-06-30,1739903.0,,1667489,,717837.0
2017-12-31,2860969.0,,1667489,,-4552684.0
2018-12-31,5918640.0,,1667489,,1202003.0
2019-12-31,5998896.0,,1667489,,421076.0
2016-12-31,2372910.0,,1667489,,668104.0
2015-12-31,0.0,,1668082,,-20.0
2016-04-01,4000.0,,1668082,,-5610.0
2016-06-30,4000.0,,1668082,,120.0
2016-09-30,0.0,,1668082,,-850.0
2016-12-31,0.0,,1668082,,-4880.0
2017-03-31,8500.0,,1668082,,-13510.0
2017-06-30,10900.0,,1668082,,4604.0
2017-09-30,12300.0,,1668082,,5820.0
2017-12-31,0.0,,1668082,,-2691.0
2018-03-31,0.0,,1668082,,-11686.0
2025-06-30,694039000.0,,1671933,TTD,116777000.0
2026-06-30,715057000.0,,1671933,TTD,101577000.0
2025-03-31,616021000.0,,1671933,TTD,54452000.0
2026-03-31,688857000.0,,1671933,TTD,66647000.0
2024-09-30,628016000.0,,1671933,TTD,108481000.0
2025-09-30,739433000.0,,1671933,TTD,161219000.0
2024-06-30,584550000.0,,1671933,TTD,94720000.0
2024-03-31,491253000.0,,1671933,TTD,28657000.0
2023-09-30,493266000.0,,1671933,TTD,37677000.0
2023-06-30,464254000.0,,1671933,TTD,41673000.0
2023-03-31,382803000.0,,1671933,TTD,-23308000.0
2022-09-30,394773000.0,,1671933,TTD,28804000.0
2022-06-30,376962000.0,,1671933,TTD,1743000.0
2022-03-31,315323000.0,,1671933,TTD,-17053000.0
2021-09-30,301091000.0,,1671933,TTD,80446000.0
2021-06-30,279967000.0,,1671933,TTD,61948000.0
2021-03-31,219811000.0,,1671933,TTD,7784000.0
2020-09-30,216113000.0,,1671933,TTD,42782000.0
2020-06-30,139355000.0,,1671933,TTD,-15772000.0
2020-03-31,160660000.0,,1671933,TTD,10766000.0
2019-09-30,164203000.0,,1671933,TTD,21927000.0
2019-06-30,159924000.0,,1671933,TTD,31949000.0
2019-03-31,120987000.0,,1671933,TTD,5670000.0
2018-09-30,118825000.0,,1671933,TTD,22263000.0
2018-06-30,112333000.0,,1671933,TTD,26162000.0
2018-03-31,85668000.0,,1671933,TTD,9930000.0
2017-09-30,79413000.0,,1671933,TTD,18408000.0
2017-06-30,72804000.0,,1671933,TTD,19694000.0
2017-03-31,53352000.0,,1671933,TTD,1936000.0
2016-09-30,52956000.0,,1671933,TTD,15051000.0
2016-06-30,47182000.0,,1671933,TTD,15034000.0
2016-03-31,30378000.0,,1671933,TTD,3396000.0
2015-09-30,28768000.0,,1671933,TTD,9192000.0
2023-12-31,605797000.0,,1671933,TTD,144438000.0
2024-12-31,741012000.0,,1671933,TTD,195309000.0
2025-12-31,846791000.0,,1671933,TTD,256873000.0
2022-12-31,490737000.0,,1671933,TTD,100160000.0
2021-12-31,395598000.0,,1671933,TTD,-25361000.0
2020-12-31,319905000.0,,1671933,TTD,106432000.0
2019-12-31,215944000.0,,1671933,TTD,52650000.0
2018-12-31,160468000.0,,1671933,TTD,48968000.0
2017-12-31,102648000.0,,1671933,TTD,29318000.0
2016-12-31,72410000.0,,1671933,TTD,24037000.0
2025-06-30,139098000.0,,1673743,HNGE,-580671000.0
2026-06-30,212817000.0,,1673743,HNGE,40440000.0
2025-03-31,123825000.0,,1673743,HNGE,13137000.0
2026-03-31,182307000.0,,1673743,HNGE,32069000.0
2024-09-30,100615000.0,,1673743,HNGE,-3845000.0
2025-09-30,154211000.0,,1673743,HNGE,-6093000.0
2024-06-30,89825000.0,,1673743,HNGE,-17551000.0
2025-12-31,170726000.0,,1673743,HNGE,27256000.0
2015-09-30,0.0,,1674227,WORX,-76484.0
2016-03-31,0.0,,1674227,WORX,-116687.0
2016-06-30,0.0,,1674227,WORX,-2702254.0
2016-09-30,0.0,,1674227,WORX,-595411.0
2016-12-31,591439.0,,1674227,WORX,-1497344.0
2017-03-31,754830.0,,1674227,WORX,-2369434.0
2017-06-30,358598.0,,1674227,WORX,-1347595.0
2017-09-30,40293.0,,1674227,WORX,-690172.0
2017-12-31,-933012.0,,1674227,WORX,1236142.0
2018-03-31,786104.0,,1674227,WORX,-142637.0
2018-06-30,812060.0,,1674227,WORX,-5585.0
2018-09-30,975810.0,,1674227,WORX,173201.0
2018-12-31,847963.0,,1674227,WORX,-176158.0
2019-03-31,1248104.0,,1674227,WORX,-6351044.0
2019-06-30,1364912.0,,1674227,WORX,-2301211.0
2019-09-30,1681928.0,,1674227,WORX,-791289.0
2019-12-31,1253175.0,,1674227,WORX,-2453947.0
2020-03-31,1123827.0,,1674227,WORX,-1149651.0
2020-06-30,1444572.0,,1674227,WORX,-2864029.0
2020-09-30,1171399.0,,1674227,WORX,-2020447.0
2020-12-31,1473320.0,,1674227,WORX,-10884.0
2021-03-31,1148257.0,,1674227,WORX,-747943.0
2021-06-30,1095824.0,,1674227,WORX,-1245544.0
2021-09-30,1138124.0,,1674227,WORX,-961807.0
2021-12-31,1250324.0,,1674227,WORX,-859174.0
2022-03-31,1030949.0,,1674227,WORX,-766141.0
2022-06-30,992424.0,,1674227,WORX,-563363.0
2022-09-30,986949.0,,1674227,WORX,-539119.0
2022-12-31,1027866.0,,1674227,WORX,-254819.0
2023-03-31,997449.0,,1674227,WORX,-399417.0
2023-06-30,991099.0,,1674227,WORX,-148463.0
2023-09-30,906099.0,,1674227,WORX,-857982.0
2023-12-31,910296.0,,1674227,WORX,-44800.0
2024-03-31,812099.0,,1674227,WORX,-178456.0
2024-06-30,742027.0,,1674227,WORX,-307147.0
2024-09-30,759724.0,,1674227,WORX,-393498.0
2024-12-31,675749.0,,1674227,WORX,-380325.0
2025-03-31,720299.0,,1674227,WORX,-333997.0
2025-06-30,682632.0,,1674227,WORX,-293527.0
2025-09-30,705799.0,,1674227,WORX,-138857.0
2025-12-31,768899.0,,1674227,WORX,-192338.0
2026-03-31,744899.0,,1674227,WORX,-135814.0
2026-06-30,706049.0,,1674227,WORX,-120954.0
2016-07-31,0.0,,1674440,YYAI,-2020.0
2016-10-31,4800.0,,1674440,YYAI,3300.0
2017-01-31,0.0,,1674440,YYAI,-2125.0
2017-04-30,9900.0,,1674440,YYAI,4637.0
2017-07-31,7940.0,4000.0,1674440,YYAI,-2470.0
2017-10-31,5300.0,,1674440,YYAI,898.0
2018-01-31,0.0,,1674440,YYAI,-2293.0
2018-04-30,0.0,,1674440,YYAI,-3915.0
2018-07-31,0.0,,1674440,YYAI,-6517.0
2018-10-31,0.0,,1674440,YYAI,-6052.0
2019-01-31,0.0,,1674440,YYAI,-3472.0
2019-04-30,0.0,,1674440,YYAI,-12248.0
2019-07-31,0.0,,1674440,YYAI,-247567.0
2019-10-31,,,1674440,YYAI,-694341.0
2020-01-31,,,1674440,YYAI,-628451.0
2020-04-30,,,1674440,YYAI,-5346862.0
2020-07-31,564985.0,,1674440,YYAI,-1461311.0
2020-10-31,2620068.0,,1674440,YYAI,-202553.0
2021-01-31,4123648.0,,1674440,YYAI,-996472.0
2021-04-30,3495513.0,,1674440,YYAI,-1066201.0
2021-07-31,2537573.0,,1674440,YYAI,-2490722.0
2021-10-31,5400542.0,,1674440,YYAI,-35104078.0
2022-01-31,4188774.0,,1674440,YYAI,-2761025.0
2022-04-30,3975783.0,,1674440,YYAI,-6352210.0
2022-07-31,3583336.0,,1674440,YYAI,-3069566.0
2022-10-31,2443821.0,,1674440,YYAI,-4511928.0
2023-01-31,1605783.0,,1674440,YYAI,-1040617.0
2023-04-30,2289859.0,,1674440,YYAI,-13336664.0
2023-07-31,3120231.0,,1674440,YYAI,-1854664.0
2023-10-31,2295918.0,,1674440,YYAI,-1274399.0
2024-01-31,480768.0,,1674440,YYAI,334633.0
2024-04-30,-701113.0,,1674440,YYAI,6648935.0
2024-07-31,3272727.0,,1674440,YYAI,2439976.0
2024-10-31,3272727.0,,1674440,YYAI,2329014.0
2025-01-31,3272727.0,,1674440,YYAI,530291.0
2025-04-30,3000001.0,,1674440,YYAI,1280576.0
2025-07-31,3000000.0,,1674440,YYAI,1491383.0
2025-10-31,3000000.0,,1674440,YYAI,54684.0
2026-01-31,6973064.0,,1674440,YYAI,-1566071.0
2026-04-30,12834225.0,,1674440,YYAI,-6102801.0
2026-07-31,21243892.0,,1674440,YYAI,-296766.0
2023-03-31,138037.0,1547831.0,1679379,,-2880002.0
2023-06-30,88978.0,1583324.0,1679379,,-1951785.0
2023-09-30,97820.0,1048353.0,1679379,,-1693963.0
2024-03-31,81544.0,991502.0,1679379,,-1313535.0
2024-06-30,83310.0,822203.0,1679379,,-1213096.0
2024-09-30,77245.0,1055937.0,1679379,,-4003355.0
2022-09-30,124987.0,1444714.0,1679379,,-2086481.0
2022-03-31,485065.0,2931060.0,1679379,,-3093809.0
2022-06-30,339423.0,1614437.0,1679379,,-2002725.0
2022-12-31,374830.0,1878933.0,1679379,,-2368002.0
2023-12-31,331265.0,1257700.0,1679379,,-1238215.0
2017-03-31,,,1682325,,-281359.0
2017-06-30,,,1682325,,-144346.0
2017-09-30,,,1682325,,-143531.0
2017-12-31,,,1682325,,-124990.0
2018-03-31,3900000.0,,1682325,,-196944.0
2018-06-30,,,1682325,,-323578.0
2018-09-30,7617000.0,,1682325,,-4958000.0
2018-12-31,,,1682325,,-10135478.0
2019-06-30,8246000.0,,1682325,,-11247000.0
2019-09-30,8754000.0,,1682325,,-9615000.0
2020-03-31,11276000.0,,1682325,,-16520000.0
2020-06-30,11164000.0,,1682325,,-7801000.0
2020-09-30,12587000.0,,1682325,,-7272000.0
2020-12-31,13101000.0,,1682325,,-11125000.0
2021-03-31,13259000.0,,1682325,,-8136000.0
2021-06-30,14317000.0,,1682325,,-7921000.0
2021-09-30,16257000.0,,1682325,,-8469000.0
2021-12-31,16620000.0,,1682325,,-20976000.0
2022-03-31,15900000.0,,1682325,,-7626000.0
2025-06-30,178739000.0,,1683606,CARS,15246000.0
2026-06-30,179934000.0,,1683606,CARS,27876000.0
2025-03-31,179024000.0,,1683606,CARS,6460000.0
2026-03-31,180223000.0,,1683606,CARS,16633000.0
2024-09-30,179651000.0,,1683606,CARS,11456000.0
2025-09-30,181573000.0,,1683606,CARS,16805000.0
2024-06-30,178894000.0,,1683606,CARS,9517000.0
2024-03-31,180176000.0,,1683606,CARS,12744000.0
2023-09-30,174333000.0,,1683606,CARS,14318000.0
2023-06-30,168176000.0,,1683606,CARS,12334000.0
2023-03-31,167068000.0,,1683606,CARS,12529000.0
2022-09-30,164595000.0,,1683606,CARS,19899000.0
2022-06-30,162873000.0,,1683606,CARS,15385000.0
2022-03-31,158207000.0,,1683606,CARS,10941000.0
2021-09-30,156553000.0,,1683606,CARS,12074000.0
2021-06-30,155530000.0,,1683606,CARS,15655000.0
2021-03-31,153295000.0,,1683606,CARS,16547000.0
2020-09-30,144392000.0,,1683606,CARS,19063000.0
2020-06-30,102009000.0,,1683606,CARS,-17224000.0
2020-03-31,148094000.0,,1683606,CARS,-905063000.0
2019-03-31,154198000.0,,1683606,CARS,-4054000.0
2019-06-30,148207000.0,,1683606,CARS,1004000.0
2019-09-30,152090000.0,,1683606,CARS,-447716000.0
2019-12-31,152187000.0,,1683606,CARS,4706000.0
2020-12-31,153008000.0,,1683606,CARS,15897000.0
2018-03-31,159957000.0,,1683606,CARS,7166000.0
2018-06-30,168512000.0,,1683606,CARS,24557000.0
2018-09-30,169312000.0,,1683606,CARS,28331000.0
2018-12-31,164346000.0,,1683606,CARS,23870000.0
2017-03-31,153174000.0,,1683606,CARS,27181000.0
2017-06-30,156624000.0,,1683606,CARS,28873000.0
2017-09-30,159899000.0,,1683606,CARS,39374000.0
2017-12-31,156565000.0,,1683606,CARS,38828000.0
2016-03-31,152489000.0,,1683606,CARS,33778000.0
2016-06-30,156650000.0,,1683606,CARS,41875000.0
2016-09-30,162295000.0,,1683606,CARS,52168000.0
2016-12-31,161672000.0,,1683606,CARS,48829000.0
2023-12-31,179606000.0,,1683606,CARS,14935000.0
2024-12-31,180431000.0,,1683606,CARS,19781000.0
2025-12-31,183903000.0,,1683606,CARS,21739000.0
2022-12-31,168201000.0,,1683606,CARS,19811000.0
2021-12-31,158305000.0,,1683606,CARS,4062000.0
2017-11-30,4500.0,,1686515,,
2017-12-31,4500.0,,1686515,,
2019-06-30,28875.0,,1686515,,
2019-12-31,5200.0,,1686515,,
2020-06-30,16500.0,10193.0,1686515,,-10193.0
2020-09-30,19100.0,9473.0,1686515,,-9473.0
2020-12-31,9100.0,6941.0,1686515,,-6941.0
2021-03-31,,,1686515,,-19366.0
2021-06-30,,8220.0,1686515,,-8220.0
2021-09-30,,8754.0,1686515,,-8754.0
2021-12-31,,8503.0,1686515,,-8503.0
2022-03-31,,,1686515,,-12011.0
2016-03-31,0.0,,1688126,CRCW,0.0
2017-03-31,0.0,,1688126,CRCW,-28076.0
2017-06-30,82640.0,,1688126,CRCW,-1308825.0
2017-09-30,6000.0,,1688126,CRCW,-1682941.0
2018-03-31,1529590.0,,1688126,CRCW,-1163674.0
2018-06-30,586747.0,,1688126,CRCW,-6395315.0
2018-09-30,1227971.0,,1688126,CRCW,-1302963.0
2018-12-31,-3339308.0,,1688126,CRCW,-165582.0
2019-03-31,3975.0,,1688126,CRCW,-349643.0
2019-06-30,,,1688126,CRCW,-315116.0
2019-09-30,44466.0,,1688126,CRCW,-335553.0
2019-12-31,,,1688126,CRCW,-715113.0
2020-03-31,2500.0,,1688126,CRCW,-109592.0
2020-06-30,,,1688126,CRCW,-2167947.0
2020-09-30,8000.0,,1688126,CRCW,-226186.0
2020-12-31,,,1688126,CRCW,-553478.0
2021-03-31,1400.0,,1688126,CRCW,-310042.0
2021-06-30,109745.0,,1688126,CRCW,-639465.0
2021-09-30,109252.0,,1688126,CRCW,-410109.0
2021-12-31,214155.0,,1688126,CRCW,-719497.0
2022-03-31,142512.0,,1688126,CRCW,-1475293.0
2022-06-30,151869.0,,1688126,CRCW,-1379545.0
2022-09-30,252733.0,,1688126,CRCW,-372551.0
2022-12-31,72424.0,,1688126,CRCW,-621609.0
2023-03-31,29109.0,,1688126,CRCW,-897201.0
2023-06-30,28645.0,,1688126,CRCW,-539922.0
2023-09-30,122006.0,,1688126,CRCW,-261728.0
2023-12-31,28178.0,,1688126,CRCW,-2435841.0
2024-03-31,15806.0,,1688126,CRCW,-891748.0
2024-06-30,9841.0,,1688126,CRCW,-681203.0
2024-09-30,10299.0,,1688126,CRCW,-3058048.0
2024-12-31,8868.0,,1688126,CRCW,-1509707.0
2025-03-31,2856.0,,1688126,CRCW,-475887.0
2025-06-30,4230.0,,1688126,CRCW,-770898.0
2025-09-30,7123.0,,1688126,CRCW,-386389.0
2025-12-31,4318.0,,1688126,CRCW,-1499085.0
2026-03-31,4047.0,,1688126,CRCW,-705941.0
2026-06-30,1465.0,,1688126,CRCW,-726856.0
2025-06-30,3159000000.0,394000000.0,1688568,DXC,216000000.0
2026-06-30,2999000000.0,328000000.0,1688568,DXC,150000000.0
2024-12-31,3225000000.0,335000000.0,1688568,DXC,286000000.0
2025-12-31,3194000000.0,309000000.0,1688568,DXC,263000000.0
2024-09-30,3241000000.0,353000000.0,1688568,DXC,279000000.0
2025-09-30,3161000000.0,366000000.0,1688568,DXC,254000000.0
2024-06-30,3236000000.0,301000000.0,1688568,DXC,224000000.0
2023-12-31,3399000000.0,294000000.0,1688568,DXC,256000000.0
2023-09-30,3436000000.0,328000000.0,1688568,DXC,251000000.0
2023-06-30,3446000000.0,327000000.0,1688568,DXC,224000000.0
2022-12-31,3566000000.0,315000000.0,1688568,DXC,309000000.0
2022-09-30,3566000000.0,324000000.0,1688568,DXC,269000000.0
2022-06-30,3707000000.0,349000000.0,1688568,DXC,259000000.0
2021-12-31,4089000000.0,340000000.0,1688568,DXC,355000000.0
2021-09-30,4027000000.0,370000000.0,1688568,DXC,346000000.0
2021-06-30,4141000000.0,383000000.0,1688568,DXC,332000000.0
2020-12-31,4288000000.0,517000000.0,1688568,DXC,300000000.0
2020-09-30,4554000000.0,539000000.0,1688568,DXC,283000000.0
2020-06-30,4502000000.0,539000000.0,1688568,DXC,190000000.0
2019-12-31,5021000000.0,518000000.0,1688568,DXC,528000000.0
2019-09-30,4851000000.0,489000000.0,1688568,DXC,529000000.0
2019-06-30,4890000000.0,507000000.0,1688568,DXC,652000000.0
2018-12-31,5178000000.0,491000000.0,1688568,DXC,840000000.0
2018-09-30,5013000000.0,569000000.0,1688568,DXC,799000000.0
2018-06-30,5282000000.0,440000000.0,1688568,DXC,803000000.0
2017-12-31,5460000000.0,447000000.0,1688568,DXC,797000000.0
2017-09-30,5453000000.0,644000000.0,1688568,DXC,740000000.0
2017-06-30,5236000000.0,393000000.0,1688568,DXC,570000000.0
2016-12-30,1917000000.0,333000000.0,1688568,DXC,176000000.0
2016-09-30,1871000000.0,293000000.0,1688568,DXC,120000000.0
2016-07-01,1930000000.0,305000000.0,1688568,DXC,106000000.0
2016-01-31,4472000000.0,383000000.0,1688568,DXC,-174000000.0
2017-01-31,4147000000.0,353000000.0,1688568,DXC,-30000000.0
2024-03-31,3386000000.0,295000000.0,1688568,DXC,278000000.0
2025-03-31,3169000000.0,359000000.0,1688568,DXC,230000000.0
2026-03-31,3130000000.0,333000000.0,1688568,DXC,237000000.0
2023-03-31,3591000000.0,387000000.0,1688568,DXC,299000000.0
2022-03-31,4008000000.0,315000000.0,1688568,DXC,342000000.0
2021-03-31,4385000000.0,471000000.0,1688568,DXC,329000000.0
2020-03-31,4815000000.0,536000000.0,1688568,DXC,352000000.0
2019-03-31,5280000000.0,459000000.0,1688568,DXC,827000000.0
2018-03-31,5584000000.0,406000000.0,1688568,DXC,882000000.0
2017-09-30,6537308.0,,1688667,,-2543370.0
2018-09-30,6047225.0,,1688667,,-13414630.0
2017-06-30,6493627.0,,1688667,,-1754782.0
2018-06-30,5767613.0,,1688667,,-859359.0
2017-03-31,6359154.0,,1688667,,-900090.0
2018-03-31,5761858.0,,1688667,,-3201888.0
2016-09-30,6196691.0,,1688667,,-1069771.0
2016-06-30,5247618.0,,1688667,,-1222979.0
2017-12-31,6272749.0,,1688667,,-9567143.0
2022-03-31,2459709.0,,1691077,,-1058015.0
2023-03-31,3844136.0,,1691077,,-2814636.0
2021-09-30,2724180.0,,1691077,,-2853675.0
2022-09-30,3551699.0,,1691077,,-792955.0
2021-06-30,2652083.0,,1691077,,-872287.0
2022-06-30,2876626.0,,1691077,,-1697287.0
2021-03-31,2294532.0,,1691077,,-1100720.0
2020-09-30,2070821.0,,1691077,,-326192.0
2020-06-30,1580555.0,,1691077,,-655047.0
2020-03-31,1747642.0,,1691077,,-1681364.0
2019-09-30,1718439.0,,1691077,,-190124.0
2019-06-30,1696917.0,,1691077,,25450.0
2019-03-31,1778601.0,,1691077,,-410490.0
2018-09-30,881061.0,,1691077,,-2205351.0
2021-12-31,2564835.0,,1691077,,-2369225.0
2022-12-31,3670393.0,,1691077,,-1004072.0
2020-12-31,2222162.0,,1691077,,-758410.0
2019-12-31,1720953.0,,1691077,,-2239558.0
2017-06-30,8575000.0,,1699683,,-18493000.0
2018-06-30,39882000.0,,1699683,,-4000000.0
2018-03-31,54259000.0,,1699683,,-2483000.0
2017-09-30,15881000.0,,1699683,,-7400000.0
2023-03-31,56053.0,1625471.0,1701963,VS,-2310655.0
2023-09-30,22950.0,1617161.0,1701963,VS,-1889892.0
2024-03-31,26503.0,1464481.0,1701963,VS,-1501436.0
2024-06-30,26937.0,1443171.0,1701963,VS,-1499668.0
2024-09-30,3848.0,521410.0,1701963,VS,-529024.0
2024-12-31,0.0,881156.0,1701963,VS,-1009098.0
2025-03-31,199347.0,1357736.0,1701963,VS,-1172761.0
2025-06-30,,1026758.0,1701963,VS,938801.0
2025-09-30,,741931.0,1701963,VS,-756401.0
2025-12-31,,1153789.0,1701963,VS,-1170949.0
2026-03-31,17300.0,835995.0,1701963,VS,-818695.0
2026-06-30,6821.0,897548.0,1701963,VS,594273.0
2017-12-31,0.0,,1703975,,-21558.0
2017-09-30,0.0,,1703975,,-21379.0
2017-06-30,0.0,,1703975,,-14841.0
2016-09-30,,,1704760,,-10482.0
2016-12-31,,,1704760,,-20620.0
2017-06-30,,,1704760,,-26320.0
2017-09-30,,,1704760,,-199511.0
2017-12-31,,,1704760,,-569036.0
2018-03-31,,,1704760,,-3144482.0
2018-06-30,,,1704760,,-834918.0
2018-09-30,,,1704760,,-485125.0
2018-12-31,,,1704760,,-849248.0
2019-03-31,,,1704760,,-2338670.0
2019-06-30,,,1704760,,-697195.0
2019-09-30,,,1704760,,-2730842.0
2019-12-31,,,1704760,,-663593.0
2020-03-31,,,1704760,,-2081555.0
2020-06-30,19097000.0,7688000.0,1704760,,-1508000.0
2020-09-30,25968000.0,9929000.0,1704760,,-2406000.0
2021-03-31,3513000.0,7138000.0,1704760,,-11803000.0
2021-06-30,4955000.0,8450000.0,1704760,,-11678000.0
2021-09-30,4148000.0,12290000.0,1704760,,-16892000.0
2021-12-31,7433000.0,8527000.0,1704760,,-39075000.0
2022-03-31,4094000.0,7074000.0,1704760,,-12326000.0
2022-06-30,3724000.0,7278000.0,1704760,,-24012000.0
2022-09-30,4738000.0,8689000.0,1704760,,-12190000.0
2022-12-31,4255000.0,6492000.0,1704760,,-8638000.0
2023-03-31,4063000.0,6722000.0,1704760,,-8643000.0
2025-06-30,220583000.0,,1708055,RBBN,4226000.0
2026-06-30,192340000.0,,1708055,RBBN,-12219000.0
2025-03-31,181279000.0,,1708055,RBBN,-19610000.0
2026-03-31,162606000.0,,1708055,RBBN,-31695000.0
2024-09-30,210238000.0,,1708055,RBBN,-927000.0
2025-09-30,215371000.0,,1708055,RBBN,2763000.0
2024-06-30,192620000.0,,1708055,RBBN,-1935000.0
2024-03-31,179664000.0,,1708055,RBBN,-13486000.0
2023-09-30,203161000.0,,1708055,RBBN,856000.0
2023-06-30,210618000.0,,1708055,RBBN,-6622000.0
2023-03-31,186159000.0,,1708055,RBBN,-35189000.0
2022-03-31,173198000.0,,1708055,RBBN,-39054000.0
2022-06-30,205796000.0,,1708055,RBBN,-7239000.0
2022-09-30,207127000.0,,1708055,RBBN,-3296000.0
2022-12-31,233639000.0,,1708055,RBBN,1265000.0
2023-12-31,226401000.0,,1708055,RBBN,16670000.0
2021-03-31,192772000.0,,1708055,RBBN,-12604000.0
2021-06-30,211210000.0,,1708055,RBBN,12952000.0
2021-09-30,210398000.0,,1708055,RBBN,1992000.0
2021-12-31,230577000.0,,1708055,RBBN,-120136000.0
2020-03-31,157982000.0,,1708055,RBBN,-28740000.0
2020-06-30,210493000.0,,1708055,RBBN,1592000.0
2020-09-30,231118000.0,,1708055,RBBN,11917000.0
2020-12-31,244202000.0,,1708055,RBBN,16900000.0
2019-03-31,118928000.0,,1708055,RBBN,-36228000.0
2019-06-30,145421000.0,,1708055,RBBN,-7096000.0
2019-09-30,137653000.0,,1708055,RBBN,2686000.0
2019-12-31,161109000.0,,1708055,RBBN,-148822000.0
2018-03-31,121180000.0,,1708055,RBBN,-42383000.0
2018-06-30,137361000.0,,1708055,RBBN,-16636000.0
2018-09-30,152468000.0,,1708055,RBBN,-7566000.0
2018-12-31,166896000.0,,1708055,RBBN,1177000.0
2017-03-31,53368000.0,,1708055,RBBN,-10782000.0
2017-06-30,55733000.0,,1708055,RBBN,-12703000.0
2017-09-30,74629000.0,,1708055,RBBN,3919000.0
2017-12-31,146212000.0,,1708055,RBBN,-35663000.0
2016-03-31,59151000.0,,1708055,RBBN,-3881000.0
2016-06-30,60857000.0,,1708055,RBBN,-2708000.0
2016-09-30,65011000.0,,1708055,RBBN,-4316000.0
2016-12-31,67572000.0,,1708055,RBBN,-2704000.0
2024-12-31,251359000.0,,1708055,RBBN,33220000.0
2025-12-31,227323000.0,,1708055,RBBN,9297000.0
2018-06-30,200.0,,1709542,XESP,-6923.0
2018-09-30,,,1709542,XESP,42132.0
2019-03-31,272813.0,,1709542,XESP,-36150.0
2019-06-30,,,1709542,XESP,-250047.0
2019-09-30,,,1709542,XESP,-78925.0
2019-12-31,,,1709542,XESP,-73233.0
2020-03-31,210087.0,,1709542,XESP,-2773528.0
2020-06-30,,,1709542,XESP,-81054.0
2020-09-30,,,1709542,XESP,41574.0
2020-12-31,,,1709542,XESP,-82982.0
2021-03-31,217973.0,,1709542,XESP,-64602.0
2021-06-30,,,1709542,XESP,6785.0
2021-09-30,,,1709542,XESP,-88175.0
2021-12-31,,,1709542,XESP,-2390486.0
2022-03-30,,,1709542,XESP,-124094.0
2022-03-31,,,1709542,XESP,-124094.0
2022-06-30,,,1709542,XESP,-140752.0
2022-09-30,0.0,,1709542,XESP,-84427.0
2023-03-31,0.0,,1709542,XESP,-264401.0
2023-06-30,22500.0,,1709542,XESP,-97124.0
2023-09-30,22500.0,,1709542,XESP,-403099.0
2023-12-31,15000.0,,1709542,XESP,-48326.0
2024-03-31,50000.0,,1709542,XESP,-166817.0
2024-06-30,0.0,,1709542,XESP,-172319.0
2024-09-30,0.0,,1709542,XESP,-161694.0
2024-12-31,55000.0,,1709542,XESP,-108682.0
2025-03-31,0.0,,1709542,XESP,-164228.0
2025-06-30,0.0,,1709542,XESP,-167058.0
2025-09-30,0.0,,1709542,XESP,-180336.0
2025-12-31,0.0,,1709542,XESP,-157207.0
2026-03-31,0.0,,1709542,XESP,-42978.0
2026-06-30,0.0,,1709542,XESP,-77472.0
2025-06-30,1086000.0,,1709628,CSAI,-1924000.0
2026-06-30,1233000.0,,1709628,CSAI,-2102000.0
2025-03-31,738000.0,,1709628,CSAI,-2436000.0
2026-03-31,1315000.0,,1709628,CSAI,-2603000.0
2024-09-30,390000.0,,1709628,CSAI,-1585000.0
2025-09-30,1450000.0,,1709628,CSAI,-1984000.0
2024-06-30,297000.0,,1709628,CSAI,-1743000.0
2024-03-31,237000.0,,1709628,CSAI,-1620000.0
2024-12-31,440293.0,,1709628,CSAI,-1243000.0
2025-12-31,1791529.0,,1709628,CSAI,-1803000.0
2016-03-31,73966000.0,,1710583,,19813000.0
2016-06-30,80832000.0,,1710583,,22342000.0
2016-09-30,81666000.0,,1710583,,16412000.0
2016-12-31,81888000.0,,1710583,,-7497000.0
2017-03-31,89157000.0,19343000.0,1710583,,24439000.0
2017-06-30,92101000.0,20104000.0,1710583,,23541000.0
2017-09-30,97689000.0,21494000.0,1710583,,25451000.0
2017-12-31,99328000.0,99628000.0,1710583,,-54604000.0
2018-03-31,97717000.0,33451000.0,1710583,,9410000.0
2018-06-30,102161000.0,31139000.0,1710583,,15828000.0
2018-09-30,102768000.0,31086000.0,1710583,,12532000.0
2018-12-31,103214000.0,31092000.0,1710583,,16909000.0
2019-03-31,107442000.0,34251000.0,1710583,,15666000.0
2019-06-30,111970000.0,32919000.0,1710583,,20934000.0
2019-09-30,122353000.0,36869000.0,1710583,,21980000.0
2019-12-31,120545000.0,38665000.0,1710583,,18347000.0
2020-03-31,128096000.0,40116000.0,1710583,,20951000.0
2020-06-30,126917000.0,33438000.0,1710583,,25281000.0
2020-09-30,128785000.0,31516000.0,1710583,,22921000.0
2020-12-31,127749000.0,31589000.0,1710583,,26260000.0
2021-03-31,130866000.0,34998000.0,1710583,,24175000.0
2021-06-30,141690000.0,39875000.0,1710583,,24821000.0
2021-09-30,158104000.0,42845000.0,1710583,,17846000.0
2021-12-31,161385000.0,43662000.0,1710583,,-10814000.0
2022-03-31,164609000.0,42871000.0,1710583,,27247000.0
2022-06-30,168185000.0,45647000.0,1710583,,21186000.0
2022-09-30,174467000.0,40373000.0,1710583,,7512000.0
2025-06-30,499627000.0,,1713445,RDDT,67711000.0
2026-06-30,804905000.0,,1713445,RDDT,231716000.0
2025-03-31,392361000.0,,1713445,RDDT,3903000.0
2026-03-31,663411000.0,,1713445,RDDT,182912000.0
2024-09-30,348351000.0,,1713445,RDDT,6854000.0
2025-09-30,584911000.0,,1713445,RDDT,138542000.0
2024-06-30,281184000.0,,1713445,RDDT,-31039000.0
2024-03-31,242963000.0,,1713445,RDDT,-589255000.0
2023-09-30,207508000.0,,1713445,RDDT,-19585000.0
2023-06-30,183031000.0,,1713445,RDDT,-52989000.0
2023-03-31,163740000.0,,1713445,RDDT,-70602000.0
2023-12-31,249750000.0,,1713445,RDDT,3015000.0
2024-12-31,427707000.0,,1713445,RDDT,52872000.0
2025-12-31,725607000.0,,1713445,RDDT,231828000.0
2025-04-30,678034000.0,,1713683,ZS,-25411000.0
2026-04-30,850475000.0,,1713683,ZS,-29640000.0
2025-01-31,647900000.0,,1713683,ZS,-40140000.0
2026-01-31,815751000.0,,1713683,ZS,-51773000.0
2024-10-31,627955000.0,,1713683,ZS,-30667000.0
2025-10-31,788112000.0,,1713683,ZS,-36362000.0
2024-04-30,553201000.0,,1713683,ZS,-3013000.0
2024-01-31,524999000.0,,1713683,ZS,-45457000.0
2023-10-31,496703000.0,,1713683,ZS,-46057000.0
2023-04-30,418800000.0,,1713683,ZS,-55746000.0
2023-01-31,387598000.0,,1713683,ZS,-65238000.0
2022-10-31,355548000.0,,1713683,ZS,-69087000.0
2022-04-30,286807000.0,,1713683,ZS,-86597000.0
2022-01-31,255563000.0,,1713683,ZS,-83932000.0
2021-10-31,230517000.0,,1713683,ZS,-74371000.0
2021-04-30,176404000.0,,1713683,ZS,-43850000.0
2021-01-31,157044000.0,,1713683,ZS,-53898000.0
2020-10-31,142578000.0,,1713683,ZS,-42667000.0
2020-04-30,110524000.0,,1713683,ZS,-20514000.0
2020-01-31,101268000.0,,1713683,ZS,-30280000.0
2019-10-31,93590000.0,,1713683,ZS,-18275000.0
2019-04-30,79128000.0,,1713683,ZS,-13537000.0
2019-01-31,74302000.0,,1713683,ZS,-5182000.0
2018-10-31,63298000.0,,1713683,ZS,-8663000.0
2018-04-30,49163000.0,,1713683,ZS,-9024000.0
2018-01-31,44976000.0,,1713683,ZS,-6399000.0
2017-10-31,39861000.0,,1713683,ZS,-11277000.0
2017-04-30,32964000.0,,1713683,ZS,-7561000.0
2024-07-31,592868000.0,,1713683,ZS,-26950000.0
2025-07-31,719226000.0,,1713683,ZS,-32242000.0
2026-07-31,898185000.0,,1713683,ZS,-15492000.0
2023-07-31,455006000.0,,1713683,ZS,-44552000.0
2022-07-31,318059000.0,,1713683,ZS,-82529000.0
2021-07-31,197074000.0,,1713683,ZS,-67397000.0
2020-07-31,125887000.0,,1713683,ZS,-44887000.0
2019-07-31,86108000.0,,1713683,ZS,-7931000.0
2018-07-31,56174000.0,,1713683,ZS,-7924000.0
2017-06-30,,37455.0,1713809,,-37455.0
2017-09-30,,16290.0,1713809,,-16290.0
2018-03-31,,14663.0,1713809,,-14663.0
2018-06-30,,11871.0,1713809,,-11871.0
2018-09-30,,12468.0,1713809,,-12468.0
2018-12-31,,15772.0,1713809,,-15772.0
2019-03-31,,25258.0,1713809,,-25258.0
2019-06-30,0.0,13820.0,1713809,,-13820.0
2019-09-30,0.0,22099.0,1713809,,-22099.0
2019-12-31,,15963.0,1713809,,-15963.0
2020-03-31,,12314.0,1713809,,-12314.0
2020-06-30,0.0,13291.0,1713809,,-13291.0
2020-09-30,0.0,,1713809,,-14757.0
2020-12-31,,,1713809,,-20831.0
2021-03-31,,,1713809,,-9050.0
2017-11-30,,,1715433,,-144995.0
2018-02-28,,,1715433,,-167679.0
2018-05-31,,,1715433,,-93275.0
2018-08-31,,,1715433,,-154885.0
2018-11-30,,,1715433,,-410794.0
2019-02-28,,,1715433,,-157836.0
2019-05-31,,,1715433,,-336351.0
2019-08-31,,,1715433,,-32477.0
2019-11-30,1667.0,,1715433,,-1236480.0
2020-02-29,1666.0,,1715433,,-1245185.0
2020-05-31,1667.0,,1715433,,-1213517.0
2020-08-31,1667.0,,1715433,,-6034653.0
2020-11-30,22863.0,,1715433,,-3186977.0
2021-02-28,32389.0,,1715433,,-2710993.0
2021-05-31,23444.0,,1715433,,-2445573.0
2021-08-31,16470.0,,1715433,,-3384231.0
2021-11-30,14805.0,,1715433,,-2015740.0
2022-02-28,7631.0,,1715433,,-1251961.0
2022-05-31,134091.0,,1715433,,-1805406.0
2022-08-31,182915.0,,1715433,,-2489180.0
2022-11-30,254540.0,,1715433,,-564140.0
2023-02-28,93921.0,,1715433,,-788760.0
2023-05-31,15721.0,,1715433,,-630814.0
2025-06-30,314635000.0,180712000.0,1717115,TEM,-61774000.0
2026-06-30,382486000.0,225845000.0,1717115,TEM,-75913000.0
2025-03-31,255737000.0,154627000.0,1717115,TEM,-68689000.0
2026-03-31,348116000.0,212594000.0,1717115,TEM,-84711000.0
2024-09-30,180929000.0,101427000.0,1717115,TEM,-53616000.0
2025-09-30,334206000.0,187891000.0,1717115,TEM,-60996000.0
2024-06-30,165969000.0,463072000.0,1717115,TEM,-533492000.0
2024-03-31,145820000.0,79564000.0,1717115,TEM,-53274000.0
2023-09-30,136057000.0,71426000.0,1717115,TEM,-44789000.0
2023-06-30,132417000.0,71189000.0,1717115,TEM,-45138000.0
2024-12-31,200680000.0,111288000.0,1717115,TEM,-50700000.0
2025-12-31,367211000.0,208508000.0,1717115,TEM,-61413000.0
2017-12-31,,,1719489,,-182125.0
2018-03-31,,,1719489,,-312722.0
2018-06-30,,,1719489,,-290614.0
2018-09-30,,,1719489,,-1094065.0
2018-12-31,,,1719489,,-696750.0
2019-03-31,27725000.0,,1719489,,-1198000.0
2019-06-30,30871000.0,,1719489,,-820000.0
2019-09-30,35329000.0,,1719489,,1370000.0
2019-12-31,35633000.0,,1719489,,-1771000.0
2020-03-31,33633000.0,,1719489,,-9581000.0
2020-06-30,31199000.0,,1719489,,-7519000.0
2020-09-30,38268000.0,,1719489,,-4618000.0
2020-12-31,44268000.0,,1719489,,-4652000.0
2021-03-31,39714000.0,,1719489,,-10005000.0
2021-06-30,53992000.0,,1719489,,-10843000.0
2021-09-30,84025000.0,,1719489,,-7455000.0
2021-12-31,90008000.0,,1719489,,-4676000.0
2022-03-31,80481000.0,,1719489,,-9632000.0
2022-06-30,81109000.0,,1719489,,-11435000.0
2022-09-30,83916000.0,,1719489,,-9235000.0
2022-12-31,93662000.0,,1719489,,-57195000.0
2023-03-31,83618000.0,,1719489,,-4352000.0
2023-06-30,86752000.0,,1719489,,-4515000.0
2022-09-30,127805000.0,19305000.0,1720420,IBEX,7670000.0
2022-12-31,139325000.0,23502000.0,1720420,IBEX,11451000.0
2023-03-31,131557000.0,22139000.0,1720420,IBEX,13051000.0
2023-06-30,124431000.0,23717000.0,1720420,IBEX,8306000.0
2023-09-30,124609000.0,23040000.0,1720420,IBEX,8331000.0
2023-12-31,132634000.0,24857000.0,1720420,IBEX,6947000.0
2024-03-31,126795000.0,23565000.0,1720420,IBEX,11282000.0
2024-06-30,124531000.0,21681000.0,1720420,IBEX,12869000.0
2024-09-30,129717000.0,26215000.0,1720420,IBEX,9092000.0
2024-12-31,140682000.0,25706000.0,1720420,IBEX,11928000.0
2025-03-31,140736000.0,27061000.0,1720420,IBEX,13329000.0
2025-06-30,147138000.0,29756000.0,1720420,IBEX,12262000.0
2025-09-30,151179000.0,26525000.0,1720420,IBEX,13699000.0
2025-12-31,164221000.0,27555000.0,1720420,IBEX,15287000.0
2026-03-31,164407000.0,27467000.0,1720420,IBEX,16156000.0
2026-06-30,164269000.0,31474000.0,1720420,IBEX,9822000.0
2023-10-31,146125000.0,,1720671,,-55573000.0
2024-10-31,173389000.0,,1720671,,-29882000.0
2023-07-31,143246000.0,,1720671,,-82596000.0
2024-07-31,165138000.0,,1720671,,-43298000.0
2023-04-30,137983000.0,,1720671,,-67810000.0
2024-04-30,160579000.0,,1720671,,-67712000.0
2022-10-31,125341000.0,,1720671,,-77338000.0
2022-07-31,113863000.0,,1720671,,-78619000.0
2022-04-30,100897000.0,,1720671,,-78442000.0
2021-10-31,82221000.0,,1720671,,-21534000.0
2021-07-31,75113000.0,,1720671,,-25099000.0
2021-04-30,66912000.0,,1720671,,-15416000.0
2022-01-31,96523000.0,,1720671,,-227265000.0
2023-01-31,135788000.0,,1720671,,-62888000.0
2024-01-31,155783000.0,,1720671,,-48299000.0
2025-03-31,0.0,,1721056,HSCT,
2026-03-31,20000.0,,1721056,HSCT,
2018-03-31,0.0,,1723648,,-1560.0
2018-06-30,0.0,,1723648,,
2018-09-30,0.0,,1723648,,
2018-12-31,0.0,,1723648,,
2019-03-31,0.0,,1723648,,-85743.0
2019-06-30,0.0,,1723648,,-160880.0
2019-09-30,0.0,,1723648,,-124879.0
2019-12-31,92755000.0,,1723648,,-3094498.0
2020-03-31,0.0,,1723648,,-129118.0
2020-06-30,22505000.0,,1723648,,-2248000.0
2020-09-30,25390000.0,,1723648,,753000.0
2020-12-31,54650000.0,,1723648,,1219118.0
2021-03-31,27945000.0,,1723648,,-3203000.0
2021-06-30,28913000.0,,1723648,,-75193000.0
2021-09-30,30507000.0,,1723648,,-10971000.0
2021-12-31,31866000.0,,1723648,,-11630000.0
2022-03-31,32093000.0,,1723648,,-12149000.0
2022-06-30,32987000.0,,1723648,,-10244000.0
2022-09-30,35253000.0,,1723648,,-6207000.0
2022-12-31,35692000.0,,1723648,,-4608000.0
2023-03-31,36866000.0,,1723648,,-7030000.0
2023-06-30,35375000.0,,1723648,,-3310000.0
2023-09-30,35352000.0,,1723648,,-4307000.0
2017-06-30,676000000.0,46000000.0,1724670,,69000000.0
2017-09-30,706000000.0,35000000.0,1724670,,
2017-12-31,722000000.0,51000000.0,1724670,,
2018-03-31,715000000.0,50000000.0,1724670,,
2018-06-30,793000000.0,61000000.0,1724670,,72000000.0
2018-09-30,1172000000.0,89000000.0,1724670,,153000000.0
2018-12-31,1075000000.0,76000000.0,1724670,,148000000.0
2019-03-31,1094000000.0,74000000.0,1724670,,
2019-06-30,1107000000.0,72000000.0,1724670,,151000000.0
2019-09-30,1172000000.0,81000000.0,1724670,,
2019-12-31,1126000000.0,77000000.0,1724670,,154000000.0
2020-03-31,1099000000.0,73000000.0,1724670,,
2020-07-03,1108000000.0,62000000.0,1724670,,119000000.0
2020-10-02,1142000000.0,65000000.0,1724670,,139000000.0
2021-01-01,1134000000.0,57000000.0,1724670,,148000000.0
2019-03-31,69617000.0,,1725579,,-33728000.0
2019-06-30,75862000.0,,1725579,,-37381000.0
2019-09-30,82620000.0,,1725579,,-39697000.0
2019-12-31,88811000.0,,1725579,,-39184000.0
2020-03-31,92646000.0,,1725579,,-42292000.0
2020-06-30,94765000.0,,1725579,,-35221000.0
2020-09-30,99465000.0,,1725579,,-27878000.0
2020-12-31,104989000.0,,1725579,,-37897000.0
2018-03-31,49644000.0,,1725579,,-19326000.0
2018-06-30,53572000.0,,1725579,,-48616000.0
2018-09-30,61553000.0,,1725579,,-34381000.0
2018-12-31,67260000.0,,1725579,,-34379000.0
2017-03-31,37239000.0,,1725579,,-8268000.0
2017-06-30,38891000.0,,1725579,,-16752000.0
2017-09-30,43286000.0,,1725579,,-30248000.0
2017-12-31,47408000.0,,1725579,,-27478000.0
2019-06-30,49150.0,,1729750,,-991400.0
2019-09-30,55872.0,,1729750,,-963190.0
2020-03-31,,,1729750,,237586.0
2020-06-30,0.0,,1729750,,-1117700.0
2020-09-30,280401.0,,1729750,,-1433099.0
2020-12-31,,,1729750,,-2153525.0
2021-03-31,1300338.0,,1729750,,-1824520.0
2021-06-30,,,1729750,,-1734784.0
2021-09-30,,,1729750,,-2330320.0
2021-12-31,,,1729750,,-4482476.0
2022-03-31,,,1729750,,-4215559.0
2022-06-30,,,1729750,,-5844441.0
2022-09-30,107538.0,,1729750,,-1678552.0
2022-12-31,,,1729750,,-2513020.0
2023-03-31,,,1729750,,-2485863.0
2018-09-30,10874.0,,1730732,,-59071.0
2019-03-31,,,1730732,,-80979.0
2019-06-30,,,1730732,,-55400.0
2019-09-30,,,1730732,,-108466.0
2019-12-31,,,1730732,,-66448.0
2020-03-31,,,1730732,,-87044.0
2020-06-30,,,1730732,,-92232.0
2020-09-30,,,1730732,,-86589.0
2020-12-31,,,1730732,,-78179.0
2021-03-31,,,1730732,,-78761.0
2021-06-30,,,1730732,,-107201.0
2021-09-30,,,1730732,,-79351.0
2021-12-31,,,1730732,,-86889.0
2022-03-31,238.0,,1730732,,-105192.0
2022-06-30,2093.0,,1730732,,-111508.0
2022-09-30,270.0,,1730732,,-117797.0
2022-12-31,,,1730732,,-102382.0
2023-03-31,217.0,,1730732,,-313281.0
2023-06-30,240.0,,1730732,,-229264.0
2023-09-30,237.0,,1730732,,-202466.0
2020-03-31,,,1734750,MOVE,-2019000.0
2020-06-30,,,1734750,MOVE,-2735000.0
2020-09-30,,,1734750,MOVE,-3183000.0
2020-12-31,,,1734750,MOVE,-3170000.0
2021-03-31,,,1734750,MOVE,-3266000.0
2021-06-30,,,1734750,MOVE,-5046000.0
2021-09-30,,,1734750,MOVE,-5179000.0
2021-12-31,,,1734750,MOVE,-6312000.0
2022-03-31,,,1734750,MOVE,-6938000.0
2022-06-30,,,1734750,MOVE,-6846000.0
2022-09-30,,,1734750,MOVE,-8657000.0
2022-12-31,,,1734750,MOVE,-8021000.0
2023-03-31,,,1734750,MOVE,-7203000.0
2023-06-30,,,1734750,MOVE,-7384000.0
2023-09-30,,3443000.0,1734750,MOVE,-9079000.0
2023-12-31,,,1734750,MOVE,-6024000.0
2024-03-31,852000.0,,1734750,MOVE,-5754000.0
2024-06-30,,,1734750,MOVE,-6397000.0
2024-09-30,50000.0,3180000.0,1734750,MOVE,-7379000.0
2024-12-31,,,1734750,MOVE,-4692000.0
2025-03-31,206000.0,,1734750,MOVE,-5238000.0
2025-06-30,103000.0,,1734750,MOVE,-3260000.0
2025-09-30,80000.0,,1734750,MOVE,-2591000.0
2025-12-31,44000.0,,1734750,MOVE,-4414000.0
2026-03-31,510000.0,,1734750,MOVE,-4847000.0
2026-06-30,3801000.0,,1734750,MOVE,-15216000.0
2019-06-30,43000.0,,1735092,,
2019-09-30,22000.0,,1735092,,
2020-03-31,21000.0,,1735092,,
2020-06-30,0.0,,1735092,,
2020-09-30,0.0,,1735092,,-676000.0
2020-12-31,0.0,,1735092,,
2021-03-31,0.0,,1735092,,-635000.0
2021-06-30,0.0,,1735092,,-592000.0
2021-09-30,0.0,,1735092,,-643000.0
2021-12-31,0.0,,1735092,,-593000.0
2022-03-31,0.0,,1735092,,-602000.0
2022-06-30,0.0,,1735092,,-571000.0
2022-09-30,0.0,,1735092,,-512000.0
2022-12-31,0.0,,1735092,,-1667000.0
2023-03-31,0.0,,1735092,,-502000.0
2023-06-30,,,1735092,,-489000.0
2017-09-30,,1.0,1737193,LDSN,
2018-03-31,400.0,,1737193,LDSN,
2018-06-30,,,1737193,LDSN,-3300.0
2018-09-30,,2282.0,1737193,LDSN,
2019-03-31,0.0,,1737193,LDSN,
2019-09-30,564861.0,,1737193,LDSN,
2020-03-31,96519.0,,1737193,LDSN,-1339.0
2020-06-30,1024510.0,,1737193,LDSN,
2020-09-30,1824479.0,,1737193,LDSN,775854.0
2020-12-31,2990212.0,,1737193,LDSN,
2021-03-31,193376.0,,1737193,LDSN,
2021-06-30,463755.0,,1737193,LDSN,
2021-09-30,269922.0,,1737193,LDSN,157281.0
2021-12-31,74385.0,,1737193,LDSN,
2022-03-31,0.0,,1737193,LDSN,
2022-06-30,0.0,,1737193,LDSN,
2022-09-30,0.0,,1737193,LDSN,0.0
2023-03-31,0.0,,1737193,LDSN,0.0
2023-06-30,0.0,,1737193,LDSN,-3325.0
2023-09-30,0.0,,1737193,LDSN,-210771.0
2023-12-31,0.0,,1737193,LDSN,-630333.0
2024-03-31,1500000.0,,1737193,LDSN,1495057.0
2024-06-30,12500000.0,,1737193,LDSN,12492600.0
2024-09-30,0.0,,1737193,LDSN,-1500300.0
2024-12-31,-14000000.0,,1737193,LDSN,-13189856.0
2025-03-31,0.0,,1737193,LDSN,-3524.0
2017-09-30,11053000.0,,1737372,,-9900000.0
2018-03-31,1246000.0,,1737372,,-1828000.0
2018-06-30,989000.0,,1737372,,-1389000.0
2018-09-30,714000.0,,1737372,,-2307000.0
2018-12-31,1520000.0,,1737372,,-1532000.0
2019-03-31,266000.0,,1737372,,-1738000.0
2019-06-30,1284000.0,,1737372,,-1319000.0
2019-09-30,970000.0,,1737372,,-889000.0
2019-12-31,2755000.0,,1737372,,-361000.0
2020-03-31,2266000.0,,1737372,,-845000.0
2020-06-30,274000.0,60000.0,1737372,,-54000.0
2020-09-30,613000.0,105000.0,1737372,,240000.0
2020-12-31,8373000.0,,1737372,,514000.0
2021-03-31,1407000.0,,1737372,,-379000.0
2021-06-30,2011000.0,164000.0,1737372,,-4352000.0
2021-09-30,1866000.0,100000.0,1737372,,-3774000.0
2021-12-31,2988000.0,,1737372,,-2079000.0
2022-03-31,5037000.0,,1737372,,-2585000.0
2022-06-30,3536000.0,,1737372,,-2854000.0
2022-09-30,3459000.0,,1737372,,-1353000.0
2022-12-31,5281000.0,,1737372,,-478000.0
2023-03-31,4089000.0,,1737372,,-2272000.0
2023-06-30,1635000.0,,1737372,,-2737000.0
2018-06-30,,,1738758,CHR,-9344.0
2018-09-30,,,1738758,CHR,-64359.0
2019-03-31,13753000.0,15000.0,1738758,CHR,4446000.0
2019-06-30,,,1738758,CHR,-482837.0
2019-09-30,,,1738758,CHR,-690455.0
2019-12-31,,,1738758,CHR,-5624395.0
2020-03-31,9757000.0,,1738758,CHR,2894000.0
2022-03-31,116986000.0,,1739936,,-35069000.0
2023-03-31,118821000.0,,1739936,,-21254000.0
2021-09-30,114754000.0,,1739936,,-19662000.0
2022-09-30,121375000.0,,1739936,,-16282000.0
2021-06-30,109392000.0,,1739936,,-26716000.0
2022-06-30,120163000.0,,1739936,,-25470000.0
2021-03-31,102298000.0,,1739936,,-26815000.0
2020-09-30,95429000.0,,1739936,,-22594000.0
2020-06-30,90941000.0,,1739936,,-20556000.0
2020-03-31,88265000.0,,1739936,,-22259000.0
2019-09-30,79317000.0,,1739936,,-14945000.0
2019-06-30,75139000.0,,1739936,,-15750000.0
2019-03-31,68641000.0,,1739936,,-16235000.0
2018-09-30,65205000.0,,1739936,,-94473000.0
2018-06-30,62696000.0,,1739936,,-4594000.0
2018-03-31,58491000.0,,1739936,,-7956000.0
2017-09-30,55309000.0,,1739936,,-5891000.0
2020-12-31,100975000.0,,1739936,,-16172000.0
2021-12-31,117342000.0,,1739936,,-39379000.0
2022-12-31,122393000.0,,1739936,,-4516000.0
2019-12-31,84324000.0,,1739936,,-19513000.0
2018-12-31,67932000.0,,1739936,,-19470000.0
2025-06-30,,,1740797,AVAI,487589.0
2026-06-30,,,1740797,AVAI,-552041.0
2024-12-31,,,1740797,AVAI,452298.0
2025-12-31,,,1740797,AVAI,-553727.0
2024-09-30,,,1740797,AVAI,623046.0
2025-09-30,,,1740797,AVAI,-453016.0
2024-06-30,,,1740797,AVAI,-528843.0
2022-12-31,,,1740797,AVAI,110471.0
2023-12-31,,,1740797,AVAI,1013900.0
2022-09-30,,,1740797,AVAI,83762.0
2023-09-30,,,1740797,AVAI,399621.0
2022-06-30,,,1740797,AVAI,29762.0
2023-06-30,,,1740797,AVAI,411522.0
2021-12-31,,,1740797,AVAI,349334.0
2021-09-30,,,1740797,AVAI,166316.0
2021-06-30,,,1740797,AVAI,-396328.0
2020-12-31,,,1740797,AVAI,417163.0
2020-09-30,,,1740797,AVAI,-50462.0
2020-06-30,,,1740797,AVAI,48681.0
2025-03-31,,,1740797,AVAI,-1688616.0
2026-03-31,,,1740797,AVAI,-1230355.0
2024-03-31,,,1740797,AVAI,-3953518.0
2023-03-31,,,1740797,AVAI,-572928.0
2022-03-31,,,1740797,AVAI,7199.0
2021-03-31,,,1740797,AVAI,-113090.0
2018-09-30,,66.0,1746278,,
2019-03-31,,177.0,1746278,,
2019-09-30,,48.0,1746278,,
2020-03-31,,445.0,1746278,,
2021-03-31,2441128.0,0.0,1746278,,
2021-06-30,2843685.0,,1746278,,
2021-09-30,2849539.0,,1746278,,
2021-12-31,6206027.0,,1746278,,
2022-03-31,3309017.0,,1746278,,-1390623.0
2022-06-30,1633375.0,,1746278,,-646817.0
2022-09-30,334987.0,,1746278,,-677160.0
2022-12-31,176740.0,,1746278,,-1839722.0
2023-03-31,71916.0,,1746278,,-1923033.0
2023-06-30,2573.0,,1746278,,-2404859.0
2023-09-30,0.0,,1746278,,-327101.0
2018-09-30,363852.0,,1748401,,-77690650.0
2019-09-30,177382.0,,1748401,,-7521482.0
2018-06-30,243524.0,,1748401,,-14393869.0
2019-06-30,185733.0,,1748401,,-21019173.0
2025-06-30,1258754000.0,,1751008,APP,957682000.0
2026-06-30,1923686000.0,,1751008,APP,1494277000.0
2025-03-31,1158974000.0,,1751008,APP,839982000.0
2026-03-31,1842449000.0,,1751008,APP,1439933000.0
2024-09-30,835186000.0,,1751008,APP,534299000.0
2025-09-30,1405045000.0,,1751008,APP,1079007000.0
2024-06-30,711015000.0,,1751008,APP,384422000.0
2024-03-31,1058115000.0,,1751008,APP,339559000.0
2023-09-30,864256000.0,,1751008,APP,186318000.0
2023-06-30,750165000.0,,1751008,APP,131328000.0
2023-03-31,715405000.0,,1751008,APP,61047000.0
2022-09-30,713099000.0,,1751008,APP,49267000.0
2022-06-30,776231000.0,,1751008,APP,53355000.0
2022-03-31,625421000.0,,1751008,APP,-127987000.0
2021-09-30,726951000.0,,1751008,APP,45048000.0
2021-06-30,668806000.0,,1751008,APP,34978000.0
2021-03-31,603877000.0,,1751008,APP,11465000.0
2020-09-30,381740000.0,,1751008,APP,-75458000.0
2020-06-30,299331000.0,,1751008,APP,-6762000.0
2020-03-31,260178000.0,,1751008,APP,25136000.0
2023-12-31,-488064000.0,,1751008,APP,393718000.0
2024-12-31,619742000.0,,1751008,APP,652676000.0
2025-12-31,1657944000.0,,1751008,APP,1275243000.0
2022-12-31,702307000.0,,1751008,APP,-22426000.0
2021-12-31,793470000.0,,1751008,APP,58525000.0
2020-12-31,509837000.0,,1751008,APP,-4958000.0
2019-03-31,75026000.0,,1752474,,-1233000.0
2019-06-30,78332000.0,,1752474,,1208000.0
2019-09-30,78169000.0,,1752474,,827000.0
2019-12-31,80527000.0,,1752474,,1791000.0
2020-03-31,78271000.0,,1752474,,670000.0
2020-06-30,64381000.0,,1752474,,-1517000.0
2020-09-30,72301000.0,,1752474,,65000.0
2020-12-31,74592000.0,,1752474,,2569000.0
2021-03-31,75450000.0,,1752474,,3319000.0
2021-06-30,81650000.0,,1752474,,4191000.0
2021-09-30,81122000.0,,1752474,,-17659000.0
2021-12-31,82255000.0,,1752474,,4874000.0
2022-03-31,80172000.0,,1752474,,3275000.0
2022-06-30,75191000.0,,1752474,,1317000.0
2022-09-30,74544000.0,,1752474,,-2928000.0
2022-12-31,87525000.0,,1752474,,10371000.0
2023-03-31,90659000.0,,1752474,,11367000.0
2023-06-30,90007000.0,,1752474,,11374000.0
2023-09-30,79336000.0,,1752474,,6881000.0
2023-12-31,85797000.0,,1752474,,4675000.0
2024-03-31,80172000.0,,1752474,,957000.0
2024-06-30,78969000.0,,1752474,,-7017000.0
2018-10-31,0.0,,1753391,QSJC,
2019-01-31,0.0,,1753391,QSJC,-2056.0
2019-04-30,0.0,,1753391,QSJC,-4056.0
2019-07-31,0.0,,1753391,QSJC,
2019-10-31,0.0,,1753391,QSJC,-5275.0
2020-01-31,0.0,,1753391,QSJC,-2307.0
2020-04-30,0.0,,1753391,QSJC,-3020.0
2020-07-31,0.0,,1753391,QSJC,24679.0
2020-10-31,0.0,,1753391,QSJC,6107.0
2021-01-31,0.0,,1753391,QSJC,12603.0
2021-04-30,0.0,,1753391,QSJC,13729.0
2021-07-31,0.0,,1753391,QSJC,-78492.0
2021-10-31,0.0,,1753391,QSJC,-20140.0
2022-01-31,,,1753391,QSJC,13909.0
2022-03-31,42422.0,,1753391,QSJC,-15008.0
2022-04-30,,,1753391,QSJC,13886.0
2022-06-30,134087.0,,1753391,QSJC,-27342.0
2022-07-31,-176509.0,,1753391,QSJC,
2022-09-30,147434.0,,1753391,QSJC,-34714.0
2022-10-31,0.0,,1753391,QSJC,-29277.0
2023-03-31,346619.0,,1753391,QSJC,-237364.0
2023-06-30,854097.0,,1753391,QSJC,-11692.0
2023-09-30,625954.0,,1753391,QSJC,22623.0
2023-12-31,142424.0,,1753391,QSJC,-64313.0
2024-03-31,157625.0,,1753391,QSJC,-107897.0
2024-06-30,244.0,,1753391,QSJC,-93166.0
2024-09-30,145764.0,,1753391,QSJC,-54012.0
2024-12-31,198917.0,,1753391,QSJC,-33408.0
2025-03-31,144733.0,,1753391,QSJC,-122237.0
2025-06-30,19097.0,,1753391,QSJC,-85159.0
2025-09-30,52198.0,,1753391,QSJC,-71700.0
2025-12-31,991.0,,1753391,QSJC,-92130.0
2026-03-31,0.0,,1753391,QSJC,-158114.0
2026-06-30,0.0,,1753391,QSJC,-90907.0
2018-09-30,,,1753931,,-8469.0
2018-12-31,1500.0,,1753931,,-2629.0
2019-03-31,,,1753931,,-4670.0
2019-06-30,,,1753931,,-5551.0
2019-09-30,,,1753931,,-4404.0
2019-12-31,,,1753931,,-12985.0
2020-03-31,,,1753931,,-28303.0
2020-06-30,,,1753931,,-11442.0
2020-09-30,1527374.0,,1753931,,944849.0
2020-12-31,1118532.0,,1753931,,384345.0
2021-03-31,620323.0,,1753931,,52944.0
2021-06-30,944588.0,,1753931,,-3742069.0
2021-09-30,743677.0,,1753931,,-26506.0
2021-12-31,603294.0,,1753931,,-11139.0
2022-03-31,1412849.0,,1753931,,-960272.0
2022-06-30,277853.0,,1753931,,917994.0
2022-09-30,2903014.0,,1753931,,442601.0
2018-06-30,,,1756497,,-31000.0
2018-09-30,,,1756497,,-31000.0
2018-12-31,,,1756497,,-126000.0
2019-03-31,,,1756497,,-971000.0
2019-06-30,,251000.0,1756497,,-251000.0
2019-09-30,,1138000.0,1756497,,-49501000.0
2019-12-31,,1115000.0,1756497,,76000.0
2020-03-31,196792000.0,37389000.0,1756497,,-661508000.0
2020-06-30,694184000.0,165474000.0,1756497,,-7679000.0
2020-09-30,755936000.0,171606000.0,1756497,,3345000.0
2020-12-31,785141000.0,161959000.0,1756497,,62727000.0
2021-03-31,855160000.0,187606000.0,1756497,,41677000.0
2021-06-30,867856000.0,177955000.0,1756497,,44142000.0
2021-09-30,826764000.0,183041000.0,1756497,,11132000.0
2021-12-31,866065000.0,187275000.0,1756497,,28710000.0
2022-03-31,920130000.0,186283000.0,1756497,,52827000.0
2022-06-30,884469000.0,197886000.0,1756497,,27253000.0
2021-02-28,,,1758699,TRSO,5324.0
2021-05-31,,,1758699,TRSO,8071.0
2021-08-31,,,1758699,TRSO,2159.0
2021-11-30,,,1758699,TRSO,1851.0
2022-02-28,,,1758699,TRSO,13093.0
2022-05-31,886.0,,1758699,TRSO,2109.0
2022-08-31,7023.0,,1758699,TRSO,8677.0
2022-11-30,,,1758699,TRSO,-51471.0
2023-02-28,8549.0,,1758699,TRSO,-5338.0
2023-05-31,10056.0,,1758699,TRSO,-7211.0
2023-08-31,9904.0,,1758699,TRSO,4229.0
2023-11-30,30494.0,,1758699,TRSO,-822.0
2024-02-29,,,1758699,TRSO,-48697.0
2024-03-31,,,1758699,TRSO,-48888.0
2024-05-31,,,1758699,TRSO,-43781.0
2024-06-30,0.0,,1758699,TRSO,-42614.0
2024-08-31,,,1758699,TRSO,-44061.0
2024-09-30,0.0,,1758699,TRSO,-190183.0
2025-03-31,0.0,,1758699,TRSO,-483328.0
2025-06-30,50000.0,,1758699,TRSO,-6595444.0
2025-09-30,65000.0,,1758699,TRSO,-20874131.0
2025-12-31,0.0,,1758699,TRSO,-9205440.0
2026-03-31,121784.0,,1758699,TRSO,-3253732.0
2026-06-30,126252.0,,1758699,TRSO,-4270233.0
2019-09-30,,,1758766,STEM,1080.0
2020-06-30,4379000.0,,1758766,STEM,-12010000.0
2020-09-30,9172000.0,,1758766,STEM,-12470000.0
2021-03-31,15420000.0,,1758766,STEM,-9883000.0
2021-06-30,19337000.0,,1758766,STEM,-23881000.0
2021-09-30,39833000.0,,1758766,STEM,-19130000.0
2021-12-31,52781000.0,,1758766,STEM,-30180000.0
2022-03-31,41088000.0,,1758766,STEM,-34953000.0
2022-06-30,66947000.0,,1758766,STEM,-29823000.0
2022-09-30,99501000.0,,1758766,STEM,-32599000.0
2022-12-31,155444000.0,,1758766,STEM,-33746000.0
2023-03-31,67405000.0,,1758766,STEM,-42653000.0
2023-06-30,92946000.0,,1758766,STEM,-34869000.0
2023-09-30,133740000.0,,1758766,STEM,-68271000.0
2023-12-31,167424000.0,,1758766,STEM,-33521000.0
2024-03-31,25469000.0,,1758766,STEM,-68013000.0
2024-06-30,33999000.0,,1758766,STEM,-579848000.0
2024-09-30,29291000.0,,1758766,STEM,-144452000.0
2024-12-31,55825000.0,,1758766,STEM,-47143000.0
2025-03-31,32512000.0,,1758766,STEM,-21148000.0
2025-06-30,38374000.0,,1758766,STEM,-13343000.0
2025-09-30,38237000.0,,1758766,STEM,-12851000.0
2025-12-31,47143000.0,,1758766,STEM,-8346000.0
2026-03-31,29000000.0,,1758766,STEM,-14214000.0
2026-06-30,33654000.0,,1758766,STEM,-7671000.0
2018-03-31,97500000.0,,1760717,,
2018-06-30,99700000.0,,1760717,,16600000.0
2018-09-30,105300000.0,,1760717,,12200000.0
2018-12-31,113700000.0,,1760717,,
2019-03-31,118400000.0,,1760717,,20000000.0
2019-06-30,118100000.0,,1760717,,25900000.0
2019-09-30,116400000.0,,1760717,,28600000.0
2019-12-31,112900000.0,,1760717,,29200000.0
2020-03-31,118300000.0,,1760717,,32200000.0
2020-06-30,165600000.0,,1760717,,51300000.0
2020-09-30,151200000.0,,1760717,,36500000.0
2020-12-31,147100000.0,,1760717,,35000000.0
2021-03-31,151100000.0,,1760717,,40400000.0
2021-06-30,154000000.0,,1760717,,39800000.0
2021-09-30,146600000.0,,1760717,,38500000.0
2021-12-31,154400000.0,,1760717,,13000000.0
2022-03-31,158000000.0,,1760717,,34700000.0
2022-06-30,160100000.0,,1760717,,33000000.0
2022-09-30,170800000.0,,1760717,,33400000.0
2022-12-31,182100000.0,,1760717,,47400000.0
2023-03-31,186400000.0,,1760717,,39700000.0
2023-06-30,189900000.0,,1760717,,39200000.0
2018-03-31,237027000.0,,1764046,CLVT,-45892000.0
2018-06-30,243297000.0,,1764046,CLVT,-34430000.0
2018-09-30,242897000.0,,1764046,CLVT,-18931000.0
2018-12-31,245247000.0,,1764046,CLVT,-6455000.0
2019-03-31,234025000.0,92296000.0,1764046,CLVT,-25920000.0
2019-06-30,242309000.0,154147000.0,1764046,CLVT,-36581000.0
2019-09-30,242998000.0,115515000.0,1764046,CLVT,-3555000.0
2019-12-31,255013000.0,113056000.0,1764046,CLVT,-16431000.0
2020-03-31,240592000.0,133055000.0,1764046,CLVT,-28308000.0
2020-06-30,273500000.0,103665000.0,1764046,CLVT,14246000.0
2020-09-30,284360000.0,131526000.0,1764046,CLVT,-12664000.0
2020-12-31,455595000.0,176454000.0,1764046,CLVT,-9621000.0
2021-03-31,428400000.0,134300000.0,1764046,CLVT,-69500000.0
2021-06-30,445700000.0,179700000.0,1764046,CLVT,-63800000.0
2021-09-30,442100000.0,144800000.0,1764046,CLVT,14400000.0
2021-12-31,560702000.0,184200000.0,1764046,CLVT,31925000.0
2022-03-31,662200000.0,193700000.0,1764046,CLVT,44900000.0
2022-06-30,686600000.0,186100000.0,1764046,CLVT,86200000.0
2022-09-30,635700000.0,169500000.0,1764046,CLVT,-4375200000.0
2022-12-31,675300000.0,180600000.0,1764046,CLVT,318500000.0
2023-03-31,629100000.0,194800000.0,1764046,CLVT,54600000.0
2023-06-30,668800000.0,192900000.0,1764046,CLVT,-88300000.0
2023-09-30,647200000.0,171900000.0,1764046,CLVT,87200000.0
2023-12-31,683700000.0,180100000.0,1764046,CLVT,-788200000.0
2024-03-31,621200000.0,191900000.0,1764046,CLVT,5000000.0
2024-06-30,650300000.0,185200000.0,1764046,CLVT,-240000000.0
2024-09-30,622200000.0,169700000.0,1764046,CLVT,21700000.0
2024-12-31,663000000.0,180800000.0,1764046,CLVT,-62300000.0
2025-03-31,593700000.0,178400000.0,1764046,CLVT,-20800000.0
2025-06-30,621400000.0,181100000.0,1764046,CLVT,6900000.0
2025-09-30,623100000.0,170000000.0,1764046,CLVT,44000000.0
2025-12-31,617000000.0,179100000.0,1764046,CLVT,41400000.0
2026-03-31,585500000.0,176300000.0,1764046,CLVT,30200000.0
2019-03-31,0.0,,1765048,GCGJ,
2019-06-30,0.0,,1765048,GCGJ,-2030.0
2019-09-30,0.0,,1765048,GCGJ,-2429.0
2019-12-31,0.0,,1765048,GCGJ,
2020-03-31,0.0,605.0,1765048,GCGJ,-7004.0
2020-06-30,0.0,,1765048,GCGJ,-13256.0
2020-09-30,0.0,,1765048,GCGJ,-2052.0
2020-12-31,0.0,,1765048,GCGJ,46264.0
2021-03-31,0.0,227.0,1765048,GCGJ,5552.0
2021-06-30,,,1765048,GCGJ,-11575.0
2021-09-30,,,1765048,GCGJ,2678.0
2021-12-31,,,1765048,GCGJ,34964.0
2022-03-31,,,1765048,GCGJ,7628.0
2022-06-30,,,1765048,GCGJ,3695.0
2022-09-30,,,1765048,GCGJ,2163.0
2022-12-31,,,1765048,GCGJ,-30105.0
2023-03-31,,,1765048,GCGJ,-7365.0
2023-06-30,,,1765048,GCGJ,3994.0
2023-09-30,,,1765048,GCGJ,-6194.0
2023-12-31,,,1765048,GCGJ,-13382.0
2024-03-31,,,1765048,GCGJ,-11494.0
2024-06-30,,,1765048,GCGJ,-5603.0
2024-09-30,,,1765048,GCGJ,-6844.0
2024-12-31,,,1765048,GCGJ,-2644.0
2025-03-31,,,1765048,GCGJ,-894.0
2025-06-30,,,1765048,GCGJ,-11622.0
2025-09-30,,,1765048,GCGJ,-25347.0
2025-12-31,,,1765048,GCGJ,467.0
2026-03-31,,,1765048,GCGJ,-11932.0
2026-06-30,,,1765048,GCGJ,-8894.0
2019-06-30,,,1774155,,-65808.0
2019-09-30,,,1774155,,-222295.0
2020-03-31,24524000.0,,1774155,,-5831000.0
2020-06-30,25646000.0,,1774155,,-2175000.0
2020-09-30,28808000.0,,1774155,,-1120000.0
2020-12-31,29591000.0,,1774155,,-2536000.0
2021-03-31,33119000.0,,1774155,,-9873000.0
2021-06-30,31589000.0,,1774155,,-10858000.0
2021-09-30,32732000.0,,1774155,,-11442000.0
2021-12-31,34134000.0,,1774155,,-16845000.0
2022-03-31,37049000.0,,1774155,,-29540000.0
2022-06-30,40600000.0,,1774155,,-15428000.0
2022-09-30,42508000.0,,1774155,,-22721000.0
2023-02-28,3099.0,,1781629,ANKM,
2023-05-31,10598.0,,1781629,ANKM,
2023-08-31,5999.0,,1781629,ANKM,-69005.0
2023-11-30,7477.0,,1781629,ANKM,
2024-02-29,9760.0,,1781629,ANKM,-118713.0
2024-05-31,15385.0,,1781629,ANKM,-71828.0
2024-08-31,8697.0,,1781629,ANKM,-70403.0
2024-11-30,70608.0,,1781629,ANKM,-30210.0
2025-02-28,75000.0,,1781629,ANKM,-10581.0
2025-05-31,165000.0,,1781629,ANKM,55687.0
2025-08-31,0.0,,1781629,ANKM,-60591.0
2025-11-30,85000.0,,1781629,ANKM,-51707.0
2026-05-31,44900.0,,1781629,ANKM,-53457.0
2019-11-30,0.0,,1784440,BHIC,0.0
2020-02-29,0.0,,1784440,BHIC,-1926.0
2020-05-31,0.0,,1784440,BHIC,-2861.0
2020-08-31,0.0,,1784440,BHIC,-2895.0
2020-11-30,0.0,5578.0,1784440,BHIC,-5578.0
2021-02-28,0.0,12668.0,1784440,BHIC,-12668.0
2021-05-31,0.0,3209.0,1784440,BHIC,-3209.0
2021-08-31,0.0,4155.0,1784440,BHIC,-4155.0
2021-11-30,0.0,14089.0,1784440,BHIC,-14089.0
2022-02-28,0.0,26240.0,1784440,BHIC,-26240.0
2022-03-31,279.0,150.0,1784440,BHIC,-4211.0
2022-05-31,0.0,47884.0,1784440,BHIC,-47884.0
2022-06-30,8049.0,8445.0,1784440,BHIC,-1878.0
2022-09-30,19727.0,94099.0,1784440,BHIC,-84703.0
2022-11-30,0.0,28917.0,1784440,BHIC,-28917.0
2023-02-28,0.0,20011.0,1784440,BHIC,-20011.0
2023-03-31,32337.0,92307.0,1784440,BHIC,-70716.0
2023-06-30,69465.0,138728.0,1784440,BHIC,-85262.0
2023-09-30,192165.0,210285.0,1784440,BHIC,-57146.0
2024-03-31,277601.0,278294.0,1784440,BHIC,-53381.0
2024-06-30,384170.0,222654.0,1784440,BHIC,74222.0
2024-09-30,572973.0,345288.0,1784440,BHIC,56202.0
2024-12-31,610222.0,300174.0,1784440,BHIC,9957.0
2025-03-31,1227070.0,433561.0,1784440,BHIC,426798.0
2025-06-30,1757463.0,540074.0,1784440,BHIC,457704.0
2025-09-30,1131427.0,576656.0,1784440,BHIC,-8782.0
2025-12-31,1572757.0,656204.0,1784440,BHIC,-156669.0
2026-03-31,750946.0,625809.0,1784440,BHIC,-229907.0
2026-06-30,1036364.0,,1784440,BHIC,-217882.0
2019-06-30,0.0,,1784970,NXTT,-144089.0
2019-09-30,0.0,,1784970,NXTT,-110921.0
2020-03-31,21070.0,,1784970,NXTT,-25070.0
2020-06-30,855293.0,,1784970,NXTT,582685.0
2020-09-30,2012098.0,,1784970,NXTT,1177384.0
2020-12-31,3383103.0,,1784970,NXTT,2019634.0
2021-03-31,2780923.0,,1784970,NXTT,745425.0
2021-06-30,3882893.0,,1784970,NXTT,1924977.0
2021-09-30,4598675.0,,1784970,NXTT,1454478.0
2021-12-31,3118804.0,,1784970,NXTT,1869413.0
2022-03-31,2138952.0,,1784970,NXTT,673858.0
2022-06-30,1451459.0,,1784970,NXTT,-471928.0
2022-09-30,5607270.0,,1784970,NXTT,-6315959.0
2022-12-31,2473654.0,,1784970,NXTT,-679689.0
2023-03-31,614369.0,,1784970,NXTT,-166295.0
2023-06-30,,,1784970,NXTT,-136480.0
2023-09-30,1633836.0,,1784970,NXTT,994336.0
2023-12-31,,,1784970,NXTT,-1928663.0
2024-03-31,,,1784970,NXTT,-330145.0
2024-06-30,,,1784970,NXTT,-344999.0
2024-09-30,,,1784970,NXTT,-566983.0
2024-12-31,,,1784970,NXTT,1225323.0
2025-03-31,,,1784970,NXTT,-449858.0
2025-06-30,,,1784970,NXTT,-255962.0
2025-09-30,1788205.0,,1784970,NXTT,-44325603.0
2025-12-31,,,1784970,NXTT,-35167274.0
2026-03-31,465228.0,,1784970,NXTT,-6635120.0
2026-06-30,840940.0,,1784970,NXTT,-4809874.0
2020-03-31,,,1794905,,-1100.0
2020-06-30,,,1794905,,-1143.0
2020-09-30,172000000.0,24500000.0,1794905,,-16700000.0
2020-12-31,,,1794905,,67102243.0
2021-03-31,172900000.0,27600000.0,1794905,,-21800000.0
2021-06-30,175400000.0,22900000.0,1794905,,-62400000.0
2021-09-30,177100000.0,29200000.0,1794905,,-11600000.0
2021-12-31,178300000.0,33100000.0,1794905,,-19400000.0
2022-03-31,182400000.0,31300000.0,1794905,,-10500000.0
2022-06-30,184100000.0,34700000.0,1794905,,-11100000.0
2022-09-30,186600000.0,37900000.0,1794905,,-12900000.0
2022-12-31,192900000.0,40400000.0,1794905,,-167600000.0
2023-03-31,196700000.0,42100000.0,1794905,,-291900000.0
2024-03-31,30651000.0,,1799332,,-3303000.0
2025-03-31,29366000.0,,1799332,,-5051000.0
2023-09-30,29817000.0,,1799332,,-7170000.0
2024-09-30,37098000.0,,1799332,,2132000.0
2023-06-30,33758000.0,,1799332,,-8561000.0
2024-06-30,35560000.0,,1799332,,229000.0
2023-03-31,35129000.0,,1799332,,-6001000.0
2022-09-30,32120000.0,,1799332,,-5148000.0
2022-06-30,34967000.0,,1799332,,-37768000.0
2022-03-31,37494000.0,,1799332,,-4122000.0
2021-09-30,32268000.0,,1799332,,-7130000.0
2021-06-30,34350000.0,,1799332,,-2767000.0
2021-03-31,27118000.0,,1799332,,-4948000.0
2020-03-31,7670000.0,,1799332,,847000.0
2020-06-30,8323000.0,,1799332,,-9117000.0
2020-09-30,10266000.0,,1799332,,-2914000.0
2023-12-31,30715000.0,,1799332,,-8582000.0
2024-12-31,31689000.0,,1799332,,-2658000.0
2022-12-31,36947000.0,,1799332,,-145471000.0
2021-12-31,30427000.0,,1799332,,-16368000.0
2020-12-31,8900000.0,,1799332,,-8288000.0
2025-06-30,443247000.0,,1800227,PPLI,-7492000.0
2026-06-30,436736000.0,,1800227,PPLI,-14287000.0
2025-03-31,481686000.0,,1800227,PPLI,24124000.0
2026-03-31,422893000.0,,1800227,PPLI,-40066000.0
2024-09-30,642000000.0,,1800227,PPLI,8146000.0
2025-09-30,589793000.0,,1800227,PPLI,-20398000.0
2024-06-30,634393000.0,,1800227,PPLI,-21489000.0
2024-03-31,624290000.0,,1800227,PPLI,-63421000.0
2023-09-30,1111341000.0,,1800227,PPLI,-32737000.0
2023-06-30,1111589000.0,,1800227,PPLI,-55473000.0
2023-03-31,1084271000.0,,1800227,PPLI,-135596000.0
2022-09-30,1300901000.0,,1800227,PPLI,-124680000.0
2022-06-30,1362581000.0,,1800227,PPLI,-166140000.0
2022-03-31,1325345000.0,,1800227,PPLI,-108814000.0
2021-09-30,924068000.0,,1800227,PPLI,-32067000.0
2021-06-30,829547000.0,,1800227,PPLI,-28420000.0
2021-03-31,786570000.0,,1800227,PPLI,-7230000.0
2020-09-30,713248000.0,,1800227,PPLI,-122229000.0
2020-06-30,659027000.0,,1800227,PPLI,-97445000.0
2020-03-31,684124000.0,,1800227,PPLI,-312338000.0
2019-03-31,641220000.0,,1800227,PPLI,-34183000.0
2019-06-30,688685000.0,,1800227,PPLI,-13770000.0
2019-09-30,705382000.0,,1800227,PPLI,13912000.0
2019-12-31,670514000.0,,1800227,PPLI,-16408000.0
2020-12-31,848819000.0,,1800227,PPLI,-24366000.0
2023-12-31,-387798000.0,,1800227,PPLI,-13977000.0
2024-12-31,721438000.0,,1800227,PPLI,48086000.0
2025-12-31,878463000.0,,1800227,PPLI,-93650000.0
2022-12-31,1246453000.0,,1800227,PPLI,-75137000.0
2021-12-31,1159442000.0,,1800227,PPLI,-69350000.0
2020-05-31,83124000.0,,1800347,,3790000.0
2020-06-30,,,1800347,,-172519.0
2020-08-31,81817000.0,,1800347,,4986000.0
2020-09-30,,,1800347,,-1139525.0
2020-11-30,84081000.0,,1800347,,193000.0
2021-05-31,66327000.0,,1800347,,-27372000.0
2021-08-31,78079000.0,,1800347,,-12972000.0
2021-11-30,137002000.0,,1800347,,-54442000.0
2022-02-28,144153000.0,,1800347,,-23234000.0
2022-05-31,160381000.0,,1800347,,-13662000.0
2022-08-31,160676000.0,,1800347,,-535681000.0
2022-11-30,164893000.0,,1800347,,-6251000.0
2023-02-28,166265000.0,,1800347,,-388810000.0
2023-05-31,160120000.0,,1800347,,-422689000.0
2023-08-31,158488000.0,,1800347,,-25891000.0
2023-11-30,157497000.0,,1800347,,-731406000.0
2024-02-29,158449000.0,,1800347,,-13622000.0
2024-05-31,151163000.0,,1800347,,-16845000.0
2024-08-31,152192000.0,,1800347,,-15101000.0
2024-11-30,151655000.0,,1800347,,-374775000.0
2025-02-28,152678000.0,,1800347,,-245654000.0
2025-05-31,152610000.0,,1800347,,-2447000.0
2022-03-31,23356215.0,809248.0,1800392,MLGO,1176852.0
2023-03-31,17832376.0,1017386.0,1800392,MLGO,-1413284.0
2020-06-30,,,1801602,SBIG,0.0
2020-09-30,,,1801602,SBIG,-8.0
2021-03-31,,,1801602,SBIG,-95578.0
2021-06-30,5804000.0,,1801602,SBIG,-1455000.0
2021-09-30,6121000.0,,1801602,SBIG,-1435000.0
2021-12-31,,,1801602,SBIG,-3546422.0
2022-03-31,6173000.0,,1801602,SBIG,-2777000.0
2022-06-30,6454000.0,,1801602,SBIG,-5282000.0
2022-09-30,7232000.0,,1801602,SBIG,-3557000.0
2022-12-31,6770000.0,,1801602,SBIG,-4684000.0
2023-03-31,7157000.0,,1801602,SBIG,-1728000.0
2023-06-30,7214000.0,,1801602,SBIG,-1773000.0
2023-09-30,6888000.0,,1801602,SBIG,-2692000.0
2023-12-31,6791000.0,,1801602,SBIG,-2147000.0
2024-03-31,6396000.0,,1801602,SBIG,-282000.0
2024-06-30,6422000.0,,1801602,SBIG,-57000.0
2024-09-30,6144000.0,,1801602,SBIG,-45000.0
2024-12-31,5687000.0,,1801602,SBIG,-216000.0
2025-03-31,5516000.0,,1801602,SBIG,-427000.0
2025-06-30,5837000.0,,1801602,SBIG,-726000.0
2025-09-30,5871000.0,,1801602,SBIG,563000.0
2025-12-31,5610000.0,,1801602,SBIG,-1136000.0
2026-03-31,5444000.0,,1801602,SBIG,-139000.0
2026-06-30,4429000.0,,1801602,SBIG,-19000.0
2025-06-30,25214000.0,,1801661,FIRY,-15983000.0
2026-06-30,30992000.0,,1801661,FIRY,-21567000.0
2025-03-31,21897000.0,,1801661,FIRY,-15473000.0
2026-03-31,29105000.0,,1801661,FIRY,-8750000.0
2024-03-31,25235000.0,,1801661,FIRY,-26871000.0
2024-06-30,25295000.0,,1801661,FIRY,25592000.0
2024-09-30,24564000.0,,1801661,FIRY,-20992000.0
2025-09-30,27374000.0,,1801661,FIRY,-16272000.0
2023-09-30,36427000.0,,1801661,FIRY,-31432000.0
2023-03-31,44383000.0,,1801661,FIRY,-32068000.0
2023-06-30,40166000.0,,1801661,FIRY,-30252000.0
2022-09-30,59216000.0,,1801661,FIRY,-79966000.0
2022-06-30,71757000.0,,1801661,FIRY,-56111000.0
2022-03-31,91864000.0,,1801661,FIRY,-146054000.0
2020-03-31,43372000.0,,1801661,FIRY,-15794000.0
2020-06-30,58614000.0,,1801661,FIRY,-13312000.0
2020-09-30,59684000.0,,1801661,FIRY,-29269000.0
2020-12-31,67377000.0,,1801661,FIRY,-44815000.0
2021-03-31,82868000.0,,1801661,FIRY,-52570000.0
2021-06-30,88562000.0,,1801661,FIRY,-51563000.0
2021-09-30,100524000.0,,1801661,FIRY,-84063000.0
2021-12-31,108200000.0,,1801661,FIRY,-105618000.0
2024-12-31,17771000.0,,1801661,FIRY,-24232000.0
2025-12-31,30011000.0,,1801661,FIRY,-16190000.0
2023-12-31,31103000.0,,1801661,FIRY,-20540000.0
2022-12-31,46872000.0,,1801661,FIRY,-139226000.0
2020-06-30,,,1805833,SST,-31882.0
2020-09-30,,,1805833,SST,-173155.0
2021-03-31,147561000.0,6950000.0,1805833,SST,10942000.0
2021-06-30,169579000.0,6277000.0,1805833,SST,16325000.0
2021-09-30,171446000.0,7936000.0,1805833,SST,16027000.0
2021-12-31,199803000.0,14650000.0,1805833,SST,7537000.0
2022-06-30,219797000.0,16747000.0,1805833,SST,-31113000.0
2022-09-30,156895000.0,11572000.0,1805833,SST,-355196000.0
2023-03-31,121118000.0,14855000.0,1805833,SST,-24229000.0
2023-06-30,96914000.0,15340000.0,1805833,SST,-21825000.0
2023-09-30,87818000.0,11808000.0,1805833,SST,-20854000.0
2023-12-31,96121000.0,12304000.0,1805833,SST,-19081000.0
2024-03-31,84917000.0,19912000.0,1805833,SST,-25796000.0
2024-06-30,94581000.0,21223000.0,1805833,SST,-29086000.0
2024-09-30,88832000.0,17472000.0,1805833,SST,-21816000.0
2024-12-31,75595000.0,17805000.0,1805833,SST,-11903000.0
2025-03-31,74513000.0,16574000.0,1805833,SST,-13126000.0
2025-06-30,78115000.0,17511000.0,1805833,SST,-15905000.0
2025-09-30,61561000.0,16953000.0,1805833,SST,-15565000.0
2025-12-31,51940000.0,18650000.0,1805833,SST,-17444000.0
2026-03-31,37234000.0,16789000.0,1805833,SST,-51037000.0
2026-06-30,30200000.0,14541000.0,1805833,SST,-8291000.0
2025-06-30,203070000.0,,1809519,GDRX,26809000.0
2026-06-30,200411000.0,,1809519,GDRX,23632000.0
2025-03-31,202970000.0,,1809519,GDRX,23380000.0
2026-03-31,194006000.0,,1809519,GDRX,14009000.0
2024-09-30,195251000.0,,1809519,GDRX,20407000.0
2025-09-30,196028000.0,,1809519,GDRX,14620000.0
2024-06-30,200610000.0,,1809519,GDRX,19878000.0
2024-03-31,197880000.0,,1809519,GDRX,7381000.0
2023-09-30,179958000.0,,1809519,GDRX,-38330000.0
2023-06-30,189677000.0,,1809519,GDRX,18308000.0
2023-03-31,183986000.0,,1809519,GDRX,11303000.0
2022-09-30,187318000.0,,1809519,GDRX,-15713000.0
2022-06-30,191798000.0,,1809519,GDRX,-4047000.0
2022-03-31,203329000.0,,1809519,GDRX,19761000.0
2021-09-30,195102000.0,,1809519,GDRX,6999000.0
2021-06-30,176635000.0,,1809519,GDRX,-351000.0
2021-03-31,160431000.0,,1809519,GDRX,-4998000.0
2020-09-30,140453000.0,,1809519,GDRX,-61685000.0
2020-06-30,123295000.0,,1809519,GDRX,41736000.0
2020-03-31,133408000.0,,1809519,GDRX,43670000.0
2019-09-30,101745000.0,,1809519,GDRX,37844000.0
2023-12-31,196644000.0,,1809519,GDRX,-18288000.0
2024-12-31,198583000.0,,1809519,GDRX,18180000.0
2025-12-31,194785000.0,,1809519,GDRX,22683000.0
2022-12-31,184109000.0,,1809519,GDRX,1737000.0
2021-12-31,213256000.0,,1809519,GDRX,11756000.0
2020-12-31,153544000.0,,1809519,GDRX,-299440000.0
2025-06-30,666300000.0,154300000.0,1810019,RXT,-25100000.0
2026-06-30,670100000.0,148000000.0,1810019,RXT,-33200000.0
2025-03-31,665400000.0,165300000.0,1810019,RXT,-38400000.0
2026-03-31,678100000.0,136900000.0,1810019,RXT,-17800000.0
2024-09-30,675800000.0,169500000.0,1810019,RXT,-173700000.0
2025-09-30,671200000.0,163800000.0,1810019,RXT,-33900000.0
2024-06-30,684900000.0,185200000.0,1810019,RXT,-53800000.0
2024-03-31,690800000.0,192400000.0,1810019,RXT,-652800000.0
2023-09-30,732400000.0,177300000.0,1810019,RXT,-239400000.0
2023-06-30,746300000.0,216900000.0,1810019,RXT,-63800000.0
2023-03-31,758700000.0,207500000.0,1810019,RXT,-581000000.0
2022-09-30,787600000.0,219900000.0,1810019,RXT,-476700000.0
2022-06-30,772200000.0,220000000.0,1810019,RXT,4000000.0
2022-03-31,775500000.0,205100000.0,1810019,RXT,20900000.0
2021-09-30,762500000.0,234600000.0,1810019,RXT,-2900000.0
2021-06-30,743800000.0,232600000.0,1810019,RXT,2900000.0
2021-03-31,725900000.0,231000000.0,1810019,RXT,24200000.0
2020-09-30,681700000.0,260500000.0,1810019,RXT,-14700000.0
2020-06-30,656500000.0,219200000.0,1810019,RXT,22700000.0
2020-03-31,652700000.0,227800000.0,1810019,RXT,21500000.0
2019-09-30,601700000.0,221700000.0,1810019,RXT,32100000.0
2019-06-30,602400000.0,226500000.0,1810019,RXT,25600000.0
2023-12-31,719700000.0,165500000.0,1810019,RXT,-15200000.0
2024-12-31,685600000.0,160500000.0,1810019,RXT,-28800000.0
2025-12-31,682800000.0,123700000.0,1810019,RXT,-3300000.0
2022-12-31,787000000.0,210300000.0,1810019,RXT,-227200000.0
2021-12-31,777300000.0,208600000.0,1810019,RXT,-26700000.0
2020-12-31,716200000.0,252200000.0,1810019,RXT,-4800000.0
2025-06-30,0.0,,1811999,FMHS,-117558.0
2026-06-30,0.0,,1811999,FMHS,-165204.0
2025-03-31,0.0,,1811999,FMHS,-90794.0
2026-03-31,0.0,,1811999,FMHS,-109449.0
2024-09-30,0.0,,1811999,FMHS,-92824.0
2025-09-30,0.0,,1811999,FMHS,-94659.0
2024-06-30,1893.0,,1811999,FMHS,-125659.0
2024-03-31,2261.0,,1811999,FMHS,-102973.0
2023-09-30,5503.0,,1811999,FMHS,-103326.0
2023-06-30,4134.0,,1811999,FMHS,-140625.0
2023-03-31,1069.0,,1811999,FMHS,-158795.0
2022-09-30,4974.0,,1811999,FMHS,-174443.0
2022-06-30,2649.0,,1811999,FMHS,-246743.0
2022-03-31,0.0,,1811999,FMHS,-218409.0
2021-09-30,149.0,,1811999,FMHS,-248486.0
2021-06-30,546.0,,1811999,FMHS,-244682.0
2021-03-31,11350.0,,1811999,FMHS,-129417.0
2020-09-30,5000.0,,1811999,FMHS,-151698.0
2020-06-30,2940.0,,1811999,FMHS,-115801.0
2020-03-31,0.0,,1811999,FMHS,-159856.0
2019-09-30,0.0,,1811999,FMHS,-147422.0
2024-12-31,0.0,,1811999,FMHS,-86933.0
2025-12-31,623.0,,1811999,FMHS,-107431.0
2023-12-31,4521.0,,1811999,FMHS,-106800.0
2022-12-31,2638.0,,1811999,FMHS,-140037.0
2021-12-31,198.0,,1811999,FMHS,-347838.0
2020-12-31,8751.0,,1811999,FMHS,-581336.0
2019-12-31,0.0,,1815632,TGCB,-25125.0
2020-03-31,1275.0,,1815632,TGCB,-11236.0
2020-09-30,2900.0,,1815632,TGCB,-77762.0
2020-12-31,900.0,,1815632,TGCB,-94991.0
2021-03-31,900.0,,1815632,TGCB,-124835.0
2021-06-30,3400.0,,1815632,TGCB,-369230.0
2021-09-30,,,1815632,TGCB,-442997.0
2021-12-31,1050.0,,1815632,TGCB,-527103.0
2022-03-31,2500.0,,1815632,TGCB,-932216.0
2022-06-30,,,1815632,TGCB,-1179453.0
2022-09-30,0.0,,1815632,TGCB,-1125798.0
2022-12-31,0.0,,1815632,TGCB,-983129.0
2023-03-31,0.0,,1815632,TGCB,2627102.0
2023-06-30,0.0,,1815632,TGCB,-6348868.0
2023-09-30,0.0,,1815632,TGCB,-937489.0
2023-12-31,10731.0,,1815632,TGCB,-1003299.0
2024-03-31,0.0,,1815632,TGCB,681455.0
2025-06-30,189021000.0,,1819928,DV,13548000.0
2026-06-30,193789000.0,,1819928,DV,23025000.0
2025-03-31,165061000.0,,1819928,DV,6763000.0
2026-03-31,180825000.0,,1819928,DV,15636000.0
2024-09-30,169556000.0,,1819928,DV,25724000.0
2025-09-30,188621000.0,,1819928,DV,21104000.0
2024-06-30,155890000.0,,1819928,DV,11049000.0
2024-03-31,140782000.0,,1819928,DV,6895000.0
2023-09-30,143974000.0,,1819928,DV,18236000.0
2023-06-30,133744000.0,,1819928,DV,14644000.0
2023-03-31,122594000.0,,1819928,DV,15204000.0
2022-09-30,112254000.0,,1819928,DV,14397000.0
2022-06-30,109805000.0,,1819928,DV,13168000.0
2022-03-31,96723000.0,,1819928,DV,2859000.0
2021-09-30,83098000.0,,1819928,DV,11808000.0
2021-06-30,76524000.0,,1819928,DV,-9924000.0
2021-03-31,67586000.0,,1819928,DV,8778000.0
2020-09-30,61037000.0,,1819928,DV,5768000.0
2020-06-30,53020000.0,,1819928,DV,7218000.0
2020-03-31,51219000.0,,1819928,DV,4629000.0
2023-12-31,172231000.0,,1819928,DV,37643000.0
2024-12-31,190621000.0,,1819928,DV,38752000.0
2025-12-31,205588000.0,,1819928,DV,37783000.0
2022-12-31,133636000.0,,1819928,DV,28600000.0
2021-12-31,105533000.0,,1819928,DV,16022000.0
2020-12-31,78641000.0,,1819928,DV,3740000.0
2021-03-31,,,1820144,GRND,-184784.0
2021-06-30,,,1820144,GRND,-650003.0
2021-09-30,,,1820144,GRND,-666952.0
2021-12-31,,,1820144,GRND,25211739.0
2022-03-31,43530000.0,10378000.0,1820144,GRND,8778000.0
2022-06-30,46555000.0,23234000.0,1820144,GRND,-2048000.0
2022-09-30,50402000.0,20325000.0,1820144,GRND,3866000.0
2022-12-31,54528000.0,21358000.0,1820144,GRND,2439000.0
2023-03-31,55809000.0,18945000.0,1820144,GRND,8591000.0
2023-06-30,61538000.0,17158000.0,1820144,GRND,13930000.0
2023-09-30,70258000.0,16420000.0,1820144,GRND,16572000.0
2023-12-31,72086000.0,27894000.0,1820144,GRND,16355000.0
2024-03-31,75345000.0,26609000.0,1820144,GRND,19256000.0
2024-06-30,82345000.0,24802000.0,1820144,GRND,24555000.0
2024-09-30,89325000.0,24976000.0,1820144,GRND,28387000.0
2024-12-31,97621000.0,38355000.0,1820144,GRND,20400000.0
2025-03-31,93938000.0,30240000.0,1820144,GRND,25392000.0
2025-06-30,104220000.0,36457000.0,1820144,GRND,24346000.0
2025-09-30,115766000.0,29256000.0,1820144,GRND,45241000.0
2025-12-31,125974000.0,47310000.0,1820144,GRND,31309000.0
2026-03-31,129941000.0,37703000.0,1820144,GRND,42727000.0
2026-06-30,138138000.0,49869000.0,1820144,GRND,32502000.0
2022-09-30,2653000.0,31119000.0,1823593,TSPH,-118833000.0
2023-09-30,0.0,26335000.0,1823593,TSPH,-70657000.0
2022-03-31,2264000.0,32215000.0,1823593,TSPH,-112198000.0
2022-06-30,2594000.0,22017000.0,1823593,TSPH,-110709000.0
2023-03-31,215000.0,28687000.0,1823593,TSPH,-90582000.0
2023-06-30,92000.0,28735000.0,1823593,TSPH,-87395000.0
2021-09-30,1785000.0,29741000.0,1823593,TSPH,-115949000.0
2021-06-30,1482000.0,43466000.0,1823593,TSPH,-120857000.0
2021-03-31,944000.0,15902000.0,1823593,TSPH,-58638000.0
2020-09-30,584000.0,459000.0,1823593,TSPH,-76517000.0
2020-06-30,263000.0,243000.0,1823593,TSPH,-28023000.0
2020-03-31,259000.0,437000.0,1823593,TSPH,-25857000.0
2020-12-31,737000.0,37474000.0,1823593,TSPH,-43667000.0
2021-12-31,2050000.0,28967000.0,1823593,TSPH,-115907000.0
2022-12-31,1858000.0,41702000.0,1823593,TSPH,-147323000.0
2020-09-30,,,1824920,IONQ,-3576000.0
2021-03-31,125000.0,,1824920,IONQ,-7338000.0
2021-06-30,93000.0,,1824920,IONQ,-9988000.0
2021-09-30,233000.0,,1824920,IONQ,-10524000.0
2021-12-31,1648000.0,,1824920,IONQ,-10837000.0
2022-03-31,1953000.0,,1824920,IONQ,-18284000.0
2022-06-30,2608000.0,,1824920,IONQ,-18928000.0
2022-09-30,2763000.0,,1824920,IONQ,-24911000.0
2022-12-31,3807000.0,,1824920,IONQ,-23623000.0
2023-03-31,4285000.0,,1824920,IONQ,-28023000.0
2023-06-30,5515000.0,,1824920,IONQ,-33089000.0
2023-09-30,6136000.0,,1824920,IONQ,-42194000.0
2023-12-31,6106000.0,,1824920,IONQ,-54448000.0
2024-03-31,7582000.0,,1824920,IONQ,-52876000.0
2024-06-30,11381000.0,,1824920,IONQ,-48941000.0
2024-09-30,12400000.0,,1824920,IONQ,-53135000.0
2024-12-31,11710000.0,,1824920,IONQ,-77503000.0
2025-03-31,7566000.0,,1824920,IONQ,-75679000.0
2025-06-30,20694000.0,,1824920,IONQ,-160592000.0
2025-09-30,39866000.0,,1824920,IONQ,-168813000.0
2025-12-31,61890000.0,,1824920,IONQ,-228631000.0
2026-03-31,64668000.0,,1824920,IONQ,-271507000.0
2026-06-30,80050000.0,,1824920,IONQ,-337243000.0
2025-06-30,3148209.0,2066796.0,1825452,ONFO,-506523.0
2026-06-30,1497555.0,1142648.0,1825452,ONFO,-965508.0
2025-03-31,2811943.0,2221346.0,1825452,ONFO,-785541.0
2026-03-31,1866865.0,1320786.0,1825452,ONFO,-833355.0
2024-09-30,2011772.0,1319743.0,1825452,ONFO,-331337.0
2025-09-30,2742033.0,1827753.0,1825452,ONFO,-268067.0
2024-06-30,1726599.0,1351655.0,1825452,ONFO,-606425.0
2024-03-31,1586902.0,1185184.0,1825452,ONFO,-455379.0
2023-09-30,1313311.0,1532152.0,1825452,ONFO,-4740623.0
2023-06-30,1310043.0,1572825.0,1825452,ONFO,-1308027.0
2023-03-31,1351734.0,1696380.0,1825452,ONFO,-1351166.0
2022-09-30,352300.0,974998.0,1825452,ONFO,-988190.0
2022-06-30,357822.0,1035463.0,1825452,ONFO,-1210811.0
2022-03-31,385923.0,797490.0,1825452,ONFO,-756930.0
2021-09-30,390423.0,683829.0,1825452,ONFO,-578886.0
2024-12-31,2536804.0,1861661.0,1825452,ONFO,-1114707.0
2025-12-31,2028033.0,1351274.0,1825452,ONFO,-1198234.0
2023-12-31,1264898.0,1180244.0,1825452,ONFO,-1843028.0
2022-12-31,1123770.0,1463914.0,1825452,ONFO,-1155214.0
2020-12-31,,,1826671,,-1893.0
2021-03-31,,,1826671,,-333548.0
2021-06-30,,,1826671,,-311579.0
2021-09-30,,,1826671,,-286833.0
2021-12-31,,,1826671,,-673952.0
2022-03-31,14058602.0,3005320.0,1826671,,-5196757.0
2022-06-30,14839350.0,,1826671,,-69382614.0
2022-09-30,,,1826671,,-643147.0
2022-12-31,,,1826671,,71322216.0
2023-03-31,15507718.0,16514761.0,1826671,,-22337996.0
2023-06-30,17709408.0,,1826671,,-16094475.0
2025-06-30,696000000.0,,1828016,PLTK,109700000.0
2026-06-30,731100000.0,,1828016,PLTK,134600000.0
2025-03-31,706000000.0,,1828016,PLTK,67800000.0
2026-03-31,744700000.0,,1828016,PLTK,-49600000.0
2024-09-30,620800000.0,,1828016,PLTK,97500000.0
2025-09-30,674600000.0,,1828016,PLTK,98400000.0
2024-06-30,627000000.0,,1828016,PLTK,140700000.0
2024-03-31,651200000.0,,1828016,PLTK,98100000.0
2023-09-30,630100000.0,,1828016,PLTK,90000000.0
2023-06-30,642800000.0,,1828016,PLTK,139200000.0
2023-03-31,656200000.0,,1828016,PLTK,152400000.0
2022-09-30,647800000.0,,1828016,PLTK,131400000.0
2022-06-30,659600000.0,,1828016,PLTK,91300000.0
2022-03-31,676900000.0,,1828016,PLTK,120400000.0
2021-09-30,635900000.0,,1828016,PLTK,154500000.0
2021-06-30,659200000.0,,1828016,PLTK,165400000.0
2021-03-31,638900000.0,,1828016,PLTK,130300000.0
2020-09-30,613300000.0,,1828016,PLTK,203700000.0
2020-06-30,650500000.0,,1828016,PLTK,-72000000.0
2020-03-31,534200000.0,,1828016,PLTK,113200000.0
2023-12-31,637900000.0,,1828016,PLTK,120000000.0
2024-12-31,650300000.0,,1828016,PLTK,55300000.0
2025-12-31,678800000.0,,1828016,PLTK,-281000000.0
2022-12-31,631200000.0,,1828016,PLTK,128300000.0
2021-12-31,649000000.0,,1828016,PLTK,112000000.0
2020-12-31,573500000.0,,1828016,PLTK,142300000.0
2021-03-31,0.0,32680000.0,1828108,AUR,-191789000.0
2021-06-30,0.0,21646000.0,1828108,AUR,-181458000.0
2021-09-30,55599000.0,25898000.0,1828108,AUR,-128434000.0
2021-12-31,26401000.0,35776000.0,1828108,AUR,-229319000.0
2022-03-31,42000000.0,31000000.0,1828108,AUR,-143000000.0
2022-06-30,21000000.0,34000000.0,1828108,AUR,-1197000000.0
2022-09-30,2897000.0,33000000.0,1828108,AUR,-200000000.0
2022-12-31,2103000.0,31000000.0,1828108,AUR,-312000000.0
2023-03-31,0.0,31000000.0,1828108,AUR,-208000000.0
2023-06-30,0.0,30000000.0,1828108,AUR,-217000000.0
2023-09-30,,30000000.0,1828108,AUR,-212000000.0
2023-12-31,,28000000.0,1828108,AUR,-198000000.0
2024-03-31,,27000000.0,1828108,AUR,-193000000.0
2024-06-30,0.0,28000000.0,1828108,AUR,-198000000.0
2024-09-30,0.0,27000000.0,1828108,AUR,-196000000.0
2024-12-31,,28000000.0,1828108,AUR,-199000000.0
2025-03-31,0.0,29000000.0,1828108,AUR,-211000000.0
2025-06-30,1000000.0,36000000.0,1828108,AUR,-230000000.0
2025-09-30,1000000.0,38000000.0,1828108,AUR,-222000000.0
2025-12-31,1000000.0,39000000.0,1828108,AUR,-238000000.0
2026-03-31,1000000.0,44000000.0,1828108,AUR,-244000000.0
2026-06-30,2000000.0,50000000.0,1828108,AUR,-266000000.0
2025-06-30,77853000.0,,1828791,DSP,12000.0
2026-06-30,104254000.0,,1828791,DSP,-3852000.0
2025-03-31,70642000.0,,1828791,DSP,-4859000.0
2026-03-31,88538000.0,,1828791,DSP,-3958000.0
2024-09-30,79922000.0,,1828791,DSP,4038000.0
2025-09-30,85582000.0,,1828791,DSP,4231000.0
2024-06-30,65866000.0,,1828791,DSP,-771000.0
2024-03-31,53393000.0,,1828791,DSP,-5692000.0
2023-09-30,59585000.0,,1828791,DSP,-2819000.0
2023-06-30,57223000.0,,1828791,DSP,-5251000.0
2023-03-31,41720000.0,,1828791,DSP,-11108000.0
2022-09-30,48830000.0,,1828791,DSP,-12875000.0
2022-06-30,51200000.0,,1828791,DSP,-13772000.0
2022-03-31,42629000.0,,1828791,DSP,-13407000.0
2021-09-30,50857000.0,,1828791,DSP,-11812000.0
2021-06-30,50411000.0,,1828791,DSP,-23963000.0
2021-03-31,40144000.0,,1828791,DSP,-14705000.0
2020-09-30,40205000.0,,1828791,DSP,7753000.0
2020-06-30,30425000.0,,1828791,DSP,219000.0
2020-03-31,38160000.0,,1828791,DSP,621000.0
2023-12-31,64406000.0,,1828791,DSP,882000.0
2024-12-31,90054000.0,,1828791,DSP,5903000.0
2025-12-31,110124000.0,,1828791,DSP,12694000.0
2022-12-31,54509000.0,,1828791,DSP,-9206000.0
2021-12-31,82715000.0,,1828791,DSP,7685000.0
2020-12-31,56461000.0,,1828791,DSP,13174000.0
2025-03-31,7056116.0,,1829280,,-1394665.0
2026-03-31,6851095.0,,1829280,,-3487733.0
2024-09-30,4686312.0,,1829280,,-795829.0
2025-09-30,7762183.0,,1829280,,-469885.0
2024-06-30,4777101.0,,1829280,,-2970478.0
2025-06-30,7476140.0,,1829280,,46076.0
2024-03-31,4877378.0,,1829280,,-1772350.0
2023-03-31,5075804.0,,1829280,,-2202922.0
2023-06-30,5098959.0,,1829280,,-1303665.0
2023-09-30,5531802.0,,1829280,,-642268.0
2022-09-30,4310694.0,,1829280,,-2840504.0
2022-06-30,3602913.0,,1829280,,-3928176.0
2022-03-31,3534861.0,,1829280,,-10325002.0
2021-09-30,4961755.0,,1829280,,-7348901.0
2021-06-30,4547985.0,,1829280,,-6984950.0
2021-03-31,1620609.0,,1829280,,-5116515.0
2020-09-30,159504.0,,1829280,,-1162004.0
2020-06-30,108750.0,,1829280,,-792383.0
2020-03-31,66667.0,,1829280,,-680099.0
2024-12-31,5812472.0,,1829280,,-1448304.0
2025-12-31,7962480.0,,1829280,,-1945778.0
2023-12-31,5510419.0,,1829280,,-784069.0
2022-12-31,4969673.0,,1829280,,-1859128.0
2021-12-31,5749366.0,,1829280,,-8166391.0
2020-12-31,209950.0,,1829280,,-2349271.0
2025-06-30,294086000.0,68406000.0,1829864,TASK,30362000.0
2026-06-30,308855000.0,54641000.0,1829864,TASK,33311000.0
2025-03-31,277792000.0,57424000.0,1829864,TASK,34238000.0
2026-03-31,306266000.0,58284000.0,1829864,TASK,34208000.0
2024-09-30,255345000.0,62650000.0,1829864,TASK,24194000.0
2025-09-30,298713000.0,59699000.0,1829864,TASK,37941000.0
2024-06-30,237928000.0,56276000.0,1829864,TASK,22722000.0
2024-03-31,227470000.0,52904000.0,1829864,TASK,23558000.0
2023-09-30,225626000.0,57114000.0,1829864,TASK,22944000.0
2023-06-30,229169000.0,58175000.0,1829864,TASK,22169000.0
2023-03-31,235306000.0,64294000.0,1829864,TASK,18400000.0
2022-09-30,232130000.0,62348000.0,1829864,TASK,20731000.0
2022-06-30,246459000.0,68919000.0,1829864,TASK,19373000.0
2022-03-31,239680000.0,64247000.0,1829864,TASK,20554000.0
2021-09-30,201053000.0,60342000.0,1829864,TASK,16129000.0
2021-06-30,180022000.0,177810000.0,1829864,TASK,-113028000.0
2021-03-31,152871000.0,31498000.0,1829864,TASK,22401000.0
2020-09-30,122425000.0,32190000.0,1829864,TASK,16295000.0
2020-06-30,114400000.0,25709000.0,1829864,TASK,10459000.0
2023-12-31,234264000.0,48940000.0,1829864,TASK,31525000.0
2024-12-31,274242000.0,67755000.0,1829864,TASK,21950000.0
2025-12-31,312956000.0,59359000.0,1829864,TASK,38085000.0
2022-12-31,242220000.0,64489000.0,1829864,TASK,23239000.0
2021-12-31,226757000.0,65662000.0,1829864,TASK,20216000.0
2025-06-30,248229000.0,,1830043,BMBL,-338343000.0
2026-06-30,210526000.0,,1830043,BMBL,-112009000.0
2025-03-31,247101000.0,,1830043,BMBL,44650000.0
2026-03-31,212383000.0,,1830043,BMBL,65254000.0
2024-09-30,273605000.0,,1830043,BMBL,-838187000.0
2025-09-30,246163000.0,,1830043,BMBL,63658000.0
2024-06-30,268615000.0,,1830043,BMBL,51954000.0
2024-03-31,267775000.0,,1830043,BMBL,48790000.0
2023-09-30,275510000.0,,1830043,BMBL,30000000.0
2023-06-30,259735000.0,,1830043,BMBL,21171000.0
2023-03-31,242948000.0,,1830043,BMBL,9064000.0
2022-09-30,232639000.0,,1830043,BMBL,28344000.0
2022-06-30,219206000.0,,1830043,BMBL,-2768000.0
2022-03-31,210030000.0,,1830043,BMBL,19019000.0
2021-09-30,199147000.0,,1830043,BMBL,-8202000.0
2021-06-30,186217000.0,,1830043,BMBL,-9498000.0
2021-03-31,170713000.0,,1830043,BMBL,-112396000.0
2020-09-30,162300000.0,,1830043,BMBL,-5189000.0
2020-06-30,135142000.0,,1830043,BMBL,4525000.0
2023-12-31,273637000.0,,1830043,BMBL,-6862000.0
2024-12-31,261648000.0,,1830043,BMBL,36969000.0
2025-12-31,224165000.0,,1830043,BMBL,-575743000.0
2022-12-31,241628000.0,,1830043,BMBL,-147439000.0
2021-12-31,204833000.0,,1830043,BMBL,-4587000.0
2020-09-30,,,1830081,RUM,-938.0
2021-03-31,,,1830081,RUM,-185484.0
2021-06-30,,,1830081,RUM,-415938.0
2021-09-30,2069473.0,,1830081,RUM,-1572526.0
2021-12-31,,,1830081,RUM,-8338465.0
2022-03-31,4044765.0,,1830081,RUM,-3922016.0
2022-06-30,4399312.0,,1830081,RUM,-4701664.0
2022-09-30,10983182.0,,1830081,RUM,-7760700.0
2022-12-31,19957025.0,,1830081,RUM,-19215931.0
2023-03-31,17615375.0,,1830081,RUM,-23628384.0
2023-06-30,24974054.0,,1830081,RUM,-34494783.0
2023-09-30,17982150.0,,1830081,RUM,-40215832.0
2023-12-31,20391872.0,,1830081,RUM,-37208013.0
2024-03-31,17733456.0,,1830081,RUM,-35004542.0
2024-06-30,22469543.0,,1830081,RUM,-38813572.0
2024-09-30,25056904.0,,1830081,RUM,-32817464.0
2024-12-31,30228287.0,,1830081,RUM,-24217993.0
2025-03-31,23706790.0,,1830081,RUM,-36383269.0
2025-06-30,25084631.0,,1830081,RUM,-26639241.0
2025-09-30,24762445.0,,1830081,RUM,-28142085.0
2025-12-31,27068454.0,,1830081,RUM,-35489010.0
2026-03-31,25459796.0,,1830081,RUM,-39096822.0
2026-06-30,40366736.0,,1830081,RUM,-70782963.0
2020-03-31,,,1833908,,-609921.0
2020-06-30,,,1833908,,-674111.0
2020-09-30,,,1833908,,-706155.0
2020-12-31,,,1833908,,-1515720.0
2021-03-31,17450.0,,1833908,,-2364935.0
2021-06-30,936.0,,1833908,,-3756269.0
2021-09-30,112.0,,1833908,,-5093286.0
2021-12-31,7967.0,,1833908,,-6971745.0
2022-03-31,63303.0,,1833908,,-5294630.0
2022-06-30,129302.0,,1833908,,-5297606.0
2025-06-30,38308000.0,,1837014,SMRT,-11685000.0
2026-06-30,39844000.0,,1837014,SMRT,-6461000.0
2025-03-31,41344000.0,,1837014,SMRT,-41289000.0
2026-03-31,38683000.0,,1837014,SMRT,-5094000.0
2024-09-30,40510000.0,,1837014,SMRT,-11737000.0
2025-09-30,36202000.0,,1837014,SMRT,-7027000.0
2024-06-30,48518000.0,,1837014,SMRT,-6918000.0
2024-03-31,50489000.0,,1837014,SMRT,-10159000.0
2023-09-30,58104000.0,,1837014,SMRT,-9947000.0
2023-06-30,53402000.0,,1837014,SMRT,-12087000.0
2023-03-31,65079000.0,,1837014,SMRT,-15294000.0
2022-09-30,47502000.0,,1837014,SMRT,-26665000.0
2022-06-30,42409000.0,,1837014,SMRT,-27013000.0
2022-03-31,37359000.0,,1837014,SMRT,-28303000.0
2021-09-30,35132000.0,,1837014,SMRT,-26527000.0
2021-06-30,21677000.0,,1837014,SMRT,-9998000.0
2021-03-31,19160000.0,,1837014,SMRT,-9218000.0
2020-09-30,16588000.0,,1837014,SMRT,-8102000.0
2023-12-31,60253000.0,,1837014,SMRT,-5831000.0
2024-12-31,35368000.0,,1837014,SMRT,-12958000.0
2025-12-31,36472000.0,,1837014,SMRT,-3975000.0
2022-12-31,40551000.0,,1837014,SMRT,-22270000.0
2021-12-31,34668000.0,,1837014,SMRT,-25909000.0
2024-09-30,104564000.0,,1837686,,7365000.0
2025-09-30,105756000.0,,1837686,,-4591000.0
2024-06-30,104376000.0,,1837686,,7461000.0
2025-06-30,104650000.0,,1837686,,3724000.0
2024-03-31,104910000.0,,1837686,,2589000.0
2025-03-31,103034000.0,,1837686,,-6092000.0
2023-09-30,106253000.0,,1837686,,5683000.0
2023-06-30,101835000.0,,1837686,,4595000.0
2023-03-31,103582000.0,,1837686,,-2805000.0
2022-09-30,108133000.0,,1837686,,-22882000.0
2022-06-30,110977000.0,,1837686,,-27297000.0
2022-03-31,108354000.0,,1837686,,-26255000.0
2021-09-30,100090000.0,,1837686,,-11514000.0
2021-06-30,96046000.0,,1837686,,-20312000.0
2021-03-31,89422000.0,,1837686,,-5598000.0
2020-09-30,75130000.0,,1837686,,-7531000.0
2020-06-30,67334000.0,,1837686,,-12346000.0
2022-12-31,105564000.0,,1837686,,-6504000.0
2023-12-31,105544000.0,,1837686,,5574000.0
2024-12-31,103156000.0,,1837686,,1268000.0
2021-12-31,106120000.0,,1837686,,-23592000.0
2021-03-31,,,1838163,BNAI,-160016.0
2021-06-30,,,1838163,BNAI,-752597.0
2021-09-30,,,1838163,BNAI,-549272.0
2021-12-31,,,1838163,BNAI,-851046.0
2022-03-31,,,1838163,BNAI,-1702762.0
2022-06-30,,,1838163,BNAI,-243574.0
2022-09-30,,,1838163,BNAI,-2620236.0
2022-12-31,,,1838163,BNAI,-824236.0
2023-03-31,0.0,,1838163,BNAI,-2637956.0
2023-06-30,0.0,,1838163,BNAI,-3076802.0
2023-09-30,0.0,,1838163,BNAI,-2567613.0
2023-12-31,35210.0,,1838163,BNAI,-3398143.0
2024-03-31,49790.0,,1838163,BNAI,-6798763.0
2024-06-30,0.0,,1838163,BNAI,-6292945.0
2024-09-30,50000.0,,1838163,BNAI,-5279512.0
2024-12-31,0.0,,1838163,BNAI,-18102751.0
2025-03-31,10000.0,,1838163,BNAI,-4154092.0
2025-06-30,5000.0,,1838163,BNAI,-2825308.0
2025-09-30,60120.0,,1838163,BNAI,-2316613.0
2025-12-31,200000.0,,1838163,BNAI,-3330136.0
2026-03-31,104311.0,,1838163,BNAI,-3333948.0
2026-06-30,56562.0,,1838163,BNAI,-3530894.0
2021-03-31,2360000.0,,1838359,RGTI,-7680000.0
2021-06-30,1540000.0,,1838359,RGTI,-9676000.0
2021-09-30,2919000.0,,1838359,RGTI,-9169000.0
2021-12-31,,,1838359,RGTI,21620079.0
2022-03-31,2104000.0,,1838359,RGTI,-25272000.0
2022-06-30,2134000.0,,1838359,RGTI,-25758000.0
2022-09-30,2804000.0,,1838359,RGTI,-31324000.0
2022-12-31,6060000.0,,1838359,RGTI,-26726000.0
2023-03-31,2201000.0,,1838359,RGTI,-22020000.0
2023-06-30,,,1838359,RGTI,-16236000.0
2023-09-30,,,1838359,RGTI,-16832000.0
2023-12-31,,,1838359,RGTI,-17207000.0
2024-03-31,,,1838359,RGTI,-16585000.0
2024-06-30,,,1838359,RGTI,-16085000.0
2024-09-30,,5798000.0,1838359,RGTI,-17346000.0
2024-12-31,,,1838359,RGTI,-18494000.0
2025-03-31,,6619000.0,1838359,RGTI,-21632000.0
2025-06-30,,6926000.0,1838359,RGTI,-19882000.0
2025-09-30,,5933000.0,1838359,RGTI,-20549000.0
2025-12-31,,,1838359,RGTI,-22597000.0
2026-03-31,,7372000.0,1838359,RGTI,-25951000.0
2026-06-30,,9522000.0,1838359,RGTI,-28062000.0
2023-03-31,32674000.0,,1838672,,-3247000.0
2024-03-31,34857000.0,,1838672,,-5599000.0
2022-09-30,37584000.0,,1838672,,-1808000.0
2023-09-30,40890000.0,,1838672,,-155000.0
2022-06-30,42476000.0,,1838672,,1283000.0
2023-06-30,37587000.0,,1838672,,-729000.0
2022-03-31,34241000.0,,1838672,,-3747000.0
2021-09-30,39534000.0,,1838672,,5122000.0
2021-06-30,39867000.0,,1838672,,2535000.0
2021-03-31,30967000.0,,1838672,,3421000.0
2022-12-31,51781000.0,,1838672,,5551000.0
2023-12-31,59658000.0,,1838672,,1381000.0
2021-12-31,54997000.0,,1838672,,-10099000.0
2025-06-30,3558000.0,,1839285,HCTI,-1359000.0
2026-06-30,9193000.0,,1839285,HCTI,-4071000.0
2025-03-31,3704000.0,,1839285,HCTI,-1398000.0
2026-03-31,9855000.0,,1839285,HCTI,-3623000.0
2024-09-30,2413000.0,,1839285,HCTI,-1167000.0
2025-09-30,3489000.0,,1839285,HCTI,-2591000.0
2024-06-30,2984000.0,,1839285,HCTI,-1378000.0
2024-03-31,4109000.0,,1839285,HCTI,-1713000.0
2023-09-30,7779000.0,,1839285,HCTI,-1524000.0
2023-06-30,8526000.0,,1839285,HCTI,-1595000.0
2023-03-31,9838000.0,,1839285,HCTI,-3209000.0
2022-09-30,11950000.0,,1839285,HCTI,-2247000.0
2022-06-30,11588000.0,,1839285,HCTI,-1433000.0
2022-03-31,11056000.0,,1839285,HCTI,-1974000.0
2021-09-30,8078000.0,,1839285,HCTI,-1770000.0
2021-06-30,10050000.0,,1839285,HCTI,469000.0
2021-03-31,7953000.0,,1839285,HCTI,-716000.0
2020-09-30,7360560.0,,1839285,HCTI,191310.0
2024-12-31,2190000.0,,1839285,HCTI,-493000.0
2025-12-31,3140000.0,,1839285,HCTI,-4441000.0
2023-12-31,7060000.0,,1839285,HCTI,-1367000.0
2022-12-31,11292000.0,,1839285,HCTI,-10669000.0
2021-12-31,9189000.0,,1839285,HCTI,-3341000.0
2021-06-30,,,1840317,VEEA,-822896.0
2021-09-30,,,1840317,VEEA,-481907.0
2022-03-31,,,1840317,VEEA,-509076.0
2022-06-30,,,1840317,VEEA,-1544496.0
2022-09-30,,,1840317,VEEA,-633050.0
2022-12-31,,,1840317,VEEA,-1387815.0
2023-03-31,,,1840317,VEEA,-1153282.0
2023-06-30,,,1840317,VEEA,-578954.0
2023-09-30,9009254.0,,1840317,VEEA,3353440.0
2023-12-31,,,1840317,VEEA,-11981043.0
2024-03-31,16770.0,,1840317,VEEA,-6090392.0
2024-06-30,40811.0,,1840317,VEEA,-6837497.0
2024-09-30,50683.0,,1840317,VEEA,-57497381.0
2024-12-31,33496.0,,1840317,VEEA,-13652280.0
2025-03-31,14262.0,,1840317,VEEA,-5767483.0
2025-06-30,72927.0,,1840317,VEEA,-4920943.0
2025-09-30,144926.0,,1840317,VEEA,-4662659.0
2025-12-31,-10097.0,,1840317,VEEA,-3484250.0
2026-03-31,180417.0,,1840317,VEEA,-5030241.0
2026-06-30,176221.0,,1840317,VEEA,-7144859.0
2025-06-30,465474000.0,,1840502,TBLA,44000.0
2026-06-30,476826000.0,,1840502,TBLA,7259000.0
2025-03-31,427493000.0,,1840502,TBLA,-6262000.0
2026-03-31,466395000.0,,1840502,TBLA,69384000.0
2024-09-30,433012000.0,,1840502,TBLA,4558000.0
2025-09-30,496764000.0,,1840502,TBLA,6505000.0
2024-06-30,428160000.0,,1840502,TBLA,-7631000.0
2024-03-31,414008000.0,,1840502,TBLA,-18233000.0
2023-09-30,360221000.0,,1840502,TBLA,-18734000.0
2023-06-30,332004000.0,,1840502,TBLA,-25000000.0
2023-03-31,327686000.0,,1840502,TBLA,-28798000.0
2022-09-30,332462000.0,,1840502,TBLA,-21450000.0
2022-06-30,342695000.0,,1840502,TBLA,-9551000.0
2022-03-31,354726000.0,,1840502,TBLA,-7699000.0
2023-12-31,419774000.0,,1840502,TBLA,8795000.0
2024-12-31,491040000.0,,1840502,TBLA,47223000.0
2025-12-31,522309000.0,,1840502,TBLA,43770000.0
2022-12-31,371267000.0,,1840502,TBLA,25035000.0
2022-03-31,24215211.0,684577.0,1841209,HOLO,3275527.0
2023-03-31,6579731.0,1108925.0,1841209,HOLO,-3805127.0
2022-09-30,24243082.0,879875.0,1841209,HOLO,1026707.0
2021-09-30,,,1842563,,-538.0
2022-03-31,,,1842563,,-810.0
2022-06-30,,,1842563,,2936.0
2022-09-30,,,1842563,,-2935.0
2022-12-31,,,1842563,,7139.0
2023-03-31,1480.0,,1842563,,-5991.0
2023-06-30,10194.0,,1842563,,-2293.0
2023-09-30,7910.0,,1842563,,3101.0
2023-12-31,,,1842563,,3711.0
2024-03-31,,,1842563,,-14509.0
2024-06-30,,,1842563,,-7448.0
2024-09-30,,,1842563,,-10817.0
2024-12-31,,,1842563,,-22251.0
2025-03-31,21264.0,,1842563,,22.0
2025-06-30,17142.0,,1842563,,-23366.0
2025-09-30,,,1842563,,-20999.0
2025-12-31,,,1842563,,-31025.0
2026-03-31,,,1842563,,-29266.0
2026-06-30,,,1842563,,-15146.0
2024-09-30,133528000.0,,1842718,,20187000.0
2025-09-30,154358000.0,,1842718,,7574000.0
2024-06-30,129005000.0,,1842718,,14149000.0
2025-06-30,149204000.0,,1842718,,20952000.0
2024-03-31,114530000.0,,1842718,,537000.0
2025-03-31,134066000.0,,1842718,,11451000.0
2023-09-30,120331000.0,,1842718,,9201000.0
2023-06-30,113651000.0,,1842718,,-18209000.0
2023-03-31,106092000.0,,1842718,,9589000.0
2022-09-30,101343000.0,,1842718,,-2308000.0
2022-06-30,100328000.0,,1842718,,6746000.0
2022-03-31,89242000.0,,1842718,,3410000.0
2021-09-30,79014000.0,,1842718,,-1204000.0
2021-06-30,75075000.0,,1842718,,-32941000.0
2021-03-31,66952000.0,,1842718,,3276000.0
2020-09-30,59964000.0,,1842718,,1861000.0
2020-06-30,48320000.0,,1842718,,-14275000.0
2022-12-31,117435000.0,,1842718,,7309000.0
2023-12-31,134295000.0,,1842718,,16511000.0
2024-12-31,153038000.0,,1842718,,25513000.0
2021-12-31,102472000.0,,1842718,,-2141000.0
2025-06-30,65093000.0,,1846069,NXDR,-20276000.0
2026-06-30,74554000.0,,1846069,NXDR,-5666000.0
2025-03-31,54176000.0,,1846069,NXDR,-27013000.0
2026-03-31,61669000.0,,1846069,NXDR,-15330000.0
2024-09-30,65610000.0,,1846069,NXDR,-20777000.0
2025-09-30,68898000.0,,1846069,NXDR,-17229000.0
2024-06-30,63292000.0,,1846069,NXDR,-49016000.0
2024-03-31,53146000.0,,1846069,NXDR,-34749000.0
2023-09-30,56092000.0,,1846069,NXDR,-44376000.0
2023-06-30,56889000.0,,1846069,NXDR,-41442000.0
2023-03-31,49771000.0,,1846069,NXDR,-38812000.0
2022-09-30,53954000.0,,1846069,NXDR,-36392000.0
2022-06-30,54541000.0,,1846069,NXDR,-38255000.0
2022-03-31,51000000.0,,1846069,NXDR,-33226000.0
2021-09-30,52705000.0,,1846069,NXDR,-19080000.0
2021-06-30,45778000.0,,1846069,NXDR,-21468000.0
2021-03-31,34387000.0,,1846069,NXDR,-24993000.0
2023-12-31,55557000.0,,1846069,NXDR,-47654000.0
2024-12-31,65228000.0,,1846069,NXDR,-17097000.0
2025-12-31,69479000.0,,1846069,NXDR,-7424000.0
2022-12-31,53270000.0,,1846069,NXDR,-36331000.0
2021-12-31,59327000.0,,1846069,NXDR,-29265000.0
2021-04-30,20000.0,,1848672,GDLG,-13708.0
2021-07-31,4500.0,,1848672,GDLG,-1010.0
2021-10-31,,,1848672,GDLG,3810.0
2022-01-31,,,1848672,GDLG,11650.0
2022-04-30,0.0,,1848672,GDLG,-3630.0
2022-07-31,48208.0,,1848672,GDLG,-5938.0
2022-10-31,94126.0,,1848672,GDLG,-1511.0
2023-01-31,100726.0,,1848672,GDLG,-3529.0
2023-04-30,0.0,,1848672,GDLG,-8750.0
2023-07-31,30000.0,,1848672,GDLG,5848.0
2023-10-31,0.0,,1848672,GDLG,-10773.0
2024-01-31,0.0,,1848672,GDLG,-14459.0
2024-04-30,32.0,,1848672,GDLG,-6859.0
2024-07-31,1356.0,,1848672,GDLG,-11886.0
2024-10-31,21551.0,,1848672,GDLG,11320.0
2025-01-31,10624.0,,1848672,GDLG,-20011.0
2025-04-30,77.0,,1848672,GDLG,-14890.0
2025-07-31,0.0,,1848672,GDLG,-23030.0
2025-10-31,0.0,,1848672,GDLG,-26952.0
2026-01-31,0.0,,1848672,GDLG,-28526.0
2026-04-30,0.0,,1848672,GDLG,-27212.0
2026-07-31,160038.0,,1848672,GDLG,35194.0
2021-03-31,,,1849635,DJT,-485.0
2021-06-30,,,1849635,DJT,-740.0
2021-09-30,,,1849635,DJT,-160072.0
2021-12-31,,,1849635,DJT,-1797081.0
2022-03-31,,,1849635,DJT,3190442.0
2022-06-30,,,1849635,DJT,3479331.0
2022-09-30,,,1849635,DJT,4822023.0
2022-12-31,,,1849635,DJT,-34739096.0
2023-03-31,1116200.0,1836300.0,1849635,DJT,-3845900.0
2023-06-30,1192100.0,2321400.0,1849635,DJT,-3772900.0
2023-09-30,1071300.0,1509000.0,1849635,DJT,-3030000.0
2023-12-31,751500.0,3212000.0,1849635,DJT,-5318600.0
2024-03-31,770500.0,64795100.0,1849635,DJT,-98352600.0
2024-06-30,836900.0,13418600.0,1849635,DJT,-18658500.0
2024-09-30,1010900.0,17697000.0,1849635,DJT,-23654700.0
2024-12-31,1000500.0,34706100.0,1849635,DJT,-45373100.0
2025-03-31,821200.0,25178000.0,1849635,DJT,-39535000.0
2025-06-30,883300.0,28617900.0,1849635,DJT,-43508000.0
2025-09-30,972900.0,31056100.0,1849635,DJT,-57658400.0
2025-12-31,1005200.0,34281400.0,1849635,DJT,-432342300.0
2026-03-31,871200.0,37937000.0,1849635,DJT,-293487900.0
2026-06-30,1669700.0,,1849635,DJT,-163504000.0
2022-06-30,,,1853138,KDK,-313.0
2022-09-30,,,1853138,KDK,-312.0
2023-03-31,,,1853138,KDK,-300.0
2023-06-30,,,1853138,KDK,-307287.0
2023-09-30,,,1853138,KDK,-383929.0
2023-12-31,,,1853138,KDK,-53157484.0
2024-03-31,,,1853138,KDK,-455512.0
2024-06-30,,,1853138,KDK,-373422.0
2024-09-30,400000.0,,1853138,KDK,-18208000.0
2024-12-31,,,1853138,KDK,-9460000.0
2025-03-31,1471000.0,,1853138,KDK,-18599000.0
2025-06-30,503000.0,,1853138,KDK,-25347000.0
2025-09-30,770000.0,,1853138,KDK,-29969000.0
2025-12-31,1053000.0,,1853138,KDK,-38710000.0
2026-03-31,1830000.0,,1853138,KDK,-37851000.0
2026-06-30,3499000.0,,1853138,KDK,-43677000.0
2021-09-30,,,1853825,DTCX,-290165.0
2022-03-31,3494.0,,1853825,DTCX,-219929.0
2022-06-30,1398.0,,1853825,DTCX,-270695.0
2022-09-30,1632.0,,1853825,DTCX,-292935.0
2022-12-31,-4103.0,,1853825,DTCX,-427055.0
2023-03-31,1770.0,,1853825,DTCX,-720305.0
2023-06-30,580.0,,1853825,DTCX,-708273.0
2023-09-30,72.0,,1853825,DTCX,-718445.0
2023-12-31,-374.0,,1853825,DTCX,-372007.0
2024-03-31,405.0,,1853825,DTCX,-327947.0
2024-06-30,30.0,,1853825,DTCX,-529061.0
2024-09-30,150.0,,1853825,DTCX,-442697.0
2024-12-31,156.0,,1853825,DTCX,-2646217.0
2025-03-31,159625.0,1424.0,1853825,DTCX,-307696.0
2025-06-30,1928587.0,1380.0,1853825,DTCX,-1425105.0
2025-09-30,385.0,,1853825,DTCX,-10594949.0
2025-12-31,4874880.0,,1853825,DTCX,4409379.0
2026-03-31,2179208.0,2157.0,1853825,DTCX,-5017654.0
2026-06-30,1913779.0,1072.0,1853825,DTCX,-4796210.0
2020-09-30,259927.0,,1854445,BTLN,-1239421.0
2020-12-31,1259845.0,,1854445,BTLN,-693382.0
2021-03-31,914779.0,,1854445,BTLN,-1262271.0
2021-06-30,986944.0,,1854445,BTLN,-2755595.0
2021-09-30,1022533.0,,1854445,BTLN,-1396654.0
2021-12-31,1690002.0,,1854445,BTLN,-1575528.0
2022-03-31,2052328.0,,1854445,BTLN,-2376502.0
2022-06-30,2502750.0,,1854445,BTLN,-993928.0
2022-09-30,3951024.0,,1854445,BTLN,-5432881.0
2022-12-31,2950547.0,,1854445,BTLN,1231640.0
2023-03-31,3672390.0,,1854445,BTLN,-5280519.0
2023-06-30,2908403.0,,1854445,BTLN,-19323924.0
2023-09-30,3104880.0,,1854445,BTLN,-170719.0
2023-12-31,2076425.0,,1854445,BTLN,-812465.0
2024-03-31,1895643.0,,1854445,BTLN,-1603307.0
2024-06-30,1727251.0,,1854445,BTLN,-4029568.0
2024-09-30,2438369.0,,1854445,BTLN,-1034903.0
2024-12-31,3168934.0,,1854445,BTLN,6927.0
2025-03-31,1422235.0,,1854445,BTLN,-1584663.0
2025-06-30,-1762852.0,,1854445,BTLN,-129695.0
2025-09-30,1398653.0,,1854445,BTLN,-1337016.0
2025-12-31,1299697.0,,1854445,BTLN,-1261757.0
2026-03-31,657458.0,,1854445,BTLN,-12705607.0
2026-06-30,-3032829.0,,1854445,BTLN,
2025-06-30,31629000.0,,1855747,BLND,-4826000.0
2025-12-31,31629000.0,,1855747,BLND,-4826000.0
2026-06-30,33837000.0,,1855747,BLND,-1576000.0
2025-03-31,26845000.0,,1855747,BLND,-7980000.0
2026-03-31,30843000.0,,1855747,BLND,-5061000.0
2025-09-30,32695000.0,,1855747,BLND,-5347000.0
2024-09-30,33104000.0,,1855747,BLND,-11283000.0
2024-06-30,28696000.0,,1855747,BLND,-13069000.0
2024-03-31,23840000.0,,1855747,BLND,-21221000.0
2023-09-30,40591000.0,,1855747,BLND,-36198000.0
2023-06-30,42815000.0,,1855747,BLND,-36721000.0
2023-03-31,37336000.0,,1855747,BLND,-61436000.0
2022-09-30,55353000.0,,1855747,BLND,-129856000.0
2022-06-30,65539000.0,,1855747,BLND,-471416000.0
2022-03-31,71524000.0,,1855747,BLND,-69748000.0
2021-09-30,89568000.0,,1855747,BLND,-70536000.0
2021-06-30,32062000.0,,1855747,BLND,-39634000.0
2021-03-31,31875000.0,,1855747,BLND,-27207000.0
2020-09-30,27877000.0,,1855747,BLND,-15349000.0
2020-06-30,21920000.0,,1855747,BLND,-20807000.0
2023-12-31,-11193000.0,,1855747,BLND,-9253000.0
2024-12-31,30122000.0,,1855747,BLND,-3272000.0
2022-12-31,42785000.0,,1855747,BLND,-75157000.0
2021-12-31,80990000.0,,1855747,BLND,-59865000.0
2022-04-30,572.0,,1860173,,
2023-04-30,0.0,,1860173,,
2024-04-30,0.0,,1860173,,
2025-04-30,0.0,,1860173,,
2022-01-31,195.0,,1860173,,
2021-10-31,139.0,,1860173,,
2022-07-31,422.0,,1860173,,
2020-09-30,313000.0,,1864448,,-6561000.0
2021-03-31,,,1864448,,-8941000.0
2021-06-30,,,1864448,,-15292000.0
2021-09-30,351000.0,,1864448,,-20964000.0
2021-12-31,,,1864448,,-113560000.0
2022-03-31,568000.0,,1864448,,-32087000.0
2022-06-30,,,1864448,,-31596000.0
2022-09-30,,,1864448,,-25438000.0
2022-12-31,,,1864448,,-30779000.0
2023-03-31,3860000.0,,1864448,,-28291000.0
2023-09-30,280159000.0,81840000.0,1866550,,-9229000.0
2024-09-30,261393000.0,69701000.0,1866550,,-5956000.0
2023-06-30,287215000.0,86626000.0,1866550,,-1623000.0
2024-06-30,251671000.0,79816000.0,1866550,,-22463000.0
2023-03-31,307056000.0,86340000.0,1866550,,5652000.0
2024-03-31,248593000.0,76230000.0,1866550,,-14200000.0
2022-06-30,332107000.0,99352000.0,1866550,,-21922000.0
2022-09-30,332447000.0,91682000.0,1866550,,-8677000.0
2022-03-31,320940000.0,104765000.0,1866550,,-39436000.0
2021-03-31,237662000.0,66511000.0,1866550,,32362000.0
2021-06-30,260432000.0,68514000.0,1866550,,35239000.0
2021-09-30,285051000.0,111289000.0,1866550,,-10755000.0
2021-12-31,286800000.0,87590000.0,1866550,,-8085000.0
2022-12-31,310744000.0,76962000.0,1866550,,22723000.0
2020-09-30,196549000.0,42073000.0,1866550,,35284000.0
2023-12-31,252386000.0,77024000.0,1866550,,-15112000.0
2025-06-30,3743000000.0,646000000.0,1867072,KD,
2026-06-30,3618000000.0,668000000.0,1867072,KD,
2024-12-31,3744000000.0,647000000.0,1867072,KD,
2025-12-31,3859000000.0,672000000.0,1867072,KD,
2024-09-30,3774000000.0,647000000.0,1867072,KD,
2025-09-30,3721000000.0,659000000.0,1867072,KD,
2024-06-30,3739000000.0,657000000.0,1867072,KD,
2023-12-31,3936000000.0,705000000.0,1867072,KD,
2023-09-30,4073000000.0,634000000.0,1867072,KD,
2023-06-30,4193000000.0,720000000.0,1867072,KD,
2021-03-31,4771000000.0,714000000.0,1867072,KD,
2022-03-31,4431000000.0,690000000.0,1867072,KD,
2022-12-31,4303000000.0,731000000.0,1867072,KD,
2022-09-30,4179000000.0,706000000.0,1867072,KD,
2022-06-30,4288000000.0,694000000.0,1867072,KD,
2021-12-31,4556000000.0,643000000.0,1867072,KD,
2021-09-30,4579000000.0,705000000.0,1867072,KD,
2021-06-30,4751000000.0,714000000.0,1867072,KD,
2020-09-30,4696000000.0,654000000.0,1867072,KD,
2024-03-31,3850000000.0,714000000.0,1867072,KD,
2025-03-31,3800000000.0,640000000.0,1867072,KD,
2026-03-31,3769000000.0,677000000.0,1867072,KD,
2023-03-31,4256000000.0,783000000.0,1867072,KD,
2022-11-30,8905.0,,1867956,,-19671.0
2023-02-28,0.0,,1867956,,-6076.0
2023-11-30,0.0,,1867956,,-6572.0
2024-02-29,0.0,,1867956,,-2850.0
2022-08-31,0.0,,1867956,,-10407.0
2023-08-31,0.0,,1867956,,-12149.0
2022-02-28,0.0,,1867956,,-5916.0
2021-11-30,0.0,,1867956,,-6298.0
2021-08-31,0.0,,1867956,,-10652.0
2022-05-31,2055.0,,1867956,,-4616.0
2023-05-31,2400.0,,1867956,,-4795.0
2021-09-30,,,1868419,CYCU,-545.0
2022-03-31,,,1868419,CYCU,-530687.0
2022-06-30,,,1868419,CYCU,-881761.0
2022-09-30,,,1868419,CYCU,-190580.0
2022-12-31,,,1868419,CYCU,-413568.0
2023-03-31,,,1868419,CYCU,-366469.0
2023-06-30,,,1868419,CYCU,-198706.0
2023-09-30,,,1868419,CYCU,-246957.0
2023-12-31,,,1868419,CYCU,1138543.0
2024-03-31,4242855.0,378977.0,1868419,CYCU,-32263.0
2024-06-30,5001312.0,294790.0,1868419,CYCU,729372.0
2024-09-30,4450447.0,299233.0,1868419,CYCU,418783.0
2024-12-31,4076871.0,235630.0,1868419,CYCU,1300221.0
2025-03-31,3870050.0,337374.0,1868419,CYCU,-10097505.0
2025-06-30,3887915.0,2313343.0,1868419,CYCU,-3766077.0
2025-09-30,3833038.0,2719600.0,1868419,CYCU,-4531121.0
2025-12-31,3542644.0,3887882.0,1868419,CYCU,-5020159.0
2026-03-31,3268620.0,2743695.0,1868419,CYCU,-2371170.0
2026-06-30,3757076.0,2641320.0,1868419,CYCU,-1884705.0
2021-03-31,,,1873722,BBLR,-1272976.0
2021-06-30,,,1873722,BBLR,-1322429.0
2021-09-30,,,1873722,BBLR,-650067.0
2021-12-31,,,1873722,BBLR,2694131.0
2022-03-31,,,1873722,BBLR,-551341.0
2022-06-30,,,1873722,BBLR,-2482731.0
2022-09-30,,,1873722,BBLR,-510060.0
2022-12-31,,,1873722,BBLR,-752804.0
2023-03-31,,,1873722,BBLR,-201961.0
2023-06-30,,,1873722,BBLR,-1789845.0
2023-09-30,1151.0,,1873722,BBLR,-1236106.0
2023-12-31,,,1873722,BBLR,309118.0
2024-03-31,1504.0,,1873722,BBLR,-437243.0
2024-06-30,1168.0,,1873722,BBLR,-716535.0
2024-09-30,1415.0,,1873722,BBLR,-470667.0
2024-12-31,1262.0,,1873722,BBLR,345091.0
2025-03-31,641.0,,1873722,BBLR,-305838.0
2025-06-30,712.0,,1873722,BBLR,-351384.0
2025-09-30,1365.0,,1873722,BBLR,-213209.0
2025-12-31,651.0,,1873722,BBLR,-339969.0
2026-03-31,436.0,,1873722,BBLR,-298897.0
2026-06-30,33.0,,1873722,BBLR,-180570.0
2020-09-30,,,1874097,CYN,-1764226.0
2021-03-31,,,1874097,CYN,-1549681.0
2021-06-30,,,1874097,CYN,-2093623.0
2021-09-30,,,1874097,CYN,-2125052.0
2021-12-31,,,1874097,CYN,-3631702.0
2022-03-31,,,1874097,CYN,-3818661.0
2022-06-30,,,1874097,CYN,-4612913.0
2022-09-30,,,1874097,CYN,-5278337.0
2022-12-31,,,1874097,CYN,-5690816.0
2023-03-31,872800.0,,1874097,CYN,-5844870.0
2023-06-30,550952.0,,1874097,CYN,-6495412.0
2023-09-30,25210.0,,1874097,CYN,-5609701.0
2023-12-31,40355.0,,1874097,CYN,-5395959.0
2024-03-31,5513.0,,1874097,CYN,-5966359.0
2024-06-30,8665.0,,1874097,CYN,-5812204.0
2024-09-30,47584.0,,1874097,CYN,-5508202.0
2024-12-31,306376.0,,1874097,CYN,-5541310.0
2025-03-31,47152.0,,1874097,CYN,-5215033.0
2025-06-30,33726.0,,1874097,CYN,-5501865.0
2025-09-30,69973.0,,1874097,CYN,-8417000.0
2025-12-31,68125.0,,1874097,CYN,-6554343.0
2026-03-31,104573.0,,1874097,CYN,-6941771.0
2026-06-30,144459.0,,1874097,CYN,-6754003.0
2024-06-30,,10301074.0,1879001,,-10301074.0
2024-09-30,155000.0,10265830.0,1879001,,-10255830.0
2024-12-31,,13259580.0,1879001,,-13259580.0
2025-03-31,,7474753.0,1879001,,-7961444.0
2025-06-30,300000.0,9988879.0,1879001,,-9872940.0
2025-09-30,100700.0,9651834.0,1879001,,-9621624.0
2025-12-31,417932.0,5534743.0,1879001,,-5409363.0
2023-03-31,243200.0,,1880431,,-2348736.0
2023-06-30,,,1880431,,-1303828.0
2023-09-30,9620.0,,1880431,,-971301.0
2023-12-31,,,1880431,,-1131736.0
2024-03-31,,,1880431,,-2822460.0
2024-06-30,75.0,,1880431,,-1633177.0
2024-09-30,50156.0,,1880431,,-1331007.0
2024-12-31,,,1880431,,-113737.0
2025-03-31,,,1880431,,-310923.0
2025-06-30,15136.0,,1880431,,-572162.0
2025-09-30,51324.0,,1880431,,-399346.0
2021-06-30,0.0,,1884164,KWIK,-332050.0
2021-09-30,0.0,,1884164,KWIK,-345561.0
2022-03-31,253911.0,,1884164,KWIK,-922852.0
2022-06-30,222189.0,,1884164,KWIK,-1349998.0
2022-09-30,166723.0,,1884164,KWIK,-839979.0
2022-12-31,-35988.0,,1884164,KWIK,-813713.0
2023-03-31,85317.0,,1884164,KWIK,
2023-06-30,51478.0,,1884164,KWIK,
2023-09-30,91088.0,,1884164,KWIK,
2023-12-31,60346.0,,1884164,KWIK,
2024-03-31,30891.0,,1884164,KWIK,
2024-06-30,13146.0,,1884164,KWIK,
2024-09-30,32532.0,,1884164,KWIK,
2024-12-31,80802.0,,1884164,KWIK,
2025-03-31,206870.0,,1884164,KWIK,-177623.0
2025-06-30,231710.0,,1884164,KWIK,-182149.0
2025-09-30,242497.0,,1884164,KWIK,
2025-12-31,606400.0,,1884164,KWIK,
2026-03-31,675161.0,,1884164,KWIK,40253.0
2026-06-30,972469.0,,1884164,KWIK,-178043.0
2025-06-30,187277.0,,1892322,HTCR,-767478.0
2026-06-30,321428.0,,1892322,HTCR,-824015.0
2025-03-31,2093413.0,,1892322,HTCR,-1190353.0
2026-03-31,1245844.0,,1892322,HTCR,-1540501.0
2024-09-30,16240865.0,,1892322,HTCR,12341021.0
2025-09-30,2990329.0,,1892322,HTCR,-11147.0
2024-06-30,4066388.0,,1892322,HTCR,-1507204.0
2024-03-31,5046732.0,,1892322,HTCR,-682955.0
2023-09-30,4688908.0,,1892322,HTCR,-1787745.0
2023-06-30,5095373.0,,1892322,HTCR,-1467122.0
2023-03-31,8734150.0,,1892322,HTCR,2299611.0
2022-09-30,1872476.0,,1892322,HTCR,-2013579.0
2022-06-30,2670297.0,,1892322,HTCR,-1663378.0
2022-03-31,2276001.0,,1892322,HTCR,-1562465.0
2021-09-30,3470510.0,,1892322,HTCR,212560.0
2021-06-30,2865192.0,,1892322,HTCR,487814.0
2021-03-31,2110309.0,,1892322,HTCR,-158558.0
2024-12-31,-2668441.0,,1892322,HTCR,-10312573.0
2025-12-31,3697713.0,,1892322,HTCR,-1152339.0
2023-12-31,3327399.0,,1892322,HTCR,-3164099.0
2022-12-31,1999538.0,,1892322,HTCR,-1456657.0
2021-12-31,2376503.0,,1892322,HTCR,-482798.0
2025-06-30,0.0,,1895939,,-4064.0
2026-06-30,0.0,,1895939,,-3926.0
2025-03-31,0.0,,1895939,,-3373.0
2026-03-31,0.0,,1895939,,-3482.0
2024-12-31,0.0,,1895939,,-3981.0
2025-12-31,0.0,,1895939,,-4061.0
2024-06-30,0.0,,1895939,,-4157.0
2024-03-31,0.0,,1895939,,-3520.0
2023-12-31,0.0,,1895939,,-4435.0
2023-06-30,0.0,,1895939,,-4158.0
2023-03-31,0.0,,1895939,,-3447.0
2022-12-31,5000.0,,1895939,,1079.0
2022-06-30,0.0,,1895939,,-4107.0
2022-03-31,0.0,,1895939,,-3054.0
2021-12-31,0.0,,1895939,,-2351.0
2024-09-30,0.0,,1895939,,-8855.0
2025-09-30,19985.0,,1895939,,11106.0
2023-09-30,0.0,,1895939,,-12496.0
2022-09-30,0.0,,1895939,,-8661.0
2023-12-31,257163000.0,,1897982,,-49243000.0
2024-12-31,303555000.0,,1897982,,8986000.0
2023-09-30,249308000.0,,1897982,,-60211000.0
2024-09-30,215877000.0,,1897982,,-95965000.0
2023-03-31,229878000.0,,1897982,,-78473000.0
2024-03-31,278106000.0,,1897982,,-19294000.0
2022-12-31,242838000.0,,1897982,,-59395000.0
2022-09-30,250819000.0,,1897982,,-51182000.0
2022-03-31,84601000.0,,1897982,,-2743000.0
2021-12-31,81775000.0,,1897982,,-254000.0
2021-09-30,77015000.0,,1897982,,-13884000.0
2022-06-30,238920000.0,,1897982,,39153000.0
2023-06-30,320643000.0,,1897982,,5985000.0
2024-06-30,342905000.0,,1897982,,39208000.0
2024-09-30,55363.0,,1898474,,-1437345.0
2025-09-30,30581.0,,1898474,,-868561.0
2024-06-30,204962.0,,1898474,,-1126034.0
2025-06-30,66806.0,,1898474,,-1583437.0
2024-03-31,234627.0,,1898474,,-1970101.0
2025-03-31,148358.0,,1898474,,-836348.0
2023-09-30,55212.0,,1898474,,-598113.0
2023-06-30,116810.0,,1898474,,-665464.0
2023-03-31,54020.0,,1898474,,-689415.0
2022-09-30,3352.0,,1898474,,-1022964.0
2023-12-31,81536.0,,1898474,,-2795189.0
2024-12-31,120599.0,,1898474,,-2960344.0
2025-06-30,3095000.0,,1907982,QBTS,-26502000.0
2026-06-30,3076000.0,,1907982,QBTS,-53278000.0
2025-03-31,15001000.0,,1907982,QBTS,-11291000.0
2026-03-31,2858000.0,,1907982,QBTS,-54727000.0
2024-09-30,1870000.0,,1907982,QBTS,-20636000.0
2025-09-30,3739000.0,,1907982,QBTS,-27736000.0
2024-06-30,2183000.0,,1907982,QBTS,-18839000.0
2024-03-31,2465000.0,,1907982,QBTS,-17516000.0
2023-09-30,2562000.0,,1907982,QBTS,-18407000.0
2023-06-30,1707000.0,,1907982,QBTS,-20907000.0
2023-03-31,1583000.0,,1907982,QBTS,-24690000.0
2022-03-31,1713000.0,,1907982,QBTS,-10951000.0
2022-06-30,1371000.0,,1907982,QBTS,-12403000.0
2022-09-30,1695000.0,,1907982,QBTS,-15164000.0
2021-09-30,1307000.0,,1907982,QBTS,-9793000.0
2021-06-30,1137000.0,,1907982,QBTS,-9336000.0
2024-12-31,2309000.0,,1907982,QBTS,-20232000.0
2025-12-31,2752000.0,,1907982,QBTS,-34839000.0
2023-12-31,2906000.0,,1907982,QBTS,-16542000.0
2022-12-31,2394000.0,,1907982,QBTS,-20940000.0
2024-07-31,21815.0,,1909770,,-19350.0
2025-07-31,354929.0,,1909770,,239709.0
2024-04-30,0.0,,1909770,,-10862.0
2025-04-30,325128.0,,1909770,,231109.0
2024-01-31,10300.0,,1909770,,3699.0
2025-01-31,0.0,,1909770,,-18319.0
2023-07-31,6600.0,,1909770,,-2498.0
2023-04-30,9400.0,,1909770,,8396.0
2023-01-31,0.0,,1909770,,0.0
2022-07-31,4000.0,,1909770,,-3495.0
2023-10-31,0.0,,1909770,,-5945.0
2024-10-31,8940.0,,1909770,,-7782.0
2022-09-30,66903.0,,1911500,,
2023-09-30,32390.0,,1911500,,
2022-06-30,68956.0,,1911500,,
2023-06-30,32746.0,,1911500,,
2022-03-31,24327.0,,1911500,,
2023-03-31,34123.0,,1911500,,
2022-12-31,33428.0,,1911500,,
2022-06-30,29940.0,,1911545,GITS,-1494598.0
2022-09-30,748661.0,,1911545,GITS,-1447447.0
2023-03-31,223.0,,1911545,GITS,-2806457.0
2023-06-30,265546.0,,1911545,GITS,-2786390.0
2023-09-30,714872.0,,1911545,GITS,-2959631.0
2023-12-31,-186475.0,,1911545,GITS,6546553.0
2024-03-31,185.0,,1911545,GITS,-164563.0
2024-06-30,13.0,,1911545,GITS,-335117.0
2024-09-30,,,1911545,GITS,-208879.0
2024-12-31,,,1911545,GITS,-179804.0
2025-03-31,,,1911545,GITS,-563468.0
2025-06-30,29.0,,1911545,GITS,-676931.0
2025-09-30,1838.0,,1911545,GITS,-541242.0
2025-12-31,,,1911545,GITS,-657179.0
2026-03-31,96.0,,1911545,GITS,-496351.0
2026-06-30,126.0,,1911545,GITS,-715927.0
2022-03-31,0.0,,1912954,,
2022-06-30,0.0,,1912954,,
2022-09-30,0.0,,1912954,,
2022-12-31,0.0,,1912954,,
2023-03-31,0.0,,1912954,,
2023-06-30,0.0,,1912954,,
2023-09-30,0.0,,1912954,,
2023-12-31,0.0,,1912954,,
2024-03-31,0.0,,1912954,,
2024-06-30,0.0,,1912954,,
2024-09-30,0.0,,1912954,,
2024-12-31,0.0,,1912954,,
2025-03-31,0.0,,1912954,,-8025.0
2025-06-30,0.0,,1912954,,
2025-09-30,0.0,,1912954,,
2025-12-31,1632.0,,1912954,,
2026-03-31,12939.0,,1912954,,8225.0
2026-06-30,12253.0,,1912954,,
2025-07-31,13200.0,,1933359,NTCS,
2026-07-31,14400.0,,1933359,NTCS,
2025-01-31,7200.0,,1933359,NTCS,
2026-01-31,0.0,,1933359,NTCS,
2024-10-31,3000.0,,1933359,NTCS,
2025-10-31,7200.0,,1933359,NTCS,
2024-07-31,0.0,,1933359,NTCS,
2024-01-31,0.0,,1933359,NTCS,
2023-10-31,6000.0,,1933359,NTCS,
2023-07-31,12920.0,,1933359,NTCS,
2023-01-31,0.0,,1933359,NTCS,
2022-10-31,0.0,,1933359,NTCS,
2022-07-31,0.0,,1933359,NTCS,
2025-04-30,6000.0,,1933359,NTCS,
2026-04-30,7200.0,,1933359,NTCS,
2024-04-30,3000.0,,1933359,NTCS,
2023-04-30,1200.0,,1933359,NTCS,
2022-06-30,8716000.0,,1940177,PODC,-481000.0
2022-09-30,,,1940177,PODC,198000.0
2022-12-31,,,1940177,PODC,-733000.0
2023-03-31,,,1940177,PODC,-819000.0
2023-06-30,10637000.0,,1940177,PODC,193000.0
2023-09-30,,,1940177,PODC,-1426000.0
2023-12-31,,,1940177,PODC,-2600000.0
2024-03-31,,,1940177,PODC,-1178000.0
2024-06-30,,,1940177,PODC,-1366000.0
2024-09-30,,,1940177,PODC,-1658000.0
2024-12-31,,,1940177,PODC,-1582000.0
2025-03-31,,,1940177,PODC,-1828000.0
2025-06-30,,,1940177,PODC,-1054000.0
2025-09-30,,,1940177,PODC,-975000.0
2025-12-31,,,1940177,PODC,-153000.0
2026-03-31,,,1940177,PODC,-460000.0
2026-06-30,,,1940177,PODC,-1556000.0
2023-04-30,400.0,,1973047,,-4764.0
2023-07-31,,,1973047,,-6198.0
2023-10-31,,,1973047,,-3684.0
2024-01-31,,,1973047,,13102.0
2024-04-30,200.0,,1973047,,-30727.0
2024-07-31,7794.0,,1973047,,-4433.0
2024-10-31,16491.0,,1973047,,6375.0
2025-01-31,13373.0,,1973047,,-4497.0
2024-05-31,3972.0,,1977837,USDW,
2025-05-31,11476.0,,1977837,USDW,
2023-11-30,3293.0,,1977837,USDW,
2024-11-30,8842.0,,1977837,USDW,
2023-08-31,7000.0,,1977837,USDW,
2024-08-31,10611.0,,1977837,USDW,
2023-05-31,7933.0,,1977837,USDW,
2025-02-28,14335.0,,1977837,USDW,
2024-02-29,3292.0,,1977837,USDW,
2025-06-30,4138712.0,,1983736,GOAI,2631101.0
2026-06-30,4204390.0,,1983736,GOAI,-862213.0
2025-03-31,3681520.0,,1983736,GOAI,2002962.0
2026-03-31,3903231.0,,1983736,GOAI,-9106394.0
2024-09-30,1982252.0,,1983736,GOAI,-4935327.0
2025-09-30,4913318.0,,1983736,GOAI,1862325.0
2024-06-30,2188616.0,,1983736,GOAI,-353882.0
2024-03-31,2236950.0,,1983736,GOAI,196709.0
2023-09-30,1699174.0,,1983736,GOAI,489990.0
2023-06-30,1079666.0,,1983736,GOAI,480526.0
2023-03-31,345813.0,,1983736,GOAI,-108114.0
2022-09-30,209990.0,,1983736,GOAI,-299488.0
2024-12-31,2923153.0,,1983736,GOAI,1367585.0
2025-12-31,4303778.0,,1983736,GOAI,1723869.0
2023-12-31,1971890.0,,1983736,GOAI,-7472521.0
2025-02-28,13165.0,,1985554,LDXC,1302.0
2026-02-28,8405.0,,1985554,LDXC,-4704.0
2024-11-30,27537.0,,1985554,LDXC,12453.0
2025-11-30,8405.0,,1985554,LDXC,-28594.0
2024-08-31,25708.0,,1985554,LDXC,10297.0
2025-08-31,3107.0,,1985554,LDXC,-11741.0
2024-02-29,0.0,,1985554,LDXC,-3684.0
2023-11-30,14697.0,,1985554,LDXC,11105.0
2023-08-31,10600.0,,1985554,LDXC,2702.0
2023-02-28,0.0,,1985554,LDXC,0.0
2022-11-30,0.0,,1985554,LDXC,0.0
2025-05-31,0.0,,1985554,LDXC,-25250.0
2026-05-31,8406.0,,1985554,LDXC,-4253.0
2024-05-31,0.0,,1985554,LDXC,-12005.0
2025-04-30,0.0,,1989788,GAFC,
2026-04-30,13000.0,,1989788,GAFC,
2025-01-31,90000.0,,1989788,GAFC,
2026-01-31,0.0,,1989788,GAFC,
2024-10-31,4500.0,,1989788,GAFC,
2025-10-31,13000.0,,1989788,GAFC,
2024-04-30,53000.0,,1989788,GAFC,
2024-01-31,10000.0,,1989788,GAFC,
2023-10-31,15000.0,,1989788,GAFC,
2024-07-31,4500.0,,1989788,GAFC,
2025-07-31,0.0,,1989788,GAFC,
2025-06-30,270654000.0,,1990354,WAY,64846000.0
2026-06-30,319674000.0,,1990354,WAY,76042000.0
2025-03-31,256435000.0,,1990354,WAY,65209000.0
2026-03-31,313874000.0,,1990354,WAY,80465000.0
2024-09-30,240112000.0,,1990354,WAY,27146000.0
2025-09-30,268651000.0,,1990354,WAY,60232000.0
2024-06-30,234543000.0,,1990354,WAY,8245000.0
2024-03-31,224792000.0,,1990354,WAY,35191000.0
2023-09-30,197263000.0,,1990354,WAY,32215000.0
2023-06-30,195969000.0,,1990354,WAY,37189000.0
2024-12-31,244102000.0,,1990354,WAY,53143000.0
2025-12-31,303538000.0,,1990354,WAY,59018000.0
2024-02-29,6600.0,,1994373,HNIT,
2024-05-31,6900.0,,1994373,HNIT,
2024-08-31,7200.0,,1994373,HNIT,-21142.0
2024-11-30,5000.0,,1994373,HNIT,
2025-02-28,1200.0,,1994373,HNIT,-9391.0
2025-05-31,3400.0,,1994373,HNIT,-12436.0
2025-08-31,4900.0,,1994373,HNIT,-4736.0
2025-11-30,4700.0,,1994373,HNIT,-9196.0
2026-02-28,5600.0,,1994373,HNIT,-4420.0
2026-05-31,22400.0,,1994373,HNIT,14487.0
2023-08-31,,,1995920,ESMR,-990.0
2023-11-30,,,1995920,ESMR,-12180.0
2024-02-29,2900.0,,1995920,ESMR,-4360.0
2024-05-31,4100.0,,1995920,ESMR,-7669.0
2024-08-31,,,1995920,ESMR,-10154.0
2024-11-30,4451.0,,1995920,ESMR,-12160.0
2025-02-28,5895.0,,1995920,ESMR,-20724.0
2025-05-31,9756.0,,1995920,ESMR,-31826.0
2025-08-31,9187.0,,1995920,ESMR,6569.0
2025-11-30,9609.0,,1995920,ESMR,-19579.0
2026-02-28,20151.0,,1995920,ESMR,-40004.0
2026-05-31,7950.0,,1995920,ESMR,-21451.0
2023-09-30,,,1999261,STWI,-6995.0
2023-12-31,2400.0,,1999261,STWI,-13149.0
2024-03-31,2700.0,,1999261,STWI,-5972.0
2024-06-30,2600.0,,1999261,STWI,-1077.0
2024-09-30,1307.0,,1999261,STWI,-10425.0
2024-12-31,54690.0,,1999261,STWI,27697.0
2025-03-31,15000.0,,1999261,STWI,-11980.0
2025-06-30,8196.0,,1999261,STWI,-53040.0
2025-09-30,17523.0,,1999261,STWI,-37438.0
2025-12-31,19219.0,,1999261,STWI,-14243.0
2026-03-31,25249.0,,1999261,STWI,8556.0
2026-06-30,11307.0,,1999261,STWI,-7483.0
2024-07-31,12000.0,,2000762,,
2025-07-31,116071.0,,2000762,,
2024-04-30,12000.0,,2000762,,
2025-04-30,3323968.0,,2000762,,
2024-01-31,22800.0,,2000762,,
2025-01-31,0.0,,2000762,,
2023-07-31,32500.0,,2000762,,
2023-04-30,50000.0,,2000762,,
2023-01-31,0.0,,2000762,,
2024-10-31,6000.0,,2000762,,
2025-10-31,37997.0,,2000762,,
2023-10-31,3699.0,,2000762,,
2024-03-31,,,2007825,INFQ,-44611.0
2024-06-30,,,2007825,INFQ,-7230.0
2024-09-30,,,2007825,INFQ,-69.0
2024-12-31,,,2007825,INFQ,-54934090.0
2025-03-31,8303000.0,5784000.0,2007825,INFQ,-6950000.0
2025-06-30,5277000.0,6250000.0,2007825,INFQ,-10412000.0
2025-09-30,,,2007825,INFQ,-7279530.0
2025-12-31,,,2007825,INFQ,-11077470.0
2026-03-31,9907000.0,26320000.0,2007825,INFQ,-33031000.0
2026-06-30,13538000.0,19818000.0,2007825,INFQ,-29858000.0
2025-06-30,49974.0,,2010982,PVIT,-11120.0
2026-06-30,56603.0,,2010982,PVIT,-13061.0
2025-03-31,51101.0,,2010982,PVIT,-17270.0
2026-03-31,50085.0,,2010982,PVIT,-8802.0
2024-09-30,43951.0,,2010982,PVIT,3271.0
2025-09-30,49216.0,,2010982,PVIT,-26798.0
2024-06-30,41676.0,,2010982,PVIT,10879.0
2024-03-31,47996.0,,2010982,PVIT,16435.0
2023-09-30,37522.0,,2010982,PVIT,-4200.0
2023-06-30,35270.0,,2010982,PVIT,23880.0
2024-12-31,45339.0,,2010982,PVIT,-8378.0
2025-12-31,47850.0,,2010982,PVIT,5058.0
2025-06-30,10109.0,,2020919,DSFT,
2026-06-30,0.0,,2020919,DSFT,
2024-12-31,8372.0,,2020919,DSFT,
2025-12-31,11564.0,,2020919,DSFT,
2024-09-30,7330.0,,2020919,DSFT,
2025-09-30,0.0,,2020919,DSFT,
2024-06-30,20654.0,,2020919,DSFT,
2024-03-31,0.0,,2020919,DSFT,
2023-12-31,0.0,,2020919,DSFT,
2023-09-30,0.0,,2020919,DSFT,
2025-03-31,10075.0,,2020919,DSFT,
2026-03-31,16245.0,,2020919,DSFT,
2024-09-30,,,2028707,MRLN,-77427.0
2025-03-31,868000.0,,2028707,MRLN,-11404000.0
2025-06-30,3107000.0,,2028707,MRLN,-11008000.0
2025-09-30,,,2028707,MRLN,-2615816.0
2025-12-31,,,2028707,MRLN,21170619.0
2026-03-31,1002000.0,,2028707,MRLN,-27012000.0
2026-06-30,2194000.0,,2028707,MRLN,-33537000.0
2025-03-31,13000.0,9926.0,2029303,THTG,
2026-03-31,29500.0,4414.0,2029303,THTG,
2024-12-31,1000.0,8981.0,2029303,THTG,
2025-12-31,15420.0,4331.0,2029303,THTG,
2024-09-30,10000.0,2954.0,2029303,THTG,
2025-09-30,22000.0,12002.0,2029303,THTG,
2024-03-31,0.0,0.0,2029303,THTG,
2023-12-31,0.0,31.0,2029303,THTG,
2025-06-30,68000.0,23350.0,2029303,THTG,
2026-06-30,0.0,21025.0,2029303,THTG,
2024-09-30,,27287.0,2033383,FUSE,-613027.0
2025-03-31,1954000.0,,2033383,FUSE,-1316000.0
2025-06-30,2034000.0,,2033383,FUSE,-852000.0
2025-09-30,,42098.0,2033383,FUSE,-1132659.0
2025-12-31,,,2033383,FUSE,-2653341.0
2026-03-31,1879000.0,,2033383,FUSE,-3035000.0
2026-06-30,1794000.0,,2033383,FUSE,-2690000.0
2025-06-30,126833.0,,2033770,DAIC,-2255844.0
2026-06-30,12398.0,,2033770,DAIC,-3029729.0
2025-03-31,352498.0,,2033770,DAIC,-1736261.0
2026-03-31,12214.0,,2033770,DAIC,-4098659.0
2024-09-30,81636.0,,2033770,DAIC,-1893968.0
2025-09-30,778482.0,,2033770,DAIC,-4216555.0
2024-06-30,23442.0,,2033770,DAIC,-1435865.0
2025-12-31,4546556.0,,2033770,DAIC,-2193951.0
2025-02-28,,,2038564,,-612810.0
2025-05-31,0.0,,2038564,,-370554.0
2025-08-31,,,2038564,,-429347.0
2025-11-30,,,2038564,,-863059.0
2026-02-28,,,2038564,,-1174128.0
2026-05-31,40575.0,,2038564,,-1414929.0
2025-06-30,1040800000.0,403100000.0,2054696,NIQ,39400000.0
2026-06-30,1124200000.0,401300000.0,2054696,NIQ,65300000.0
2025-03-31,965900000.0,371700000.0,2054696,NIQ,15700000.0
2026-03-31,1072700000.0,396100000.0,2054696,NIQ,-10200000.0
2024-09-30,982100000.0,396100000.0,2054696,NIQ,-15900000.0
2025-09-30,1052600000.0,454900000.0,2054696,NIQ,-34700000.0
2024-06-30,985800000.0,404600000.0,2054696,NIQ,-27300000.0
2025-12-31,1139100000.0,368000000.0,2054696,NIQ,65000000.0
2024-09-30,,,2057381,RADC,-9913.0
2024-12-31,3897.0,,2057381,RADC,-7550.0
2025-03-31,1902.0,,2057381,RADC,-12444.0
2025-06-30,,,2057381,RADC,-18460.0
2025-09-30,5677.0,,2057381,RADC,-37931.0
2025-12-31,14962.0,,2057381,RADC,-19980.0
2026-03-31,21042.0,,2057381,RADC,-2560.0
2026-06-30,6082.0,,2057381,RADC,-45880.0
2025-06-30,376984.0,1083093.0,2068385,SHAZ,-2610233.0
2026-06-30,1931381.0,8685424.0,2068385,SHAZ,-24784178.0
2025-03-31,325092.0,1007430.0,2068385,SHAZ,-1161248.0
2026-03-31,294014.0,4015219.0,2068385,SHAZ,-2819223.0
2025-07-31,16173000.0,,2069785,GLOO,-24375000.0
2026-07-31,46573000.0,,2069785,GLOO,-20501000.0
2025-04-30,12302000.0,,2069785,GLOO,-22077000.0
2026-04-30,41530000.0,,2069785,GLOO,-18740000.0
2024-10-31,6123000.0,,2069785,GLOO,-12712000.0
2025-10-31,32552000.0,,2069785,GLOO,-26693000.0
2026-01-31,33633000.0,,2069785,GLOO,-35026000.0
2025-07-31,3333.0,,2070845,SUNI,
2026-07-31,53386.0,,2070845,SUNI,
2025-04-30,50000.0,,2070845,SUNI,
2026-04-30,5551.0,,2070845,SUNI,
2025-01-31,4500.0,,2070845,SUNI,
2026-01-31,10600.0,,2070845,SUNI,
2025-10-31,1.0,,2070845,SUNI,
2025-05-31,,,2076765,ELVX,-199.0
2026-02-28,,,2076765,ELVX,-31820.0
2025-11-30,,,2076765,ELVX,-17140.0
2025-10-31,,,2088221,,-44286.0
2026-01-31,252.0,,2088221,,-20768.0
2026-04-30,4100.0,,2088221,,-27624.0
