sym,src,filed,file,start,end,nature,currency,RevenueFromOperations,Income,OtherIncome,Expenses,EmployeeBenefitExpense,FinanceCosts,DepreciationDepletionAndAmortisationExpense,OtherExpenses,ProfitBeforeTax,ProfitLossForPeriod
TCS,legacy,09-Jan-2025 21:39,INDAS_117182_1341298_09012025093940.xml,2024-04-01,2024-12-31,Consolidated,INR,639730000000.00,652160000000.00,12430000000.00,485500000000.00,359560000000.00,2340000000.00,13770000000.00,109830000000.00,166660000000.00,124440000000.00
TCS,legacy,10-Oct-2024 18:59,INDAS_112733_1265368_10102024065944.xml,2024-04-01,2024-09-30,Consolidated,INR,642590000000.00,649880000000.00,7290000000.00,489560000000.00,366540000000.00,1620000000.00,12660000000.00,108740000000.00,160320000000.00,119550000000.00
TCS,legacy,11-Jul-2024 20:10,INDAS_108962_1181103_11072024081006.xml,2024-04-01,2024-06-30,Consolidated,INR,626130000000.00,635750000000.00,9620000000.00,473440000000.00,364160000000.00,1730000000.00,12200000000.00,95350000000.00,162310000000.00,121050000000.00
TCS,legacy,12-Apr-2024 21:01,INDAS_104549_1090527_12042024090154.xml,2023-04-01,2024-03-31,Consolidated,INR,612370000000.00,623940000000.00,11570000000.00,455450000000.00,351380000000.00,2260000000.00,12460000000.00,89350000000.00,168490000000.00,125020000000.00
TCS,legacy,11-Jan-2024 20:39,INDAS_101016_1017393_11012024083939.xml,2023-04-01,2023-12-31,Consolidated,INR,605830000000.00,614450000000.00,8620000000.00,456580000000.00,347220000000.00,2300000000.00,12330000000.00,94730000000.00,148290000000.00,110970000000.00
TCS,legacy,11-Oct-2023 22:28,INDAS_97534_948104_11102023102856.xml,2023-04-01,2023-09-30,Consolidated,INR,596920000000.00,606980000000.00,10060000000.00,453680000000.00,351230000000.00,1590000000.00,12630000000.00,88230000000.00,153300000000.00,113800000000.00
TCS,legacy,12-Jul-2023 20:45,INDAS_94156_882120_12072023084527.xml,2023-04-01,2023-06-30,Consolidated,INR,593810000000.00,607780000000.00,13970000000.00,457890000000.00,351480000000.00,1630000000.00,12430000000.00,92350000000.00,149890000000.00,111200000000.00
TCS,legacy,13-Apr-2023 12:45,INDAS_90701_817055_13042023124544.xml,2022-04-01,2023-03-31,Consolidated,INR,591620000000.00,603370000000.00,11750000000.00,449460000000.00,336870000000.00,2720000000.00,12860000000.00,97010000000.00,153910000000.00,114360000000.00
TCS,legacy,10-Jan-2023 15:59,INDAS_87395_760595_10012023035955_WEB.xml,2022-04-01,2022-12-31,Consolidated,INR,582290000000.00,587490000000.00,5200000000.00,441050000000.00,324670000000.00,1600000000.00,12690000000.00,102090000000.00,146440000000.00,108830000000.00
TCS,legacy,11-Oct-2022 14:29,INDAS_755388_5244_11102022142903_WEB.xml,2022-04-01,2022-09-30,Consolidated,INR,553090000000,562740000000,9650000000,421780000000,310410000000,1480000000,12370000000,97520000000,140960000000,104650000000
TCS,legacy,08-Jul-2022 20:26,INDAS_87322_682638_08072022082614_WEB.xml,2022-04-01,2022-06-30,Consolidated,INR,527580000000.00,535470000000.00,7890000000.00,407710000000.00,303270000000.00,1990000000.00,12300000000.00,90150000000.00,127760000000.00,95190000000.00
TCS,legacy,12-Apr-2022 12:57,INDAS_83500_631239_12042022125732_WEB.xml,2021-04-01,2022-03-31,Consolidated,INR,505910000000.00,515720000000.00,9810000000.00,382080000000.00,283530000000.00,2450000000.00,12170000000.00,83930000000.00,133640000000.00,99590000000.00
TCS,legacy,12-Jan-2022 23:46,INDAS_80070_585510_12012022114636_WEB.xml,2021-04-01,2021-12-31,Consolidated,INR,488850000000.00,500900000000.00,12050000000.00,368990000000.00,271680000000.00,2510000000.00,11960000000.00,82840000000.00,131910000000.00,98060000000.00
TCS,legacy,08-Oct-2021 22:08,INDAS_76336_526098_08102021100830_WEB.xml,2021-04-01,2021-09-30,Consolidated,INR,468670000000.00,479780000000.00,11110000000.00,350090000000.00,263840000000.00,1420000000.00,11160000000.00,73670000000.00,129690000000.00,96530000000.00
TCS,legacy,08-Jul-2021 19:50,INDAS_72985_476613_08072021075049_WEB.xml,2021-04-01,2021-06-30,Consolidated,INR,454110000000.00,461320000000.00,7210000000.00,339690000000.00,256490000000.00,1460000000.00,10750000000.00,70990000000.00,121630000000.00,90310000000.00
TCS,legacy,12-Apr-2021 23:05,INDAS_69326_430707_12042021110550_WEB.xml,2020-04-01,2021-03-31,Consolidated,INR,437050000000.00,446360000000.00,9310000000.00,321090000000.00,236250000000.00,1380000000.00,10670000000.00,72790000000.00,125270000000.00,92820000000.00
TCS,legacy,08-Jan-2021 20:49,INDAS_65942_381480_08012021084947_WEB.xml,2020-04-01,2020-12-31,Consolidated,INR,420150000000.00,427060000000.00,6910000000.00,310140000000.00,234310000000.00,1830000000.00,10240000000.00,63760000000.00,116920000000.00,87270000000.00
TCS,legacy,07-Oct-2020 21:08,INDAS_62037_328950_07102020090804_WEB.xml,2020-04-01,2020-09-30,Consolidated,INR,401350000000.00,410490000000.00,9140000000.00,297940000000.00,226650000000.00,1740000000.00,9980000000.00,59570000000.00,100370000000.00,75040000000.00
TCS,legacy,09-Jul-2020 19:55,INDAS_57694_277616_09072020075501_WEB.xml,2020-04-01,2020-06-30,Consolidated,INR,383220000000.00,389200000000.00,5980000000.00,294160000000.00,220930000000.00,1420000000.00,9760000000.00,62050000000.00,95040000000.00,70490000000.00
TCS,legacy,30-Apr-2020 17:49,INDAS_54905_240070_16042020082728_WEB.xml,2019-04-01,2020-03-31,Consolidated,INR,399460000000.00,406840000000.00,7380000000.00,301720000000.00,220510000000.00,2510000000.00,9510000000.00,69190000000.00,105120000000.00,80930000000.00
TCS,legacy,17-Jan-2020 17:24,INDAS_51504_204999_17012020052428_WEB.xml,2019-04-01,2019-12-31,Consolidated,INR,398540000000.00,406720000000.00,8180000000.00,301030000000.00,216220000000.00,2230000000.00,8970000000.00,73610000000.00,105690000000.00,81430000000.00
TCS,legacy,10-Oct-2019 19:49,INDAS_48556_143595_10102019074935_WEB.xml,2019-04-01,2019-09-30,Consolidated,INR,389770000000.00,403380000000.00,13610000000.00,298090000000.00,214700000000.00,1930000000.00,8640000000.00,72820000000.00,105290000000.00,80580000000.00
TCS,legacy,09-Jul-2019 18:32,INDAS_45965_112683_09072019063209_WEB.xml,2019-04-01,2019-06-30,Consolidated,INR,381720000000.00,398470000000.00,16750000000.00,292090000000.00,208090000000.00,2570000000.00,8170000000.00,73260000000.00,106380000000.00,81530000000.00
TCS,legacy,23-Apr-2019 18:26,INDAS_43557_92829_12042019082945_WEB.xml,2018-04-01,2019-03-31,Consolidated,INR,380100000000.00,392030000000.00,11930000000.00,285010000000.00,201790000000.00,280000000.00,5370000000.00,71620000000.00,107020000000.00,81520000000.00
TCS,legacy,16-Jan-2019 11:34,INDAS_41497_72104_15012019030731_WEB.xml,2018-04-01,2018-12-31,Consolidated,INR,373380000000.00,385010000000.00,11630000000.00,277900000000.00,199940000000.00,160000000.00,5190000000.00,72610000000.00,107110000000.00,81210000000.00
TCS,legacy,15-Oct-2018 19:04,INDAS_39299_47383_11102018062001_WEB.xml,2018-04-01,2018-09-30,Consolidated,INR,368540000000.00,375840000000.00,7300000000.00,272200000000.00,195250000000.00,1370000000.00,5070000000.00,70510000000.00,103640000000.00,79270000000.00
TCS,integrated,09-Jul-2026 18:36:12,INTEGRATED_FILING_INDAS_1690004_09072026063620_WEB.xml,2026-04-01,2026-06-30,Consolidated,INR,722750000000,738430000000,15680000000,552310000000,421370000000,2730000000,12390000000,115820000000,179440000000,134200000000
TCS,integrated,09-Apr-2026 23:42:16,INTEGRATED_FILING_INDAS_1648408_09042026114218_WEB.xml,2025-04-01,2026-03-31,Consolidated,INR,706980000000,714550000000,7570000000,530930000000,401430000000,2650000000,14060000000,112790000000,183620000000,137840000000
TCS,integrated,12-Jan-2026 18:43:11,INTEGRATED_FILING_INDAS_1599094_12012026064316_WEB.xml,2025-04-01,2025-12-31,Consolidated,INR,670870000000,682050000000,11180000000,507360000000,385300000000,5380000000,13800000000,102880000000,140780000000,107200000000
TCS,integrated,09-Oct-2025 23:56:24,INTEGRATED_FILING_INDAS_1543879_09102025115624_WEB.xml,2025-04-01,2025-09-30,Consolidated,INR,657990000000,666660000000,8670000000,494630000000,386060000000,2290000000,14130000000,92150000000,160680000000,121310000000
TCS,integrated,10-Jul-2025 18:40:11,INTEGRATED_FILING_INDAS_1480382_10072025064011_WEB.xml,2025-04-01,2025-06-30,Consolidated,INR,634370000000,650970000000,16600000000,481180000000,377150000000,1950000000,13610000000,88470000000,169790000000,128190000000
TCS,integrated,11-Apr-2025 07:41:38,INTEGRATED_FILING_INDAS_1412101_11042025074137_WEB.xml,2024-04-01,2025-03-31,Consolidated,INR,644790000000,655070000000,10280000000,491050000000,367620000000,2270000000,13790000000,107370000000,164020000000,122930000000
INFY,legacy,16-Jan-2025 19:40,INDAS_117292_1348213_16012025074012.xml,2024-04-01,2024-12-31,Consolidated,INR,417640000000.00,426230000000.00,8590000000.00,329530000000.00,214360000000.00,1010000000.00,12030000000.00,102130000000.00,96700000000.00,68220000000.00
INFY,legacy,17-Oct-2024 19:45,INDAS_112851_1276022_17102024074550.xml,2024-04-01,2024-09-30,Consolidated,INR,409860000000.00,416980000000.00,7120000000.00,324450000000.00,215640000000.00,1080000000.00,11600000000.00,96130000000.00,92530000000.00,65160000000.00
INFY,legacy,18-Jul-2024 19:45,INDAS_109110_1192961_18072024074507.xml,2024-04-01,2024-06-30,Consolidated,INR,393150000000.00,401530000000.00,8380000000.00,311320000000.00,209340000000.00,1050000000.00,11490000000.00,89440000000.00,90210000000.00,63740000000.00
INFY,legacy,19-Apr-2024 11:28,INDAS_104589_1099938_19042024112830.xml,2023-04-01,2024-03-31,Consolidated,INR,379230000000.00,406520000000.00,27290000000.00,304120000000.00,203930000000.00,1100000000.00,11630000000.00,87460000000.00,102400000000.00,79750000000.00
INFY,legacy,11-Jan-2024 18:19,INDAS_101013_1017099_11012024061922.xml,2023-04-01,2023-12-31,Consolidated,INR,388210000000.00,396100000000.00,7890000000.00,309910000000.00,206510000000.00,1310000000.00,11760000000.00,90330000000.00,86190000000.00,61130000000.00
INFY,legacy,12-Oct-2023 16:40,INDAS_97544_949331_12102023044047.xml,2023-04-01,2023-09-30,Consolidated,INR,389940000000.00,396260000000.00,6320000000.00,308580000000.00,207960000000.00,1380000000.00,11660000000.00,87580000000.00,87680000000.00,62150000000.00
INFY,legacy,20-Jul-2023 16:35,INDAS_94298_895038_20072023043507.xml,2023-04-01,2023-06-30,Consolidated,INR,379330000000.00,384940000000.00,5610000000.00,301320000000.00,207810000000.00,900000000.00,11730000000.00,80880000000.00,83620000000.00,59450000000.00
INFY,legacy,14-Apr-2023 10:38,INDAS_90708_818546_14042023103840.xml,2022-04-01,2023-03-31,Consolidated,INR,374410000000.00,381120000000.00,6710000000.00,296460000000.00,203110000000.00,820000000.00,11210000000.00,81320000000.00,84660000000.00,61340000000.00
INFY,legacy,12-Jan-2023 16:25,INDAS_87411_764000_12012023042514_WEB.xml,2022-04-01,2022-12-31,Consolidated,INR,383180000000.00,390870000000.00,7690000000.00,301560000000.00,202720000000.00,800000000.00,11250000000.00,86790000000.00,89310000000.00,65860000000.00
INFY,legacy,13-Oct-2022 17:02,INDAS_761158_4655_13102022170237_WEB.xml,2022-04-01,2022-09-30,Consolidated,INR,365380000000,371220000000,5840000000,287310000000,194380000000,660000000,10290000000,81980000000,83910000000,60260000000
INFY,legacy,24-Jul-2022 18:21,INDAS_600781_2315_24072022182125_WEB.xml,2022-04-01,2022-06-30,Consolidated,INR,344700000000,351460000000,6760000000,276120000000,183370000000,560000000,9500000000,82690000000,75340000000,53620000000
INFY,legacy,13-Apr-2022 20:48,INDAS_83516_634679_13042022084838_WEB.xml,2021-04-01,2022-03-31,Consolidated,INR,322760000000.00,329130000000.00,6370000000.00,253700000000.00,166580000000.00,500000000.00,8900000000.00,77720000000.00,75430000000.00,56950000000.00
INFY,legacy,12-Jan-2022 21:42,INDAS_80068_585447_12012022094257_WEB.xml,2021-04-01,2021-12-31,Consolidated,INR,318670000000.00,323790000000.00,5120000000.00,244360000000.00,163550000000.00,530000000.00,8990000000.00,71290000000.00,79430000000.00,58220000000.00
INFY,legacy,13-Oct-2021 18:03,INDAS_76368_532041_13102021060339_WEB.xml,2021-04-01,2021-09-30,Consolidated,INR,296020000000.00,301260000000.00,5240000000.00,226780000000.00,157430000000.00,480000000.00,8590000000.00,60280000000.00,74480000000.00,54280000000.00
INFY,legacy,14-Jul-2021 18:59,INDAS_73040_484278_14072021065956_WEB.xml,2021-04-01,2021-06-30,Consolidated,INR,278960000000.00,285180000000.00,6220000000.00,213420000000.00,152300000000.00,490000000.00,8290000000.00,52340000000.00,71760000000.00,52010000000.00
INFY,legacy,14-Apr-2021 21:52,INDAS_69333_434774_14042021095204_WEB.xml,2020-04-01,2021-03-31,Consolidated,INR,263110000000.00,268560000000.00,5450000000.00,199210000000.00,144400000000.00,500000000.00,8310000000.00,46000000000.00,69350000000.00,50780000000.00
INFY,legacy,15-Jan-2021 18:43,INDAS_65999_391472_15012021064345_WEB.xml,2020-04-01,2020-12-31,Consolidated,INR,259270000000.00,265380000000.00,6110000000.00,193870000000.00,140970000000.00,490000000.00,8260000000.00,44150000000.00,71510000000.00,52150000000.00
INFY,legacy,14-Oct-2020 18:58,INDAS_62084_339827_14102020065805_WEB.xml,2020-04-01,2020-09-30,Consolidated,INR,245700000000.00,251400000000.00,5700000000.00,183900000000.00,134000000000.00,480000000.00,8550000000.00,40870000000.00,67500000000.00,48580000000.00
INFY,legacy,15-Jul-2020 17:48,INDAS_57821_286995_15072020054810_WEB.xml,2020-04-01,2020-06-30,Consolidated,INR,236650000000.00,241400000000.00,4750000000.00,183480000000.00,136040000000.00,480000000.00,7560000000.00,39400000000.00,57920000000.00,42720000000.00
INFY,legacy,08-May-2020 14:15,INDAS_54913_241950_21042020033738_WEB.xml,2019-04-01,2020-03-31,Consolidated,INR,232670000000.00,238810000000.00,6140000000.00,183850000000.00,129160000000.00,450000000.00,7490000000.00,46750000000.00,54960000000.00,43350000000.00
INFY,legacy,10-Jan-2020 16:47,INDAS_51387_193571_10012020044703_WEB.xml,2019-04-01,2019-12-31,Consolidated,INR,230920000000.00,239190000000.00,8270000000.00,180700000000.00,129940000000.00,420000000.00,7370000000.00,42970000000.00,58490000000.00,44660000000.00
INFY,legacy,18-Oct-2019 18:40,INDAS_48345_135245_05092019030633_WEB.xml,2018-04-01,2019-03-31,Consolidated,INR,215390000000.00,222040000000.00,6650000000.00,169210000000.00,120740000000.00,0.00,5310000000.00,43160000000.00,52830000000.00,40780000000.00
INFY,legacy,11-Oct-2019 16:29,INDAS_48561_144686_11102019042910_WEB.xml,2019-04-01,2019-09-30,Consolidated,INR,226290000000.00,232550000000.00,6260000000.00,177590000000.00,126750000000.00,420000000.00,7270000000.00,43150000000.00,54960000000.00,40370000000.00
INFY,legacy,12-Jul-2019 16:24,INDAS_45972_115443_12072019042403_WEB.xml,2019-04-01,2019-06-30,Consolidated,INR,218030000000.00,225390000000.00,7360000000.00,173720000000.00,123020000000.00,400000000.00,6810000000.00,43490000000.00,51670000000.00,38020000000.00
INFY,legacy,21-Jan-2019 18:49,INDAS_41604_76395_21012019062251_WEB.xml,2018-04-01,2018-12-31,Consolidated,INR,214000000000.00,221530000000.00,7530000000.00,170210000000.00,116220000000.00,0.00,5800000000.00,32010000000.00,51320000000.00,36100000000.00
INFY,legacy,19-Oct-2018 19:17,INDAS_39334_51934_17102018022022_WEB.xml,2018-04-01,2018-09-30,Consolidated,INR,206090000000.00,213480000000.00,7390000000.00,157150000000.00,111580000000.00,0.00,4630000000.00,40940000000.00,56330000000.00,41100000000.00
INFY,integrated,23-Jul-2026 17:40:57,INTEGRATED_FILING_INDAS_1700136_23072026054446_WEB.xml,2026-04-01,2026-06-30,Consolidated,INR,482110000000,491950000000,9840000000,381670000000,252870000000,1190000000,12460000000,115150000000,110280000000,77750000000
INFY,integrated,23-Apr-2026 20:47:17,INTEGRATED_FILING_INDAS_1658040_23042026090154_WEB.xml,2025-04-01,2026-03-31,Consolidated,INR,464020000000,475610000000,11590000000,367640000000,246880000000,1050000000,14240000000,105470000000,107970000000,85090000000
INFY,integrated,14-Jan-2026 20:38:27,INTEGRATED_FILING_INDAS_1601190_14012026083832_WEB.xml,2025-04-01,2025-12-31,Consolidated,INR,454790000000,466180000000,11390000000,361000000000,241220000000,1000000000,11550000000,107230000000,92290000000,66660000000
INFY,integrated,16-Oct-2025 21:44:34,INTEGRATED_FILING_INDAS_1551001_16102025094433_WEB.xml,2025-04-01,2025-09-30,Consolidated,INR,444900000000,454720000000,9820000000,352430000000,234380000000,1060000000,11820000000,105170000000,102290000000,73750000000
INFY,integrated,23-Jul-2025 20:54:50,INTEGRATED_FILING_INDAS_1491797_23072025085450_WEB.xml,2025-04-01,2025-06-30,Consolidated,INR,422790000000,433210000000,10420000000,335810000000,228470000000,1050000000,11400000000,94890000000,97400000000,69240000000
INFY,integrated,17-Apr-2025 23:36:33,INTEGRATED_FILING_INDAS_1417999_17042025113633_WEB.xml,2024-04-01,2025-03-31,Consolidated,INR,409250000000,421150000000,11900000000,324520000000,220150000000,1020000000,12990000000,90360000000,96630000000,70380000000
HCLTECH,legacy,14-Jan-2025 17:53,INDAS_117225_1345251_14012025055334.xml,2024-04-01,2024-12-31,Consolidated,INR,298900000000.00,303670000000.00,4770000000.00,242350000000.00,165760000000.00,1660000000.00,10390000000.00,58100000000.00,61320000000.00,45940000000.00
HCLTECH,legacy,14-Oct-2024 19:55,INDAS_112774_1269123_14102024075544.xml,2024-04-01,2024-09-30,Consolidated,INR,288620000000.00,293180000000.00,4560000000.00,236310000000.00,165230000000.00,1310000000.00,10070000000.00,55040000000.00,56870000000.00,42370000000.00
HCLTECH,legacy,12-Jul-2024 18:20,INDAS_108977_1183038_12072024062034.xml,2024-04-01,2024-06-30,Consolidated,INR,280570000000.00,291600000000.00,11030000000.00,234530000000.00,164100000000.00,1910000000.00,9980000000.00,54250000000.00,57070000000.00,42590000000.00
HCLTECH,legacy,26-Apr-2024 20:47,INDAS_104835_1109692_26042024084717.xml,2023-04-01,2024-03-31,Consolidated,INR,284990000000.00,289150000000.00,4160000000.00,236460000000.00,163510000000.00,1710000000.00,10930000000.00,55210000000.00,52690000000.00,39950000000.00
HCLTECH,legacy,12-Jan-2024 19:11,INDAS_101025_1019514_12012024071114.xml,2023-04-01,2023-12-31,Consolidated,INR,284460000000.00,288160000000.00,3700000000.00,229420000000.00,158620000000.00,1400000000.00,11430000000.00,54470000000.00,58740000000.00,43510000000.00
HCLTECH,legacy,12-Oct-2023 19:26,INDAS_97552_949968_12102023072641.xml,2023-04-01,2023-09-30,Consolidated,INR,266720000000.00,270370000000.00,3650000000.00,219090000000.00,152530000000.00,1560000000.00,10100000000.00,50880000000.00,51280000000.00,38330000000.00
HCLTECH,legacy,12-Jul-2023 19:11,INDAS_94153_881998_12072023071131.xml,2023-04-01,2023-06-30,Consolidated,INR,262960000000.00,266400000000.00,3440000000.00,219440000000.00,150140000000.00,860000000.00,9270000000.00,53820000000.00,46960000000.00,35310000000.00
HCLTECH,legacy,20-Apr-2023 19:07,INDAS_90754_828984_20042023070748.xml,2022-04-01,2023-03-31,Consolidated,INR,266060000000.00,270590000000.00,4530000000.00,218640000000.00,146650000000.00,940000000.00,10270000000.00,55150000000.00,51950000000.00,39810000000.00
HCLTECH,legacy,12-Jan-2023 19:19,INDAS_87415_764667_12012023071944_WEB.xml,2022-04-01,2022-12-31,Consolidated,INR,267000000000.00,269600000000.00,2600000000.00,215880000000.00,141630000000.00,1160000000.00,11370000000.00,55180000000.00,53720000000.00,40960000000.00
HCLTECH,legacy,12-Oct-2022 20:39,INDAS_759407_5124_12102022203930_WEB.xml,2022-04-01,2022-09-30,Consolidated,INR,246860000000,249220000000,2360000000,203380000000,134740000000,790000000,9980000000,53450000000,45840000000,34870000000
HCLTECH,legacy,18-Jul-2022 13:25,INDAS_588915_2783_18072022132521_WEB.xml,2022-04-01,2022-06-30,Consolidated,INR,234640000000,238730000000,4090000000,195360000000,129780000000,640000000,9830000000,51650000000,43370000000,32810000000
HCLTECH,legacy,21-Apr-2022 20:37,INDAS_83567_646819_21042022083745_WEB.xml,2021-04-01,2022-03-31,Consolidated,INR,225970000000.00,229140000000.00,3170000000.00,185930000000.00,126030000000.00,650000000.00,9840000000.00,45340000000.00,43200000000.00,35990000000.00
HCLTECH,legacy,14-Jan-2022 19:35,INDAS_80086_588421_14012022073552_WEB.xml,2021-04-01,2021-12-31,Consolidated,INR,223310000000.00,225860000000.00,2550000000.00,181560000000.00,118020000000.00,820000000.00,11360000000.00,47260000000.00,44300000000.00,34480000000.00
HCLTECH,legacy,14-Oct-2021 20:09,INDAS_76390_533754_14102021080941_WEB.xml,2021-04-01,2021-09-30,Consolidated,INR,206550000000.00,208950000000.00,2400000000.00,167940000000.00,110170000000.00,830000000.00,10780000000.00,43260000000.00,41010000000.00,32630000000.00
HCLTECH,legacy,19-Jul-2021 20:01,INDAS_73106_490450_19072021080145_WEB.xml,2021-04-01,2021-06-30,Consolidated,INR,200680000000.00,203230000000.00,2550000000.00,162230000000.00,107080000000.00,890000000.00,11280000000.00,39990000000.00,41000000000.00,32130000000.00
HCLTECH,legacy,24-Apr-2021 14:35,INDAS_69425_443427_24042021023503_WEB.xml,2020-04-01,2021-03-31,Consolidated,INR,196410000000.00,198850000000.00,2440000000.00,165180000000.00,108710000000.00,1590000000.00,12670000000.00,38280000000.00,33670000000.00,11110000000.00
HCLTECH,legacy,15-Jan-2021 12:55,INDAS_65987_390491_15012021125523_WEB.xml,2020-04-01,2020-12-31,Consolidated,INR,193020000000.00,194910000000.00,1890000000.00,150120000000.00,94470000000.00,1470000000.00,11870000000.00,37220000000.00,44790000000.00,39770000000.00
HCLTECH,legacy,16-Oct-2020 12:55,INDAS_62115_342672_16102020125509_WEB.xml,2020-04-01,2020-09-30,Consolidated,INR,185940000000.00,187930000000.00,1990000000.00,146480000000.00,94440000000.00,800000000.00,10920000000.00,35580000000.00,41450000000.00,31460000000.00
HCLTECH,legacy,17-Jul-2020 12:42,INDAS_57886_289081_17072020124214_WEB.xml,2020-04-01,2020-06-30,Consolidated,INR,178420000000.00,181370000000.00,2950000000.00,142750000000.00,90910000000.00,1250000000.00,10650000000.00,36750000000.00,38620000000.00,29350000000.00
HCLTECH,legacy,08-May-2020 10:33,INDAS_55014_249382_07052020021945_WEB.xml,2019-04-01,2020-03-31,Consolidated,INR,185870000000.00,187340000000.00,1470000000.00,148490000000.00,90830000000.00,1240000000.00,9960000000.00,41410000000.00,38850000000.00,31720000000.00
HCLTECH,legacy,17-Jan-2020 17:22,INDAS_51503_204991_17012020052255_WEB.xml,2019-04-01,2019-12-31,Consolidated,INR,181350000000.00,182920000000.00,1570000000.00,146060000000.00,88000000000.00,1580000000.00,9420000000.00,42780000000.00,36860000000.00,29440000000.00
HCLTECH,legacy,23-Oct-2019 18:47,INDAS_48823_157252_23102019064724_WEB.xml,2019-04-01,2019-09-30,Consolidated,INR,175270000000.00,176290000000.00,1020000000.00,141510000000.00,86470000000.00,1360000000.00,7470000000.00,42940000000.00,34780000000.00,27110000000.00
HCLTECH,legacy,07-Aug-2019 18:40,INDAS_46880_128629_07082019064031_WEB.xml,2019-04-01,2019-06-30,Consolidated,INR,164270000000.00,166100000000.00,1830000000.00,136790000000.00,83980000000.00,870000000.00,7350000000.00,41830000000.00,29310000000.00,22300000000.00
HCLTECH,legacy,31-Jan-2019 20:19,INDAS_41851_78335_29012019053223_WEB_2.xml,2018-04-01,2018-12-31,Consolidated,INR,156990000000.00,158330000000.00,1340000000.00,126630000000.00,76050000000.00,550000000.00,5410000000.00,39790000000.00,31700000000.00,26050000000.00
HCLTECH,legacy,25-Oct-2018 17:25,INDAS_39420_54463_23102018071340_WEB_2.xml,2018-04-01,2018-09-30,Consolidated,INR,148600000000.00,151440000000.00,2840000000.00,119380000000.00,72580000000.00,300000000.00,5110000000.00,37840000000.00,32060000000.00,25340000000.00
HCLTECH,legacy,26-May-2018 13:08,INDAS_34770_7910_02052018060801_WEB_2.xml,2017-04-01,2018-03-31,Consolidated,INR,131780000000.00,134800000000.00,3020000000.00,106040000000.00,63380000000.00,190000000.00,4290000000.00,34010000000.00,28760000000.00,22300000000.00
HCLTECH,integrated,13-Jul-2026 19:17:07,INTEGRATED_FILING_INDAS_1691776_13072026072058_WEB.xml,2026-04-01,2026-06-30,Consolidated,INR,345790000000,349400000000,3610000000,288320000000,196920000000,840000000,10390000000,71670000000,61080000000,46260000000
HCLTECH,integrated,21-Apr-2026 19:09:44,INTEGRATED_FILING_INDAS_1656676_21042026070943_WEB.xml,2025-04-01,2026-03-31,Consolidated,INR,339810000000,343030000000,3220000000,286010000000,193770000000,2400000000,10920000000,71830000000,57020000000,44900000000
HCLTECH,integrated,12-Jan-2026 17:43:42,INTEGRATED_FILING_INDAS_1598969_12012026054342_WEB.xml,2025-04-01,2025-12-31,Consolidated,INR,338720000000,342570000000,3850000000,277920000000,188670000000,2050000000,11270000000,68210000000,55090000000,40820000000
HCLTECH,integrated,13-Oct-2025 19:13:11,INTEGRATED_FILING_INDAS_1546693_13102025071311_WEB.xml,2025-04-01,2025-09-30,Consolidated,INR,319420000000,323570000000,4150000000,266550000000,183010000000,2150000000,10430000000,64760000000,57020000000,42360000000
HCLTECH,integrated,14-Jul-2025 18:38:58,INTEGRATED_FILING_INDAS_1482460_14072025063857_WEB.xml,2025-04-01,2025-06-30,Consolidated,INR,303490000000,308050000000,4560000000,256160000000,175980000000,2090000000,10930000000,62080000000,51890000000,38440000000
HCLTECH,integrated,22-Apr-2025 19:01:25,INTEGRATED_FILING_INDAS_1422697_22042025070125_WEB.xml,2024-04-01,2025-03-31,Consolidated,INR,302460000000,306950000000,4490000000,249600000000,172460000000,1560000000,10400000000,60290000000,57350000000,43090000000
WIPRO,legacy,17-Jan-2025 16:26,INDAS_117318_1349352_17012025042601.xml,2024-04-01,2024-12-31,Consolidated,INR,223188000000.00,233229000000.00,10041000000.00,188701000000.00,133035000000.00,4146000000.00,6765000000.00,43978000000.00,44528000000.00,33667000000.00
WIPRO,legacy,17-Oct-2024 16:32,INDAS_112831_1274949_17102024043201.xml,2024-04-01,2024-09-30,Consolidated,INR,223016000000.00,232635000000.00,9619000000.00,189860000000.00,134695000000.00,3569000000.00,8308000000.00,42406000000.00,42775000000.00,32266000000.00
WIPRO,legacy,19-Jul-2024 15:58,INDAS_109138_1194523_19072024035821.xml,2024-04-01,2024-06-30,Consolidated,INR,219638000000.00,226935000000.00,7297000000.00,186674000000.00,132293000000.00,3288000000.00,7289000000.00,43142000000.00,40261000000.00,30366000000.00
WIPRO,legacy,19-Apr-2024 16:39,INDAS_104599_1101316_19042024043901.xml,2023-04-01,2024-03-31,Consolidated,INR,222083000000.00,228612000000.00,6529000000.00,189788000000.00,136255000000.00,3308000000.00,8405000000.00,40839000000.00,38824000000.00,28582000000.00
WIPRO,legacy,12-Jan-2024 16:12,INDAS_101019_1018663_12012024041229.xml,2023-04-01,2023-12-31,Consolidated,INR,222051000000.00,228030000000.00,5979000000.00,192505000000.00,134234000000.00,3125000000.00,9316000000.00,44993000000.00,35525000000.00,27006000000.00
WIPRO,legacy,18-Oct-2023 16:25,INDAS_97653_958108_18102023042520.xml,2023-04-01,2023-09-30,Consolidated,INR,225159000000.00,232557000000.00,7398000000.00,197435000000.00,138536000000.00,3033000000.00,8970000000.00,45400000000.00,35122000000.00,26673000000.00
WIPRO,legacy,13-Jul-2023 16:23,INDAS_94164_883190_13072023042333.xml,2023-04-01,2023-06-30,Consolidated,INR,228310000000.00,234790000000.00,6480000000.00,196818000000.00,140276000000.00,3086000000.00,7380000000.00,45280000000.00,37972000000.00,28860000000.00
WIPRO,legacy,27-Apr-2023 16:41,INDAS_90897_833791_27042023044132.xml,2022-04-01,2023-03-31,Consolidated,INR,231903000000.00,238356000000.00,6453000000.00,198176000000.00,138076000000.00,2860000000.00,8466000000.00,47578000000.00,40180000000.00,30935000000.00
WIPRO,legacy,13-Jan-2023 16:52,INDAS_87429_765963_13012023045209_WEB.xml,2022-04-01,2022-12-31,Consolidated,INR,232290000000.00,238673000000.00,6383000000.00,198947000000.00,136173000000.00,2902000000.00,9229000000.00,48681000000.00,39726000000.00,30650000000.00
WIPRO,legacy,12-Oct-2022 16:49,INDAS_758643_4799_12102022164916_WEB.xml,2022-04-01,2022-09-30,Consolidated,INR,225397000000,230494000000,5097000000,196221000000,137261000000,2270000000,7969000000,47376000000,34273000000,26491000000
WIPRO,legacy,29-Apr-2022 18:25,INDAS_83762_649630_29042022062559_WEB.xml,2021-04-01,2022-03-31,Consolidated,INR,208607000000.00,213628000000.00,5021000000.00,176288000000.00,121302000000.00,1717000000.00,7345000000.00,44585000000.00,37340000000.00,30925000000.00
WIPRO,legacy,13-Jan-2022 13:28,INDAS_80073_585972_13012022012811_WEB.xml,2021-04-01,2021-12-31,Consolidated,INR,203136000000.00,207915000000.00,4779000000.00,170205000000.00,114860000000.00,1403000000.00,7459000000.00,44737000000.00,37710000000.00,29723000000.00
WIPRO,legacy,13-Oct-2021 16:35,INDAS_76363_531645_13102021043558_WEB.xml,2021-04-01,2021-09-30,Consolidated,INR,196674000000.00,201736000000.00,5062000000.00,164161000000.00,111202000000.00,1459000000.00,7717000000.00,42007000000.00,37575000000.00,29306000000.00
WIPRO,legacy,15-Jul-2021 19:34,INDAS_73057_486270_15072021073439_WEB.xml,2021-04-01,2021-06-30,Consolidated,INR,182524000000.00,190453000000.00,7929000000.00,151727000000.00,102711000000.00,746000000.00,8257000000.00,38508000000.00,38726000000.00,32480000000.00
WIPRO,legacy,15-Apr-2021 19:25,INDAS_69338_436863_15042021072555_WEB.xml,2020-04-01,2021-03-31,Consolidated,INR,162454000000.00,167787000000.00,5333000000.00,130292000000.00,86172000000.00,1122000000.00,6992000000.00,33906000000.00,37495000000.00,29743000000.00
WIPRO,legacy,13-Jan-2021 16:58,INDAS_65969_387924_13012021045826_WEB.xml,2020-04-01,2020-12-31,Consolidated,INR,156700000000.00,163241000000.00,6541000000.00,124838000000.00,82769000000.00,1400000000.00,7912000000.00,31523000000.00,38403000000.00,29978000000.00
WIPRO,legacy,13-Oct-2020 17:58,INDAS_62077_337127_13102020055816_WEB.xml,2020-04-01,2020-09-30,Consolidated,INR,150967000000.00,156514000000.00,5547000000.00,124435000000.00,83168000000.00,1267000000.00,6578000000.00,31426000000.00,32079000000.00,24844000000.00
WIPRO,legacy,14-Jul-2020 16:46,INDAS_57785_284036_14072020044623_WEB.xml,2020-04-01,2020-06-30,Consolidated,INR,149228000000.00,155714000000.00,6486000000.00,124792000000.00,80262000000.00,1299000000.00,6152000000.00,35137000000.00,30922000000.00,24115000000.00
WIPRO,legacy,17-Apr-2020 12:12,INDAS_54903_239115_15042020051340_WEB.xml,2019-04-01,2020-03-31,Consolidated,INR,157505000000.00,163405000000.00,5900000000.00,133760000000.00,85448000000.00,1653000000.00,5796000000.00,37718000000.00,29645000000.00,23452000000.00
WIPRO,legacy,14-Jan-2020 16:33,INDAS_51417_199638_14012020043319_WEB.xml,2019-04-01,2019-12-31,Consolidated,INR,154705000000.00,160802000000.00,6097000000.00,130042000000.00,82381000000.00,1844000000.00,5294000000.00,37836000000.00,30760000000.00,24630000000.00
WIPRO,legacy,15-Oct-2019 16:24,INDAS_48590_149714_15102019042435_WEB.xml,2019-04-01,2019-09-30,Consolidated,INR,151306000000.00,158754000000.00,7448000000.00,127407000000.00,81266000000.00,2247000000.00,4812000000.00,36282000000.00,31347000000.00,25613000000.00
WIPRO,legacy,17-Jul-2019 18:28,INDAS_46008_119758_17072019062839_WEB.xml,2019-04-01,2019-06-30,Consolidated,INR,147860000000.00,155666000000.00,7806000000.00,124928000000.00,77476000000.00,1584000000.00,4953000000.00,38164000000.00,30738000000.00,24023000000.00
WIPRO,legacy,23-Apr-2019 18:37,INDAS_43571_95414_16042019052717_WEB.xml,2018-04-01,2019-03-31,Consolidated,INR,151609000000.00,159153000000.00,7544000000.00,127133000000.00,77387000000.00,2530000000.00,5593000000.00,38320000000.00,32020000000.00,24939000000.00
WIPRO,legacy,18-Jan-2019 18:45,INDAS_41586_74959_18012019054155_WEB.xml,2018-04-01,2018-12-31,Consolidated,INR,150595000000.00,156868000000.00,6273000000.00,124463000000.00,76129000000.00,1627000000.00,5171000000.00,38684000000.00,32405000000.00,25445000000.00
WIPRO,legacy,25-Oct-2018 13:28,INDAS_39452_54695_24102018052222_WEB.xml,2018-04-01,2018-09-30,Consolidated,INR,145410000000.00,152032000000.00,6622000000.00,127848000000.00,74216000000.00,1569000000.00,4368000000.00,44627000000.00,24184000000.00,18857000000.00
WIPRO,integrated,16-Jul-2026 16:03:12,INTEGRATED_FILING_INDAS_1694191_16072026040508_WEB.xml,2026-04-01,2026-06-30,Consolidated,INR,244786000000,254576000000,9790000000,211226000000,147531000000,4728000000,8044000000,50037000000,43350000000,33563000000
WIPRO,integrated,16-Apr-2026 16:59:24,INTEGRATED_FILING_INDAS_1652358_16042026045942_WEB.xml,2025-04-01,2026-03-31,Consolidated,INR,242363000000,250905000000,8542000000,204256000000,143408000000,3701000000,7285000000,47947000000,46649000000,35216000000
WIPRO,integrated,16-Jan-2026 15:56:18,INTEGRATED_FILING_INDAS_1602288_16012026035624_WEB.xml,2025-04-01,2025-12-31,Consolidated,INR,235558000000,245611000000,10053000000,204300000000,142009000000,3656000000,8050000000,48124000000,41311000000,31450000000
WIPRO,integrated,16-Oct-2025 16:01:51,INTEGRATED_FILING_INDAS_1550259_16102025040151_WEB.xml,2025-04-01,2025-09-30,Consolidated,INR,226973000000,236450000000,9477000000,193778000000,136163000000,3612000000,6917000000,46202000000,42672000000,32624000000
WIPRO,integrated,17-Jul-2025 16:08:52,INTEGRATED_FILING_INDAS_1485419_17072025040852_WEB.xml,2025-04-01,2025-06-30,Consolidated,INR,221346000000,232011000000,10665000000,189478000000,134275000000,3608000000,6855000000,44074000000,42533000000,33365000000
WIPRO,integrated,16-Apr-2025 19:10:15,INTEGRATED_FILING_INDAS_1416343_16042025071015_WEB.xml,2024-04-01,2025-03-31,Consolidated,INR,225042000000,236925000000,11883000000,189786000000,133454000000,3767000000,7217000000,44507000000,47139000000,35881000000
TECHM,legacy,17-Jan-2025 16:19,INDAS_117316_1349320_17012025041910.xml,2024-04-01,2024-12-31,Consolidated,INR,132856032000.00,133021032000.00,165000000.00,120113000000.00,74246000000.00,759000000.00,4588000000.00,40520000000.00,12974032000.00,9888032000.00
TECHM,legacy,19-Oct-2024 06:25,INDAS_112909_1279319_19102024062523.xml,2024-04-01,2024-09-30,Consolidated,INR,133132220000.00,138347220000.00,5215000000.00,121218452000.00,75054000000.00,890000000.00,4698000000.00,40576452000.00,17134768000.00,12574768000.00
TECHM,legacy,25-Jul-2024 19:59,INDAS_109510_1202867_25072024075931.xml,2024-04-01,2024-06-30,Consolidated,INR,130054736000.00,131501736000.00,1447000000.00,119747000000.00,73315000000.00,715000000.00,4622000000.00,41095000000.00,11754736000.00,8647736000.00
TECHM,legacy,25-Apr-2024 20:25,INDAS_104717_1108423_25042024082515.xml,2023-04-01,2024-03-31,Consolidated,INR,128712517000.00,132447517000.00,3735000000.00,122920516000.00,72490000000.00,585000000.00,4614000000.00,45231516000.00,9591001000.00,6642001000.00
TECHM,legacy,24-Jan-2024 20:45,INDAS_101472_1035429_24012024084524.xml,2023-04-01,2023-12-31,Consolidated,INR,131013366000.00,131888366000.00,875000000.00,125147726000.00,74094000000.00,1165000000.00,4434000000.00,45454726000.00,6788640000.00,5237640000.00
TECHM,legacy,26-Oct-2023 15:30,INDAS_97930_967792_26102023033029.xml,2023-04-01,2023-09-30,Consolidated,INR,128639170000.00,131281170000.00,2642000000.00,125043210000.00,73022000000.00,975000000.00,4657000000.00,46389210000.00,6152960000.00,5052960000.00
TECHM,legacy,26-Jul-2023 18:55,INDAS_94611_900862_26072023065557.xml,2023-04-01,2023-06-30,Consolidated,INR,131589766000.00,133506766000.00,1917000000.00,123872970000.00,71677000000.00,1197000000.00,4466000000.00,46532970000.00,9633796000.00,7035796000.00
TECHM,legacy,27-Apr-2023 21:13,INDAS_90931_834167_27042023091314.xml,2022-04-01,2023-03-31,Consolidated,INR,137182305000.00,140237305000.00,3055000000.00,124938390000.00,71918000000.00,934000000.00,4902000000.00,47184390000.00,15248915000.00,11249915000.00
TECHM,legacy,30-Jan-2023 18:58,INDAS_88083_781013_30012023065849_WEB.xml,2022-04-01,2022-12-31,Consolidated,INR,137345605000.00,139817605000.00,2472000000.00,122015901000.00,70546000000.00,1129000000.00,4981000000.00,45359901000.00,17711704000.00,12852704000.00
TECHM,legacy,01-Nov-2022 19:01,INDAS_828061_5373_01112022190158_WEB.xml,2022-04-01,2022-09-30,Consolidated,INR,131294532000,134196532000,2902000000,117404911000,68951000000,790000000,4917000000,42746911000,16638621000,12991621000
TECHM,legacy,13-May-2022 18:40,INDAS_84436_654346_13052022064017_WEB.xml,2021-04-01,2022-03-31,Consolidated,INR,121162761000.00,124360761000.00,3198000000.00,105673373000.00,60476452000.00,552000000.00,4842420000.00,39802501000.00,18732388000.00,15452408000.00
TECHM,legacy,01-Feb-2022 16:51,INDAS_80938_601731_01022022045109_WEB.xml,2021-04-01,2021-12-31,Consolidated,INR,114507752000.00,116738752000.00,2231000000.00,97868000000.00,56602000000.00,339000000.00,3621000000.00,37306000000.00,18863752000.00,13781752000.00
TECHM,legacy,25-Oct-2021 18:27,INDAS_76706_545757_25102021062708_WEB.xml,2021-04-01,2021-09-30,Consolidated,INR,108813455000.00,111634455000.00,2821000000.00,92645000000.00,54165000000.00,354000000.00,3430000000.00,34696000000.00,18981455000.00,13409475000.00
TECHM,legacy,29-Jul-2021 16:18,INDAS_73626_497244_29072021041816_WEB.xml,2021-04-01,2021-06-30,Consolidated,INR,101976000000.00,104849000000.00,2873000000.00,86904000000.00,51616000000.00,381000000.00,3311000000.00,31596000000.00,17943000000.00,13657000000.00
TECHM,legacy,26-Apr-2021 20:27,INDAS_69440_443815_26042021082727_WEB.xml,2020-04-01,2021-03-31,Consolidated,INR,97299000000.00,97625000000.00,326000000.00,82186000000.00,46955000000.00,417000000.00,3444000000.00,31370000000.00,15441000000.00,10443000000.00
TECHM,legacy,29-Jan-2021 18:55,INDAS_66658_400166_29012021065535_WEB.xml,2020-04-01,2020-12-31,Consolidated,INR,96470561000.00,98679561000.00,2209000000.00,81520805000.00,49687713000.00,421000000.00,3584222000.00,27827870000.00,17163756000.00,12900736000.00
TECHM,legacy,24-Oct-2020 14:17,INDAS_62384_350383_24102020021736_WEB.xml,2020-04-01,2020-09-30,Consolidated,INR,93717577000.00,94892577000.00,1175000000.00,80804190000.00,48279287000.00,399000000.00,3716778000.00,28409125000.00,14092387000.00,10630407000.00
TECHM,legacy,27-Jul-2020 17:22,INDAS_58293_297432_27072020052229_WEB.xml,2020-04-01,2020-06-30,Consolidated,INR,91063485000.00,95224485000.00,4161000000.00,82393067000.00,48051000000.00,503000000.00,3832000000.00,30007067000.00,12832418000.00,9556418000.00
TECHM,legacy,03-Jun-2020 11:37,INDAS_54971_246285_30042020071904_WEB.xml,2019-04-01,2020-03-31,Consolidated,INR,94901820000.00,97753820000.00,2852000000.00,88113000000.00,48129000000.00,532000000.00,3982000000.00,35470000000.00,9655820000.00,7263820000.00
TECHM,legacy,31-Jan-2020 16:17,INDAS_52091_213389_31012020041705_WEB.xml,2019-04-01,2019-12-31,Consolidated,INR,96545821000.00,100041821000.00,3496000000.00,85311000000.00,47905000000.00,550000000.00,3848000000.00,33008000000.00,14735821000.00,11106821000.00
TECHM,legacy,05-Nov-2019 17:18,INDAS_49264_160102_05112019051804_WEB.xml,2019-04-01,2019-09-30,Consolidated,INR,90698861000.00,92861861000.00,2163000000.00,79488000000.00,47057000000.00,383000000.00,3415000000.00,28633000000.00,13376861000.00,11111861000.00
TECHM,legacy,30-Jul-2019 17:53,INDAS_46418_126524_30072019055303_WEB.xml,2019-04-01,2019-06-30,Consolidated,INR,86530290000.00,89943290000.00,3413000000.00,77056000000.00,45009000000.00,454000000.00,3213000000.00,28380000000.00,12809290000.00,9491290000.00
TECHM,legacy,24-May-2019 20:11,INDAS_44495_103291_21052019045020_WEB.xml,2018-04-01,2019-03-31,Consolidated,INR,88922925000.00,90594483000.00,1671558000.00,75522074000.00,43071409000.00,280991000.00,2704135000.00,29465539000.00,14801009000.00,11266105000.00
TECHM,legacy,12-Feb-2019 11:30,INDAS_42261_79786_05022019054818_WEB.xml,2018-04-01,2018-12-31,Consolidated,INR,89437135000.00,90242765000.00,805630000.00,75404759000.00,45181755000.00,358394000.00,2835847000.00,27028763000.00,14705767000.00,12067801000.00
TECHM,legacy,12-Nov-2018 16:27,INDAS_39760_56321_30102018081731_WEB_2.xml,2018-04-01,2018-09-30,Consolidated,INR,86298487000.00,88049306000.00,1750819000.00,73442950000.00,43031085000.00,387706000.00,2944293000.00,27079866000.00,14473548000.00,10559418000.00
TECHM,legacy,20-Jun-2018 13:48,INDAS_35786_11758_25052018092210_WEB_2.xml,2017-04-01,2018-03-31,Consolidated,INR,80545000000.00,85057600000.00,4512600000.00,69939600000.00,41453000000.00,527100000.00,2986400000.00,24973100000.00,15118400000.00,12308000000.00
TECHM,integrated,16-Jul-2026 17:49:10,INTEGRATED_FILING_INDAS_1694424_16072026054913_WEB.xml,2026-04-01,2026-06-30,Consolidated,INR,157119000000,156055000000,-1064000000,135593000000,78766000000,1113000000,4786000000,50928000000,20462000000,14863000000
TECHM,integrated,22-Apr-2026 17:51:46,INTEGRATED_FILING_INDAS_1657298_22042026060207_WEB.xml,2025-04-01,2026-03-31,Consolidated,INR,150761000000,148714000000,-2047000000,130807000000,77871000000,888000000,4811000000,47237000000,17906000000,13564000000
TECHM,integrated,16-Jan-2026 16:57:04,INTEGRATED_FILING_INDAS_1602469_16012026045706_WEB.xml,2025-04-01,2025-12-31,Consolidated,INR,143932000000,143715000000,-217000000,125949000000,75637000000,936000000,4737000000,44639000000,15042000000,11186000000
TECHM,integrated,14-Oct-2025 21:37:17,INTEGRATED_FILING_INDAS_1548249_14102025093717_WEB.xml,2025-04-01,2025-09-30,Consolidated,INR,139949000000,140349000000,400000000,123728000000,76291000000,772000000,4687000000,41978000000,16593000000,12017000000
TECHM,integrated,16-Jul-2025 16:53:35,INTEGRATED_FILING_INDAS_1484394_16072025045335_WEB.xml,2025-04-01,2025-06-30,Consolidated,INR,133512000000,135695000000,2183000000,119519000000,74989000000,778000000,4581000000,39171000000,16176000000,11288000000
TECHM,integrated,24-Apr-2025 23:38:29,INTEGRATED_FILING_INDAS_1424350_24042025113829_WEB.xml,2024-04-01,2025-03-31,Consolidated,INR,133840010000,135567010000,1727000000,120913050000,73623000000,853000000,4621000000,41816050000,14641960000,11418960000
LTM,legacy,16-Jan-2025 17:06,INDAS_117282_1347670_16012025050617.xml,2024-04-01,2024-12-31,Consolidated,INR,96609000000.00,98734000000.00,2125000000.00,84009000000.00,62549000000.00,689000000.00,2644000000.00,18127000000.00,14725000000.00,10867000000.00
LTM,legacy,17-Oct-2024 16:46,INDAS_112833_1275051_17102024044643.xml,2024-04-01,2024-09-30,Consolidated,INR,94329000000.00,97318000000.00,2989000000.00,80450000000.00,60140000000.00,703000000.00,2411000000.00,17196000000.00,16868000000.00,12516000000.00
LTM,legacy,17-Jul-2024 16:55,INDAS_109057_1189695_17072024045553.xml,2024-04-01,2024-06-30,Consolidated,INR,91426000000.00,93697000000.00,2271000000.00,78441000000.00,58871000000.00,724000000.00,2352000000.00,16494000000.00,15256000000.00,11351000000.00
LTM,legacy,24-Apr-2024 16:53,INDAS_104669_1107286_24042024045312.xml,2023-04-01,2024-03-31,Consolidated,INR,88929000000.00,91005000000.00,2076000000.00,76522000000.00,58201000000.00,680000000.00,2270000000.00,15371000000.00,14483000000.00,11007000000.00
LTM,legacy,17-Jan-2024 17:03,INDAS_101112_1025106_17012024050331.xml,2023-04-01,2023-12-31,Consolidated,INR,90166000000.00,92361000000.00,2195000000.00,76914000000.00,56327000000.00,607000000.00,1990000000.00,17990000000.00,15447000000.00,11693000000.00
LTM,legacy,18-Oct-2023 17:33,INDAS_97665_958490_18102023053316.xml,2023-04-01,2023-09-30,Consolidated,INR,89054000000.00,90486000000.00,1432000000.00,75293000000.00,56808000000.00,470000000.00,2082000000.00,15933000000.00,15193000000.00,11623000000.00
LTM,legacy,17-Jul-2023 15:50,INDAS_94213_887657_17072023035042.xml,2023-04-01,2023-06-30,Consolidated,INR,87021000000.00,88337000000.00,1316000000.00,72973000000.00,55987000000.00,460000000.00,1847000000.00,14679000000.00,15364000000.00,11523000000.00
LTM,legacy,28-Apr-2023 11:06,INDAS_90939_834264_28042023110619.xml,2022-04-01,2023-03-31,Consolidated,INR,86910000000.00,87574000000.00,664000000.00,73132000000.00,55807000000.00,436000000.00,1823000000.00,15066000000.00,14442000000.00,11141000000.00
LTM,legacy,20-Jan-2023 17:58,INDAS_87586_775748_20012023055847_WEB.xml,2022-04-01,2022-12-31,Consolidated,INR,86200000000.00,87718000000.00,1518000000.00,74612000000.00,54722000000.00,379000000.00,1781000000.00,17730000000.00,13106000000.00,10007000000.00
LTM,legacy,28-Oct-2022 18:59,INDAS_807568_6025_28102022185902_WEB.xml,2022-04-01,2022-09-30,Consolidated,INR,48367000000,49760000000,1393000000,40747000000,30849000000,189000000,1308000000,8401000000,9013000000,6798000000
LTM,legacy,14-Jul-2022 17:20,INDAS_584616_3670_14072022172026_WEB.xml,2022-04-01,2022-06-30,Consolidated,INR,45228000000,46669000000,1441000000,38159000000,28723000000,174000000,1065000000,8197000000,8510000000,6344000000
LTM,legacy,20-Apr-2022 14:51,INDAS_83554_643075_20042022025118_WEB.xml,2021-04-01,2022-03-31,Consolidated,INR,43016000000.00,44356000000.00,1340000000.00,35760000000.00,26069000000.00,189000000.00,1019000000.00,8483000000.00,8596000000.00,6375000000.00
LTM,legacy,20-Jan-2022 12:41,INDAS_80206_594823_20012022124104_WEB.xml,2021-04-01,2021-12-31,Consolidated,INR,41376000000.00,42375000000.00,999000000.00,34138000000.00,25164000000.00,188000000.00,885000000.00,7901000000.00,8237000000.00,6125000000.00
LTM,legacy,19-Oct-2021 14:55,INDAS_76437_537858_19102021025513_WEB.xml,2021-04-01,2021-09-30,Consolidated,INR,37670000000.00,38782000000.00,1112000000.00,31362000000.00,23692000000.00,174000000.00,850000000.00,6646000000.00,7420000000.00,5517000000.00
LTM,legacy,15-Jul-2021 23:12,INDAS_73062_486491_15072021111232_WEB.xml,2021-04-01,2021-06-30,Consolidated,INR,34625000000.00,35841000000.00,1216000000.00,29120000000.00,22082000000.00,177000000.00,795000000.00,6066000000.00,6721000000.00,4968000000.00
LTM,legacy,05-May-2021 15:26,INDAS_69672_445916_05052021032656_WEB.xml,2020-04-01,2021-03-31,Consolidated,INR,32694000000.00,33724000000.00,1030000000.00,26556000000.00,19855000000.00,191000000.00,826000000.00,5684000000.00,7168000000.00,5457000000.00
LTM,legacy,19-Jan-2021 21:33,INDAS_66064_394581_19012021093328_WEB.xml,2020-04-01,2020-12-31,Consolidated,INR,31528000000.00,32217000000.00,689000000.00,25223000000.00,18399000000.00,197000000.00,819000000.00,5808000000.00,6994000000.00,5193000000.00
LTM,legacy,20-Oct-2020 21:38,INDAS_62213_347652_20102020093824_WEB.xml,2020-04-01,2020-09-30,Consolidated,INR,29984000000.00,30351000000.00,367000000.00,24220000000.00,17803000000.00,192000000.00,899000000.00,5326000000.00,6131000000.00,4568000000.00
LTM,legacy,16-Jul-2020 12:11,INDAS_57843_287835_16072020121108_WEB.xml,2020-04-01,2020-06-30,Consolidated,INR,29492000000.00,30150000000.00,658000000.00,24561000000.00,18232000000.00,208000000.00,781000000.00,5340000000.00,5589000000.00,4164000000.00
LTM,legacy,26-May-2020 12:53,INDAS_55225_259886_20052020052803_WEB.xml,2019-04-01,2020-03-31,Consolidated,INR,30119000000.00,30821000000.00,702000000.00,25307000000.00,17646000000.00,221000000.00,747000000.00,6693000000.00,5514000000.00,4275000000.00
LTM,legacy,15-Jan-2020 17:11,INDAS_51447_202114_15012020051133_WEB.xml,2019-04-01,2019-12-31,Consolidated,INR,28111000000.00,28753000000.00,642000000.00,23755000000.00,16891000000.00,212000000.00,709000000.00,5943000000.00,4998000000.00,3767000000.00
LTM,legacy,18-Oct-2019 15:59,INDAS_48633_153333_18102019035933_WEB.xml,2019-04-01,2019-09-30,Consolidated,INR,25707000000.00,26644000000.00,937000000.00,21910000000.00,15929000000.00,196000000.00,663000000.00,5122000000.00,4734000000.00,3604000000.00
LTM,legacy,19-Jul-2019 16:03,INDAS_46046_121359_19072019040307_WEB.xml,2019-04-01,2019-06-30,Consolidated,INR,24849000000.00,25860000000.00,1011000000.00,21078000000.00,14700000000.00,197000000.00,611000000.00,5570000000.00,4782000000.00,3557000000.00
LTM,legacy,09-May-2019 19:09,INDAS_43786_100445_03052019044815_WEB.xml,2018-04-01,2019-03-31,Consolidated,INR,24860000000.00,25534000000.00,674000000.00,20493000000.00,14335000000.00,28000000.00,371000000.00,5759000000.00,5041000000.00,3785000000.00
LTM,legacy,22-Jan-2019 14:05,INDAS_41577_74659_18012019032459_WEB.xml,2018-04-01,2018-12-31,Consolidated,INR,24729000000.00,25038000000.00,309000000.00,20015000000.00,14172000000.00,19000000.00,355000000.00,5469000000.00,5023000000.00,3755000000.00
LTM,legacy,29-Oct-2018 16:51,INDAS_39486_54968_25102018041544_WEB.xml,2018-04-01,2018-09-30,Consolidated,INR,23312000000.00,24281000000.00,969000000.00,18915000000.00,13480000000.00,25000000.00,368000000.00,5042000000.00,5366000000.00,4003000000.00
LTM,legacy,22-Jun-2018 17:34,INDAS_35568_10945_24052018123222_WEB.xml,2017-04-01,2018-03-31,Consolidated,INR,20012000000.00,21183000000.00,1171000000.00,17505000000.00,11693000000.00,52000000.00,360000000.00,5400000000.00,3678000000.00,2894000000.00
LTM,integrated,11-Jul-2026 19:20:07,INTEGRATED_FILING_INDAS_1691074_11072026072008_WEB.xml,2026-04-01,2026-06-30,Consolidated,INR,116080000000,118634000000,2554000000,98850000000,69618000000,763000000,2613000000,25856000000,19784000000,14686000000
LTM,integrated,23-Apr-2026 17:17:44,INTEGRATED_FILING_INDAS_1657839_23042026051744_WEB.xml,2025-04-01,2026-03-31,Consolidated,INR,112917000000,114664000000,1747000000,96476000000,68896000000,653000000,2636000000,24291000000,18810000000,13873000000
LTM,integrated,19-Jan-2026 16:47:01,INTEGRATED_FILING_INDAS_1604357_19012026044701_WEB.xml,2025-04-01,2025-12-31,Consolidated,INR,107810000000,110082000000,2272000000,91132000000,65492000000,693000000,2656000000,22291000000,13047000000,9596000000
LTM,integrated,16-Oct-2025 16:54:02,INTEGRATED_FILING_INDAS_1550432_16102025045401_WEB.xml,2025-04-01,2025-09-30,Consolidated,INR,103943000000,106947000000,3004000000,88155000000,64676000000,693000000,2820000000,19966000000,18792000000,13812000000
LTM,integrated,17-Jul-2025 17:05:20,INTEGRATED_FILING_INDAS_1485528_17072025050512_WEB.xml,2025-04-01,2025-06-30,Consolidated,INR,98406000000,102327000000,3921000000,85065000000,63805000000,724000000,2429000000,18107000000,17262000000,12546000000
LTM,integrated,23-Apr-2025 16:51:59,INTEGRATED_FILING_INDAS_1423193_23042025045158_WEB.xml,2024-04-01,2025-03-31,Consolidated,INR,97717000000,100229000000,2512000000,84936000000,64666000000,673000000,2508000000,17089000000,15293000000,11286000000
MPHASIS,legacy,24-Jan-2025 13:07,INDAS_117598_1360049_24012025010704.xml,2024-04-01,2024-12-31,Consolidated,INR,35613380000.00,36240890000.00,627510000.00,30549380000.00,19890000000.00,391760000.00,1324210000.00,8943410000.00,5691510000.00,4278070000.00
MPHASIS,legacy,17-Oct-2024 14:56,INDAS_112826_1274451_17102024025638.xml,2024-04-01,2024-09-30,Consolidated,INR,35361460000.00,35948960000.00,587500000.00,30323240000.00,20140120000.00,404940000.00,1035570000.00,8742610000.00,5625720000.00,4233320000.00
MPHASIS,legacy,26-Jul-2024 12:47,INDAS_109525_1203110_26072024124745.xml,2024-04-01,2024-06-30,Consolidated,INR,34224620000.00,34960070000.00,735450000.00,29586880000.00,20340290000.00,497640000.00,1050130000.00,7698820000.00,5373190000.00,4045080000.00
MPHASIS,legacy,26-Apr-2024 16:27,INDAS_104783_1109118_26042024042746.xml,2023-04-01,2024-03-31,Consolidated,INR,34120530000.00,34762340000.00,641810000.00,29539280000.00,20645810000.00,498780000.00,1307420000.00,7087270000.00,5223060000.00,3932180000.00
MPHASIS,legacy,02-Feb-2024 15:04,INDAS_102092_1042572_02022024030424.xml,2023-04-01,2023-12-31,Consolidated,INR,33379490000.00,33921880000.00,542390000.00,28935930000.00,19694650000.00,528440000.00,1034290000.00,7678550000.00,4985950000.00,3736010000.00
MPHASIS,legacy,20-Oct-2023 19:39,INDAS_97779_964182_20102023073915.xml,2023-04-01,2023-09-30,Consolidated,INR,32765020000.00,33255400000.00,490380000.00,28038780000.00,19597450000.00,340410000.00,889730000.00,7211190000.00,5216620000.00,3919490000.00
MPHASIS,legacy,21-Jul-2023 15:06,INDAS_94341_897073_21072023030638.xml,2023-04-01,2023-06-30,Consolidated,INR,32520110000.00,33023570000.00,503460000.00,27765980000.00,19315360000.00,241040000.00,873550000.00,7336030000.00,5257590000.00,3960520000.00
MPHASIS,legacy,28-Apr-2023 18:45,INDAS_90992_834803_28042023064519.xml,2022-04-01,2023-03-31,Consolidated,INR,33612220000.00,34038200000.00,425980000.00,28696760000.00,19805410000.00,236700000.00,834480000.00,7820170000.00,5341440000.00,4053070000.00
MPHASIS,legacy,20-Jan-2023 15:33,INDAS_87562_775057_20012023033359_WEB.xml,2022-04-01,2022-12-31,Consolidated,INR,35062130000.00,35461880000.00,399750000.00,29951920000.00,20498220000.00,244060000.00,820770000.00,8388870000.00,5509960000.00,4122720000.00
MPHASIS,legacy,21-Oct-2022 14:33,INDAS_785456_5055_21102022143348_WEB.xml,2022-04-01,2022-09-30,Consolidated,INR,35198200000,35632310000,434110000,30081790000,20389640000,260000000,801470000,8630680000,5550520000,4184640000
MPHASIS,legacy,29-Apr-2022 17:58,INDAS_83759_649610_29042022055848_WEB.xml,2021-04-01,2022-03-31,Consolidated,INR,32776650000.00,33168180000.00,391530000.00,28011980000.00,19521240000.00,208420000.00,798520000.00,7483800000.00,5156200000.00,3920670000.00
MPHASIS,legacy,21-Jan-2022 12:55,INDAS_80268_596604_21012022125546_WEB.xml,2021-04-01,2021-12-31,Consolidated,INR,31237180000.00,31543650000.00,306470000.00,26747980000.00,18399200000.00,216240000.00,825840000.00,7306700000.00,4795670000.00,3576790000.00
MPHASIS,legacy,22-Oct-2021 14:46,INDAS_76596_544692_22102021024613_WEB.xml,2021-04-01,2021-09-30,Consolidated,INR,28692270000.00,29131650000.00,439380000.00,24535030000.00,16785930000.00,162660000.00,659970000.00,6926470000.00,4596620000.00,3414570000.00
MPHASIS,legacy,23-Jul-2021 17:47,INDAS_73286_494913_23072021054704_WEB.xml,2021-04-01,2021-06-30,Consolidated,INR,26908340000.00,27375460000.00,467120000.00,22794950000.00,15638640000.00,156710000.00,623190000.00,6376410000.00,4580510000.00,3396860000.00
MPHASIS,legacy,14-May-2021 19:55,INDAS_69989_448061_14052021075525_WEB.xml,2020-04-01,2021-03-31,Consolidated,INR,25242830000.00,25568760000.00,325930000.00,21332500000.00,14539630000.00,144030000.00,616900000.00,6031940000.00,4236260000.00,3169350000.00
MPHASIS,legacy,22-Jan-2021 16:58,INDAS_66217_397494_22012021045812_WEB.xml,2020-04-01,2020-12-31,Consolidated,INR,24743850000.00,25109490000.00,365640000.00,20843530000.00,14378520000.00,148000000.00,606750000.00,5710260000.00,4265960000.00,3255270000.00
MPHASIS,legacy,28-Oct-2020 18:19,INDAS_62492_351489_28102020061918_WEB.xml,2020-04-01,2020-09-30,Consolidated,INR,24354290000.00,24615460000.00,261170000.00,20577270000.00,14351300000.00,147450000.00,599760000.00,5478760000.00,4038190000.00,2992280000.00
MPHASIS,legacy,24-Jul-2020 14:46,INDAS_58139_296076_24072020024604_WEB.xml,2020-04-01,2020-06-30,Consolidated,INR,22882140000.00,23258850000.00,376710000.00,19493180000.00,13028410000.00,194670000.00,594470000.00,5675630000.00,3765670000.00,2751150000.00
MPHASIS,legacy,03-Jun-2020 10:38,INDAS_55111_256135_14052020035221_WEB.xml,2019-04-01,2020-03-31,Consolidated,INR,23461510000.00,23986710000.00,525200000.00,19836720000.00,13211020000.00,206540000.00,608700000.00,5810460000.00,4149990000.00,3532300000.00
MPHASIS,legacy,07-Feb-2020 12:39,INDAS_52735_216116_07022020123918_WEB.xml,2019-04-01,2019-12-31,Consolidated,INR,22767160000.00,23128820000.00,361660000.00,19263770000.00,12589390000.00,190100000.00,575700000.00,5908580000.00,3865050000.00,2936030000.00
MPHASIS,legacy,26-Jul-2019 19:29,INDAS_46303_125556_26072019072906_WEB.xml,2019-04-01,2019-06-30,Consolidated,INR,20625590000.00,21166560000.00,540970000.00,17631050000.00,11541960000.00,198730000.00,549080000.00,5341280000.00,3535510000.00,2646990000.00
MPHASIS,legacy,25-Jun-2019 12:19,INDAS_45030_105304_28052019071459_WEB.xml,2018-04-01,2019-03-31,Consolidated,INR,20249590000.00,20581690000.00,332100000.00,17104890000.00,11123370000.00,59170000.00,199570000.00,5722780000.00,3476800000.00,2661460000.00
MPHASIS,legacy,28-Jan-2019 19:21,INDAS_41733_77530_25012019010604_WEB.xml,2018-04-01,2018-12-31,Consolidated,INR,19709570000.00,20215910000.00,506340000.00,16634640000.00,10885820000.00,34540000.00,196150000.00,5518130000.00,3581270000.00,2779730000.00
MPHASIS,legacy,22-Oct-2018 11:44,INDAS_39362_53352_19102018091006_WEB.xml,2018-04-01,2018-09-30,Consolidated,INR,19148410000.00,19624300000.00,475890000.00,16038130000.00,10603860000.00,35090000.00,183680000.00,5215500000.00,3586170000.00,2709250000.00
MPHASIS,legacy,24-Aug-2018 14:36,INDAS_38080_32627_08082018063329_WEB.xml,2018-04-01,2018-06-30,Consolidated,INR,18202230000.00,18654970000.00,452740000.00,15225950000.00,10373860000.00,44890000.00,179040000.00,4628160000.00,3429020000.00,2583100000.00
MPHASIS,legacy,18-Jun-2018 10:22,INDAS_35088_9215_11052018063955_WEB.xml,2017-04-01,2018-03-31,Consolidated,INR,17444880000.00,17867520000.00,422640000.00,14564400000.00,10122530000.00,43150000.00,171070000.00,4227650000.00,3172340000.00,2376720000.00
MPHASIS,integrated,23-Jul-2026 23:58:07,INTEGRATED_FILING_INDAS_1700453_23072026115810_WEB.xml,2026-04-01,2026-06-30,Consolidated,INR,43840540000,44669110000,828570000,37841260000,24087400000,485170000,1470550000,11798140000,6827850000,4895060000
MPHASIS,integrated,29-Apr-2026 23:57:44,INTEGRATED_FILING_INDAS_1661644_29042026115749_WEB.xml,2025-04-01,2026-03-31,Consolidated,INR,42426680000,43505850000,1079170000,36692680000,23076140000,773380000,1527960000,11315200000,6813170000,5096400000
MPHASIS,integrated,22-Jan-2026 15:59:12,INTEGRATED_FILING_INDAS_1608214_22012026035914_WEB.xml,2025-04-01,2025-12-31,Consolidated,INR,40025790000,40649610000,623820000,34363890000,22239150000,411260000,1428520000,10284960000,5930950000,4421850000
MPHASIS,integrated,31-Oct-2025 00:27:53,INTEGRATED_FILING_INDAS_1562292_31102025122753_WEB.xml,2025-04-01,2025-09-30,Consolidated,INR,39019110000,39765540000,746430000,33517720000,22426920000,437710000,1277030000,9376060000,6247820000,4690740000
MPHASIS,integrated,24-Jul-2025 23:53:49,INTEGRATED_FILING_INDAS_1492933_24072025115349_WEB.xml,2025-04-01,2025-06-30,Consolidated,INR,37324890000,38134370000,809480000,32033660000,21444890000,418230000,1319220000,8851320000,6100710000,4417030000
MPHASIS,integrated,06-May-2025 15:48:40,INTEGRATED_FILING_INDAS_1432249_06052025034840_WEB.xml,2024-04-01,2025-03-31,Consolidated,INR,37100410000,37699960000,599550000,31788950000,21076180000,360670000,1353460000,8998640000,5911010000,4464920000
COFORGE,legacy,23-Jan-2025 18:43,INDAS_117559_1359616_23012025064350.xml,2024-04-01,2024-12-31,Consolidated,INR,33182000000.00,33778000000.00,596000000.00,30345000000.00,19877000000.00,325000000.00,1268000000.00,8854000000.00,3433000000.00,2559000000.00
COFORGE,legacy,23-Oct-2024 14:36,INDAS_113078_1285763_23102024023646.xml,2024-04-01,2024-09-30,Consolidated,INR,30623000000.00,31186000000.00,563000000.00,28051000000.00,19107000000.00,304000000.00,1243000000.00,7364000000.00,3135000000.00,2336000000.00
COFORGE,legacy,23-Jul-2024 00:43,INDAS_109275_1199654_23072024124300.xml,2024-04-01,2024-06-30,Consolidated,INR,24008000000.00,24262000000.00,254000000.00,22215000000.00,14220000000.00,325000000.00,815000000.00,6833000000.00,2047000000.00,1393000000.00
COFORGE,legacy,02-May-2024 18:32,INDAS_105165_1113929_02052024063206.xml,2023-04-01,2024-03-31,Consolidated,INR,23585000000.00,23684000000.00,99000000.00,20944000000.00,13668000000.00,370000000.00,846000000.00,6051000000.00,2856000000.00,2292000000.00
COFORGE,legacy,23-Jan-2024 16:23,INDAS_101315_1033813_23012024042356.xml,2023-04-01,2023-12-31,Consolidated,INR,23233000000.00,23383000000.00,150000000.00,20439000000.00,13458000000.00,346000000.00,811000000.00,5815000000.00,2944000000.00,2428000000.00
COFORGE,legacy,19-Oct-2023 15:17,INDAS_97692_960108_19102023031755.xml,2023-04-01,2023-09-30,Consolidated,INR,22762000000.00,22851000000.00,89000000.00,20444000000.00,14194000000.00,319000000.00,772000000.00,5124000000.00,2407000000.00,1879000000.00
COFORGE,legacy,20-Jul-2023 17:57,INDAS_94306_895525_20072023055702.xml,2023-04-01,2023-06-30,Consolidated,INR,22210000000.00,22370000000.00,160000000.00,20128000000.00,13749000000.00,221000000.00,757000000.00,5360000000.00,2242000000.00,1757000000.00
COFORGE,legacy,27-Apr-2023 14:45,INDAS_90887_833683_27042023024513.xml,2022-04-01,2023-03-31,Consolidated,INR,21700000000.00,21726000000.00,26000000.00,19657000000.00,13585000000.00,195000000.00,717000000.00,5120000000.00,1546000000.00,1167000000.00
COFORGE,legacy,20-Jan-2023 16:20,INDAS_87570_775256_20012023042042_WEB.xml,2022-04-01,2022-12-31,Consolidated,INR,20558000000.00,20876000000.00,318000000.00,17802000000.00,11981000000.00,215000000.00,624000000.00,4911000000.00,3074000000.00,2359000000.00
COFORGE,legacy,21-Oct-2022 11:27,INDAS_783729_5245_21102022112701_WEB.xml,2022-04-01,2022-09-30,Consolidated,INR,19594000000,19729000000,135000000,17049000000,11719000000,212000000,614000000,4451000000,2680000000,2206000000
COFORGE,legacy,26-Jul-2022 13:50,INDAS_604487_2904_26072022135046_WEB.xml,2022-04-01,2022-06-30,Consolidated,INR,18294000000,18434000000,140000000,16222000000,10995000000,184000000,630000000,4026000000,2212000000,1719000000
COFORGE,legacy,12-May-2022 16:07,INDAS_84309_653490_12052022040711_WEB.xml,2021-04-01,2022-03-31,Consolidated,INR,17429000000.00,17661000000.00,232000000.00,15071000000.00,10119000000.00,183000000.00,584000000.00,3592000000.00,2590000000.00,2248000000.00
COFORGE,legacy,28-Jan-2022 13:53,INDAS_80625_599828_28012022015321_WEB.xml,2021-04-01,2021-12-31,Consolidated,INR,16581000000.00,16629000000.00,48000000.00,14297000000.00,9689000000.00,183000000.00,566000000.00,3497000000.00,2332000000.00,1972000000.00
COFORGE,legacy,26-Oct-2021 00:10,INDAS_76729_545908_26102021121006_WEB.xml,2021-04-01,2021-09-30,Consolidated,INR,15694000000.00,15771000000.00,77000000.00,13710000000.00,9514000000.00,165000000.00,598000000.00,3056000000.00,2061000000.00,1615000000.00
COFORGE,legacy,28-Jul-2021 18:40,INDAS_73553_496751_28072021064029_WEB.xml,2021-04-01,2021-06-30,Consolidated,INR,14616000000.00,14777000000.00,161000000.00,13145000000.00,9024000000.00,119000000.00,524000000.00,3086000000.00,1632000000.00,1312000000.00
COFORGE,legacy,06-May-2021 19:46,INDAS_69722_446225_06052021074636_WEB.xml,2020-04-01,2021-03-31,Consolidated,INR,12615000000.00,12780000000.00,165000000.00,10998000000.00,7585000000.00,32000000.00,449000000.00,2660000000.00,1782000000.00,1374000000.00
COFORGE,legacy,28-Jan-2021 18:25,INDAS_66472_399199_28012021062534_WEB.xml,2020-04-01,2020-12-31,Consolidated,INR,11906000000.00,11952000000.00,46000000.00,10386000000.00,7205000000.00,34000000.00,462000000.00,2100000000.00,1566000000.00,1235000000.00
COFORGE,legacy,23-Oct-2020 20:39,INDAS_62372_350248_23102020083934_WEB.xml,2020-04-01,2020-09-30,Consolidated,INR,11537000000.00,11576000000.00,39000000.00,10051000000.00,6763000000.00,40000000.00,460000000.00,2242000000.00,1525000000.00,1222000000.00
COFORGE,legacy,28-Jul-2020 20:03,INDAS_58418_298246_28072020080308_WEB.xml,2020-04-01,2020-06-30,Consolidated,INR,10570000000.00,10646000000.00,76000000.00,9377000000.00,6605000000.00,37000000.00,465000000.00,1738000000.00,1089000000.00,829000000.00
COFORGE,legacy,03-Jun-2020 16:12,INDAS_54999_248889_06052020045115_WEB.xml,2019-04-01,2020-03-31,Consolidated,INR,11093000000.00,11314000000.00,221000000.00,9596000000.00,6441000000.00,54000000.00,433000000.00,2412000000.00,1590000000.00,1242000000.00
COFORGE,legacy,29-Jan-2020 15:33,INDAS_51863_212209_29012020033301_WEB.xml,2019-04-01,2019-12-31,Consolidated,INR,10734000000.00,10882000000.00,148000000.00,9261000000.00,6524000000.00,26000000.00,449000000.00,1928000000.00,1621000000.00,1285000000.00
COFORGE,legacy,23-Oct-2019 18:38,INDAS_48819_157235_23102019063839_WEB.xml,2019-04-01,2019-09-30,Consolidated,INR,10385000000.00,10487000000.00,102000000.00,8960000000.00,6276000000.00,44000000.00,447000000.00,2095000000.00,1527000000.00,1251000000.00
COFORGE,legacy,07-May-2019 17:56,INDAS_43817_100539_04052019062944_WEB_2.xml,2018-04-01,2019-03-31,Consolidated,INR,9722000000.00,9795000000.00,73000000.00,8344000000.00,5763000000.00,34000000.00,303000000.00,2077000000.00,1395000000.00,1099000000.00
COFORGE,legacy,22-Jan-2019 12:44,INDAS_41578_74698_18012019035035_WEB_2.xml,2018-04-01,2018-12-31,Consolidated,INR,9717000000.00,9733000000.00,16000000.00,8237000000.00,5586000000.00,20000000.00,314000000.00,2259000000.00,1496000000.00,1051000000.00
COFORGE,legacy,19-Oct-2018 19:25,INDAS_39335_51944_17102018023506_WEB_2.xml,2018-04-01,2018-09-30,Consolidated,INR,9074000000.00,9300000000.00,226000000.00,7770000000.00,5346000000.00,18000000.00,319000000.00,2045000000.00,1530000000.00,1167000000.00
COFORGE,legacy,25-May-2018 18:33,INDAS_34879_8442_04052018082603_WEB_2.xml,2017-04-01,2018-03-31,Consolidated,INR,7888000000.00,8036000000.00,148000000.00,6775000000.00,4571000000.00,32000000.00,305000000.00,1829000000.00,1261000000.00,973000000.00
COFORGE,integrated,28-Jul-2026 01:37:12,INTEGRATED_FILING_INDAS_1702582_28072026013714_WEB.xml,2026-04-01,2026-06-30,Consolidated,INR,55277000000,55545000000,268000000,47974000000,31250000000,866000000,2411000000,13447000000,7021000000,5317000000
COFORGE,integrated,05-May-2026 21:57:07,INTEGRATED_FILING_INDAS_1663900_05052026095708_WEB.xml,2025-04-01,2026-03-31,Consolidated,INR,44504000000,44725000000,221000000,37939000000,23975000000,400000000,1800000000,11755000000,6250000000,6662000000
COFORGE,integrated,22-Jan-2026 23:46:08,INTEGRATED_FILING_INDAS_1608772_22012026114610_WEB.xml,2025-04-01,2025-12-31,Consolidated,INR,41881000000,42020000000,139000000,36702000000,23309000000,415000000,1708000000,11248000000,3842000000,2967000000
COFORGE,integrated,24-Oct-2025 17:22:27,INTEGRATED_FILING_INDAS_1556407_24102025052227_WEB.xml,2025-04-01,2025-09-30,Consolidated,INR,39857000000,40242000000,385000000,34660000000,22723000000,409000000,1719000000,9789000000,5582000000,4254000000
COFORGE,integrated,28-Jul-2025 15:11:21,INTEGRATED_FILING_INDAS_1495015_28072025031120_WEB.xml,2025-04-01,2025-06-30,Consolidated,INR,36886000000,37072000000,186000000,33170000000,22154000000,462000000,1592000000,8948000000,3654000000,3564000000
COFORGE,integrated,05-May-2025 19:37:42,INTEGRATED_FILING_INDAS_1431832_05052025073742_WEB.xml,2024-04-01,2025-03-31,Consolidated,INR,34099000000,34413000000,314000000,30480000000,19958000000,397000000,1254000000,8846000000,3933000000,3073000000
PERSISTENT,legacy,22-Jan-2025 21:07,INDAS_117508_1357475_22012025090715.xml,2024-04-01,2024-12-31,Consolidated,INR,30622840000.00,31049175000.00,426335000.00,26228785000.00,21970690000.00,163200000.00,821150000.00,3273745000.00,4820390000.00,3729900000.00
PERSISTENT,legacy,22-Oct-2024 20:38,INDAS_113051_1285423_22102024083840.xml,2024-04-01,2024-09-30,Consolidated,INR,28971510000.00,29436710000.00,465200000.00,25091510000.00,21509000000.00,182330000.00,744960000.00,2655220000.00,4345200000.00,3249970000.00
PERSISTENT,legacy,18-Jul-2024 17:55,INDAS_109094_1192346_18072024055557.xml,2024-04-01,2024-06-30,Consolidated,INR,27371700000.00,27678100000.00,306400000.00,23672680000.00,19951860000.00,141140000.00,711970000.00,2867710000.00,4005420000.00,3064150000.00
PERSISTENT,legacy,21-Apr-2024 21:18,INDAS_104625_1105391_21042024091823.xml,2023-04-01,2024-03-31,Consolidated,INR,25905260000.00,26213090000.00,307830000.00,22258170000.00,18935570000.00,97350000.00,799170000.00,2426080000.00,3954920000.00,3153210000.00
PERSISTENT,legacy,20-Jan-2024 18:52,INDAS_101255_1032305_20012024065251.xml,2023-04-01,2023-12-31,Consolidated,INR,24982160000.00,25365260000.00,383100000.00,21472250000.00,18095600000.00,121120000.00,787310000.00,2468220000.00,3893010000.00,2861340000.00
PERSISTENT,legacy,18-Oct-2023 15:51,INDAS_97644_957915_18102023035100.xml,2023-04-01,2023-09-30,Consolidated,INR,24116700000.00,24489520000.00,372820000.00,20931890000.00,17759150000.00,122830000.00,743970000.00,2305940000.00,3557630000.00,2632680000.00
PERSISTENT,legacy,20-Jul-2023 15:53,INDAS_94295_894883_20072023035320.xml,2023-04-01,2023-06-30,Consolidated,INR,23211750000.00,23428220000.00,216470000.00,20357730000.00,16312080000.00,125970000.00,763280000.00,3156400000.00,3070490000.00,2287680000.00
PERSISTENT,legacy,25-Apr-2023 03:00,INDAS_90813_832369_25042023030047.xml,2022-04-01,2023-03-31,Consolidated,INR,22544720000.00,22632990000.00,88270000.00,19227140000.00,15786830000.00,148310000.00,697250000.00,2594750000.00,3405850000.00,2515130000.00
PERSISTENT,legacy,18-Jan-2023 19:03,INDAS_87507_772152_18012023070347_WEB.xml,2022-04-01,2022-12-31,Consolidated,INR,21693680000.00,22021250000.00,327570000.00,18496820000.00,15616120000.00,135180000.00,683510000.00,2062010000.00,3227880000.00,2379540000.00
PERSISTENT,legacy,19-Oct-2022 17:55,INDAS_776600_5665_19102022175545_WEB.xml,2022-04-01,2022-09-30,Consolidated,INR,20486410000,20566960000,80550000,17610920000,15009200000,111080000,693070000,1797570000,2956040000,2200140000
PERSISTENT,legacy,28-Apr-2022 13:14,INDAS_83692_648902_28042022011405_WEB.xml,2021-04-01,2022-03-31,Consolidated,INR,16378540000.00,16799270000.00,420730000.00,14127440000.00,12212820000.00,49290000.00,511350000.00,1353980000.00,2671830000.00,2009900000.00
PERSISTENT,legacy,21-Jan-2022 15:15,INDAS_80278_596841_21012022031512_WEB.xml,2021-04-01,2021-12-31,Consolidated,INR,14917170000.00,15223810000.00,306640000.00,12859690000.00,11134610000.00,25500000.00,427850000.00,1271730000.00,2364120000.00,1763950000.00
PERSISTENT,legacy,28-Oct-2021 12:07,INDAS_76914_547251_28102021120755_WEB.xml,2021-04-01,2021-09-30,Consolidated,INR,13512490000.00,13836640000.00,324150000.00,11660320000.00,10091910000.00,20940000.00,370830000.00,1176640000.00,2176320000.00,1617530000.00
PERSISTENT,legacy,22-Jul-2021 20:23,INDAS_73255_494642_22072021082358_WEB.xml,2021-04-01,2021-06-30,Consolidated,INR,12299260000.00,12687290000.00,388030000.00,10656770000.00,9127940000.00,22620000.00,350090000.00,1156120000.00,2030520000.00,1512480000.00
PERSISTENT,legacy,30-Apr-2021 17:22,INDAS_69573_445145_30042021052213_WEB.xml,2020-04-01,2021-03-31,Consolidated,INR,11133580000.00,11533940000.00,400360000.00,9685160000.00,8397030000.00,15830000.00,419050000.00,853250000.00,1848780000.00,1377590000.00
PERSISTENT,legacy,29-Jan-2021 15:43,INDAS_66589_399804_29012021034320_WEB.xml,2020-04-01,2020-12-31,Consolidated,INR,10753980000.00,11054100000.00,300120000.00,9404000000.00,7740860000.00,13750000.00,461050000.00,1188340000.00,1650100000.00,1209240000.00
PERSISTENT,legacy,30-Oct-2020 17:09,INDAS_62681_352759_30102020050954_WEB.xml,2020-04-01,2020-09-30,Consolidated,INR,10077470000.00,10242440000.00,164970000.00,8867330000.00,7448240000.00,14200000.00,439790000.00,965100000.00,1375110000.00,1019860000.00
PERSISTENT,legacy,27-Jul-2020 16:25,INDAS_58283_297368_27072020042554_WEB.xml,2020-04-01,2020-06-30,Consolidated,INR,9913850000.00,10126120000.00,212270000.00,8905680000.00,7135540000.00,14160000.00,435610000.00,1320370000.00,1220440000.00,900080000.00
PERSISTENT,legacy,13-May-2020 12:46,INDAS_54994_248717_06052020024900_WEB.xml,2019-04-01,2020-03-31,Consolidated,INR,9263650000.00,9556850000.00,293200000.00,8426420000.00,6839200000.00,11680000.00,420250000.00,1155290000.00,1130430000.00,838210000.00
PERSISTENT,legacy,31-Jan-2020 15:24,INDAS_52074_213313_31012020032458_WEB.xml,2019-04-01,2019-12-31,Consolidated,INR,9227290000.00,9575040000.00,347750000.00,8435290000.00,6593180000.00,14760000.00,428300000.00,1399050000.00,1139750000.00,879260000.00
PERSISTENT,legacy,05-Nov-2019 14:50,INDAS_49248_160007_05112019025051_WEB.xml,2019-04-01,2019-09-30,Consolidated,INR,8846000000.00,9228460000.00,382460000.00,8072830000.00,6266890000.00,18380000.00,424900000.00,1362660000.00,1155630000.00,860720000.00
PERSISTENT,legacy,26-Jul-2019 16:06,INDAS_46271_125357_26072019040635_WEB.xml,2019-04-01,2019-06-30,Consolidated,INR,8321140000.00,8621500000.00,300360000.00,7523890000.00,5776070000.00,18500000.00,386170000.00,1343150000.00,1097610000.00,824700000.00
PERSISTENT,legacy,06-May-2019 18:10,INDAS_43668_99730_28042019121103_WEB.xml,2018-04-01,2019-03-31,Consolidated,INR,8318540000.00,8602500000.00,283960000.00,7489360000.00,5722300000.00,1030000.00,376800000.00,1389230000.00,1113140000.00,844730000.00
PERSISTENT,legacy,30-Jan-2019 18:27,INDAS_41825_78144_29012019124450_WEB.xml,2018-04-01,2018-12-31,Consolidated,INR,8642490000.00,8872420000.00,229930000.00,7577210000.00,5815220000.00,670000.00,396320000.00,1365000000.00,1295210000.00,917170000.00
PERSISTENT,legacy,22-Oct-2018 11:43,INDAS_39374_53898_21102018040754_WEB.xml,2018-04-01,2018-09-30,Consolidated,INR,8355570000.00,8587780000.00,232210000.00,7318990000.00,5739410000.00,1070000.00,398580000.00,1179930000.00,1268790000.00,881410000.00
PERSISTENT,legacy,02-Aug-2018 16:10,INDAS_37548_30297_28072018062011_WEB.xml,2018-04-01,2018-06-30,Consolidated,INR,8342810000.00,8529560000.00,186750000.00,7343310000.00,5463050000.00,280000.00,400810000.00,1479170000.00,1186250000.00,873480000.00
PERSISTENT,integrated,02-Aug-2026 18:45:11,INTEGRATED_FILING_INDAS_1706739_02082026064511_WEB.xml,2026-04-01,2026-06-30,Consolidated,INR,43032270000,43738630000,706360000,37507620000,28659680000,291430000,1152870000,7403640000,6231010000,4830430000
PERSISTENT,integrated,21-Apr-2026 19:13:16,INTEGRATED_FILING_INDAS_1656685_21042026071318_WEB.xml,2025-04-01,2026-03-31,Consolidated,INR,40559370000,40894290000,334920000,34154480000,27582670000,186750000,1085390000,5299670000,6739810000,5292600000
PERSISTENT,integrated,20-Jan-2026 19:11:04,INTEGRATED_FILING_INDAS_1606226_20012026071106_WEB.xml,2025-04-01,2025-12-31,Consolidated,INR,37782050000,38187010000,404960000,31646840000,26005910000,189640000,1005800000,4445490000,5649920000,4394540000
PERSISTENT,integrated,14-Oct-2025 20:16:05,INTEGRATED_FILING_INDAS_1548199_14102025081605_WEB.xml,2025-04-01,2025-09-30,Consolidated,INR,35807200000,36324960000,517760000,30156640000,24835820000,179790000,1000470000,4140560000,6168320000,4714700000
PERSISTENT,integrated,23-Jul-2025 20:30:00,INTEGRATED_FILING_INDAS_1491776_23072025083000_WEB.xml,2025-04-01,2025-06-30,Consolidated,INR,33335870000,33882490000,546620000,28328420000,23057160000,170640000,937840000,4162780000,5554070000,4249360000
PERSISTENT,integrated,24-Apr-2025 20:32:16,INTEGRATED_FILING_INDAS_1424280_24042025083216_WEB.xml,2024-04-01,2025-03-31,Consolidated,INR,32421120000,32604730000,183610000,27552650000,22797270000,184620000,791020000,3779740000,5052080000,3957600000
BSOFT,legacy,11-Feb-2025 22:55,INDAS_119758_1378950_11022025105543.xml,2024-04-01,2024-12-31,Consolidated,INR,13627030000.00,13834780000.00,207750000.00,12274930000.00,8328870000.00,69470000.00,212610000.00,3438280000.00,1559850000.00,1169420000.00
BSOFT,legacy,24-Oct-2024 10:54,INDAS_113158_1286685_24102024105440.xml,2024-04-01,2024-09-30,Consolidated,INR,13682170000.00,14015720000.00,333550000.00,12318880000.00,8296300000.00,67870000.00,222300000.00,3441950000.00,1696840000.00,1275060000.00
BSOFT,legacy,31-Jul-2024 17:04,INDAS_109945_1207940_31072024050430.xml,2024-04-01,2024-06-30,Consolidated,INR,13274310000.00,13619670000.00,345360000.00,11571050000.00,7601560000.00,41950000.00,205840000.00,3149200000.00,2048620000.00,1502070000.00
BSOFT,legacy,29-Apr-2024 19:15,INDAS_104945_1111183_29042024071508.xml,2023-04-01,2024-03-31,Consolidated,INR,13625480000.00,14082660000.00,457180000.00,11660490000.00,7679350000.00,40800000.00,210900000.00,3729440000.00,2422170000.00,1800840000.00
BSOFT,legacy,24-Jan-2024 19:17,INDAS_101459_1035335_24012024071734.xml,2023-04-01,2023-12-31,Consolidated,INR,13429510000.00,13711170000.00,281660000.00,11556710000.00,7934400000.00,59500000.00,210550000.00,3352260000.00,2154460000.00,1610580000.00
BSOFT,legacy,01-Nov-2023 13:08,INDAS_98382_973066_01112023010857.xml,2023-04-01,2023-09-30,Consolidated,INR,13098750000.00,13254390000.00,155640000.00,11299170000.00,7441400000.00,56860000.00,215030000.00,3585880000.00,1955220000.00,1450770000.00
BSOFT,legacy,27-Jul-2023 18:27,INDAS_94712_901832_27072023062753.xml,2023-04-01,2023-06-30,Consolidated,INR,12627710000.00,12768290000.00,140580000.00,10952550000.00,7428150000.00,42260000.00,213780000.00,3268360000.00,1815740000.00,1375410000.00
BSOFT,legacy,09-May-2023 14:16,INDAS_91388_839372_09052023021609.xml,2022-04-01,2023-03-31,Consolidated,INR,12263880000.00,12240790000.00,-23090000.00,10843570000.00,7294120000.00,39690000.00,209600000.00,3300160000.00,1397220000.00,1121680000.00
BSOFT,legacy,02-Feb-2023 18:36,INDAS_88405_784197_02022023063642_WEB.xml,2022-04-01,2022-12-31,Consolidated,INR,12218920000.00,12342580000.00,123660000.00,12410890000.00,7319650000.00,55610000.00,209950000.00,4825680000.00,-68310000.00,-163610000.00
BSOFT,legacy,22-Oct-2022 10:08,INDAS_789376_5123_22102022100840_WEB.xml,2022-04-01,2022-09-30,Consolidated,INR,11920770000,11893570000,-27200000,10422010000,6938250000,58070000,206680000,3219010000,1471560000,1150540000
BSOFT,legacy,04-Aug-2022 11:33,INDAS_627228_2782_04082022113319_WEB.xml,2022-04-01,2022-06-30,Consolidated,INR,11544120000,11698860000,154740000,10075110000,6578550000,32520000,196420000,3267620000,1623750000,1207230000
BSOFT,legacy,24-May-2022 11:49,INDAS_85132_659033_24052022114934_WEB.xml,2021-04-01,2022-03-31,Consolidated,INR,11014420000.00,11240640000.00,226220000.00,9504680000.00,6296850000.00,36000000.00,199710000.00,2972120000.00,1735960000.00,1328970000.00
BSOFT,legacy,28-Jan-2022 09:28,INDAS_80591_599622_28012022092842_WEB.xml,2021-04-01,2021-12-31,Consolidated,INR,10719060000.00,10846620000.00,127560000.00,9310380000.00,6067390000.00,31350000.00,187540000.00,3024100000.00,1536240000.00,1139670000.00
BSOFT,legacy,27-Oct-2021 09:26,INDAS_76798_546497_27102021092643_WEB.xml,2021-04-01,2021-09-30,Consolidated,INR,10116870000.00,10210430000.00,93560000.00,8827040000.00,5764390000.00,34370000.00,193500000.00,2834780000.00,1382010000.00,1031310000.00
BSOFT,legacy,28-Jul-2021 18:21,INDAS_73550_496722_28072021062124_WEB.xml,2021-04-01,2021-06-30,Consolidated,INR,9453150000.00,9667830000.00,214680000.00,8155430000.00,5560130000.00,28440000.00,184350000.00,2382510000.00,1512400000.00,1136420000.00
BSOFT,legacy,21-May-2021 19:20,INDAS_70219_449952_21052021072005_WEB.xml,2020-04-01,2021-03-31,Consolidated,INR,9028570000.00,9079470000.00,50900000.00,7711450000.00,5327850000.00,28870000.00,177890000.00,2176840000.00,1368020000.00,989750000.00
BSOFT,legacy,06-Feb-2021 16:38,INDAS_67332_403334_06022021043827_WEB.xml,2020-04-01,2020-12-31,Consolidated,INR,8807770000.00,8963620000.00,155850000.00,7597330000.00,5254270000.00,31580000.00,202360000.00,2109120000.00,1366290000.00,963890000.00
BSOFT,legacy,05-Nov-2020 20:31,INDAS_63212_355207_05112020083109_WEB.xml,2020-04-01,2020-09-30,Consolidated,INR,8574560000.00,8638850000.00,64290000.00,7622820000.00,5230540000.00,34750000.00,208120000.00,2149410000.00,1016030000.00,691210000.00
BSOFT,legacy,05-Aug-2020 17:24,INDAS_59400_302886_05082020052400_WEB.xml,2020-04-01,2020-06-30,Consolidated,INR,9146300000.00,9065070000.00,-81230000.00,8267420000.00,5345400000.00,35240000.00,215340000.00,2671440000.00,797650000.00,563460000.00
BSOFT,legacy,04-Jun-2020 01:06,INDAS_55238_260001_20052020090630_WEB.xml,2019-04-01,2020-03-31,Consolidated,INR,9070720000.00,9259790000.00,189070000.00,8151150000.00,5250990000.00,34020000.00,213830000.00,2652310000.00,1108640000.00,690450000.00
BSOFT,legacy,31-Jan-2020 17:50,INDAS_52125_213530_31012020055044_WEB.xml,2019-04-01,2019-12-31,Consolidated,INR,8332860000.00,8510930000.00,178070000.00,7499600000.00,4987720000.00,40410000.00,200870000.00,2270600000.00,1011330000.00,726750000.00
BSOFT,legacy,08-Nov-2019 15:32,INDAS_49512_162215_08112019033250_WEB.xml,2019-04-01,2019-09-30,Consolidated,INR,7734180000.00,7762850000.00,28670000.00,7124370000.00,4816690000.00,40870000.00,204360000.00,2062450000.00,638480000.00,408260000.00
BSOFT,legacy,07-Aug-2019 18:03,INDAS_46871_128587_07082019060307_WEB.xml,2019-04-01,2019-06-30,Consolidated,INR,7771930000.00,7856370000.00,84440000.00,7252780000.00,4920010000.00,45970000.00,206730000.00,2080070000.00,603590000.00,418020000.00
BSOFT,legacy,24-Jun-2019 13:51,INDAS_44783_104274_24052019083951_WEB.xml,2018-04-01,2019-03-31,Consolidated,INR,7882880000.00,8052440000.00,169560000.00,7419420000.00,4958960000.00,27670000.00,129660000.00,2303130000.00,808870000.00,660640000.00
BSOFT,legacy,16-Jan-2019 15:52,INDAS_41511_72734_16012019120215_WEB.xml,2018-04-01,2018-12-31,Consolidated,INR,5636960000.00,5667000000.00,30040000.00,5115340000.00,3408280000.00,27520000.00,101840000.00,1577700000.00,551660000.00,649330000.00
BSOFT,legacy,26-Oct-2018 16:07,INDAS_39461_54800_25102018113448_WEB.xml,2018-04-01,2018-09-30,Consolidated,INR,10788690000.00,10858700000.00,70010000.00,9747170000.00,6450910000.00,56590000.00,367730000.00,2855780000.00,1111530000.00,825720000.00
BSOFT,legacy,03-Aug-2018 18:34,INDAS_37254_29285_26072018011951_WEB.xml,2018-04-01,2018-06-30,Consolidated,INR,10138400000.00,10300440000.00,162040000.00,9234190000.00,6310730000.00,53590000.00,270480000.00,2549270000.00,1066250000.00,785950000.00
BSOFT,legacy,29-May-2018 11:01,INDAS_35610_11125_24052018035318_WEB_2.xml,2017-04-01,2018-03-31,Consolidated,INR,9664320000.00,9854840000.00,190520000.00,8851000000.00,6088390000.00,28550000.00,256410000.00,2293430000.00,1003840000.00,765980000.00
BSOFT,integrated,28-Jul-2026 17:29:09,INTEGRATED_FILING_INDAS_1703165_28072026052912_WEB.xml,2026-04-01,2026-06-30,Consolidated,INR,13793960000,14084230000,290270000,11802490000,8378700000,42960000,193170000,3167190000,2281740000,1609970000
BSOFT,integrated,06-May-2026 23:28:32,INTEGRATED_FILING_INDAS_1664302_06052026112838_WEB.xml,2025-04-01,2026-03-31,Consolidated,INR,13486250000,13448880000,-37370000,11226040000,7862980000,38560000,193010000,3103420000,2222840000,1759320000
BSOFT,integrated,28-Jan-2026 20:50:15,INTEGRATED_FILING_INDAS_1612331_28012026085016_WEB.xml,2025-04-01,2025-12-31,Consolidated,INR,13475320000,13609420000,134100000,11284970000,8094540000,56870000,200770000,2921730000,1917570000,1198890000
BSOFT,integrated,06-Nov-2025 20:52:28,INTEGRATED_FILING_INDAS_1567422_06112025085228_WEB.xml,2025-04-01,2025-09-30,Consolidated,INR,13289030000,13509340000,220310000,11409100000,7963630000,50970000,201750000,3131730000,2100240000,1161020000
BSOFT,integrated,07-Aug-2025 21:09:16,INTEGRATED_FILING_INDAS_1506193_07082025090915_WEB.xml,2025-04-01,2025-06-30,Consolidated,INR,12848980000,13179990000,331010000,11518260000,7786640000,49620000,207720000,3267740000,1661730000,1064340000
BSOFT,integrated,29-May-2025 11:00:09,INTEGRATED_FILING_INDAS_1456205_29052025110009_WEB.xml,2024-04-01,2025-03-31,Consolidated,INR,13168880000,13367590000,198710000,11704560000,7781210000,55090000,216340000,3350620000,1663030000,1221050000
ZENSARTECH,legacy,23-Jan-2025 15:18,INDAS_117538_1359195_23012025031838.xml,2024-04-01,2024-12-31,Consolidated,INR,13256000000.00,13563000000.00,307000000.00,11460000000.00,8463000000.00,37000000.00,237000000.00,2555000000.00,2103000000.00,1598000000.00
ZENSARTECH,legacy,23-Oct-2024 14:23,INDAS_113072_1285731_23102024022303.xml,2024-04-01,2024-09-30,Consolidated,INR,13080000000.00,13491000000.00,411000000.00,11412000000.00,8431000000.00,45000000.00,297000000.00,2467000000.00,2079000000.00,1557000000.00
ZENSARTECH,legacy,23-Jul-2024 17:37,INDAS_109309_1200303_23072024053758.xml,2024-04-01,2024-06-30,Consolidated,INR,12881000000.00,13305000000.00,424000000.00,11208000000.00,8157000000.00,42000000.00,247000000.00,2719000000.00,2097000000.00,1579000000.00
ZENSARTECH,legacy,26-Apr-2024 12:43,INDAS_104749_1108762_26042024124323.xml,2023-04-01,2024-03-31,Consolidated,INR,12297000000.00,12818000000.00,521000000.00,10532000000.00,7798000000.00,28000000.00,237000000.00,2459000000.00,2286000000.00,1733000000.00
ZENSARTECH,legacy,23-Jan-2024 15:53,INDAS_101314_1033749_23012024035300.xml,2023-04-01,2023-12-31,Consolidated,INR,12041000000.00,12462000000.00,421000000.00,10341000000.00,7766000000.00,64000000.00,312000000.00,2176000000.00,2121000000.00,1617000000.00
ZENSARTECH,legacy,18-Oct-2023 16:43,INDAS_97655_958206_18102023044344.xml,2023-04-01,2023-09-30,Consolidated,INR,12408000000.00,12771000000.00,363000000.00,10522000000.00,7795000000.00,57000000.00,366000000.00,2273000000.00,2249000000.00,1739000000.00
ZENSARTECH,legacy,21-Jul-2023 11:55,INDAS_94329_896565_21072023115528.xml,2023-04-01,2023-06-30,Consolidated,INR,12272000000.00,12556000000.00,284000000.00,10454000000.00,7658000000.00,60000000.00,423000000.00,2303000000.00,2102000000.00,1562000000.00
ZENSARTECH,legacy,12-May-2023 15:45,INDAS_91588_841373_12052023034558.xml,2022-04-01,2023-03-31,Consolidated,INR,12126000000.00,12398000000.00,272000000.00,10782000000.00,7988000000.00,63000000.00,351000000.00,2320000000.00,1616000000.00,1192000000.00
ZENSARTECH,legacy,25-Jan-2023 13:07,INDAS_87808_778500_25012023010748_WEB.xml,2022-04-01,2022-12-31,Consolidated,INR,11976000000.00,12235000000.00,259000000.00,11200000000.00,7754000000.00,76000000.00,497000000.00,2576000000.00,1035000000.00,765000000.00
ZENSARTECH,legacy,21-Oct-2022 15:26,INDAS_785967_4762_21102022152632_WEB.xml,2022-04-01,2022-09-30,Consolidated,INR,12346000000,12630000000,284000000,11859000000,8087000000,75000000,492000000,2712000000,771000000,568000000
ZENSARTECH,legacy,06-Aug-2022 11:30,INDAS_634357_2421_06082022113025_WEB.xml,2022-04-01,2022-06-30,Consolidated,INR,12034000000,12247000000,213000000,11227000000,7401000000,64000000,490000000,2800000000,1020000000,751000000
ZENSARTECH,legacy,11-May-2022 14:21,INDAS_84230_652942_11052022022159_WEB.xml,2021-04-01,2022-03-31,Consolidated,INR,11538000000.00,12261000000.00,723000000.00,10465000000.00,7118000000.00,89000000.00,481000000.00,2524000000.00,1796000000.00,1308000000.00
ZENSARTECH,legacy,25-Jan-2022 17:13,INDAS_80460_598747_25012022051350_WEB.xml,2021-04-01,2021-12-31,Consolidated,INR,11025000000.00,11266000000.00,241000000.00,10003000000.00,6738000000.00,89000000.00,474000000.00,2419000000.00,1263000000.00,924000000.00
ZENSARTECH,legacy,27-Oct-2021 17:37,INDAS_76858_546868_27102021053754_WEB.xml,2021-04-01,2021-09-30,Consolidated,INR,10506000000.00,10735000000.00,229000000.00,9449000000.00,6398000000.00,87000000.00,468000000.00,2278000000.00,1286000000.00,958000000.00
ZENSARTECH,legacy,27-Jul-2021 12:34,INDAS_73399_495812_27072021123439_WEB.xml,2021-04-01,2021-06-30,Consolidated,INR,9368000000.00,9552000000.00,184000000.00,8157000000.00,6651000000.00,89000000.00,426000000.00,643000000.00,1395000000.00,1026000000.00
ZENSARTECH,legacy,22-Jan-2021 17:04,INDAS_66222_397512_22012021050438_WEB.xml,2020-04-01,2020-12-31,Consolidated,INR,9344100000.00,9392100000.00,48000000.00,8046200000.00,6446900000.00,130100000.00,426100000.00,617700000.00,1748200000.00,1391700000.00
ZENSARTECH,legacy,30-Oct-2020 14:51,INDAS_62649_352583_30102020025108_WEB.xml,2020-04-01,2020-09-30,Consolidated,INR,9794500000.00,9755300000.00,-39200000.00,8516600000.00,6990100000.00,131700000.00,432100000.00,647800000.00,351400000.00,22900000.00
ZENSARTECH,legacy,24-Jul-2020 15:21,INDAS_58141_296093_24072020032135_WEB.xml,2020-04-01,2020-06-30,Consolidated,INR,9912400000.00,10092000000.00,179600000.00,9077600000.00,7275400000.00,151700000.00,443800000.00,746900000.00,1014400000.00,748900000.00
ZENSARTECH,legacy,19-Jul-2020 18:47,INDAS_55133_257711_15052020025826_WEB.xml,2019-04-01,2020-03-31,Consolidated,INR,10177900000.00,10339000000.00,161100000.00,9348900000.00,7202400000.00,171800000.00,415400000.00,1162900000.00,990100000.00,720000000.00
ZENSARTECH,legacy,24-Jan-2020 15:31,INDAS_51683_210530_24012020033112_WEB.xml,2019-04-01,2019-12-31,Consolidated,INR,10205900000.00,10601800000.00,395900000.00,10049100000.00,7550100000.00,127400000.00,411900000.00,1255700000.00,552700000.00,411800000.00
ZENSARTECH,legacy,22-Oct-2019 17:05,INDAS_48723_156571_22102019050543_WEB.xml,2019-04-01,2019-09-30,Consolidated,INR,10722800000.00,10903600000.00,180800000.00,9747200000.00,7692400000.00,139600000.00,385100000.00,1174000000.00,1156400000.00,827000000.00
ZENSARTECH,legacy,07-Aug-2019 13:11,INDAS_46822_128392_07082019011116_WEB.xml,2019-04-01,2019-06-30,Consolidated,INR,10710200000.00,10856500000.00,146300000.00,9797800000.00,7374600000.00,166300000.00,379400000.00,1257300000.00,1058700000.00,757200000.00
ZENSARTECH,legacy,07-May-2019 16:13,INDAS_43704_100093_30042019063032_WEB.xml,2018-04-01,2019-03-31,Consolidated,INR,10574100000.00,10824100000.00,250000000.00,9637200000.00,7307600000.00,110200000.00,251200000.00,1401200000.00,1186900000.00,831900000.00
ZENSARTECH,legacy,23-Jan-2019 12:17,INDAS_41611_76579_22012019113859_WEB.xml,2018-04-01,2018-12-31,Consolidated,INR,10355500000.00,10380600000.00,25100000.00,9597500000.00,7408700000.00,108900000.00,237100000.00,1250800000.00,783100000.00,565100000.00
ZENSARTECH,legacy,25-Oct-2018 17:37,INDAS_39447_54672_24102018050308_WEB.xml,2018-04-01,2018-09-30,Consolidated,INR,9687100000.00,10100000000.00,412900000.00,8777800000.00,6918100000.00,95200000.00,224200000.00,1188900000.00,1322200000.00,950300000.00
ZENSARTECH,legacy,24-Aug-2018 14:07,INDAS_38232_33107_10082018114700_WEB.xml,2018-04-01,2018-06-30,Consolidated,INR,9046600000.00,9285300000.00,238700000.00,8123800000.00,6221600000.00,58600000.00,181900000.00,1290500000.00,1161500000.00,839100000.00
ZENSARTECH,integrated,29-Jul-2026 20:33:02,INTEGRATED_FILING_INDAS_1704555_29072026083402_WEB.xml,2026-04-01,2026-06-30,Consolidated,INR,15083000000,15656000000,573000000,13194000000,9223000000,35000000,285000000,3543000000,2462000000,1838000000
ZENSARTECH,integrated,24-Apr-2026 15:48:49,INTEGRATED_FILING_INDAS_1658369_24042026034849_WEB.xml,2025-04-01,2026-03-31,Consolidated,INR,14504000000,15154000000,650000000,12400000000,9346000000,25000000,227000000,2689000000,2759000000,2106000000
ZENSARTECH,integrated,22-Jan-2026 21:47:21,INTEGRATED_FILING_INDAS_1608755_22012026094721_WEB.xml,2025-04-01,2025-12-31,Consolidated,INR,14307000000,14938000000,631000000,12034000000,8953000000,23000000,203000000,2777000000,2650000000,1998000000
ZENSARTECH,integrated,31-Oct-2025 19:43:09,INTEGRATED_FILING_INDAS_1562923_31102025074309_WEB.xml,2025-04-01,2025-09-30,Consolidated,INR,14213000000,14704000000,491000000,12302000000,9252000000,37000000,252000000,2642000000,2402000000,1822000000
ZENSARTECH,integrated,22-Jul-2025 16:24:45,INTEGRATED_FILING_INDAS_1490363_22072025042445_WEB.xml,2025-04-01,2025-06-30,Consolidated,INR,13850000000,14417000000,567000000,12011000000,8761000000,36000000,231000000,2905000000,2406000000,1820000000
ZENSARTECH,integrated,25-Apr-2025 20:04:38,INTEGRATED_FILING_INDAS_1425307_25042025080438_WEB.xml,2024-04-01,2025-03-31,Consolidated,INR,13589000000,14049000000,460000000,11751000000,8853000000,49000000,238000000,2464000000,2298000000,1764000000
MASTEK,legacy,16-Jan-2025 16:35,INDAS_117278_1347554_16012025043533.xml,2024-04-01,2024-12-31,Consolidated,INR,8695300000.00,8790000000.00,94700000.00,7572900000.00,4614000000.00,118600000.00,165500000.00,2674800000.00,1256900000.00,947100000.00
MASTEK,legacy,18-Oct-2024 16:57,INDAS_112883_1277966_18102024045714.xml,2024-04-01,2024-09-30,Consolidated,INR,8673900000.00,8724300000.00,50400000.00,7552700000.00,4752600000.00,111400000.00,198500000.00,2490200000.00,1289200000.00,1286500000.00
MASTEK,legacy,18-Jul-2024 15:46,INDAS_109073_1191538_18072024034608.xml,2024-04-01,2024-06-30,Consolidated,INR,8128900000.00,8170800000.00,41900000.00,7184500000.00,4448300000.00,94400000.00,200600000.00,2441200000.00,986300000.00,715000000.00
MASTEK,legacy,26-Apr-2024 22:37,INDAS_104843_1109756_26042024103703.xml,2023-04-01,2024-03-31,Consolidated,INR,7797300000.00,7851800000.00,54500000.00,6913300000.00,4200100000.00,92200000.00,274900000.00,2346100000.00,938500000.00,944100000.00
MASTEK,legacy,18-Jan-2024 20:22,INDAS_101168_1028103_18012024082231.xml,2023-04-01,2023-12-31,Consolidated,INR,7842700000.00,7876400000.00,33700000.00,6859000000.00,4309700000.00,133400000.00,218200000.00,2197700000.00,1017400000.00,777400000.00
MASTEK,legacy,19-Oct-2023 17:10,INDAS_97699_960710_19102023051051.xml,2023-04-01,2023-09-30,Consolidated,INR,7655400000.00,7703700000.00,48300000.00,6760000000.00,4291100000.00,126000000.00,209000000.00,2133900000.00,902600000.00,652900000.00
MASTEK,legacy,19-Jul-2023 14:55,INDAS_94250_892162_19072023025516.xml,2023-04-01,2023-06-30,Consolidated,INR,7252500000.00,7276100000.00,23600000.00,6272700000.00,3905400000.00,93100000.00,197000000.00,2077200000.00,1003400000.00,735300000.00
MASTEK,legacy,19-Apr-2023 19:20,INDAS_90739_826748_19042023072002.xml,2022-04-01,2023-03-31,Consolidated,INR,7091800000.00,7087700000.00,-4100000.00,6125200000.00,3807400000.00,92600000.00,196000000.00,2029200000.00,962500000.00,725900000.00
MASTEK,legacy,17-Jan-2023 12:23,INDAS_87455_768853_17012023122333_WEB.xml,2022-04-01,2022-12-31,Consolidated,INR,6586600000.00,6646900000.00,60300000.00,5727800000.00,3463800000.00,82400000.00,195900000.00,1985700000.00,919100000.00,671200000.00
MASTEK,legacy,21-Oct-2022 00:36,INDAS_782955_4646_21102022003624_WEB.xml,2022-04-01,2022-09-30,Consolidated,INR,6253000000,6322100000,69100000,5402400000,3400000000,52500000,170900000,1779000000,1172900000,862000000
MASTEK,legacy,20-Apr-2022 10:17,INDAS_83548_642175_20042022101730_WEB.xml,2021-04-01,2022-03-31,Consolidated,INR,5815300000.00,5994600000.00,179300000.00,4755200000.00,2912300000.00,25200000.00,121600000.00,1696100000.00,1239400000.00,882300000.00
MASTEK,legacy,20-Jan-2022 12:30,INDAS_80203_594786_20012022123017_WEB.xml,2021-04-01,2021-12-31,Consolidated,INR,5519100000.00,5576500000.00,57400000.00,4478300000.00,2731600000.00,16000000.00,105500000.00,1625200000.00,1098200000.00,834500000.00
MASTEK,legacy,20-Oct-2021 10:13,INDAS_76462_539369_20102021101355_WEB.xml,2021-04-01,2021-09-30,Consolidated,INR,5339300000.00,5416400000.00,77100000.00,4333900000.00,2738500000.00,18500000.00,104200000.00,1472700000.00,1082500000.00,815300000.00
MASTEK,legacy,20-Jul-2021 00:17,INDAS_73108_490643_20072021121738_WEB.xml,2021-04-01,2021-06-30,Consolidated,INR,5164700000.00,5211700000.00,47000000.00,4151400000.00,2572100000.00,17100000.00,97400000.00,1464800000.00,1060300000.00,802100000.00
MASTEK,legacy,29-Apr-2021 22:12,INDAS_69542_444917_29042021101213_WEB.xml,2020-04-01,2021-03-31,Consolidated,INR,4832100000.00,4864500000.00,32400000.00,3892400000.00,2431100000.00,17600000.00,102100000.00,1341600000.00,972100000.00,757100000.00
MASTEK,legacy,02-Feb-2021 08:22,INDAS_66800_400981_02022021082226_WEB.xml,2020-04-01,2020-12-31,Consolidated,INR,4428500000.00,4467600000.00,39100000.00,3524500000.00,2255800000.00,17600000.00,117000000.00,1134100000.00,943100000.00,703100000.00
MASTEK,legacy,30-Oct-2020 14:56,INDAS_62654_352596_30102020025614_WEB.xml,2020-04-01,2020-09-30,Consolidated,INR,4097400000.00,4138000000.00,40600000.00,3369100000.00,2103700000.00,20800000.00,116400000.00,1128200000.00,768900000.00,591500000.00
MASTEK,legacy,30-Jul-2020 19:15,INDAS_58708_299840_30072020071522_WEB.xml,2020-04-01,2020-06-30,Consolidated,INR,3860600000.00,4027600000.00,167000000.00,3318400000.00,2036600000.00,25000000.00,114000000.00,1142800000.00,709200000.00,465800000.00
MASTEK,legacy,15-Jun-2020 17:22,INDAS_55867_265459_15062020052206_WEB.xml,2019-04-01,2020-03-31,Consolidated,INR,3366600000.00,3541600000.00,175000000.00,2873000000.00,1775100000.00,11400000.00,77100000.00,1009400000.00,493100000.00,389400000.00
MASTEK,legacy,28-Jan-2020 17:12,INDAS_51797_211735_28012020051218_WEB.xml,2019-04-01,2019-12-31,Consolidated,INR,2436800000.00,2532300000.00,95500000.00,2166700000.00,1365700000.00,8000000.00,58200000.00,734800000.00,320300000.00,260100000.00
MASTEK,legacy,17-Oct-2019 16:29,INDAS_48618_152190_17102019042923_WEB_2.xml,2019-04-01,2019-09-30,Consolidated,INR,2436000000.00,2527200000.00,91200000.00,2214400000.00,1350400000.00,8600000.00,56300000.00,799100000.00,312800000.00,246400000.00
MASTEK,legacy,23-Apr-2019 18:38,INDAS_43572_95490_16042019060419_WEB_2.xml,2018-04-01,2019-03-31,Consolidated,INR,2671000000.00,2740300000.00,69300000.00,2372400000.00,1485100000.00,11000000.00,43200000.00,833100000.00,373400000.00,273900000.00
MASTEK,legacy,18-Jan-2019 14:43,INDAS_41547_74055_17012019052954_WEB_2.xml,2018-04-01,2018-12-31,Consolidated,INR,2650000000.00,2710200000.00,60200000.00,2366600000.00,1492900000.00,13500000.00,43100000.00,817100000.00,343600000.00,265200000.00
MASTEK,legacy,26-Oct-2018 16:16,INDAS_39482_54960_25102018040057_WEB_2.xml,2018-04-01,2018-09-30,Consolidated,INR,2570700000.00,2657700000.00,87000000.00,2329600000.00,1497000000.00,24200000.00,47900000.00,760500000.00,328100000.00,251000000.00
MASTEK,integrated,21-Jul-2026 19:07:17,INTEGRATED_FILING_INDAS_1698755_21072026070729_WEB.xml,2026-04-01,2026-06-30,Consolidated,INR,9852500000,9972800000,120300000,8588200000,5325600000,65900000,183400000,3013300000,1384600000,1058800000
MASTEK,integrated,17-Apr-2026 16:06:13,INTEGRATED_FILING_INDAS_1653174_17042026040614_WEB.xml,2025-04-01,2026-03-31,Consolidated,INR,9380000000,9618700000,238700000,8129100000,5029800000,71900000,184700000,2842700000,1252300000,1061500000
MASTEK,integrated,21-Jan-2026 01:38:13,INTEGRATED_FILING_INDAS_1606450_21012026013814_WEB.xml,2025-04-01,2025-12-31,Consolidated,INR,9056800000,9265700000,208900000,7853800000,4915900000,74400000,178500000,2685000000,1411900000,1083500000
MASTEK,integrated,16-Oct-2025 13:25:15,INTEGRATED_FILING_INDAS_1549926_16102025012515_WEB.xml,2025-04-01,2025-09-30,Consolidated,INR,9403700000,9554600000,150900000,8213600000,4944600000,86300000,178700000,3004000000,1341000000,974500000
MASTEK,integrated,18-Jul-2025 18:39:11,INTEGRATED_FILING_INDAS_1487074_18072025063911_WEB.xml,2025-04-01,2025-06-30,Consolidated,INR,9147000000,9252600000,105600000,8045600000,4899600000,87600000,184200000,2874200000,1207000000,920500000
MASTEK,integrated,18-Apr-2025 18:37:13,INTEGRATED_FILING_INDAS_1419160_18042025063712_WEB.xml,2024-04-01,2025-03-31,Consolidated,INR,9054200000,9090000000,35800000,7949500000,4775400000,96200000,186600000,2891300000,1059200000,810700000
SONATSOFTW,legacy,06-Feb-2025 16:28,INDAS_118870_1372969_06022025042838.xml,2024-04-01,2024-12-31,Consolidated,INR,28427900000.00,28642800000.00,214900000.00,27274600000.00,4042800000.00,159700000.00,322700000.00,2426200000.00,1368200000.00,1050100000.00
SONATSOFTW,legacy,06-Nov-2024 17:16,INDAS_114258_1298763_06112024051653.xml,2024-04-01,2024-09-30,Consolidated,INR,21698300000.00,21890100000.00,191800000.00,20446700000.00,4047800000.00,191700000.00,329200000.00,1887700000.00,1443400000.00,1064900000.00
SONATSOFTW,legacy,31-Jul-2024 17:40,INDAS_109956_1208049_31072024054015.xml,2024-04-01,2024-06-30,Consolidated,INR,25274300000.00,25463000000.00,188700000.00,24045600000.00,3692400000.00,200200000.00,332700000.00,1947800000.00,1417400000.00,1056300000.00
SONATSOFTW,legacy,07-May-2024 17:55,INDAS_105393_1117212_07052024055552.xml,2023-04-01,2024-03-31,Consolidated,INR,21916100000.00,22463100000.00,547000000.00,21027300000.00,3311600000.00,215700000.00,336700000.00,2294100000.00,1435800000.00,1103600000.00
SONATSOFTW,legacy,01-Feb-2024 16:12,INDAS_101988_1041477_01022024041253.xml,2023-04-01,2023-12-31,Consolidated,INR,24933500000.00,25128600000.00,195100000.00,23413000000.00,3374400000.00,219400000.00,337200000.00,1861400000.00,-31000000.00,-461600000.00
SONATSOFTW,legacy,25-Oct-2023 17:24,INDAS_97889_967161_25102023052411.xml,2023-04-01,2023-09-30,Consolidated,INR,19125700000.00,19357700000.00,232000000.00,17692600000.00,3398200000.00,206700000.00,333400000.00,1654200000.00,1665100000.00,1241700000.00
SONATSOFTW,legacy,29-Jul-2023 17:20,INDAS_94904_903715_29072023052015.xml,2023-04-01,2023-06-30,Consolidated,INR,20155300000.00,20436600000.00,281300000.00,18892900000.00,3261400000.00,208300000.00,312000000.00,1504200000.00,1543700000.00,1201200000.00
SONATSOFTW,legacy,13-May-2023 11:36,INDAS_91659_842039_13052023113610.xml,2022-04-01,2023-03-31,Consolidated,INR,19135000000.00,19384700000.00,249700000.00,17879900000.00,2567900000.00,71700000.00,189200000.00,1443800000.00,1504800000.00,1137700000.00
SONATSOFTW,legacy,25-Jan-2023 10:23,INDAS_87744_778128_25012023102302_WEB.xml,2022-04-01,2022-12-31,Consolidated,INR,22607800000.00,22773300000.00,165500000.00,21219900000.00,2397600000.00,38500000.00,136200000.00,1093200000.00,1553400000.00,1176600000.00
SONATSOFTW,legacy,18-Oct-2022 18:32,INDAS_772689_5104_18102022183248_WEB.xml,2022-04-01,2022-09-30,Consolidated,INR,14959800000,15070900000,111100000,13587600000,2222800000,37900000,136200000,1002000000,1483300000,1127100000
SONATSOFTW,legacy,25-Jul-2022 18:06,INDAS_602725_2763_25072022180623_WEB.xml,2022-04-01,2022-06-30,Consolidated,INR,17788600000,17970500000,181900000,16539200000,2142800000,37300000,129700000,1022400000,1431300000,1077600000
SONATSOFTW,legacy,30-Apr-2022 09:17,INDAS_83791_649867_30042022091733_WEB.xml,2021-04-01,2022-03-31,Consolidated,INR,14636300000.00,15086600000.00,450300000.00,13728300000.00,2053200000.00,42300000.00,130700000.00,1141400000.00,1358300000.00,1009000000.00
SONATSOFTW,legacy,18-Jan-2022 12:40,INDAS_80127_591296_18012022124009_WEB.xml,2021-04-01,2021-12-31,Consolidated,INR,18580200000.00,18732900000.00,152700000.00,17437000000.00,1889500000.00,46700000.00,126800000.00,805800000.00,1295900000.00,976700000.00
SONATSOFTW,legacy,20-Oct-2021 11:55,INDAS_76465_539644_20102021115500_WEB.xml,2021-04-01,2021-09-30,Consolidated,INR,9631800000.00,9767000000.00,135200000.00,8565400000.00,1749800000.00,47200000.00,117000000.00,695700000.00,1201600000.00,911700000.00
SONATSOFTW,legacy,05-Aug-2021 15:49,INDAS_74128_499930_05082021034923_WEB.xml,2021-04-01,2021-06-30,Consolidated,INR,12685400000.00,12966900000.00,281500000.00,11818700000.00,1677500000.00,44200000.00,98900000.00,652000000.00,1148200000.00,867300000.00
SONATSOFTW,legacy,13-May-2021 13:22,INDAS_69907_447551_13052021012247_WEB.xml,2020-04-01,2021-03-31,Consolidated,INR,10757100000.00,10946300000.00,189200000.00,9855600000.00,1680000000.00,35500000.00,93800000.00,612600000.00,1090700000.00,830600000.00
SONATSOFTW,legacy,04-Feb-2021 18:31,INDAS_67049_402210_04022021063127_WEB.xml,2020-04-01,2020-12-31,Consolidated,INR,13961600000.00,13994100000.00,32500000.00,12997800000.00,1651600000.00,46200000.00,99200000.00,445900000.00,996300000.00,537900000.00
SONATSOFTW,legacy,07-Nov-2020 13:27,INDAS_63490_356237_07112020012716_WEB.xml,2020-04-01,2020-09-30,Consolidated,INR,8037700000.00,8062100000.00,24400000.00,7303200000.00,1492200000.00,37800000.00,100500000.00,599600000.00,758900000.00,572000000.00
SONATSOFTW,legacy,10-Aug-2020 19:24,INDAS_59760_304761_10082020072420_WEB.xml,2020-04-01,2020-06-30,Consolidated,INR,9524400000.00,9555700000.00,31300000.00,8880000000.00,1431100000.00,34300000.00,102100000.00,658400000.00,675700000.00,499200000.00
SONATSOFTW,legacy,15-May-2020 12:25,INDAS_55080_253104_12052020031612_WEB.xml,2019-04-01,2020-03-31,Consolidated,INR,9286800000.00,9408600000.00,121800000.00,8584300000.00,1701100000.00,35500000.00,92300000.00,865900000.00,824300000.00,617900000.00
SONATSOFTW,legacy,24-Jan-2020 18:08,INDAS_51712_210777_24012020060807_WEB.xml,2019-04-01,2019-12-31,Consolidated,INR,12368800000.00,12454700000.00,85900000.00,11406400000.00,1669700000.00,43000000.00,91300000.00,698700000.00,1048300000.00,758600000.00
SONATSOFTW,legacy,31-Oct-2019 12:58,INDAS_49064_158879_31102019125816_WEB.xml,2019-04-01,2019-09-30,Consolidated,INR,7030700000.00,7239100000.00,208400000.00,6252900000.00,1617800000.00,35200000.00,92000000.00,701500000.00,986200000.00,722400000.00
SONATSOFTW,legacy,08-Aug-2019 11:32,INDAS_46917_128778_08082019113249_WEB.xml,2019-04-01,2019-06-30,Consolidated,INR,8746300000.00,8914100000.00,167800000.00,7977900000.00,1614500000.00,38200000.00,89500000.00,677400000.00,936200000.00,670500000.00
SONATSOFTW,legacy,08-Jul-2019 18:25,INDAS_45630_107212_31052019121742_WEB.xml,2018-04-01,2019-03-31,Consolidated,INR,8355500000.00,8430400000.00,74900000.00,7518500000.00,1525100000.00,7100000.00,40100000.00,789000000.00,921000000.00,653500000.00
SONATSOFTW,legacy,13-Feb-2019 14:44,INDAS_42587_80810_08022019061130_WEB.xml,2018-04-01,2018-12-31,Consolidated,INR,8439600000.00,8392200000.00,-47400000.00,7481700000.00,1404200000.00,10600000.00,29500000.00,644200000.00,910500000.00,639300000.00
SONATSOFTW,legacy,21-Nov-2018 18:51,INDAS_40129_57460_02112018073306_WEB.xml,2018-04-01,2018-09-30,Consolidated,INR,5930700000.00,6097600000.00,166900000.00,5229100000.00,1463800000.00,9500000.00,28900000.00,664300000.00,868500000.00,621800000.00
SONATSOFTW,legacy,01-Jun-2018 11:27,INDAS_35530_10710_23052018045118_WEB_2.xml,2017-04-01,2018-03-31,Consolidated,INR,6258039000.00,6376804000.00,118765000.00,5662174000.00,1287510000.00,9795000.00,29790000.00,595085000.00,714661000.00,542878000.00
SONATSOFTW,legacy,01-Jun-2018 11:12,INDAS_35530_10710_23052018045118_WEB_2.xml,2017-04-01,2018-03-31,Consolidated,INR,6258039000.00,6376804000.00,118765000.00,5662174000.00,1287510000.00,9795000.00,29790000.00,595085000.00,714661000.00,542878000.00
SONATSOFTW,integrated,06-Aug-2026 21:39:10,INTEGRATED_FILING_INDAS_1709466_06082026093912_WEB.xml,2026-04-01,2026-06-30,Consolidated,INR,32791000000,32858700000,67700000,31487800000,3513700000,120100000,284300000,1626600000,1370900000,1081100000
SONATSOFTW,integrated,07-May-2026 19:11:20,INTEGRATED_FILING_INDAS_1664588_07052026071122_WEB.xml,2025-04-01,2026-03-31,Consolidated,INR,25361900000,25737600000,375700000,23720200000,3182500000,191400000,253800000,1662000000,1701700000,1305000000
SONATSOFTW,integrated,06-Feb-2026 18:09:40,INTEGRATED_FILING_INDAS_1620381_06022026060940_WEB.xml,2025-04-01,2025-12-31,Consolidated,INR,30805800000,30919800000,114000000,29199100000,3712100000,129900000,265400000,1086100000,1407900000,1043600000
SONATSOFTW,integrated,13-Nov-2025 18:18:20,INTEGRATED_FILING_INDAS_1573821_13112025061819_WEB.xml,2025-04-01,2025-09-30,Consolidated,INR,21193000000,21506600000,313600000,19870700000,4225000000,142100000,262600000,1456400000,1635900000,1201900000
SONATSOFTW,integrated,30-Jul-2025 18:29:03,INTEGRATED_FILING_INDAS_1498281_30072025062903_WEB.xml,2025-04-01,2025-06-30,Consolidated,INR,29651800000,29894000000,242200000,28366900000,4180400000,50800000,260800000,1789300000,1527100000,1093400000
SONATSOFTW,integrated,07-May-2025 19:45:31,INTEGRATED_FILING_INDAS_1433346_07052025074531_WEB.xml,2024-04-01,2025-03-31,Consolidated,INR,26172000000,26284100000,112100000,24776600000,4193700000,100900000,230300000,1619500000,1507500000,1075300000
CYIENT,legacy,23-Jan-2025 19:40,INDAS_117572_1359724_23012025074029.xml,2024-04-01,2024-12-31,Consolidated,INR,19264000000.00,19098000000.00,-166000000.00,17355000000.00,9506000000.00,205000000.00,675000000.00,3681000000.00,1743000000.00,1277000000.00
CYIENT,legacy,25-Oct-2024 16:26,INDAS_113329_1288454_25102024042601.xml,2024-04-01,2024-09-30,Consolidated,INR,18491000000.00,19002000000.00,511000000.00,16459000000.00,9022000000.00,275000000.00,660000000.00,3353000000.00,2543000000.00,1866000000.00
CYIENT,legacy,25-Jul-2024 19:31,INDAS_109505_1202823_25072024073111.xml,2024-04-01,2024-06-30,Consolidated,INR,16757000000.00,16968000000.00,211000000.00,15022000000.00,8946000000.00,257000000.00,658000000.00,3194000000.00,1946000000.00,1476000000.00
CYIENT,legacy,26-Apr-2024 14:06,INDAS_104757_1108891_26042024020613.xml,2023-04-01,2024-03-31,Consolidated,INR,18608000000.00,18842000000.00,234000000.00,16251000000.00,8906000000.00,324000000.00,672000000.00,3484000000.00,2591000000.00,1969000000.00
CYIENT,legacy,26-Jan-2024 11:17,INDAS_101592_1036848_26012024111722.xml,2023-04-01,2023-12-31,Consolidated,INR,18214000000.00,18402000000.00,188000000.00,15902000000.00,8969000000.00,288000000.00,661000000.00,3395000000.00,1997000000.00,1532000000.00
CYIENT,legacy,19-Oct-2023 17:51,INDAS_97706_961013_19102023055124.xml,2023-04-01,2023-09-30,Consolidated,INR,17785000000.00,17920000000.00,135000000.00,15455000000.00,8576000000.00,270000000.00,658000000.00,3517000000.00,2403000000.00,1836000000.00
CYIENT,legacy,26-Jul-2023 13:44,INDAS_94552_900355_26072023014409.xml,2023-04-01,2023-06-30,Consolidated,INR,16865000000.00,16967000000.00,102000000.00,14663000000.00,8669000000.00,278000000.00,676000000.00,3270000000.00,2193000000.00,1691000000.00
CYIENT,legacy,21-Apr-2023 15:12,INDAS_90764_830269_21042023031248.xml,2022-04-01,2023-03-31,Consolidated,INR,17514000000.00,17519000000.00,5000000.00,15282000000.00,8414000000.00,262000000.00,726000000.00,3571000000.00,2075000000.00,1632000000.00
CYIENT,legacy,13-Jan-2023 12:34,INDAS_87419_765059_13012023123442_WEB.xml,2022-04-01,2022-12-31,Consolidated,INR,16182000000.00,16457000000.00,275000000.00,14311000000.00,8251000000.00,263000000.00,699000000.00,3323000000.00,2057000000.00,1560000000.00
CYIENT,legacy,14-Oct-2022 16:57,INDAS_763779_5103_14102022165744_WEB.xml,2022-04-01,2022-09-30,Consolidated,INR,13962000000,14159000000,197000000,12858000000,7215000000,312000000,630000000,3334000000,1085000000,791000000
CYIENT,legacy,22-Jul-2022 10:43,INDAS_597510_2762_22072022104339_WEB.xml,2022-04-01,2022-06-30,Consolidated,INR,12501000000,12838000000,337000000,11243000000,6380000000,163000000,511000000,2676000000,1595000000,1161000000
CYIENT,legacy,22-Apr-2022 14:57,INDAS_83572_647074_22042022025702_WEB.xml,2021-04-01,2022-03-31,Consolidated,INR,11812000000.00,12306000000.00,494000000.00,10221000000.00,5772000000.00,104000000.00,429000000.00,2532000000.00,2085000000.00,1542000000.00
CYIENT,legacy,21-Jan-2022 11:49,INDAS_80258_596460_21012022114912_WEB.xml,2021-04-01,2021-12-31,Consolidated,INR,11834000000.00,12055000000.00,221000000.00,10307000000.00,5806000000.00,105000000.00,486000000.00,2261000000.00,1748000000.00,1318000000.00
CYIENT,legacy,15-Oct-2021 16:08,INDAS_76396_534038_15102021040827_WEB.xml,2021-04-01,2021-09-30,Consolidated,INR,11116000000.00,11265000000.00,149000000.00,9649000000.00,5611000000.00,88000000.00,517000000.00,2052000000.00,1616000000.00,1213000000.00
CYIENT,legacy,16-Jul-2021 15:10,INDAS_73068_487061_16072021031032_WEB.xml,2021-04-01,2021-06-30,Consolidated,INR,10582000000.00,10839000000.00,257000000.00,9304000000.00,5476000000.00,96000000.00,490000000.00,1950000000.00,1535000000.00,1150000000.00
CYIENT,legacy,23-Apr-2021 14:48,INDAS_69412_443118_23042021024843_WEB.xml,2020-04-01,2021-03-31,Consolidated,INR,10931000000.00,11334000000.00,403000000.00,9988000000.00,5290000000.00,112000000.00,491000000.00,2521000000.00,1346000000.00,1031000000.00
CYIENT,legacy,22-Jan-2021 12:48,INDAS_66197_397343_22012021124826_WEB.xml,2020-04-01,2020-12-31,Consolidated,INR,10443000000.00,10662000000.00,219000000.00,9413000000.00,5336000000.00,120000000.00,486000000.00,2067000000.00,1249000000.00,954000000.00
CYIENT,legacy,16-Oct-2020 16:17,INDAS_62121_343085_16102020041725_WEB.xml,2020-04-01,2020-09-30,Consolidated,INR,10033000000.00,10126000000.00,93000000.00,9036000000.00,5229000000.00,101000000.00,484000000.00,2056000000.00,1090000000.00,839000000.00
CYIENT,legacy,17-Jul-2020 13:16,INDAS_57889_289156_17072020011633_WEB.xml,2020-04-01,2020-06-30,Consolidated,INR,9917000000.00,10601000000.00,684000000.00,9515000000.00,5756000000.00,100000000.00,484000000.00,2056000000.00,1086000000.00,814000000.00
CYIENT,legacy,10-Jun-2020 11:28,INDAS_55035_250262_08052020030852_WEB.xml,2019-04-01,2020-03-31,Consolidated,INR,10736000000.00,11275000000.00,539000000.00,10407000000.00,5997000000.00,125000000.00,479000000.00,3016000000.00,868000000.00,462000000.00
CYIENT,legacy,17-Jan-2020 13:57,INDAS_51489_204364_17012020015738_WEB.xml,2019-04-01,2019-12-31,Consolidated,INR,11059000000.00,11557000000.00,498000000.00,10125000000.00,6151000000.00,119000000.00,469000000.00,2636000000.00,1432000000.00,1076000000.00
CYIENT,legacy,17-Oct-2019 17:43,INDAS_48621_152398_17102019054357_WEB_2.xml,2019-04-01,2019-09-30,Consolidated,INR,11589000000.00,11853000000.00,264000000.00,10598000000.00,6323000000.00,125000000.00,487000000.00,2299000000.00,1255000000.00,975000000.00
CYIENT,legacy,10-May-2019 12:35,INDAS_43649_99482_26042019052752_WEB_2.xml,2018-04-01,2019-03-31,Consolidated,INR,11629000000.00,12418000000.00,789000000.00,10307000000.00,6411000000.00,83000000.00,261000000.00,2581000000.00,2076000000.00,1760000000.00
CYIENT,legacy,18-Jan-2019 20:24,INDAS_41579_74811_18012019044359_WEB_2.xml,2018-04-01,2018-12-31,Consolidated,INR,11877000000.00,11690000000.00,-187000000.00,10500000000.00,6482000000.00,85000000.00,280000000.00,2552000000.00,1190000000.00,925000000.00
CYIENT,legacy,19-Oct-2018 17:59,INDAS_39342_52331_17102018070711_WEB.xml,2018-04-01,2018-09-30,Consolidated,INR,11869000000.00,12438000000.00,569000000.00,10630000000.00,6369000000.00,87000000.00,288000000.00,2651000000.00,1808000000.00,1270000000.00
CYIENT,integrated,23-Jul-2026 18:49:16,INTEGRATED_FILING_INDAS_1700305_23072026064928_WEB.xml,2026-04-01,2026-06-30,Consolidated,INR,20757000000,20826000000,69000000,19103000000,11228000000,217000000,767000000,3891000000,1723000000,1087000000
CYIENT,integrated,23-Apr-2026 19:15:16,INTEGRATED_FILING_INDAS_1657959_23042026071516_WEB.xml,2025-04-01,2026-03-31,Consolidated,INR,19269000000,19535000000,266000000,17856000000,10440000000,145000000,679000000,4239000000,967000000,655000000
CYIENT,integrated,,INTEGRATED_FILING_INDAS_1657961_23042026071656_WEB.xml,2025-04-01,2026-03-31,Consolidated,INR,19269000000,19535000000,266000000,17856000000,10440000000,145000000,679000000,4239000000,967000000,655000000
CYIENT,integrated,22-Jan-2026 16:55:36,INTEGRATED_FILING_INDAS_1608308_22012026045536_WEB.xml,2025-04-01,2025-12-31,Consolidated,INR,18485000000,18794000000,309000000,16955000000,10210000000,141000000,701000000,3960000000,1416000000,972000000
CYIENT,integrated,16-Oct-2025 19:01:02,INTEGRATED_FILING_INDAS_1550855_16102025070102_WEB.xml,2025-04-01,2025-09-30,Consolidated,INR,17810000000,18310000000,500000000,16503000000,10057000000,159000000,722000000,3687000000,2014000000,1429000000
CYIENT,integrated,24-Jul-2025 16:59:18,INTEGRATED_FILING_INDAS_1492385_24072025045918_WEB.xml,2025-04-01,2025-06-30,Consolidated,INR,17118000000,17815000000,697000000,15654000000,9633000000,163000000,680000000,3490000000,2161000000,1574000000
CYIENT,integrated,24-Apr-2025 19:53:40,INTEGRATED_FILING_INDAS_1424252_24042025075339_WEB.xml,2024-04-01,2025-03-31,Consolidated,INR,19092000000,19502000000,410000000,16935000000,9425000000,191000000,679000000,3654000000,2567000000,1864000000
LTTS,legacy,15-Jan-2025 17:00,INDAS_117240_1346254_15012025050001.xml,2024-04-01,2024-12-31,Consolidated,INR,26530000000.00,26865000000.00,335000000.00,22466000000.00,13951000000.00,155000000.00,728000000.00,7632000000.00,4399000000.00,3195000000.00
LTTS,legacy,16-Oct-2024 19:59,INDAS_112816_1273456_16102024075902.xml,2024-04-01,2024-09-30,Consolidated,INR,25729000000.00,26379000000.00,650000000.00,21971000000.00,13852000000.00,119000000.00,783000000.00,7217000000.00,4408000000.00,3200000000.00
LTTS,legacy,19-Jul-2024 12:59,INDAS_109121_1193739_19072024125939.xml,2024-04-01,2024-06-30,Consolidated,INR,24619000000.00,25241000000.00,622000000.00,20914000000.00,13317000000.00,131000000.00,726000000.00,6740000000.00,4327000000.00,3139000000.00
LTTS,legacy,26-Apr-2024 15:24,INDAS_104768_1108991_26042024032448.xml,2023-04-01,2024-03-31,Consolidated,INR,25375000000.00,25935000000.00,560000000.00,21225000000.00,12191000000.00,132000000.00,746000000.00,8156000000.00,4710000000.00,3414000000.00
LTTS,legacy,17-Jan-2024 12:15,INDAS_101097_1024138_17012024121517.xml,2023-04-01,2023-12-31,Consolidated,INR,24218000000.00,24842000000.00,624000000.00,20187000000.00,12539000000.00,131000000.00,715000000.00,6802000000.00,4655000000.00,3368000000.00
LTTS,legacy,18-Oct-2023 14:08,INDAS_97642_957534_18102023020854.xml,2023-04-01,2023-09-30,Consolidated,INR,23865000000.00,24277000000.00,412000000.00,19916000000.00,12417000000.00,126000000.00,681000000.00,6692000000.00,4361000000.00,3159000000.00
LTTS,legacy,19-Jul-2023 14:59,INDAS_94251_892184_19072023025917.xml,2023-04-01,2023-06-30,Consolidated,INR,23014000000.00,23491000000.00,477000000.00,19180000000.00,12151000000.00,120000000.00,574000000.00,6335000000.00,4311000000.00,3121000000.00
LTTS,legacy,27-Apr-2023 15:45,INDAS_90890_833732_27042023034520.xml,2022-04-01,2023-03-31,Consolidated,INR,20962000000.00,21460000000.00,498000000.00,17141000000.00,11665000000.00,106000000.00,565000000.00,4805000000.00,4319000000.00,3109000000.00
LTTS,legacy,20-Jan-2023 12:41,INDAS_87557_774616_20012023124141_WEB.xml,2022-04-01,2022-12-31,Consolidated,INR,20486000000.00,21228000000.00,742000000.00,16772000000.00,11763000000.00,115000000.00,583000000.00,4311000000.00,4456000000.00,3050000000.00
LTTS,legacy,19-Oct-2022 15:34,INDAS_775365_6039_19102022153431_WEB.xml,2022-04-01,2022-09-30,Consolidated,INR,19951000000,20343000000,392000000,16454000000,11528000000,131000000,590000000,4205000000,3889000000,2832000000
LTTS,legacy,16-Jul-2022 13:31,INDAS_587555_3684_16072022133110_WEB.xml,2022-04-01,2022-06-30,Consolidated,INR,18737000000,19185000000,448000000,15411000000,10683000000,108000000,576000000,4044000000,3774000000,2750000000
LTTS,legacy,22-Apr-2022 15:05,INDAS_83575_647092_22042022030517_WEB.xml,2021-04-01,2022-03-31,Consolidated,INR,17561000000.00,17980000000.00,419000000.00,14392000000.00,9485000000.00,105000000.00,531000000.00,4271000000.00,3588000000.00,2632000000.00
LTTS,legacy,18-Jan-2022 19:22,INDAS_80143_592447_18012022072215_WEB.xml,2021-04-01,2021-12-31,Consolidated,INR,16875000000.00,17245000000.00,370000000.00,13842000000.00,9224000000.00,111000000.00,530000000.00,3977000000.00,3403000000.00,2496000000.00
LTTS,legacy,20-Oct-2021 12:46,INDAS_76470_539800_20102021124655_WEB.xml,2021-04-01,2021-09-30,Consolidated,INR,16077000000.00,16370000000.00,293000000.00,13226000000.00,9038000000.00,113000000.00,529000000.00,3546000000.00,3144000000.00,2308000000.00
LTTS,legacy,14-Jul-2021 18:53,INDAS_73038_484243_14072021065337_WEB.xml,2021-04-01,2021-06-30,Consolidated,INR,15184000000.00,15626000000.00,442000000.00,12669000000.00,8758000000.00,108000000.00,554000000.00,3249000000.00,2957000000.00,2170000000.00
LTTS,legacy,04-May-2021 11:00,INDAS_69640_445660_04052021110051_WEB.xml,2020-04-01,2021-03-31,Consolidated,INR,14405000000.00,14751000000.00,346000000.00,12139000000.00,8496000000.00,125000000.00,540000000.00,2978000000.00,2612000000.00,1953000000.00
LTTS,legacy,21-Jan-2021 12:23,INDAS_66128_396235_21012021122301_WEB.xml,2020-04-01,2020-12-31,Consolidated,INR,14007000000.00,14495000000.00,488000000.00,11989000000.00,8556000000.00,114000000.00,624000000.00,2695000000.00,2506000000.00,1869000000.00
LTTS,legacy,20-Oct-2020 11:38,INDAS_62178_346085_20102020113850_WEB.xml,2020-04-01,2020-09-30,Consolidated,INR,13138000000.00,13704000000.00,566000000.00,11446000000.00,8161000000.00,109000000.00,527000000.00,2649000000.00,2258000000.00,1663000000.00
LTTS,legacy,16-Jul-2020 20:22,INDAS_57882_288665_16072020082255_WEB.xml,2020-04-01,2020-06-30,Consolidated,INR,12947000000.00,13084000000.00,137000000.00,11487000000.00,8402000000.00,107000000.00,492000000.00,2486000000.00,1597000000.00,1180000000.00
LTTS,legacy,03-Jun-2020 23:55,INDAS_55146_258541_15052020083450_WEB.xml,2019-04-01,2020-03-31,Consolidated,INR,14466000000.00,15080000000.00,614000000.00,12362000000.00,8415000000.00,94000000.00,485000000.00,3368000000.00,2718000000.00,2063000000.00
LTTS,legacy,17-Jan-2020 17:50,INDAS_51506_205072_17012020055031_WEB.xml,2019-04-01,2019-12-31,Consolidated,INR,14229000000.00,14672000000.00,443000000.00,11927000000.00,8612000000.00,89000000.00,472000000.00,2754000000.00,2745000000.00,2058000000.00
LTTS,legacy,18-Oct-2019 20:35,INDAS_48645_154042_18102019083541_WEB.xml,2019-04-01,2019-09-30,Consolidated,INR,14021000000.00,14490000000.00,469000000.00,11724000000.00,8628000000.00,91000000.00,444000000.00,2561000000.00,2766000000.00,2062000000.00
LTTS,legacy,19-Jul-2019 19:05,INDAS_46062_121919_19072019070537_WEB.xml,2019-04-01,2019-06-30,Consolidated,INR,13475000000.00,14040000000.00,565000000.00,11267000000.00,8354000000.00,91000000.00,428000000.00,2394000000.00,2773000000.00,2041000000.00
LTTS,legacy,07-May-2019 18:49,INDAS_43803_100494_03052019070812_WEB.xml,2018-04-01,2019-03-31,Consolidated,INR,13431000000.00,13768000000.00,337000000.00,11228000000.00,8185000000.00,5000000.00,273000000.00,2765000000.00,2540000000.00,1924000000.00
LTTS,legacy,22-Jan-2019 14:14,INDAS_41576_74643_18012019031631_WEB.xml,2018-04-01,2018-12-31,Consolidated,INR,13169000000.00,13528000000.00,359000000.00,10997000000.00,8298000000.00,6000000.00,239000000.00,2454000000.00,2531000000.00,1861000000.00
LTTS,legacy,30-Oct-2018 11:05,INDAS_39499_55051_25102018055533_WEB.xml,2018-04-01,2018-09-30,Consolidated,INR,12661000000.00,13211000000.00,550000000.00,10647000000.00,7924000000.00,4000000.00,270000000.00,2449000000.00,2564000000.00,1918000000.00
LTTS,legacy,07-Aug-2018 19:01,INDAS_37115_28395_24072018110852_WEB.xml,2018-04-01,2018-06-30,Consolidated,INR,11522000000.00,12504000000.00,982000000.00,9825000000.00,7381000000.00,4000000.00,260000000.00,2180000000.00,2679000000.00,1981000000.00
LTTS,legacy,25-May-2018 17:30,INDAS_35497_10576_22052018075231_WEB.xml,2017-04-01,2018-03-31,Consolidated,INR,10548000000.00,11303000000.00,755000000.00,9368000000.00,6818000000.00,8000000.00,452000000.00,2090000000.00,1935000000.00,1591000000.00
LTTS,integrated,14-Jul-2026 19:02:12,INTEGRATED_FILING_INDAS_1692603_14072026070212_WEB.xml,2026-04-01,2026-06-30,Consolidated,INR,29401000000,29692000000,291000000,24932000000,17131000000,144000000,870000000,6787000000,4760000000,3571000000
LTTS,integrated,,INTEGRATED_FILING_INDAS_1663804_05052026071412_WEB.xml,2025-04-01,2026-03-31,Consolidated,INR,28579000000,29132000000,553000000,24400000000,16817000000,170000000,865000000,6548000000,4362000000,3327000000
LTTS,integrated,22-Apr-2026 22:13:12,INTEGRATED_FILING_INDAS_1657449_22042026101654_WEB.xml,2025-04-01,2026-03-31,Consolidated,INR,28579000000,29132000000,553000000,24400000000,16817000000,170000000,865000000,6548000000,4362000000,3327000000
LTTS,integrated,,INTEGRATED_FILING_INDAS_1601635_15012026050110_WEB.xml,2025-04-01,2025-12-31,Consolidated,INR,29235000000,29568000000,333000000,25113000000,16425000000,149000000,867000000,7672000000,4101000000,3031000000
LTTS,integrated,15-Jan-2026 16:50:11,INTEGRATED_FILING_INDAS_1601617_15012026045011_WEB.xml,2025-04-01,2025-12-31,Consolidated,INR,29235000000,29568000000,333000000,25113000000,16425000000,149000000,867000000,7672000000,4101000000,3031000000
LTTS,integrated,17-Oct-2025 18:24:38,INTEGRATED_FILING_INDAS_1552501_17102025062437_WEB.xml,2025-04-01,2025-09-30,Consolidated,INR,29795000000,30451000000,656000000,25971000000,16012000000,158000000,926000000,8875000000,4480000000,3292000000
LTTS,integrated,16-Jul-2025 17:35:45,INTEGRATED_FILING_INDAS_1484495_16072025053544_WEB.xml,2025-04-01,2025-06-30,Consolidated,INR,28660000000,29337000000,677000000,25012000000,15912000000,165000000,811000000,8124000000,4325000000,3161000000
LTTS,integrated,,INTEGRATED_FILING_INDAS_1436268_12052025044157_WEB.xml,2024-04-01,2025-03-31,Consolidated,INR,29824000000,30317000000,493000000,26044000000,15766000000,159000000,816000000,9303000000,4273000000,3102000000
LTTS,integrated,25-Apr-2025 16:03:31,INTEGRATED_FILING_INDAS_1424710_25042025040331_WEB.xml,2024-04-01,2025-03-31,Consolidated,INR,29824000000,30317000000,493000000,26044000000,15766000000,159000000,816000000,9303000000,4273000000,3102000000
